label,area,area_convex,centroid,solidity,volume_um,surface_area_um,sphericity,ellipsoid_r_axis_major,ellipsoid_r_axis_medium,ellipsoid_r_axis_minor,aspect_ratio_minor_per_medium,aspect_ratio_medium_per_major,aspect_ratio_minor_per_major,prolate_ratio,oblate_ratio,img_name,organoid,date,magnification,spacing_x_um,spacing_y_um,spacing_z_um,count,relative_z_position,organoid_center,distance_to_organoid_center_um,neighborhood_density,nuc_count_per_organoid
1,12256.0,13852.0,"(34.90567885117493, 73.92966710182768, 122.59676892950391)",0.8847819809413803,416.853817344,325.6055044050414,0.8287971360420766,18.997898973370418,13.016714486836186,12.370071171175905,0.9503220788691161,0.6851660020448509,0.6511283794337037,0.44613102855453346,0.6187816751541161,20231108_P021N_A003,P021N_A003,20231108,40x,0.324,0.324,0.324,20,0.09616567000758022,"(98.20537939743954, 111.61960555516578, 114.92037620333)",23.9985611409807,1,20
2,10635.0,13471.0,"(36.56417489421721, 91.82952515279737, 89.2251998119417)",0.7894736842105263,361.72000224,340.45471074458294,0.7211182055196111,17.697237601052745,13.521021282763238,11.664740706861092,0.8627115114249133,0.7640187461775911,0.6591277672718368,0.5035859703218638,0.5686371123252147,20231108_P021N_A003,P021N_A003,20231108,40x,0.324,0.324,0.324,20,0.10686564447882069,"(98.20537939743954, 111.61960555516578, 114.92037620333)",22.56754189398914,0,20
3,10877.0,12258.0,"(37.46235175140204, 100.6475131010389, 133.59418957433115)",0.8873388807309512,369.950960448,311.0873310867854,0.8011206115795573,20.08566126904974,13.955651214712331,9.615766775551538,0.6890231510955506,0.6948066597248046,0.47873787408575885,0.3326302631772802,0.3298614785513545,20231108_P021N_A003,P021N_A003,20231108,40x,0.324,0.324,0.324,20,0.11266033388001317,"(98.20537939743954, 111.61960555516578, 114.92037620333)",20.89439180093567,1,20
4,18279.0,19643.0,"(59.769899885114064, 59.27189671207397, 85.91482028557361)",0.9305605050145089,621.7094424960001,435.1749602657589,0.809490708988995,24.992884023131865,17.443149306954762,10.221659054835877,0.5859984842737312,0.6979246288987884,0.40898277467199634,0.28543915123894975,0.23966328605185483,20231108_P021N_A003,P021N_A003,20231108,40x,0.324,0.324,0.324,20,0.25657999925880043,"(98.20537939743954, 111.61960555516578, 114.92037620333)",23.044785518104398,0,20
5,8150.0,10556.0,"(56.90613496932515, 111.64552147239264, 67.7320245398773)",0.7720727548313755,277.1996256,303.0466070462195,0.6784270018082782,26.311492527191845,10.347328764718771,8.390142781798758,0.8108510875199579,0.3932627065539985,0.31887749329035175,0.12540262607051822,0.2585621622201198,20231108_P021N_A003,P021N_A003,20231108,40x,0.324,0.324,0.324,20,0.2381040965762913,"(98.20537939743954, 111.61960555516578, 114.92037620333)",20.317587125209865,1,20
6,18294.0,20050.0,"(66.73166065376626, 73.5721001421231, 155.1898436645895)",0.9124189526184538,622.219625856,453.9613522533082,0.7764158281089152,27.406652222012433,17.22993559622647,9.538903692100053,0.55362387391565,0.6286771349033194,0.3480506708673674,0.21881149856207477,0.19268916072453285,20231108_P021N_A003,P021N_A003,20231108,40x,0.324,0.324,0.324,20,0.3014945848630081,"(98.20537939743954, 111.61960555516578, 114.92037620333)",20.64426111720931,0,20
7,26475.0,32083.0,"(74.68808309726157, 144.47595845136922, 154.02742209631728)",0.8252033787364025,900.4736304,625.2931515528234,0.721186826753272,26.01517322784452,21.446095694721965,12.874265052697488,0.6003081043728596,0.8243687446127713,0.49487523838272673,0.40795967900551444,0.2970776162546018,20231108_P021N_A003,P021N_A003,20231108,40x,0.324,0.324,0.324,20,0.35282634256297785,"(98.20537939743954, 111.61960555516578, 114.92037620333)",18.218955863194534,0,20
8,19147.0,20929.0,"(84.01932417611114, 132.1628453543636, 72.37906721679637)",0.9148549859047255,651.232052928,455.6152865384238,0.7974614221960138,25.589878104690527,18.25306598699714,10.11339954403006,0.5540657964658924,0.7132924163343873,0.39521093076939323,0.28190095977026275,0.21897285912877051,20231108_P021N_A003,P021N_A003,20231108,40x,0.324,0.324,0.324,20,0.41302789791039446,"(98.20537939743954, 111.61960555516578, 114.92037620333)",15.981550295766864,0,20
9,9609.0,11012.0,"(100.40774274118014, 161.01842023103342, 96.30242481007389)",0.8725935343261896,326.823460416,325.9232273643938,0.704008055200635,22.01766372033732,16.75839472160239,6.566435812442273,0.39182964248824004,0.7611341028032398,0.29823490338700076,0.22699675561407573,0.11685727557164333,20231108_P021N_A003,P021N_A003,20231108,40x,0.324,0.324,0.324,20,0.518759630588259,"(98.20537939743954, 111.61960555516578, 114.92037620333)",17.119104728664652,1,20
10,11014.0,11921.0,"(101.82785545669148, 174.3981296531687, 133.5254221899401)",0.9239157788776109,374.610635136,295.2388645134697,0.8511981413348387,18.439817442266243,14.00602410927832,10.443314535086436,0.7456301983778709,0.7595532956402733,0.5663458745068226,0.43016987545392976,0.422284586759011,20231108_P021N_A003,P021N_A003,20231108,40x,0.324,0.324,0.324,20,0.5279216481076869,"(98.20537939743954, 111.61960555516578, 114.92037620333)",21.24712148874283,1,20
11,14049.0,15406.0,"(105.68972880632073, 72.60075450209979, 70.95750587230408)",0.9119174347656757,477.83773497600004,371.31238416930034,0.7960340636340782,20.734931766973354,18.188475555821665,9.169861507317357,0.5041577827220556,0.877190036612144,0.44224218388425723,0.38793043747286615,0.22295983885324672,20231108_P021N_A003,P021N_A003,20231108,40x,0.324,0.324,0.324,20,0.5528369600407789,"(98.20537939743954, 111.61960555516578, 114.92037620333)",19.198798160400976,1,20
12,13364.0,14563.0,"(109.96393295420533, 54.43632146064053, 97.44545046393296)",0.917668062899128,454.539361536,351.71555576930564,0.8128433917872909,20.109794715334584,17.199159930070174,9.578714826689518,0.5569292259410042,0.8552628295581294,0.47632086564192205,0.4073795313264879,0.26527701100150475,20231108_P021N_A003,P021N_A003,20231108,40x,0.324,0.324,0.324,20,0.5804124706722925,"(98.20537939743954, 111.61960555516578, 114.92037620333)",19.74424363007373,1,20
13,14757.0,15877.0,"(114.56075083011453, 153.90479094666938, 156.61814731991598)",0.929457706115765,501.918389568,362.0601341590957,0.8435784726575887,20.690196324071266,15.86050294853554,10.952292610072734,0.6905387960023046,0.7665709256747462,0.5293469640658113,0.4057819922470456,0.3655346152334805,20231108_P021N_A003,P021N_A003,20231108,40x,0.324,0.324,0.324,20,0.6100693601942873,"(98.20537939743954, 111.61960555516578, 114.92037620333)",19.957556305065058,1,20
14,5315.0,6197.0,"(122.48936970837254, 161.9552210724365, 114.88842897460019)",0.8576730676133613,180.77497056,192.56238841529284,0.8029186150350829,15.209611198189448,10.394734948408965,8.631061809929161,0.8303301481727772,0.6834319965816322,0.5674741909876435,0.38783001935523176,0.47119092908699683,20231108_P021N_A003,P021N_A003,20231108,40x,0.324,0.324,0.324,20,0.6612217400540163,"(98.20537939743954, 111.61960555516578, 114.92037620333)",18.107476777154666,2,20
15,12996.0,14276.0,"(136.61003385657125, 130.68875038473377, 78.35103108648815)",0.9103390305407677,442.022863104,353.459138475014,0.7939163247194497,22.81437382326176,15.590386829071884,9.058816783488455,0.5810514442525695,0.6833580859964594,0.39706620280991434,0.27133840036606505,0.23071589060658437,20231108_P021N_A003,P021N_A003,20231108,40x,0.324,0.324,0.324,20,0.7523227990746533,"(98.20537939743954, 111.61960555516578, 114.92037620333)",18.258964651514493,1,20
16,12478.0,14448.0,"(135.03774643372336, 131.23705722070844, 154.32913928514185)",0.8636489479512736,424.404531072,352.2397679853723,0.7753522997515504,20.645268590481784,15.392700638594945,9.981897285691561,0.6484825190885226,0.7455800621403171,0.48349563687893005,0.3604847069887649,0.3135384685715582,20231108_P021N_A003,P021N_A003,20231108,40x,0.324,0.324,0.324,20,0.7421790092498282,"(98.20537939743954, 111.61960555516578, 114.92037620333)",18.59691777834714,2,20
17,10809.0,13396.0,"(146.34980109168285, 110.70385789619762, 144.49523545193819)",0.8068826515377725,367.638129216,337.27428849955726,0.7358363782706986,23.919071357645997,11.815387493799937,10.169021687593377,0.8606591779515922,0.4939735041186295,0.42514282998460706,0.2100092934784071,0.36590307856656545,20231108_P021N_A003,P021N_A003,20231108,40x,0.324,0.324,0.324,20,0.8151600070431152,"(98.20537939743954, 111.61960555516578, 114.92037620333)",18.309286250993235,2,20
18,15266.0,16972.0,"(152.8974846063147, 87.0890213546443, 119.41739813965675)",0.8994814989394296,519.230611584,396.7363277249963,0.7874488404995083,23.468727300427247,17.171448758681795,9.382818694967348,0.546419747502286,0.731673624175146,0.3998009169758658,0.2925237858722784,0.21845911610513497,20231108_P021N_A003,P021N_A003,20231108,40x,0.324,0.324,0.324,20,0.8574031264923528,"(98.20537939743954, 111.61960555516578, 114.92037620333)",19.47560507117683,0,20
19,11832.0,12889.0,"(155.0343137254902, 137.07564232589587, 117.59144692359702)",0.9179920862751183,402.432634368,310.06137180172084,0.8501559292691476,19.63361817521772,13.329284434604325,11.152129226375628,0.8366637594906028,0.6789010724181772,0.5680119235715941,0.385623904059067,0.4752349914108988,20231108_P021N_A003,P021N_A003,20231108,40x,0.324,0.324,0.324,20,0.8711891208096142,"(98.20537939743954, 111.61960555516578, 114.92037620333)",20.193992900327554,1,20
20,15209.0,16355.0,"(158.7636267999211, 113.36314024590703, 95.64954960878427)",0.9299296851115867,517.291914816,360.6965769720652,0.8639711301317056,20.775581890293104,14.925531235063039,11.886079192839324,0.7963588702904297,0.7184170009715414,0.5721177512911353,0.4110191190851596,0.45561104609130954,20231108_P021N_A003,P021N_A003,20231108,40x,0.324,0.324,0.324,20,0.8952492051607813,"(98.20537939743954, 111.61960555516578, 114.92037620333)",20.59810984008229,3,20
1,7482.0,8784.0,"(43.9389200748463, 36.19780807270783, 58.265570703020586)",0.851775956284153,254.47945996800001,247.23735768994413,0.7854861298477627,17.71340650024197,13.036039566406831,8.392133897950629,0.6437640707670682,0.7359419864399744,0.4737730090390005,0.348669449393806,0.30499804091850996,20231108_P021N_B009a,P021N_B009a,20231108,40x,0.324,0.324,0.324,12,0.1075578385121288,"(91.7092932531351, 71.54675707881745, 73.40325852579016)",19.869169810612377,0,12
2,11793.0,12768.0,"(56.34113457135589, 96.06715848384636, 68.65572797422199)",0.9236372180451128,401.106157632,305.6131103709545,0.86063373006426,18.47098590632802,13.844567729452697,11.305729964315955,0.816618487861079,0.7495305231492625,0.6120804824198743,0.4587730041976214,0.49983623800299753,20231108_P021N_B009a,P021N_B009a,20231108,40x,0.324,0.324,0.324,12,0.21928950064284583,"(91.7092932531351, 71.54675707881745, 73.40325852579016)",14.028473338005144,0,12
3,10161.0,11149.0,"(61.88426335990552, 85.076468851491, 89.99655545714005)",0.9113821867432057,345.598208064,297.7793666807482,0.7997799465404305,21.427907433153212,13.31196246273298,8.803766914880619,0.6613425285360355,0.6212441650805688,0.41085518697264156,0.25524138759983966,0.2717160082146324,20231108_P021N_B009a,P021N_B009a,20231108,40x,0.324,0.324,0.324,12,0.2692275978369867,"(91.7092932531351, 71.54675707881745, 73.40325852579016)",11.895359014777757,1,12
4,15755.0,16939.0,"(78.39955569660425, 32.752967311964454, 91.58095842589654)",0.9301021311765748,535.86258912,382.8442111554218,0.8333568288846684,21.49181128806251,17.23914979436931,10.295554574351993,0.5972193929027028,0.802126426819348,0.4790454576562652,0.3842550212338593,0.2860952373942721,20231108_P021N_B009a,P021N_B009a,20231108,40x,0.324,0.324,0.324,12,0.418014015284723,"(91.7092932531351, 71.54675707881745, 73.40325852579016)",14.535060384848135,0,12
5,10877.0,11965.0,"(84.10149857497471, 56.039900707915784, 103.42980601268732)",0.9090681153363979,369.950960448,307.1176343551718,0.8114756205978211,23.700039101778106,11.616594764835815,9.705554745319048,0.8354905152324321,0.490150869158873,0.4095164022151712,0.20072482048058082,0.3421470698828853,20231108_P021N_B009a,P021N_B009a,20231108,40x,0.324,0.324,0.324,12,0.46938287004481727,"(91.7092932531351, 71.54675707881745, 73.40325852579016)",11.223383796557478,1,12
6,10079.0,11263.0,"(78.78499851175712, 56.71217382676853, 38.70274828852069)",0.8948770309864157,342.809205696,306.5787971405398,0.772639651973709,21.09721509853007,15.703757717088461,7.602743728464371,0.4841353175101042,0.7443521641954821,0.36036717135211294,0.26824008390094944,0.1744664749227733,20231108_P021N_B009a,P021N_B009a,20231108,40x,0.324,0.324,0.324,12,0.4214864730788929,"(91.7092932531351, 71.54675707881745, 73.40325852579016)",12.924423214165627,0,12
7,7008.0,8219.0,"(77.87243150684931, 107.68122146118722, 49.257705479452056)",0.8526584742669424,238.357665792,232.360505020438,0.8000943961438738,16.86873386817858,11.068270546494428,9.543817771684806,0.8622682045577165,0.6561411563539912,0.5657696568257798,0.371224756859668,0.4878451861844006,20231108_P021N_B009a,P021N_B009a,20231108,40x,0.324,0.324,0.324,12,0.4132651487103542,"(91.7092932531351, 71.54675707881745, 73.40325852579016)",14.777263112015177,0,12
8,17856.0,23553.0,"(104.01512096774194, 104.98588709677419, 70.5169690860215)",0.7581199847153229,607.322271744,483.9319263174101,0.7166591581782603,28.18047223926078,15.687511633296307,11.385591601558783,0.7257742252374291,0.5566802252320174,0.404024159172765,0.22491225992747133,0.29323032110081726,20231108_P021N_B009a,P021N_B009a,20231108,40x,0.324,0.324,0.324,12,0.6487848735832606,"(91.7092932531351, 71.54675707881745, 73.40325852579016)",11.582442520021754,0,12
9,10725.0,11576.0,"(107.50778554778555, 90.79375291375291, 99.35804195804195)",0.9264858327574291,364.7811024,288.6459752035863,0.8553427382047893,19.318057748304653,12.47203399843828,10.980261430802372,0.8803905948442168,0.6456153181099596,0.5683936539513657,0.3669636497074932,0.5004084271079207,20231108_P021N_B009a,P021N_B009a,20231108,40x,0.324,0.324,0.324,12,0.6802503202503202,"(91.7092932531351, 71.54675707881745, 73.40325852579016)",11.653600320909387,0,12
10,12170.0,13582.0,"(117.78077239112572, 48.84774034511093, 52.54823336072309)",0.8960388749815933,413.92876608,335.47400014165726,0.800649302927832,20.408531764681747,15.890042473469821,9.323110128931553,0.5867265707122882,0.7785980224686493,0.4568241476863997,0.3556823780045569,0.2680308655906051,20231108_P021N_B009a,P021N_B009a,20231108,40x,0.324,0.324,0.324,12,0.7727997512714029,"(91.7092932531351, 71.54675707881745, 73.40325852579016)",13.080532316663477,0,12
11,10853.0,11898.0,"(120.34478945913573, 55.96913295862895, 88.32451856629504)",0.9121701126239704,369.134667072,293.5299804608093,0.8477898535513673,19.60888258592676,13.213854032724084,10.316161869810617,0.780708023886344,0.6738708325076938,0.526096366001727,0.35452099613685617,0.41072765427499514,20231108_P021N_B009a,P021N_B009a,20231108,40x,0.324,0.324,0.324,12,0.7958990041363578,"(91.7092932531351, 71.54675707881745, 73.40325852579016)",11.615741245118432,0,12
12,16225.0,18650.0,"(127.45670261941449, 81.14835130970724, 59.32936825885979)",0.8699731903485255,551.8483344,399.55171822840225,0.8143122083968176,18.41553435103302,16.08435012657454,13.874970756003455,0.8626379460043739,0.8734120780846247,0.7534384010543326,0.6580621995736216,0.6499445547263292,20231108_P021N_B009a,P021N_B009a,20231108,40x,0.324,0.324,0.324,12,0.859970293868599,"(91.7092932531351, 71.54675707881745, 73.40325852579016)",12.83032749015216,0,12
1,7458.0,8116.0,"(35.230088495575224, 61.09895414320193, 82.38160364709037)",0.9189255791030064,253.663166592,225.7990387201741,0.8582233154517228,15.6723301957841,11.227070827143509,10.657977080076185,0.9493105765671812,0.7163625757555581,0.6800505698216599,0.4871627778414794,0.6455791985322401,20231108_P021N_A005,P021N_A005,20231108,40x,0.324,0.324,0.324,10,0.15811209439528023,"(68.82319563793303, 84.85609417748834, 73.54465145851798)",13.634935827159033,0,10
2,11014.0,12585.0,"(36.705011803159614, 91.98619938260396, 79.62139095696386)",0.8751688518077075,374.610635136,311.3246771901654,0.8072176449095579,19.82059424668016,12.760035838063933,10.810280196688945,0.8471982629109275,0.6437766536793502,0.5454064626997552,0.35111994745193975,0.4620674077796261,20231108_P021N_A005,P021N_A005,20231108,40x,0.324,0.324,0.324,10,0.17450013114621793,"(68.82319563793303, 84.85609417748834, 73.54465145851798)",10.839932649780906,0,10
3,7094.0,7974.0,"(52.801663377502116, 49.382435861291235, 51.94868903298562)",0.889641334336594,241.282717056,231.38385984559474,0.8100314347813611,17.617820497794362,12.378357231553874,7.961484150929149,0.6431777659990615,0.7026043450211997,0.4518994930119691,0.31750654730308675,0.2906517063715468,20231108_P021N_A005,P021N_A005,20231108,40x,0.324,0.324,0.324,10,0.353351815305579,"(68.82319563793303, 84.85609417748834, 73.54465145851798)",14.422387979233147,0,10
4,8320.0,9056.0,"(54.64663461538461, 69.73617788461539, 103.71947115384616)",0.9187279151943463,282.98170368,242.71151847394262,0.8588143815141703,15.612191564217746,13.541279630232559,9.588736032371362,0.7081115148795346,0.8673529001058635,0.6141825760291206,0.5327130385133478,0.4349097543245956,20231108_P021N_A005,P021N_A005,20231108,40x,0.324,0.324,0.324,10,0.3738514957264957,"(68.82319563793303, 84.85609417748834, 73.54465145851798)",11.86081866464157,0,10
5,12973.0,14759.0,"(65.50805519155169, 90.98612502890619, 41.93270639019502)",0.8789890914018565,441.240581952,363.66718770945323,0.7707206090932587,21.86411526499264,16.796860824186304,8.76974315626966,0.5221060797051937,0.7682387611210737,0.4011021278464986,0.3081422017798206,0.20941785953134684,20231108_P021N_A005,P021N_A005,20231108,40x,0.324,0.324,0.324,10,0.4945339465727965,"(68.82319563793303, 84.85609417748834, 73.54465145851798)",10.488208325977306,0,10
6,12337.0,13234.0,"(70.78990029991084, 101.29772229877604, 97.09767366458621)",0.9322200392927309,419.608807488,316.9131162397765,0.8552773563328739,19.469278144406697,14.684346190967098,10.464409012754595,0.7126234206594538,0.75423167115139,0.5374831534655999,0.40538681705407853,0.383023083369486,20231108_P021N_A005,P021N_A005,20231108,40x,0.324,0.324,0.324,10,0.5532211144434538,"(68.82319563793303, 84.85609417748834, 73.54465145851798)",9.328386612071679,0,10
7,6320.0,7013.0,"(74.32879746835442, 39.943512658227846, 68.26344936708861)",0.9011835163268216,214.95725568,207.73927872074285,0.8353469880086954,15.833554143360008,11.131924679646596,8.787432286058152,0.7893902033064354,0.7030591223458761,0.5549879835250551,0.39018936460963277,0.4381020771474719,20231108_P021N_A005,P021N_A005,20231108,40x,0.324,0.324,0.324,10,0.592542194092827,"(68.82319563793303, 84.85609417748834, 73.54465145851798)",14.760121204801083,0,10
8,11643.0,12659.0,"(81.52744138108734, 116.29313750751524, 77.38108734862149)",0.9197408958053559,396.004324032,312.3584849092291,0.8348929021638701,20.211095166848274,14.272476365675406,9.865549082901834,0.6912289661679166,0.706170360777192,0.48812540841844304,0.3446996957673661,0.33740642142137245,20231108_P021N_A005,P021N_A005,20231108,40x,0.324,0.324,0.324,10,0.6725271264565261,"(68.82319563793303, 84.85609417748834, 73.54465145851798)",11.055969095215605,0,10
9,13124.0,14686.0,"(93.19658640658336, 106.35385553185004, 52.07802499238037)",0.893640201552499,446.376427776,353.97642124153094,0.7979529633205371,20.925590970225432,16.42747851093291,9.480231214104556,0.577095943713773,0.7850425125057262,0.4530448496099236,0.35565946701555334,0.2614503450303033,20231108_P021N_A005,P021N_A005,20231108,40x,0.324,0.324,0.324,10,0.8021842934064818,"(68.82319563793303, 84.85609417748834, 73.54465145851798)",12.619506660745563,0,10
10,13521.0,14964.0,"(94.8604393166186, 72.24029287774573, 85.32468012720953)",0.9035685645549318,459.879280704,354.04333951524063,0.8138110669903125,20.612268289789082,16.763983072832733,9.610117340574055,0.5732597855069393,0.8133012261021891,0.46623288642787175,0.37918777818095073,0.267272564469923,20231108_P021N_A005,P021N_A005,20231108,40x,0.324,0.324,0.324,10,0.8206715479624288,"(68.82319563793303, 84.85609417748834, 73.54465145851798)",10.121386502487617,0,10
1,9371.0,10661.0,"(37.86789029986127, 93.51659374666525, 53.23551381922954)",0.878998217803208,318.728551104,278.3937377218267,0.8105353768431894,16.386882573977875,12.62711096884687,11.200419161702099,0.88701360028714,0.7705621195393524,0.6834990798974906,0.5266784997090076,0.6062729796528208,20231108_P021N_B008a,P021N_B008a,20231108,40x,0.324,0.324,0.324,10,0.12607172999873886,"(79.8691888241964, 67.66854798639335, 59.03395930743652)",16.088981753680706,0,10
2,21678.0,25513.0,"(56.12681059138297, 91.03072239136452, 92.75371344219947)",0.8496844745815859,737.316991872,527.8982617509466,0.747658693622172,26.982222537638044,19.44007225059953,10.769284087627925,0.553973460016117,0.7204770557163029,0.3991251674173851,0.28756052548315414,0.2211047499737208,20231108_P021N_B008a,P021N_B008a,20231108,40x,0.324,0.324,0.324,10,0.29206191446711793,"(79.8691888241964, 67.66854798639335, 59.03395930743652)",15.356757631537478,0,10
3,12303.0,17137.0,"(49.11810127611152, 42.803625132081606, 50.57262456311469)",0.7179202894322226,418.452391872,421.6384986636878,0.6416643374315475,22.500178903518936,14.084893283169823,10.740127601577429,0.762528148822463,0.6259902796135991,0.47733520909461374,0.2988072010105531,0.36398153335869915,20231108_P021N_B008a,P021N_B008a,20231108,40x,0.324,0.324,0.324,10,0.2283463752373774,"(79.8691888241964, 67.66854798639335, 59.03395930743652)",13.10293799293058,0,10
4,22659.0,25188.0,"(69.45443311708372, 88.22106006443356, 26.859967341895054)",0.8995950452596474,770.682983616,521.6805820105784,0.7792257568552253,27.461408104700354,19.082284192023984,10.644134581824883,0.5578019106472547,0.6948763923273774,0.38760337930388244,0.2693364378645819,0.21620590554903818,20231108_P021N_B008a,P021N_B008a,20231108,40x,0.324,0.324,0.324,10,0.4132221192462156,"(79.8691888241964, 67.66854798639335, 59.03395930743652)",12.82171880555712,0,10
5,14074.0,15658.0,"(82.17280090947847, 44.1838141253375, 104.65375870399318)",0.8988376548729085,478.688040576,393.49381803186975,0.7520521010536568,26.762513379555653,16.219252014308417,8.221476832912511,0.506896176572115,0.6060436770000304,0.3072012227070212,0.18617735858826837,0.15571912522846787,20231108_P021N_B008a,P021N_B008a,20231108,40x,0.324,0.324,0.324,10,0.5288436446316225,"(79.8691888241964, 67.66854798639335, 59.03395930743652)",16.64113157614417,0,10
6,17671.0,19263.0,"(78.93746816818516, 33.675004244241975, 32.96429177748854)",0.9173545138348128,601.030010304,430.5169203911944,0.8000024883519871,23.36160561956096,18.748624555914674,9.796724439997282,0.522530301397853,0.8025400677176152,0.4193515034683388,0.33654638399096437,0.21912386749895388,20231108_P021N_B008a,P021N_B008a,20231108,40x,0.324,0.324,0.324,10,0.4994315288016833,"(79.8691888241964, 67.66854798639335, 59.03395930743652)",13.883151174285777,0,10
7,18181.0,21338.0,"(102.72861778780045, 26.78230020350916, 57.952037841702875)",0.8520479895022963,618.376244544,479.0888462666469,0.73266131763286,31.25431829429493,15.53749039590603,9.871393245203866,0.6353273915976081,0.49713099641473213,0.31584093923449164,0.1570143208302077,0.2006624000835882,20231108_P021N_B008a,P021N_B008a,20231108,40x,0.324,0.324,0.324,10,0.7157147071618223,"(79.8691888241964, 67.66854798639335, 59.03395930743652)",15.181083200314147,0,10
8,12565.0,13943.0,"(97.13219259848786, 94.33649025069639, 94.79721448467967)",0.901169045399125,427.36359456,352.7564914334298,0.7778110806500632,20.86424280870275,17.196136524881574,8.608831212864324,0.500625893520208,0.8241917371527541,0.41261172484406994,0.3400711742688282,0.20656411342697675,20231108_P021N_B008a,P021N_B008a,20231108,40x,0.324,0.324,0.324,10,0.6648381145317078,"(79.8691888241964, 67.66854798639335, 59.03395930743652)",15.49858619303148,0,10
9,15686.0,17096.0,"(104.91183220706363, 99.34680606910621, 50.37339028432998)",0.9175245671502106,533.5157456640001,390.22850178528927,0.8151983628739893,23.08954783804487,16.718774321414312,9.898595664471902,0.5920646737717635,0.7240840937502738,0.4287046127495789,0.3104181910093408,0.25382085669202964,20231108_P021N_B008a,P021N_B008a,20231108,40x,0.324,0.324,0.324,10,0.7355621109733057,"(79.8691888241964, 67.66854798639335, 59.03395930743652)",13.381048898100572,0,10
10,12794.0,14102.0,"(117.48897920900423, 62.5204783492262, 34.12146318586838)",0.9072471989788683,435.152393856,338.1774435415528,0.8211712559946073,21.88411424627119,13.982288625369529,10.302414335155952,0.7368188864634938,0.6389241286177235,0.47077136498276917,0.30078718414979205,0.346873232925503,20231108_P021N_B008a,P021N_B008a,20231108,40x,0.324,0.324,0.324,10,0.8498998109909476,"(79.8691888241964, 67.66854798639335, 59.03395930743652)",14.713965903629736,0,10
1,13999.0,16385.0,"(33.770769340667194, 46.807129080648615, 42.19172798057004)",0.8543790051876716,476.137123776,375.12079014913246,0.7860817001077431,20.744314300632727,13.783795563514081,12.462892198373188,0.9041698377595396,0.6644613730661446,0.6007859318826969,0.39919904521759997,0.5432125185585919,20231108_P021N_A006,P021N_A006,20231108,40x,0.324,0.324,0.324,11,0.1538621806319499,"(71.84071725563064, 57.87545515902444, 53.6606950913651)",13.37208089389437,0,11
2,8583.0,10082.0,"(34.69754165210299, 71.44797856227426, 62.21495980426425)",0.8513191827018449,291.926918592,268.39147942256454,0.7929238767949979,15.216095192927678,13.79282409830809,10.542621058850921,0.764355507161448,0.9064627897910947,0.6928598254137532,0.6280516502787216,0.5295912232459217,20231108_P021N_A006,P021N_A006,20231108,40x,0.324,0.324,0.324,11,0.16351605887607287,"(71.84071725563064, 57.87545515902444, 53.6606950913651)",13.109010892117618,0,11
3,10010.0,11180.0,"(50.01238761238761, 83.79910089910089, 39.75834165834166)",0.8953488372093024,340.46236224,286.1901989573644,0.8239017778284589,18.162045327552676,13.006317927091839,10.53478712271644,0.8099745970973643,0.7161262783195813,0.5800440937527379,0.4153848181204025,0.46982098113607973,20231108_P021N_A006,P021N_A006,20231108,40x,0.324,0.324,0.324,11,0.3230457042957043,"(71.84071725563064, 57.87545515902444, 53.6606950913651)",11.868252299031587,0,11
4,8822.0,10040.0,"(60.259578326909995, 59.19814101110859, 25.799251870324188)",0.8786852589641434,300.055840128,266.4803103676536,0.8133679492246285,18.732981971941314,13.210058358636898,9.086025165572106,0.6878111298903954,0.7051764838306696,0.48502823411570894,0.34203050469231444,0.333607817735869,20231108_P021N_A006,P021N_A006,20231108,40x,0.324,0.324,0.324,11,0.42978727423864577,"(71.84071725563064, 57.87545515902444, 53.6606950913651)",9.785295080443607,0,11
5,13570.0,14989.0,"(74.24333087693441, 62.00987472365512, 85.95372144436257)",0.9053305757555541,461.54587968,338.6249353684544,0.8529202813996952,18.98617865335088,14.82637554508038,11.648242382482406,0.785643284635905,0.7809036149811888,0.6135116810578732,0.47909348957127934,0.48200133226880326,20231108_P021N_A006,P021N_A006,20231108,40x,0.324,0.324,0.324,11,0.5754513633014001,"(71.84071725563064, 57.87545515902444, 53.6606950913651)",10.577027160206717,0,11
6,12965.0,14240.0,"(79.60023139220979, 28.90050134978789, 32.81689163131508)",0.9104634831460674,440.96848416,346.9171136124208,0.8076008510793696,22.398621572391452,15.26543950438021,9.462413758712321,0.6198585868423383,0.6815347745861466,0.4224551822588804,0.28791789741355556,0.26186247227921206,20231108_P021N_A006,P021N_A006,20231108,40x,0.324,0.324,0.324,11,0.6312524103355187,"(71.84071725563064, 57.87545515902444, 53.6606950913651)",11.83474986966957,0,11
7,11344.0,12618.0,"(82.8964210155148, 27.540902679830747, 59.61133638928068)",0.899033127278491,385.834669056,315.4775264831501,0.812424845332692,19.68255002638004,14.615301526934259,9.963098154482923,0.6816895386059686,0.7425512196003937,0.5061893982806916,0.375871555042117,0.3450640173611975,20231108_P021N_A006,P021N_A006,20231108,40x,0.324,0.324,0.324,11,0.6655877189116126,"(71.84071725563064, 57.87545515902444, 53.6606950913651)",10.636993482490885,0,11
8,12616.0,14271.0,"(95.35898858592263, 42.90599239061509, 76.43183259353202)",0.884030551468012,429.09821798400003,344.27643890274607,0.7991248385175971,23.869154761887163,12.933082722976929,10.607491952690067,0.8201827963138892,0.5418324549819292,0.44440165806069826,0.240791241385068,0.36449059459475236,20231108_P021N_A006,P021N_A006,20231108,40x,0.324,0.324,0.324,11,0.7954061311033608,"(71.84071725563064, 57.87545515902444, 53.6606950913651)",11.662733654129003,0,11
9,11371.0,12261.0,"(91.68076686307273, 89.2874857092604, 58.37305426083898)",0.9274121197292228,386.752999104,305.39706662355513,0.8405722658488066,20.814042703445534,13.210187926212026,10.093758655161515,0.7640889525222572,0.6346766994969808,0.4849494545089314,0.3077861192105898,0.3705445207219694,20231108_P021N_A006,P021N_A006,20231108,40x,0.324,0.324,0.324,11,0.757091321490341,"(71.84071725563064, 57.87545515902444, 53.6606950913651)",12.134003571761173,0,11
10,9741.0,10784.0,"(91.37716866851453, 75.95893645416281, 31.31403346678986)",0.9032826409495549,331.313073984,279.1641779892931,0.8294371522125359,17.124384830570662,14.768834141672464,9.57153104998379,0.6480898192888692,0.8624446535041048,0.5589415996361268,0.48205619422720947,0.36224436030120893,20231108_P021N_A006,P021N_A006,20231108,40x,0.324,0.324,0.324,11,0.7539288402970263,"(71.84071725563064, 57.87545515902444, 53.6606950913651)",11.261312121797005,0,11
11,6992.0,8074.0,"(100.61327231121281, 70.24342105263158, 69.88243707093821)",0.8659895962348279,237.813470208,229.96347137698746,0.8072032506106154,16.610264165619665,10.735503842368736,9.661479366599536,0.8999558389117747,0.6463174658347305,0.5816571771686272,0.37593519273221,0.5234657728378467,20231108_P021N_A006,P021N_A006,20231108,40x,0.324,0.324,0.324,11,0.8501382532418001,"(71.84071725563064, 57.87545515902444, 53.6606950913651)",11.427473191238475,1,11
1,17222.0,19072.0,"(49.25432586226919, 74.20247358030426, 57.06520729299733)",0.9029991610738255,585.758521728,403.84754405046647,0.8383250085685818,18.36455194448872,15.959606098141107,14.705661453264337,0.9214301006449763,0.8690441316718676,0.800763421711335,0.6958987524957205,0.737847520260291,20231108_P021N_B004a,P021N_B004a,20231108,40x,0.324,0.324,0.324,13,0.1738507224978018,"(85.30664367086935, 63.7976435915735, 64.85140617979013)",12.416663289104948,0,13
2,1777.0,2443.0,"(44.71806415306697, 72.49296567248172, 86.0213843556556)",0.7273843634875153,60.439722048,110.2478505641676,0.675557467648351,9.970092169260155,7.61334532484329,6.867855270653205,0.9020811453596544,0.7636183493184546,0.6888457151708401,0.5260152279538473,0.6213947317174018,20231108_P021N_B004a,P021N_B004a,20231108,40x,0.324,0.324,0.324,13,0.13064823002920922,"(85.30664367086935, 63.7976435915735, 64.85140617979013)",15.097181089671652,0,13
3,15084.0,17023.0,"(57.98594537258022, 49.78188809334394, 41.31066030230708)",0.8860952828526112,513.040386816,381.76799848647494,0.811806092515894,25.35989990571628,13.357915415150044,11.103318546261486,0.8312164137278876,0.5267337593922872,0.43782974647146494,0.23061970833268666,0.3639312716854013,20231108_P021N_B004a,P021N_B004a,20231108,40x,0.324,0.324,0.324,13,0.257009003548383,"(85.30664367086935, 63.7976435915735, 64.85140617979013)",12.5360313536093,0,13
4,9150.0,10731.0,"(63.00491803278688, 27.76502732240437, 73.43016393442623)",0.8526698350573106,311.2118496,295.22179137470283,0.7522689381462436,22.61023862564538,13.255784348354382,7.77570210089345,0.5865893632962392,0.5862735271320478,0.34390181499782835,0.20162053006588979,0.20172914669599717,20231108_P021N_B004a,P021N_B004a,20231108,40x,0.324,0.324,0.324,13,0.3048087431693989,"(85.30664367086935, 63.7976435915735, 64.85140617979013)",14.008313338178999,0,13
5,9371.0,11250.0,"(67.2087290577313, 86.38864582221748, 94.68125066695123)",0.8329777777777778,318.728551104,301.9477690699496,0.7473079659113857,20.221575396438915,13.291190170250024,9.009649717942029,0.6778662860537903,0.6572776803824417,0.445546380106896,0.29284769121945425,0.30202086994777194,20231108_P021N_B004a,P021N_B004a,20231108,40x,0.324,0.324,0.324,13,0.34484503864506,"(85.30664367086935, 63.7976435915735, 64.85140617979013)",13.46728719273615,0,13
6,12155.0,13582.0,"(83.64993829699712, 39.6247634718223, 100.63743315508022)",0.8949344720954204,413.41858272,366.1090186507797,0.7330501602490167,25.68419488361833,16.088239437121256,7.352779867136413,0.45702824699208233,0.6263867530215058,0.28627643967248123,0.17931976951300246,0.1308364193786487,20231108_P021N_B004a,P021N_B004a,20231108,40x,0.324,0.324,0.324,13,0.501427983780925,"(85.30664367086935, 63.7976435915735, 64.85140617979013)",14.002320908623776,0,13
7,13419.0,14560.0,"(83.61733363141813, 33.44645651687905, 44.264550264550266)",0.9216346153846153,456.410033856,348.8501464040928,0.821766949726576,23.110959834954016,14.190292466858718,9.927818875137381,0.6996204552037035,0.6140070584778009,0.42957189775052607,0.26376017734252716,0.3005372866469418,20231108_P021N_B004a,P021N_B004a,20231108,40x,0.324,0.324,0.324,13,0.5011174631563633,"(85.30664367086935, 63.7976435915735, 64.85140617979013)",11.89511169238393,0,13
8,9716.0,11319.0,"(87.62916838205022, 104.6911280362289, 78.31751749691232)",0.8583797155225726,330.462768384,295.3687535576547,0.7825905487724696,18.141599415322222,15.38895643149731,8.564123302202065,0.5565109850251747,0.8482690020428928,0.4720710178932122,0.40044321124164767,0.2627127071695884,20231108_P021N_B004a,P021N_B004a,20231108,40x,0.324,0.324,0.324,13,0.5393254131623831,"(85.30664367086935, 63.7976435915735, 64.85140617979013)",13.969651214525195,0,13
9,15371.0,16628.0,"(99.60314878667621, 81.8987053542385, 42.90839893305576)",0.9244046187154198,522.801895104,382.9860191575948,0.8194566291055901,25.27966291630626,13.912472641471176,10.736742005432012,0.7717349950739348,0.5503424902274764,0.42471855898467853,0.2337406693974533,0.32777017502584965,20231108_P021N_B004a,P021N_B004a,20231108,40x,0.324,0.324,0.324,13,0.6533633217778687,"(85.30664367086935, 63.7976435915735, 64.85140617979013)",10.314880112933748,0,13
10,11816.0,13068.0,"(102.72706499661476, 55.442366283006095, 29.736205145565336)",0.9041934496479951,401.888438784,318.0254172879284,0.8281187831560177,19.264680270906165,14.236495899055617,10.66779647399609,0.7493274011833025,0.7389946627121451,0.5537489500984228,0.40921751860518846,0.41493926168523343,20231108_P021N_B004a,P021N_B004a,20231108,40x,0.324,0.324,0.324,13,0.6831149047296644,"(85.30664367086935, 63.7976435915735, 64.85140617979013)",12.985728742165874,0,13
11,8292.0,9028.0,"(101.97370959961408, 75.8421369995176, 105.96140858658949)",0.9184758529020824,282.029361408,249.90927848535011,0.83220686338814,17.034945569521938,13.925949542578554,8.563251743584688,0.6149133111104969,0.8174930460296954,0.5026873557439259,0.4109434176477151,0.3091091463738777,20231108_P021N_B004a,P021N_B004a,20231108,40x,0.324,0.324,0.324,13,0.675940091424896,"(85.30664367086935, 63.7976435915735, 64.85140617979013)",14.893054662981154,0,13
12,15252.0,16409.0,"(116.45718594282717, 87.82133490689746, 71.808615263572)",0.9294899140715461,518.754440448,360.59880681848125,0.8658335109722981,20.324797881507557,15.032141102023466,12.078464623217371,0.8035092633338505,0.7395960928940113,0.594272311765861,0.4395214798971226,0.4775033074466914,20231108_P021N_B004a,P021N_B004a,20231108,40x,0.324,0.324,0.324,13,0.8138779613602587,"(85.30664367086935, 63.7976435915735, 64.85140617979013)",12.943371317326974,0,13
13,12707.0,13938.0,"(121.5164869756827, 47.488785708664516, 73.44377114975997)",0.9116802984646291,432.19333036800003,334.6479766917056,0.826065772731731,21.08595670492584,15.055746021217784,9.736612482571669,0.6467040868549484,0.7140176863637705,0.46175815585816515,0.3297034901054484,0.29862088653207963,20231108_P021N_B004a,P021N_B004a,20231108,40x,0.324,0.324,0.324,13,0.8620617807207875,"(85.30664367086935, 63.7976435915735, 64.85140617979013)",13.164771625707273,0,13
1,11307.0,12521.0,"(43.38445210931282, 68.15972406473865, 54.0520031838684)",0.9030428879482469,384.576216768,303.78213406230964,0.841867048207414,17.533989642765597,14.552781668045824,10.963510613385276,0.7533618564111584,0.8299754912910081,0.625271876894757,0.5189603332161766,0.4710559819391235,20231108_P021N_B001,P021N_B001,20231108,40x,0.324,0.324,0.324,10,0.15170788990104458,"(77.58787662737933, 72.91698415881291, 78.01597486799011)",13.618709814643202,1,10
2,17702.0,19294.0,"(51.5124279742402, 45.555135012992885, 75.8444808496215)",0.9174873017518399,602.084389248,414.5398914804415,0.8318072598177606,23.084520266317345,16.357145078851172,11.442403770927854,0.6995355067017294,0.7085763485723333,0.49567431503540843,0.35122309622888215,0.34674178312732706,20231108_P021N_B001,P021N_B001,20231108,40x,0.324,0.324,0.324,10,0.22696692568740925,"(77.58787662737933, 72.91698415881291, 78.01597486799011)",12.266364423235538,0,10
3,9579.0,11270.0,"(42.213070257855726, 85.71959494728051, 90.1264223822946)",0.8499556344276841,325.803093696,286.0905162756716,0.8003577088044189,15.983191679257507,13.7279925348254,11.09235183954014,0.8080097517099369,0.85890182701376,0.6940010519885995,0.5960787715024796,0.5607596177037433,20231108_P021N_B001,P021N_B001,20231108,40x,0.324,0.324,0.324,10,0.14086176164681227,"(77.58787662737933, 72.91698415881291, 78.01597486799011)",12.804956758431892,0,10
4,15792.0,17281.0,"(63.76000506585613, 90.69566869300913, 53.97600050658561)",0.9138360048608298,537.121041408,396.74095322315844,0.80542517972067,20.531967591961937,19.234463479312026,9.757850686240456,0.5073107808146398,0.9368056613747106,0.4752516115435794,0.4452184002714799,0.2411002661355891,20231108_P021N_B001,P021N_B001,20231108,40x,0.324,0.324,0.324,10,0.3403704172764456,"(77.58787662737933, 72.91698415881291, 78.01597486799011)",10.673388277623891,0,10
5,15284.0,17341.0,"(80.77931169850824, 72.65866265375556, 115.94281601674955)",0.8813793898852431,519.842831616,409.7016828100575,0.7631286347114637,25.022188982641403,16.566946073596526,9.492992646202813,0.5730080006315839,0.662090198626886,0.3793829809529602,0.2511857532148055,0.21738948338950595,20231108_P021N_B001,P021N_B001,20231108,40x,0.324,0.324,0.324,10,0.49795658980100227,"(77.58787662737933, 72.91698415881291, 78.01597486799011)",12.33200893349944,0,10
6,14262.0,15440.0,"(88.09984574393494, 58.968798205020335, 50.72268966484364)",0.9237046632124353,485.082338688,380.02128207969963,0.7856332353260113,23.483352350603155,17.064929928981357,8.64176813971235,0.5064051347222962,0.7266820202756552,0.3679955063779636,0.26741571802710135,0.18635481398453224,20231108_P021N_B001,P021N_B001,20231108,40x,0.324,0.324,0.324,10,0.565739312443842,"(77.58787662737933, 72.91698415881291, 78.01597486799011)",10.498683960482687,0,10
7,13352.0,14779.0,"(87.90068903535051, 105.14342420611145, 96.16402037147992)",0.9034440760538602,454.131214848,371.8894118411438,0.768288879433883,22.32496050662438,18.0891573968414,8.180480365135049,0.4522311451921727,0.8102660424180321,0.36642754027303626,0.2969037928900072,0.1657099461676262,20231108_P021N_B001,P021N_B001,20231108,40x,0.324,0.324,0.324,10,0.5638952688458381,"(77.58787662737933, 72.91698415881291, 78.01597486799011)",12.440288293976455,0,10
8,12362.0,13874.0,"(93.39686134929623, 44.97548940300922, 92.54505743407216)",0.8910191725529768,420.459113088,350.51484094027927,0.774331440585425,21.299144254371015,17.401411812559566,8.339039252849338,0.4792162465134346,0.8170005144215333,0.3915199199206324,0.31987197598143424,0.18762270645960594,20231108_P021N_B001,P021N_B001,20231108,40x,0.324,0.324,0.324,10,0.6147857532342244,"(77.58787662737933, 72.91698415881291, 78.01597486799011)",11.41724404931942,0,10
9,11766.0,12902.0,"(101.43625701172871, 102.31344552099269, 66.38815230324664)",0.9119516354053635,400.187827584,322.1597042067996,0.8151837048791435,19.811300527429523,16.23835774188894,8.918443647651456,0.5492207887898158,0.8196512752611216,0.4501695199314917,0.368982021095534,0.2472424588259066,20231108_P021N_B001,P021N_B001,20231108,40x,0.324,0.324,0.324,10,0.6892246019604511,"(77.58787662737933, 72.91698415881291, 78.01597486799011)",12.830168637253607,0,10
10,13243.0,14618.0,"(122.37559465377936, 65.88507135845352, 85.37899267537567)",0.9059378847995622,450.423882432,339.4343795426057,0.837161479100615,20.011863393138984,15.32066897870831,10.664004351358003,0.6960534403672684,0.7655793305065716,0.5328841268731691,0.40796507308913965,0.3709158298271772,20231108_P021N_B001,P021N_B001,20231108,40x,0.324,0.324,0.324,10,0.8831073579053644,"(77.58787662737933, 72.91698415881291, 78.01597486799011)",14.88144914400572,0,10
1,7306.0,8236.0,"(47.89871338625787, 92.50218998083767, 87.2894880919792)",0.8870811073336571,248.493308544,240.66020524396083,0.7942483246193146,17.553106770646234,11.648659948947763,8.884834446356283,0.7627344677667288,0.6636238303083544,0.5061687690075607,0.3359056572712621,0.38607236662912214,20231108_P021N_A012a,P021N_A012a,20231108,40x,0.324,0.324,0.324,14,0.14093475107289663,"(95.25615790868362, 73.32454351054717, 67.25230632707014)",17.78166293056093,0,14
2,8651.0,9711.0,"(49.882094555542714, 67.29279852040227, 55.19442838978153)",0.8908454330141077,294.239749824,260.8237228312953,0.8202343070925849,19.08148378215323,12.14928623769535,9.314269185589781,0.7666515549440742,0.6367055296327891,0.4881312843344681,0.3107958879225111,0.37422660815186803,20231108_P021N_A012a,P021N_A012a,20231108,40x,0.324,0.324,0.324,14,0.15655192563419457,"(95.25615790868362, 73.32454351054717, 67.25230632707014)",15.336463913206183,0,14
3,11118.0,12571.0,"(55.97580500089944, 61.071865443425075, 105.35734844396474)",0.8844165141993477,378.147906432,309.42940287695717,0.8172664649439149,17.88771950126473,13.992848609654219,11.032267990351455,0.7884218787831276,0.7822600644349813,0.6167509496988385,0.4824596376517493,0.48625994250283644,20231108_P021N_A012a,P021N_A012a,20231108,40x,0.324,0.324,0.324,14,0.2045338976448775,"(95.25615790868362, 73.32454351054717, 67.25230632707014)",18.170214876625085,0,14
4,14824.0,16981.0,"(61.370345385860766, 36.851794387479764, 74.70763626551538)",0.8729756786997233,504.19720857600004,383.66640914817924,0.7984798696771457,20.909047256389155,15.340774471076202,11.50000598649123,0.7496365980852902,0.733690745588063,0.5500014345692956,0.4035309626036508,0.4123012043525561,20231108_P021N_A012a,P021N_A012a,20231108,40x,0.324,0.324,0.324,14,0.24701059358945485,"(95.25615790868362, 73.32454351054717, 67.25230632707014)",16.310082969098683,0,14
5,12665.0,13929.0,"(74.1000394788788, 108.05211212001579, 58.41831819976313)",0.9092540742336134,430.76481696,349.49680802936734,0.7892254122630308,25.274297604354683,13.427065793061862,9.237395313898515,0.687968276633584,0.5312537663063848,0.36548573806090423,0.19416567487612418,0.25144259334791375,20231108_P021N_A012a,P021N_A012a,20231108,40x,0.324,0.324,0.324,14,0.3472444053455023,"(95.25615790868362, 73.32454351054717, 67.25230632707014)",13.482545607495148,0,14
6,11087.0,13874.0,"(76.50004509786235, 107.95084333002616, 99.42716695228646)",0.7991206573446735,377.093527488,349.57838298650785,0.7220583159023332,22.46562409229766,17.074718848134314,7.887304476691732,0.4619288052027601,0.7600375924561287,0.3510832569924418,0.2668364733961918,0.1621754694292122,20231108_P021N_A012a,P021N_A012a,20231108,40x,0.324,0.324,0.324,14,0.366142087384743,"(95.25615790868362, 73.32454351054717, 67.25230632707014)",16.476265134423723,0,14
7,10826.0,12377.0,"(79.34038426011453, 86.14677627932754, 27.269351561056716)",0.874686919285772,368.216337024,323.2947347090032,0.7684592839881937,22.64065602190381,14.173712940047073,8.464917201104758,0.5972265162212778,0.6260292513756955,0.3738812688517212,0.23406061084263816,0.22329180767670434,20231108_P021N_A012a,P021N_A012a,20231108,40x,0.324,0.324,0.324,14,0.3885069626780672,"(95.25615790868362, 73.32454351054717, 67.25230632707014)",14.54885617036496,0,14
8,11281.0,12657.0,"(97.11089442425317, 26.09555890435245, 44.85710486658984)",0.8912854546891048,383.691898944,339.5225386695972,0.7520913634192253,21.610266506531318,16.976572066310496,7.727218369020892,0.45516953239077795,0.7855790238023964,0.3575716369201406,0.280900777471149,0.16275571477314543,20231108_P021N_A012a,P021N_A012a,20231108,40x,0.324,0.324,0.324,14,0.5284322395610486,"(95.25615790868362, 73.32454351054717, 67.25230632707014)",16.946042759819928,0,14
9,13496.0,14992.0,"(112.65782454060462, 68.94116775340842, 20.899081209247186)",0.9002134471718249,459.028975104,382.40919597034986,0.7525162175311259,21.555222261815377,19.131333448001,7.994567311613623,0.4178782066259454,0.8875498111606929,0.37088772337902687,0.32918132884687457,0.15498589670520746,20231108_P021N_A012a,P021N_A012a,20231108,40x,0.324,0.324,0.324,14,0.6508490121307451,"(95.25615790868362, 73.32454351054717, 67.25230632707014)",16.104636536600744,0,14
10,12296.0,13866.0,"(113.09954456733897, 102.43306766428107, 95.40500975927131)",0.8867734025674311,418.214306304,352.2959791660481,0.7676719898229438,22.677747302873215,16.208968517485314,8.408462673046492,0.5187537173618371,0.7147521445144456,0.3707803319592136,0.26501603741162594,0.19234367552849804,20231108_P021N_A012a,P021N_A012a,20231108,40x,0.324,0.324,0.324,14,0.6543271225774722,"(95.25615790868362, 73.32454351054717, 67.25230632707014)",14.33774988992184,0,14
11,11580.0,12580.0,"(125.18307426597582, 103.41528497409327, 41.519602763385144)",0.9205087440381559,393.86155392,324.56413877502183,0.800594591263753,20.534463199049508,16.205221256309066,8.455491290939413,0.5217757386464252,0.789171896008422,0.41177074895879423,0.32495790267661956,0.21485198669096656,20231108_P021N_A012a,P021N_A012a,20231108,40x,0.324,0.324,0.324,14,0.749473025716345,"(95.25615790868362, 73.32454351054717, 67.25230632707014)",16.080473103174672,0,14
12,13528.0,15305.0,"(131.00221762270846, 75.78082495564755, 110.70816085156711)",0.8838941522378307,460.117366272,378.0651359259799,0.7623655179697234,22.384831039614944,17.892476703171184,8.411326615564269,0.47010409766656186,0.799312564455209,0.3757601118667616,0.30034977863619744,0.17664636832821032,20231108_P021N_A012a,P021N_A012a,20231108,40x,0.324,0.324,0.324,14,0.7952930521473107,"(95.25615790868362, 73.32454351054717, 67.25230632707014)",18.248493997529994,0,14
13,13061.0,14699.0,"(132.48962560294004, 31.78301814562438, 73.81647653319041)",0.8885638478808082,444.233657664,359.3898421510105,0.7834163538496765,22.378804961013177,16.608699488090803,8.767628960829606,0.5278937683902583,0.742162037563013,0.3917827147653313,0.29076625787220706,0.2068196536876364,20231108_P021N_A012a,P021N_A012a,20231108,40x,0.324,0.324,0.324,14,0.807004926007402,"(95.25615790868362, 73.32454351054717, 67.25230632707014)",18.199220964772664,0,14
14,10552.0,12288.0,"(145.87699014404853, 75.34789613343442, 45.2852539802881)",0.8587239583333334,358.896987648,325.07420488457694,0.7513024832540783,18.717075754423668,14.381274792910226,9.842491891366521,0.6843963440722749,0.7683505148773733,0.5258562833481244,0.4040419460620333,0.35989411783089065,20231108_P021N_A012a,P021N_A012a,20231108,40x,0.324,0.324,0.324,14,0.9124172452287285,"(95.25615790868362, 73.32454351054717, 67.25230632707014)",17.890885706207374,0,14
1,20034.0,23267.0,"(24.494309673554955, 75.41574323649796, 104.10422282120395)",0.8610478359908884,681.400895616,499.54670858522263,0.7496234364829863,23.70505843786883,15.270938977450255,14.095186580717005,0.923007196972667,0.6442059199084248,0.5946067004078736,0.38304915641996734,0.5488262638446377,20240220_P013T_A001a,P013T_A001a,20240220,40x,0.324,0.324,0.324,20,0.11235898971748029,"(77.01973109732889, 85.34742124353491, 78.01767682421692)",19.272052745578772,0,20
2,25101.0,28860.0,"(38.63415800167324, 53.26572646508107, 72.65371897533963)",0.8697505197505198,853.7408346240001,564.3394091794604,0.7711895124426148,28.594754428247718,19.45816586109871,11.450857418748335,0.5884859601100019,0.6804802576614085,0.40045307776577543,0.27250041353935894,0.2356610139479976,20240220_P013T_A001a,P013T_A001a,20240220,40x,0.324,0.324,0.324,20,0.2219702170672344,"(77.01973109732889, 85.34742124353491, 78.01767682421692)",16.301609814874766,0,20
3,12204.0,14408.0,"(38.96222549983612, 116.18502130449033, 76.22754834480499)",0.8470294280955025,415.085181696,347.99028149977465,0.7732889936896402,18.451846123735674,15.47907832439425,11.27859216145568,0.7286346076355972,0.8388904947826666,0.6112446465152003,0.5127673239483925,0.4453740031829623,20240220_P013T_A001a,P013T_A001a,20240220,40x,0.324,0.324,0.324,20,0.22451337596772186,"(77.01973109732889, 85.34742124353491, 78.01767682421692)",15.881076961832449,1,20
4,31017.0,36585.0,"(47.84985653028984, 112.74833156011219, 112.05474417255054)",0.8478064780647806,1054.957151808,663.9644539671538,0.75479527938361,32.0298194450409,21.897963336852033,11.616660744738182,0.5304904646172518,0.6836742671755036,0.3626826796407921,0.24795681522066648,0.1923997032312737,20240220_P013T_A001a,P013T_A001a,20240220,40x,0.324,0.324,0.324,20,0.2934097405448825,"(77.01973109732889, 85.34742124353491, 78.01767682421692)",17.022225594771797,0,20
5,19412.0,22995.0,"(44.61611374407583, 93.67514939212857, 48.172316093138264)",0.8441835181561209,660.245292288,486.3225498961077,0.7539859604287478,24.865273542683237,17.528524586144282,11.49308164771032,0.6556787818180213,0.7049399459070966,0.46221416498722695,0.3258332284635896,0.3030640206378589,20240220_P013T_A001a,P013T_A001a,20240220,40x,0.324,0.324,0.324,20,0.2683419670083398,"(77.01973109732889, 85.34742124353491, 78.01767682421692)",14.52622855581167,0,20
6,15096.0,17380.0,"(62.838235294117645, 44.78789083200848, 47.454888712241655)",0.868584579976985,513.448533504,419.7884619112009,0.7386718894942975,27.233310832145456,15.870522517741517,9.340275328956078,0.5885297927976012,0.5827614062631116,0.34297244967846774,0.19987110708412817,0.20184950474455432,20240220_P013T_A001a,P013T_A001a,20240220,40x,0.324,0.324,0.324,20,0.4095987232102143,"(77.01973109732889, 85.34742124353491, 78.01767682421692)",17.0839714327026,0,20
7,14417.0,15993.0,"(68.24963584657002, 66.57307345494903, 30.493792051050843)",0.9014568873882324,490.354233408,390.04199495887667,0.7709852002629068,27.182200689674055,13.67627666139086,9.747794077816145,0.7127520391083407,0.5031335327674992,0.35860945142381817,0.18042844017868054,0.2555996177458499,20240220_P013T_A001a,P013T_A001a,20240220,40x,0.324,0.324,0.324,20,0.4515475647020932,"(77.01973109732889, 85.34742124353491, 78.01767682421692)",16.7977996997363,2,20
8,19588.0,21704.0,"(66.78410251174188, 45.223912599550744, 96.52317745558506)",0.902506450423885,666.231443712,454.110635055904,0.8123425504373097,27.48189042736084,14.578061569270995,12.22406524858566,0.8385247373596426,0.5304606540006122,0.44480438057548755,0.2359512226224103,0.3729794763984792,20240220_P013T_A001a,P013T_A001a,20240220,40x,0.324,0.324,0.324,20,0.4401868411762937,"(77.01973109732889, 85.34742124353491, 78.01767682421692)",14.69516846941404,0,20
9,7522.0,8439.0,"(56.21005051847913, 128.01821324115926, 72.41637862270673)",0.891337836236521,255.839948928,240.4291438912445,0.8106049552575376,16.860379940087935,11.370286425205517,10.058230613232036,0.8846066173790547,0.6743790155150096,0.5965601397461496,0.40230763973750483,0.5277210472840176,20240220_P013T_A001a,P013T_A001a,20240220,40x,0.324,0.324,0.324,20,0.3582174458796832,"(77.01973109732889, 85.34742124353491, 78.01767682421692)",15.48846692727094,1,20
10,14532.0,16036.0,"(74.516308835673, 70.33340214698596, 120.39402697495183)",0.9062110251933151,494.265639168,367.5279501774547,0.8225595810092012,20.64261385122444,16.309822943290655,10.674575285209082,0.6544875025513545,0.7901045410643681,0.5171135478357024,0.4085737623908948,0.3384443544584592,20240220_P013T_A001a,P013T_A001a,20240220,40x,0.324,0.324,0.324,20,0.5001264250827364,"(77.01973109732889, 85.34742124353491, 78.01767682421692)",14.588791949541807,0,20
11,16721.0,18793.0,"(79.51659589737456, 98.37360205729323, 33.582022606303454)",0.8897461820890757,568.718397504,416.97080472938376,0.7961165671804338,22.812487471263502,17.196186725627282,10.555291269379575,0.6138158091554766,0.7538058595008117,0.4626979535956302,0.34878442859942077,0.28401131878088487,20240220_P013T_A001a,P013T_A001a,20240220,40x,0.324,0.324,0.324,20,0.5388883402897252,"(77.01973109732889, 85.34742124353491, 78.01767682421692)",15.024809929465118,0,20
12,18660.0,20986.0,"(88.67663451232583, 130.1435691318328, 63.084030010718116)",0.8891642047079005,634.66809984,481.4044850731705,0.7418881581900578,26.123072071482756,20.799569277299927,8.6096022335811,0.41393175593195486,0.7962145195015471,0.3295784741557931,0.2624151664380079,0.13642299652468184,20240220_P013T_A001a,P013T_A001a,20240220,40x,0.324,0.324,0.324,20,0.6098963915684174,"(77.01973109732889, 85.34742124353491, 78.01767682421692)",15.758502249296098,0,20
13,23773.0,27569.0,"(90.69886005131872, 127.58095318218146, 100.3946073276406)",0.862309115310675,808.5726011520001,527.3696728227061,0.7958813361562885,26.8846985448285,17.88530363203896,13.826080802013271,0.7730414359444158,0.665259593750563,0.5142732316287338,0.3421252011501207,0.3975545174460515,20240220_P013T_A001a,P013T_A001a,20240220,40x,0.324,0.324,0.324,20,0.6255725585373544,"(77.01973109732889, 85.34742124353491, 78.01767682421692)",16.10745009012645,1,20
14,23857.0,26233.0,"(101.39724189965209, 61.1331684620866, 49.6150815274343)",0.9094270575229673,811.429627968,521.9845597424096,0.8059851530723368,28.26759341137783,17.651782876329708,11.909383872618829,0.6746844755601887,0.6244529776356833,0.4213087297281292,0.26308749078263755,0.28425045936555215,20240220_P013T_A001a,P013T_A001a,20240220,40x,0.324,0.324,0.324,20,0.7085057511600937,"(77.01973109732889, 85.34742124353491, 78.01767682421692)",14.443644147756196,0,20
15,16200.0,18363.0,"(104.05450617283951, 53.002037037037034, 106.03074074074074)",0.8822087894134946,550.9980288,419.0005183911525,0.7757163184867694,23.6936990182475,18.047602382287117,9.707047875619631,0.5378580306681983,0.7617047202459991,0.40968900078218395,0.3120620457286564,0.22035451914712736,20240220_P013T_A001a,P013T_A001a,20240220,40x,0.324,0.324,0.324,20,0.7291046990142598,"(77.01973109732889, 85.34742124353491, 78.01767682421692)",16.399120668976167,0,20
16,14493.0,16078.0,"(109.29835092803422, 50.41461395156282, 78.15062443938453)",0.9014180868267198,492.939162432,369.9184613149301,0.8157811520628446,20.776457655796314,16.394815845444633,10.68065639186197,0.6514654688743963,0.7891054441068653,0.5140749481364177,0.4056593402534017,0.33490207712427233,20240220_P013T_A001a,P013T_A001a,20240220,40x,0.324,0.324,0.324,20,0.7697546583568544,"(77.01973109732889, 85.34742124353491, 78.01767682421692)",15.410374634476193,2,20
17,16069.0,17250.0,"(109.35646275437178, 105.06304063725185, 110.84566556724127)",0.931536231884058,546.542427456,376.1216058803832,0.8594852547568077,21.035116379869397,16.370875905372717,11.413707819986293,0.6971959158422584,0.7782640994104336,0.5426025515556078,0.4222880861242284,0.37830028287015816,20240220_P013T_A001a,P013T_A001a,20240220,40x,0.324,0.324,0.324,20,0.770205137630789,"(77.01973109732889, 85.34742124353491, 78.01767682421692)",16.238984424533395,0,20
18,25061.0,27989.0,"(117.13937991301225, 105.67032440844339, 51.17812537408723)",0.8953874736503626,852.3803456640001,535.2832988713416,0.8121870287523761,27.782575807348096,18.236324340136527,12.50657133341128,0.6858054890965846,0.6563942978718798,0.4501588124922337,0.29548167765667893,0.308721384572374,20240220_P013T_A001a,P013T_A001a,20240220,40x,0.324,0.324,0.324,20,0.8305378287830407,"(77.01973109732889, 85.34742124353491, 78.01767682421692)",16.96896647013274,0,20
19,21338.0,22973.0,"(125.64284375292905, 79.53871028212579, 88.4293748242572)",0.9288294954947112,725.752835712,449.91983010756735,0.8680434887301848,23.01438549429086,15.901026142600953,14.189850564513897,0.892385839584114,0.6909168244594449,0.6165643904780317,0.42599471074385487,0.5502133312544057,20240220_P013T_A001a,P013T_A001a,20240220,40x,0.324,0.324,0.324,20,0.896456153123481,"(77.01973109732889, 85.34742124353491, 78.01767682421692)",16.22056633205888,1,20
20,2209.0,2450.0,"(128.43775464010864, 99.16568583069262, 79.09325486645541)",0.9016326530612245,75.133002816,102.35380184423774,0.8412672388631215,10.380655897757803,9.333304889918864,5.586249847700124,0.5985285934175334,0.8991055075753773,0.538140354783048,0.483844956834006,0.3220923896095101,20240220_P013T_A001a,P013T_A001a,20240220,40x,0.324,0.324,0.324,20,0.9181221289930903,"(77.01973109732889, 85.34742124353491, 78.01767682421692)",17.254070685992396,2,20
1,16242.0,17435.0,"(24.43522965152075, 94.71198128309321, 91.74898411525675)",0.9315744192715801,552.426542208,374.7050783137129,0.8689155511616298,20.936166299065892,14.297621903012597,13.114463841563303,0.9172479123119073,0.6829149949793107,0.6264023534312694,0.42777956004854367,0.5745662509520973,20240220_P013T_A005a,P013T_A005a,20240220,40x,0.324,0.324,0.324,18,0.10772559441433394,"(79.41675876318382, 77.54283088676934, 84.69143262138721)",18.801933286814563,0,18
2,12578.0,13584.0,"(32.22364445857847, 55.68603911591668, 67.01001749085705)",0.925942285041225,427.805753472,320.3826586986605,0.8569974653044582,18.87687079172954,14.764491130429008,10.990285008809828,0.7443727597329314,0.7821471732962078,0.5822090499038095,0.4553731626497353,0.4333805572183866,20240220_P013T_A005a,P013T_A005a,20240220,40x,0.324,0.324,0.324,18,0.1658480929744662,"(79.41675876318382, 77.54283088676934, 84.69143262138721)",17.79801872829398,2,18
3,15154.0,18183.0,"(31.701266992213277, 52.418635343803615, 92.36861554705028)",0.8334158279711819,515.421242496,410.4517638268054,0.7574085567590189,24.579713384409747,14.097479407883545,11.173087525346395,0.7925592371568365,0.5735412446601269,0.4545654113458127,0.26071201180271997,0.3602700156541209,20240220_P013T_A005a,P013T_A005a,20240220,40x,0.324,0.324,0.324,18,0.16194975367323342,"(79.41675876318382, 77.54283088676934, 84.69143262138721)",17.648136035335966,2,18
4,18027.0,19446.0,"(39.57103234037832, 98.84894879902369, 124.01542131247574)",0.9270286948472694,613.138362048,411.6762113033577,0.847814185205636,20.614609929772254,17.797086502064914,11.936060403552624,0.670674967060914,0.863323951444835,0.5790097626981628,0.49987299625771414,0.38832735352553793,20240220_P013T_A005a,P013T_A005a,20240220,40x,0.324,0.324,0.324,18,0.22067934582371881,"(79.41675876318382, 77.54283088676934, 84.69143262138721)",19.407596379282904,0,18
5,13792.0,15152.0,"(50.52146171693735, 56.07917633410673, 43.95091357308585)",0.9102428722280888,469.096593408,353.4058754350003,0.8261366294290903,20.327239499677557,15.67884681756224,10.956770462828581,0.6988250214011689,0.7713219897768681,0.539019106013012,0.41575728937770495,0.37668003829518204,20240220_P013T_A005a,P013T_A005a,20240220,40x,0.324,0.324,0.324,18,0.3023989680368459,"(79.41675876318382, 77.54283088676934, 84.69143262138721)",17.61385272455558,0,18
6,15191.0,18530.0,"(59.04107695345928, 50.37778948061352, 118.24547429398986)",0.8198057204533189,516.679694784,419.4950162167333,0.7422865336939626,29.31521885562116,13.936344017465908,9.79760244646319,0.703025300909924,0.4753962126669789,0.3342155654616411,0.15888481403481694,0.23496199847745067,20240220_P013T_A005a,P013T_A005a,20240220,40x,0.324,0.324,0.324,18,0.3659781862198454,"(79.41675876318382, 77.54283088676934, 84.69143262138721)",15.467332415810192,0,18
7,19989.0,21572.0,"(61.74716093851618, 112.15908749812397, 70.62889589274101)",0.9266178379380678,679.8703455360001,455.40272300473185,0.8210555992565856,24.338489032886535,18.283148345887987,11.114579707319661,0.6079138831589369,0.7512030973321113,0.45666679194018467,0.3430495085541856,0.27761408279809197,20240220_P013T_A005a,P013T_A005a,20240220,40x,0.324,0.324,0.324,18,0.3861728428247476,"(79.41675876318382, 77.54283088676934, 84.69143262138721)",13.391256884867975,0,18
8,19056.0,20628.0,"(65.10117548278757, 117.06433669185559, 109.24858312342569)",0.9237929028504944,648.136940544,434.16693066012476,0.8342032925933313,25.466425187688024,14.464816328888565,12.698296465699014,0.877874711781751,0.56799555580662,0.49862893484705195,0.28321901898971413,0.4377337324648973,20240220_P013T_A005a,P013T_A005a,20240220,40x,0.324,0.324,0.324,18,0.41120280211035504,"(79.41675876318382, 77.54283088676934, 84.69143262138721)",15.772974198005226,0,18
9,16296.0,17506.0,"(79.8944526264114, 37.579405989199806, 101.22987236131566)",0.9308808408545641,554.2632023040001,398.3242239211932,0.8192028167459112,26.150430835433987,13.161174903982287,11.548886193866355,0.8774965972355486,0.5032871154898457,0.44163273127483416,0.22226806342921343,0.38753121892150844,20240220_P013T_A005a,P013T_A005a,20240220,40x,0.324,0.324,0.324,18,0.5216003927344134,"(79.41675876318382, 77.54283088676934, 84.69143262138721)",14.013977621858773,1,18
10,21478.0,22936.0,"(77.43220970295185, 34.9246205419499, 62.41232889468293)",0.9364318102546215,730.514547072,466.2028493363463,0.8413856745110344,22.423974180128447,20.148168540211017,11.452588652691585,0.5684183468008471,0.8985101560661718,0.5107296574949045,0.4588957842633692,0.2903081075754166,20240220_P013T_A005a,P013T_A005a,20240220,40x,0.324,0.324,0.324,18,0.5032254455444168,"(79.41675876318382, 77.54283088676934, 84.69143262138721)",15.594496472391919,0,18
11,17337.0,18941.0,"(74.99867335755897, 76.28782372959566, 136.40399146334428)",0.9153159812047938,589.669927488,410.23686352167056,0.8289380871497098,21.918983097221727,16.67298846036784,11.652197225182467,0.69886674802661,0.7606643239978215,0.5316030024522171,0.40437143849552803,0.37151966156496297,20240220_P013T_A005a,P013T_A005a,20240220,40x,0.324,0.324,0.324,18,0.48506472654894756,"(79.41675876318382, 77.54283088676934, 84.69143262138721)",16.820822092857124,1,18
12,22359.0,24243.0,"(77.5997584865155, 84.77704727402836, 43.48325059260253)",0.9222868456874149,760.479316416,474.3429359232016,0.8494085435202703,23.22080203757456,17.706624160083702,13.355041664582618,0.7542398564424878,0.7625328415199383,0.5751326609206806,0.43855754218276966,0.4337879756082001,20240220_P013T_A005a,P013T_A005a,20240220,40x,0.324,0.324,0.324,18,0.5044758096008619,"(79.41675876318382, 77.54283088676934, 84.69143262138721)",13.568405304564326,0,18
13,18144.0,19510.0,"(102.13100749559082, 114.87092151675485, 69.70012125220458)",0.9299846232701179,617.117792256,418.89032237615913,0.8368144599122422,23.19243487124085,16.484535814770926,11.44718790005614,0.694419790079798,0.7107721076415365,0.4935742177830114,0.35081878705115377,0.3427477047016793,20240220_P013T_A005a,P013T_A005a,20240220,40x,0.324,0.324,0.324,18,0.687544832056648,"(79.41675876318382, 77.54283088676934, 84.69143262138721)",14.967477510072403,0,18
14,16547.0,17983.0,"(101.9363630869644, 86.60300960899256, 125.57025442678432)",0.9201468053161319,562.800270528,388.796111954949,0.8478748298701676,21.157128190464668,15.991988924182456,12.085927753049013,0.7557488821651914,0.7558676574729979,0.5712461372000399,0.431786479565893,0.43171862963011376,20240220_P013T_A005a,P013T_A005a,20240220,40x,0.324,0.324,0.324,18,0.686092261843018,"(79.41675876318382, 77.54283088676934, 84.69143262138721)",15.403797884473036,0,18
15,25507.0,27043.0,"(108.10103108950484, 62.78907750813502, 42.37123142666719)",0.9432015678733868,867.549797568,490.53281636375436,0.8967657223855764,19.61241199154688,19.0173702945928,16.432659502318124,0.8640868452243585,0.9696599430396144,0.8378704011215317,0.8124493654260834,0.7239927916119722,20240220_P013T_A005a,P013T_A005a,20240220,40x,0.324,0.324,0.324,18,0.7320972469366033,"(79.41675876318382, 77.54283088676934, 84.69143262138721)",17.24051508428603,0,18
16,20476.0,21845.0,"(120.65330142605978, 108.62170345770659, 104.2017972260207)",0.9373311970702678,696.434298624,436.38746351555005,0.8706934814633407,21.973977982436708,17.461737217153978,12.936236930477955,0.7408333300176867,0.7946552613782876,0.588707103502952,0.4678191972093929,0.43613384389315885,20240220_P013T_A005a,P013T_A005a,20240220,40x,0.324,0.324,0.324,18,0.8257709061646252,"(79.41675876318382, 77.54283088676934, 84.69143262138721)",17.884691700539925,0,18
17,19529.0,20829.0,"(122.63705258845819, 46.15909672794306, 76.74873265400174)",0.9375870180997647,664.224722496,424.5226724106334,0.8672146230221491,21.78935363074173,16.49456961707886,13.214340384518207,0.8011327783197068,0.7570013271897763,0.6064585764432509,0.4590899472531632,0.4858538442817958,20240220_P013T_A005a,P013T_A005a,20240220,40x,0.324,0.324,0.324,18,0.8405750193168522,"(79.41675876318382, 77.54283088676934, 84.69143262138721)",17.496057152507156,0,18
18,25282.0,26801.0,"(127.24823985444189, 85.79285657780238, 77.26864963214936)",0.9433230103354352,859.897047168,498.6369958985327,0.8769952991258653,23.428322482230932,17.019074148805615,15.36539301824439,0.902833660861788,0.7264316154822279,0.6558469147715624,0.47642793380654114,0.5921206710281188,20240220_P013T_A005a,P013T_A005a,20240220,40x,0.324,0.324,0.324,18,0.8749868645853872,"(79.41675876318382, 77.54283088676934, 84.69143262138721)",15.909063871357958,0,18
1,13200.0,14730.0,"(27.298636363636362, 58.76893939393939, 65.78325757575757)",0.8961303462321792,448.96135680000003,338.5771645794468,0.8374632702848009,19.52630528327395,13.308276884142748,12.957151193263943,0.9736159914663947,0.6815563257398466,0.6635741378253939,0.45226315123226196,0.6460663921103288,20240220_P013T_A004a,P013T_A004a,20240220,40x,0.324,0.324,0.324,13,0.11366355866355866,"(81.72002110382162, 72.16784419874294, 72.76317841904849)",18.299367011431,0,13
2,16470.0,17789.0,"(41.12088646023072, 61.38421372191864, 96.58664238008501)",0.9258530552588679,560.18132928,390.0114903119003,0.8426084475954985,22.81343038776509,15.51930836733941,11.288209818786214,0.727365521168611,0.6802707047363845,0.4948054556863186,0.3366016560471398,0.35990442815235113,20240220_P013T_A004a,P013T_A004a,20240220,40x,0.324,0.324,0.324,13,0.23180244837804034,"(81.72002110382162, 72.16784419874294, 72.76317841904849)",15.646663656528435,0,13
3,13272.0,15474.0,"(54.758890898131405, 41.14474080771549, 87.65491259795057)",0.8576967816983326,451.410236928,362.2782704068976,0.7855179396755808,20.88931174103718,16.323237289867045,10.096659664070822,0.6185451748801393,0.781415754249095,0.4833409443661025,0.37769022860130785,0.29896820895966253,20240220_P013T_A004a,P013T_A004a,20240220,40x,0.324,0.324,0.324,13,0.348366588872918,"(81.72002110382162, 72.16784419874294, 72.76317841904849)",14.164023194909852,0,13
4,12997.0,14537.0,"(56.638993613910905, 54.662999153650844, 47.32376702315919)",0.8940634243654124,442.056875328,337.08859152133175,0.8325151965216717,18.83496840597905,14.80538489605379,11.562274198495173,0.7809505986958143,0.7860583876187394,0.6138727684207209,0.48253983854784366,0.4794043060212189,20240220_P013T_A004a,P013T_A004a,20240220,40x,0.324,0.324,0.324,13,0.3644358428539394,"(81.72002110382162, 72.16784419874294, 72.76317841904849)",12.889505102579019,0,13
5,19108.0,20591.0,"(71.45122461796106, 83.90668829809503, 44.22451329286163)",0.9279782429216648,649.905576192,433.37363496649925,0.8372499814221191,24.97721016208011,14.183437347085391,13.4136266444887,0.9457246728167145,0.5678551469538579,0.5370346230602244,0.3049578747971734,0.5078868931848783,20240220_P013T_A004a,P013T_A004a,20240220,40x,0.324,0.324,0.324,13,0.491036107845821,"(81.72002110382162, 72.16784419874294, 72.76317841904849)",10.537245383551666,0,13
6,17389.0,19406.0,"(80.41624015182012, 36.401000632583816, 63.437460463511414)",0.8960630732763063,591.438563136,428.44161200249846,0.7953023002338513,22.293335065129217,19.07061226611733,10.404366674560313,0.5455706680716121,0.8554400770635343,0.4667030143387838,0.39923646255175305,0.2546194753238455,20240220_P013T_A004a,P013T_A004a,20240220,40x,0.324,0.324,0.324,13,0.5676601722377788,"(81.72002110382162, 72.16784419874294, 72.76317841904849)",11.983340319606887,0,13
7,20445.0,22427.0,"(80.47913915382735, 75.32594766446564, 100.64465639520665)",0.9116243813260801,695.3799196800001,447.0019345235987,0.8491599161671608,20.868722539850648,16.963986364090992,14.337783502746374,0.8451895206126958,0.8128905030816707,0.6870465346102104,0.5584936031598123,0.5806845312258175,20240220_P013T_A004a,P013T_A004a,20240220,40x,0.324,0.324,0.324,13,0.5681977705455329,"(81.72002110382162, 72.16784419874294, 72.76317841904849)",9.10024943053079,0,13
8,14878.0,16475.0,"(83.55713133485683, 109.44528834520769, 92.27624680736658)",0.9030652503793627,506.033868672,361.8705586733622,0.848627817519609,17.765574953157838,16.03123028744372,13.19569435003779,0.8231242464512015,0.9023761026430592,0.7427676495036402,0.6702557767284406,0.6113900617860141,20240220_P013T_A004a,P013T_A004a,20240220,40x,0.324,0.324,0.324,13,0.5945053960244174,"(81.72002110382162, 72.16784419874294, 72.76317841904849)",13.645527063785533,0,13
9,16648.0,19325.0,"(99.48684526669871, 99.12481979817396, 44.1137073522345)",0.8614747736093143,566.235505152,426.09915316162375,0.7767921926989603,27.681167477637075,14.040259081565207,11.06543531917577,0.78812187545062,0.5072134003346492,0.39974597632542985,0.2027565159221155,0.3150485485654369,20240220_P013T_A004a,P013T_A004a,20240220,40x,0.324,0.324,0.324,13,0.730656797151271,"(81.72002110382162, 72.16784419874294, 72.76317841904849)",13.985135514762343,2,13
10,22706.0,23978.0,"(104.89377257112658, 61.364529199330576, 55.99656478463842)",0.9469513720910835,772.281558144,463.90567385796226,0.8774819997811156,23.519890104693815,16.558647510250633,14.042020860900337,0.8480173789681568,0.7040274183486112,0.5970274860297072,0.42032371967265636,0.5062896838748602,20240220_P013T_A004a,P013T_A004a,20240220,40x,0.324,0.324,0.324,13,0.7768698510352698,"(81.72002110382162, 72.16784419874294, 72.76317841904849)",9.906422286385254,0,13
11,16221.0,17694.0,"(104.81591763763024, 109.70858763331483, 67.50372973306207)",0.9167514411664971,551.712285504,385.86771390787857,0.8430515263748958,22.15233156797742,15.576755528560948,11.83940930408103,0.7600690196602713,0.7031655101749255,0.5344543199775701,0.3758098445722209,0.4062221710385486,20240220_P013T_A004a,P013T_A004a,20240220,40x,0.324,0.324,0.324,13,0.7762044242532499,"(81.72002110382162, 72.16784419874294, 72.76317841904849)",14.382059115523692,0,13
12,20776.0,22199.0,"(110.64420485175202, 59.443059299191376, 91.31180207932229)",0.9358980134240281,706.637965824,442.4146423822016,0.8672000158795883,22.51349219734912,17.002377015760093,13.134846504083539,0.7725300110630645,0.7552083375924264,0.5834211053951958,0.44060448312184164,0.450710313005376,20240220_P013T_A004a,P013T_A004a,20240220,40x,0.324,0.324,0.324,13,0.8260188448867695,"(81.72002110382162, 72.16784419874294, 72.76317841904849)",11.871759669531155,0,13
13,13860.0,15236.0,"(117.09004329004328, 88.33852813852813, 89.89819624819624)",0.9096875820425309,471.40942464,348.92126196587986,0.8395028932133544,21.227441761130795,14.172935290350347,11.534847224176586,0.8138643822095268,0.6676704357423873,0.5433931867050437,0.36280756574680095,0.44224836019456637,20240220_P013T_A004a,P013T_A004a,20240220,40x,0.324,0.324,0.324,13,0.8811114811114811,"(81.72002110382162, 72.16784419874294, 72.76317841904849)",13.769574312841097,1,13
1,22589.0,25674.0,"(29.70211164726194, 142.85324715569524, 286.2906724511931)",0.8798395263690894,768.302127936,499.09358688251234,0.8128120980131581,23.312603895529502,17.405811596725744,13.906437487611676,0.7989536948812921,0.746626660613555,0.5965201291940802,0.44537783204894243,0.4765919612906761,20240305_P013T_A001,P013T_A001,20240305,40x,0.324,0.324,0.324,14,0.1301625856416319,"(82.52901897977893, 141.41220113357898, 268.04477957988377)",18.11409607303879,0,14
2,23622.0,25079.0,"(35.43853187706375, 118.4251968503937, 254.86237405808146)",0.9419035846724351,803.436755328,480.5300054319364,0.8697572891656812,22.82658593616447,17.210408133154417,14.61006232166954,0.8489085330593917,0.7539633031975987,0.640045881698087,0.4825711071631092,0.543340410523028,20240305_P013T_A001,P013T_A001,20240305,40x,0.324,0.324,0.324,14,0.17234214615488053,"(82.52901897977893, 141.41220113357898, 268.04477957988377)",17.50707296652167,0,14
3,18926.0,20961.0,"(44.05859663954349, 159.7709500158512, 234.2220226143929)",0.9029149372644435,643.715351424,458.1883972721762,0.7868693240247113,26.472744208370973,16.426052288665453,10.93742467717167,0.6658583867238066,0.6204892156012808,0.413157948079789,0.256360051123463,0.27510468477052663,20240305_P013T_A001,P013T_A001,20240305,40x,0.324,0.324,0.324,14,0.23572497529076095,"(82.52901897977893, 141.41220113357898, 268.04477957988377)",17.630471072815098,0,14
4,16019.0,18460.0,"(61.96710156688932, 178.13521443286098, 248.99556776328112)",0.8677681473456121,544.841816256,399.49087929362713,0.8075279147615431,21.04178075287372,15.482314614832664,12.995538195417208,0.8393795449013143,0.7357891804246754,0.6176063874081751,0.45442809761610564,0.5184061683908188,20240305_P013T_A001,P013T_A001,20240305,40x,0.324,0.324,0.324,14,0.3674051585800685,"(82.52901897977893, 141.41220113357898, 268.04477957988377)",14.968114900725048,0,14
5,25666.0,29114.0,"(76.71982389152966, 134.0079872204473, 296.0322995402478)",0.8815690046025967,872.957741184,565.2620537064375,0.7814414422292716,25.213935262121613,19.600729337904575,13.102282148756768,0.6684589089967747,0.7773768407881317,0.519644474872594,0.4039595802094649,0.3473609787395362,20240305_P013T_A001,P013T_A001,20240305,40x,0.324,0.324,0.324,14,0.4758810580259534,"(82.52901897977893, 141.41220113357898, 268.04477957988377)",9.566894355631854,1,14
6,23949.0,28229.0,"(80.60369952816401, 111.5180174537559, 281.53300764123765)",0.8483828686811435,814.558752576,592.3662395726767,0.7120471762914156,22.762097641934396,20.635244240485783,13.241239823724525,0.6416807898859552,0.9065616256064937,0.5817231799994704,0.5273679117132989,0.37328058963703,20240305_P013T_A001,P013T_A001,20240305,40x,0.324,0.324,0.324,14,0.504438967118853,"(82.52901897977893, 141.41220113357898, 268.04477957988377)",10.644282057685798,1,14
7,20769.0,23570.0,"(78.53632818142424, 114.40651933169627, 237.6230439597477)",0.8811624946966483,706.399880256,474.8044707226971,0.8078605536937002,24.843729352645283,18.75551763319165,11.52140482808953,0.614294153508197,0.7549397019652616,0.463755045168481,0.3501070955843794,0.2848820129069277,20240305_P013T_A001,P013T_A001,20240305,40x,0.324,0.324,0.324,14,0.4892377072163547,"(82.52901897977893, 141.41220113357898, 268.04477957988377)",13.243360501064354,0,14
8,15997.0,17560.0,"(92.44033256235544, 175.94280177533287, 296.3275614177658)",0.9109908883826879,544.093547328,407.76874705150715,0.7904102642746683,22.3383503082811,18.64213576090636,9.625721821882516,0.5163422230873468,0.8345350262501475,0.43090567069825847,0.3596058752075086,0.22249479194928296,20240305_P013T_A001,P013T_A001,20240305,40x,0.324,0.324,0.324,14,0.5914730335467312,"(82.52901897977893, 141.41220113357898, 268.04477957988377)",14.81396691120549,0,14
9,15362.0,16946.0,"(93.08950657466475, 181.1214685587814, 263.61932040098947)",0.9065266139501947,522.495785088,368.58652897468846,0.8511377639913579,20.155714200172774,14.45575391948881,13.094875003454062,0.9058590147830303,0.7172037555168794,0.6496854873712098,0.46595687144744585,0.5885234555089169,20240305_P013T_A001,P013T_A001,20240305,40x,0.324,0.324,0.324,14,0.5962463718725349,"(82.52901897977893, 141.41220113357898, 268.04477957988377)",13.390001223607301,0,14
10,27254.0,28761.0,"(106.28307771336317, 153.2208116239818, 238.9036838629192)",0.9476026563749522,926.969152896,530.878284802359,0.8660294977981101,24.702337020544956,19.0974512826369,13.969932823041626,0.7315077083475986,0.7731030172065717,0.5655308164333933,0.4372135805079522,0.413690151529138,20240305_P013T_A001,P013T_A001,20240305,40x,0.324,0.324,0.324,14,0.6932579243629645,"(82.52901897977893, 141.41220113357898, 268.04477957988377)",12.767828529187646,0,14
11,20809.0,22802.0,"(115.05555288577058, 131.68249315200154, 307.3281272526311)",0.9125953863696167,707.760369216,478.8721510977593,0.8020264733337872,25.6991023700516,18.524110803869345,10.778773602295383,0.5818780570047063,0.7208076973714218,0.4194221824205193,0.302322737537031,0.24405256457152524,20240305_P013T_A001,P013T_A001,20240305,40x,0.324,0.324,0.324,14,0.7577614182777248,"(82.52901897977893, 141.41220113357898, 268.04477957988377)",16.822509424700353,0,14
12,19659.0,22655.0,"(113.45109110331146, 98.1174016989674, 274.29111348491784)",0.8677554623703376,668.646311616,462.16411878227154,0.8001146119810063,22.556673761184484,19.366037019693845,11.470058182661885,0.5922769935324235,0.8585502111139681,0.5084995378352085,0.4365723855597735,0.30117257748166415,20240305_P013T_A001,P013T_A001,20240305,40x,0.324,0.324,0.324,14,0.7459639051714078,"(82.52901897977893, 141.41220113357898, 268.04477957988377)",17.35633522038364,0,14
13,17208.0,19398.0,"(125.70827522082752, 180.17073454207346, 271.3641329614133)",0.8871017630683575,585.2823505920001,419.0325633109371,0.8075076330140976,24.672179671244855,16.31337755503316,10.54395041698315,0.6463376686656792,0.6612053646012563,0.4273619338656165,0.28257400329831295,0.27622011601115876,20240305_P013T_A001,P013T_A001,20240305,40x,0.324,0.324,0.324,14,0.8360902589766729,"(82.52901897977893, 141.41220113357898, 268.04477957988377)",18.830199287720582,0,14
14,12522.0,14532.0,"(134.0654048873982, 136.9389873822073, 255.85673215141352)",0.8616845582163501,425.90106892800003,353.88980988986,0.7735502907735871,24.40277235170756,14.798628993250869,8.839263336197812,0.597302854219069,0.6064322848225623,0.3622237346151079,0.2196641669996013,0.2163572705514945,20240305_P013T_A001,P013T_A001,20240305,40x,0.324,0.324,0.324,14,0.8975397418191042,"(82.52901897977893, 141.41220113357898, 268.04477957988377)",17.219486579924514,0,14
1,2469.0,3849.0,"(45.01984609153504, 125.24868367760227, 123.63791008505468)",0.6414653156664069,83.976181056,143.45601271277877,0.6464517505736228,11.764602257532447,9.43284898627607,6.6855481170930915,0.7087517384005564,0.8017992261690412,0.5682765953955289,0.4556437344381123,0.4027670248789307,20240305_P013T_B007a,P013T_B007a,20240305,40x,0.324,0.324,0.324,36,0.060132307276900235,"(120.23134780555442, 97.35031989977121, 95.67896165731155)",27.52435109720701,1,36
2,10124.0,12355.0,"(56.53279336230739, 93.36141841169498, 127.116851047017)",0.8194253338729259,344.339755776,331.1056534389302,0.717533705394162,17.95906054158836,14.349045538692636,10.437407071969316,0.7273938216883159,0.7989864227844269,0.5811777875462407,0.4643531614733385,0.4227451319636202,20240305_P013T_B007a,P013T_B007a,20240305,40x,0.324,0.324,0.324,36,0.13688528908204925,"(120.23134780555442, 97.35031989977121, 95.67896165731155)",23.051314807861274,2,36
3,10177.0,12384.0,"(60.23779109757296, 77.4064066031247, 102.16694507222168)",0.8217861757105943,346.142403648,303.34626278701967,0.7859266443896272,16.963053369389833,13.658860796880827,11.301454350883715,0.8274082677132594,0.8052123930429007,0.6662393912688747,0.536464214583056,0.5512519806121159,20240305_P013T_B007a,P013T_B007a,20240305,40x,0.324,0.324,0.324,36,0.16158527398381972,"(120.23134780555442, 97.35031989977121, 95.67896165731155)",20.59141834887512,1,36
4,13820.0,15171.0,"(66.46092619392185, 82.29667149059334, 65.44674384949349)",0.9109485202030189,470.04893568,345.5668980642532,0.8460201474767134,19.078333818402182,14.10847562445496,12.625651579561291,0.894898351575034,0.7395025036644709,0.6617795715149455,0.48938765000930295,0.5922254476547572,20240305_P013T_B007a,P013T_B007a,20240305,40x,0.324,0.324,0.324,36,0.20307284129281236,"(120.23134780555442, 97.35031989977121, 95.67896165731155)",20.572998801095448,0,36
5,6834.0,9096.0,"(62.40664325431665, 118.26807140766755, 73.60081943225052)",0.7513192612137203,232.439538816,266.35536512572685,0.6863769314074365,16.303283432344056,11.177188297199237,9.891782212250682,0.8849973668896094,0.6855789720876,0.606735585092411,0.4159651587566237,0.5369593952050103,20240305_P013T_B007a,P013T_B007a,20240305,40x,0.324,0.324,0.324,36,0.176044288362111,"(120.23134780555442, 97.35031989977121, 95.67896165731155)",21.16861667604446,1,36
6,13870.0,15434.0,"(72.85306416726749, 131.17591925018024, 145.38695025234318)",0.8986652844369574,471.74954688,363.4375723529739,0.8063593561531428,21.133442254700956,17.00942396291481,9.54426519148643,0.561116308952939,0.8048581843845721,0.4516190536524351,0.3634892915561776,0.2534108164382737,20240305_P013T_B007a,P013T_B007a,20240305,40x,0.324,0.324,0.324,36,0.24568709444844988,"(120.23134780555442, 97.35031989977121, 95.67896165731155)",24.80189221309064,0,36
7,20893.0,22933.0,"(78.24098980519791, 141.0605465945532, 106.14071698655052)",0.911045218680504,710.617396032,452.93550887609024,0.8502336938313747,21.129142739641903,16.42601023936298,14.820883096660783,0.9022813745205331,0.777410160069815,0.7014427077940204,0.5453086877459539,0.6328986905357935,20240305_P013T_B007a,P013T_B007a,20240305,40x,0.324,0.324,0.324,36,0.28160659870131943,"(120.23134780555442, 97.35031989977121, 95.67896165731155)",19.92856129845368,1,36
8,18156.0,19836.0,"(84.59082397003745, 106.80469266358229, 49.23623044723507)",0.9153055051421658,617.525938944,422.1043832750396,0.830808757153256,21.52470020944328,17.55464732500098,11.986974411226065,0.6828376662488944,0.8155582727837218,0.5568939076776158,0.45417943346933376,0.38026813626681044,20240305_P013T_B007a,P013T_B007a,20240305,40x,0.324,0.324,0.324,36,0.32393882646691635,"(120.23134780555442, 97.35031989977121, 95.67896165731155)",19.213389552392556,0,36
9,22110.0,24315.0,"(84.97883310719132, 57.34360018091361, 90.13568521031208)",0.9093152375077113,752.01027264,475.4633886066724,0.8411037296016012,23.319644590230755,15.550031826159067,15.04631266639746,0.9676065512024082,0.6668211329718724,0.6452204967437959,0.43024666265537226,0.624319579619369,20240305_P013T_B007a,P013T_B007a,20240305,40x,0.324,0.324,0.324,36,0.3265255540479421,"(120.23134780555442, 97.35031989977121, 95.67896165731155)",17.369559102521592,0,36
10,1086.0,2078.0,"(77.18232044198895, 75.902394106814, 133.42081031307552)",0.5226179018286814,36.937275264,90.70724299417654,0.5913147714505727,13.026875455634036,6.774463178023984,5.241620580693656,0.7737322416479003,0.5200374564949167,0.4023697469546844,0.20924733977681734,0.3113264462825464,20240305_P013T_B007a,P013T_B007a,20240305,40x,0.324,0.324,0.324,36,0.274548802946593,"(120.23134780555442, 97.35031989977121, 95.67896165731155)",19.8082466300017,4,36
11,2650.0,3406.0,"(86.35018867924528, 64.82679245283019, 138.65169811320754)",0.7780387551379918,90.1323936,128.97503812682376,0.7537588007648289,13.107588231211404,8.412410532190112,6.546200726363989,0.7781599223331926,0.641796979261122,0.49942068753551233,0.32052668864080447,0.38862916342422393,20240305_P013T_B007a,P013T_B007a,20240305,40x,0.324,0.324,0.324,36,0.3356679245283019,"(120.23134780555442, 97.35031989977121, 95.67896165731155)",20.625262990584734,3,36
12,3651.0,4522.0,"(94.81347576006574, 83.14954806902219, 124.44645302656807)",0.8073861123396727,124.178629824,164.41475923806343,0.73210701123998,16.584924994090127,9.529326358584248,6.298076041165841,0.6609151375629382,0.5745775975459598,0.3797470319226706,0.21819413727733705,0.25098056184228934,20240305_P013T_B007a,P013T_B007a,20240305,40x,0.324,0.324,0.324,36,0.39208983840043826,"(120.23134780555442, 97.35031989977121, 95.67896165731155)",13.261453777326526,5,36
13,23676.0,26328.0,"(99.07083122149011, 142.4601284000676, 77.38051191079575)",0.8992707383773929,805.2734154240001,502.75181880806946,0.8325801428258675,24.600174831597293,18.014985462129168,13.062950996744863,0.7251158222806009,0.732311277682064,0.5310104942817874,0.38886497353008004,0.3850441112007666,20240305_P013T_B007a,P013T_B007a,20240305,40x,0.324,0.324,0.324,36,0.42047220814326747,"(120.23134780555442, 97.35031989977121, 95.67896165731155)",17.19794792014518,1,36
14,19019.0,21525.0,"(99.04784688995215, 60.42068457857931, 56.86802671013197)",0.8835772357723577,646.878488256,446.7605633455806,0.8096384049851337,23.72272475002741,16.490802010440262,12.29531246984673,0.7455860825969904,0.6951478881202805,0.5182925907291709,0.36028999987377197,0.3864317423608078,20240305_P013T_B007a,P013T_B007a,20240305,40x,0.324,0.324,0.324,36,0.4203189792663477,"(120.23134780555442, 97.35031989977121, 95.67896165731155)",18.665401673368684,2,36
15,8190.0,17501.0,"(107.45921855921856, 101.3921855921856, 142.2913308913309)",0.4679732586709331,278.56011456,438.3770217254366,0.470524560394868,22.51555498501522,21.38557841295901,7.534245543207141,0.35230496915816956,0.9498135145765563,0.3346240209589063,0.31783041740871804,0.11788970538351018,20240305_P013T_B007a,P013T_B007a,20240305,40x,0.324,0.324,0.324,36,0.4763947903947904,"(120.23134780555442, 97.35031989977121, 95.67896165731155)",15.71375592713145,1,36
16,10572.0,12413.0,"(109.63668180098374, 145.0687665531593, 150.4474082482028)",0.8516877467171514,359.577232128,312.65415305572776,0.7821343851974997,21.492587408548527,14.007450345896844,8.981659580306708,0.6412058839057513,0.6517340178561041,0.41789568699086993,0.2723568351272965,0.26795717335738195,20240305_P013T_B007a,P013T_B007a,20240305,40x,0.324,0.324,0.324,36,0.49091121200655824,"(120.23134780555442, 97.35031989977121, 95.67896165731155)",23.78451282161394,2,36
17,9033.0,11586.0,"(107.58075943761763, 162.710838038304, 124.71128085907229)",0.7796478508544795,307.232419392,297.1546583462855,0.7409910154800778,19.90781424523597,13.852106006820087,9.322371932971002,0.6729931122661876,0.6958125003670335,0.46827702017572764,0.32583300427289685,0.3151472092107993,20240305_P013T_B007a,P013T_B007a,20240305,40x,0.324,0.324,0.324,36,0.47720506291745085,"(120.23134780555442, 97.35031989977121, 95.67896165731155)",23.53165912327581,1,36
18,1220.0,1797.0,"(100.8844262295082, 67.19590163934426, 132.31803278688525)",0.6789092932665554,41.49491328,81.97521218898683,0.7070739151321827,9.282293119802057,7.37562143851133,5.5849116613589445,0.7572123526022756,0.7945904469205788,0.601673701668025,0.478084175508755,0.45559475913896497,20240305_P013T_B007a,P013T_B007a,20240305,40x,0.324,0.324,0.324,36,0.43256284153005464,"(120.23134780555442, 97.35031989977121, 95.67896165731155)",16.60326563488471,4,36
19,1137.0,1727.0,"(101.5065963060686, 109.47669305189095, 129.93315743183817)",0.65836711059641,38.671898688,108.19116585353922,0.5111589711247407,8.460149378836812,7.742438020785342,5.552667977237514,0.7171730612929449,0.915165640000774,0.6563321436294723,0.6006526262777461,0.4707037326717095,20240305_P013T_B007a,P013T_B007a,20240305,40x,0.324,0.324,0.324,36,0.43671064204045734,"(120.23134780555442, 97.35031989977121, 95.67896165731155)",13.244488996164305,2,36
20,15278.0,17354.0,"(116.86136928917398, 100.50988349260375, 39.52120696426234)",0.880373400945027,519.638758272,397.0801858418799,0.7871791798517548,23.837707673815203,15.45561404317703,10.701636066852545,0.6924109282851071,0.6483683017958318,0.44893729771709034,0.29107671333363966,0.3108490910540981,20240305_P013T_B007a,P013T_B007a,20240305,40x,0.324,0.324,0.324,36,0.5390757952611599,"(120.23134780555442, 97.35031989977121, 95.67896165731155)",18.256567727844065,2,36
21,20801.0,23792.0,"(124.2664294985818, 51.88745733378203, 128.51771549444737)",0.8742854741089442,707.488271424,465.2626874668223,0.8252750760794313,22.835244605011514,17.82770228573219,13.078471783046577,0.7336038920457797,0.7807099330050378,0.5727318454112956,0.4471374406609042,0.4201583108922883,20240305_P013T_B007a,P013T_B007a,20240305,40x,0.324,0.324,0.324,36,0.5884428633238786,"(120.23134780555442, 97.35031989977121, 95.67896165731155)",18.2177265789776,0,36
22,20134.0,21443.0,"(125.64790900963544, 46.71863514453164, 95.11890334757128)",0.9389544373455206,684.802118016,434.9878778206811,0.8637413281610087,23.204583686482405,15.07641933296923,14.092430817733906,0.934733274957169,0.649717294508147,0.6073123744919117,0.39458135287620333,0.5676750847308392,20240305_P013T_B007a,P013T_B007a,20240305,40x,0.324,0.324,0.324,36,0.597652726730903,"(120.23134780555442, 97.35031989977121, 95.67896165731155)",16.499269510970773,1,36
23,11015.0,12893.0,"(126.20753517930095, 135.4082614616432, 57.575034044484795)",0.8543395641045528,374.64464736,331.19673559521505,0.7588298942482863,20.89773550643787,16.109497688357685,8.851138915511857,0.5494360585748471,0.7708728863658413,0.4235453603470638,0.32649963443760144,0.23271109341675408,20240305_P013T_B007a,P013T_B007a,20240305,40x,0.324,0.324,0.324,36,0.6013835678620063,"(120.23134780555442, 97.35031989977121, 95.67896165731155)",17.55599024571934,3,36
24,16845.0,19052.0,"(129.07497773820126, 51.66939744731374, 52.90127634312852)",0.8841591433970187,572.93591328,420.26760841549526,0.7937716245225418,23.67969728774284,17.28534986263151,10.50153911750381,0.6075398647386744,0.729964984458598,0.4434828279219452,0.3237269355916979,0.26943349728962335,20240305_P013T_B007a,P013T_B007a,20240305,40x,0.324,0.324,0.324,36,0.6204998515880082,"(120.23134780555442, 97.35031989977121, 95.67896165731155)",20.478457939650546,1,36
25,12777.0,14998.0,"(136.77201220943883, 142.12459888862801, 130.08366596227597)",0.8519135884784638,434.574186048,365.6618820225042,0.7587762308848793,22.04071104278728,16.839842552717958,8.83367686522659,0.524570039035242,0.7640335432022606,0.40078910558184416,0.3062163204145613,0.21024195675996776,20240305_P013T_B007a,P013T_B007a,20240305,40x,0.324,0.324,0.324,36,0.6718134147295923,"(120.23134780555442, 97.35031989977121, 95.67896165731155)",19.063795788930282,1,36
26,18379.0,20439.0,"(139.40421132814626, 86.55938843245008, 147.26263670493498)",0.8992122902294633,625.110664896,434.4771891791544,0.813745156447095,25.307532778930835,14.14842174471648,12.960989239179561,0.9160731474533301,0.5590597024335537,0.5121395812226277,0.2863166018827671,0.46915731810604294,20240305_P013T_B007a,P013T_B007a,20240305,40x,0.324,0.324,0.324,36,0.6893614088543084,"(120.23134780555442, 97.35031989977121, 95.67896165731155)",18.16978142420695,2,36
27,14007.0,15386.0,"(152.55329478118082, 97.71028771328622, 36.44277861069465)",0.9103730664240218,476.409221568,375.57807064677195,0.7854237038996014,22.800322193748812,16.809046999995548,9.052655531158132,0.5385585233452277,0.737228485508161,0.3970406845233138,0.2927097025362461,0.2138296447648543,20240305_P013T_B007a,P013T_B007a,20240305,40x,0.324,0.324,0.324,36,0.7770219652078723,"(120.23134780555442, 97.35031989977121, 95.67896165731155)",21.864030901540946,2,36
28,17962.0,19989.0,"(152.2256430241621, 124.02009798463423, 134.00072375013917)",0.8985942268247537,610.927567488,445.7679112308973,0.7810913059407856,25.534188418344208,18.01549289207378,9.801831425951107,0.544077893659162,0.7055439787986814,0.383870881868691,0.2708377893385948,0.20885566084420243,20240305_P013T_B007a,P013T_B007a,20240305,40x,0.324,0.324,0.324,36,0.7748376201610808,"(120.23134780555442, 97.35031989977121, 95.67896165731155)",18.33814079682448,2,36
29,6476.0,7943.0,"(149.05574428659668, 73.46324891908586, 57.28736874613959)",0.815309077174871,220.26316262400002,237.37462108325008,0.7430381067224893,16.537022622849292,15.06867009049341,6.772612834802723,0.44944993779347914,0.9112081681301535,0.4095424544830076,0.3731784297209881,0.18406883069117652,20240305_P013T_B007a,P013T_B007a,20240305,40x,0.324,0.324,0.324,36,0.7537049619106444,"(120.23134780555442, 97.35031989977121, 95.67896165731155)",17.37362925284625,3,36
30,14044.0,15722.0,"(154.798134434634, 127.35061236115067, 55.679863286812875)",0.893270576262562,477.667673856,365.32458235625273,0.8088893714399353,21.288698109080975,15.17010853092477,10.826154575327033,0.7136504365316542,0.712589771962324,0.5085400018289044,0.3623804039369788,0.3629197942990058,20240305_P013T_B007a,P013T_B007a,20240305,40x,0.324,0.324,0.324,36,0.79198756289756,"(120.23134780555442, 97.35031989977121, 95.67896165731155)",19.69431849526167,1,36
31,12318.0,14108.0,"(160.1508361747037, 143.09831141419062, 96.71042377009255)",0.8731216331159626,418.962575232,354.56158661661976,0.7636762116069863,20.853745879047874,18.337044772531005,8.30162671325718,0.45272435205552114,0.8793165927544249,0.3980880347064155,0.35004541429435054,0.1802241475735178,20240305_P013T_B007a,P013T_B007a,20240305,40x,0.324,0.324,0.324,36,0.8276722411646912,"(120.23134780555442, 97.35031989977121, 95.67896165731155)",19.674853496402815,1,36
32,16928.0,18594.0,"(163.1712547258979, 52.959357277882795, 79.96349243856332)",0.9104012046896849,575.758927872,403.36360887534954,0.829751152891472,24.164690886356244,14.122058590109557,12.470594654600644,0.8830578470574026,0.5844088242851511,0.5160667981745934,0.30159399077381643,0.45571683573386357,20240305_P013T_B007a,P013T_B007a,20240305,40x,0.324,0.324,0.324,36,0.8478083648393195,"(120.23134780555442, 97.35031989977121, 95.67896165731155)",20.648154566635373,0,36
33,22177.0,24143.0,"(164.23524372097216, 63.55350137529873, 110.72674392388511)",0.9185685291803007,754.2890916480001,467.7373591056119,0.8567233753942425,22.432985797070707,17.03647924127692,14.322152851278489,0.8406756260165533,0.759438774463163,0.6384416671430636,0.4848573572613468,0.5367223482005469,20240305_P013T_B007a,P013T_B007a,20240305,40x,0.324,0.324,0.324,36,0.8549016248064811,"(120.23134780555442, 97.35031989977121, 95.67896165731155)",18.62648792946242,1,36
34,19982.0,23727.0,"(164.99904914422982, 95.26558903012712, 130.62991692523272)",0.8421629367387364,679.632259968,464.977428289351,0.8039608675586495,22.270300953755388,16.00109924048949,15.223487876848607,0.9514026285348446,0.7184949711149397,0.6835780041078208,0.49114735831625683,0.6503579099167835,20240305_P013T_B007a,P013T_B007a,20240305,40x,0.324,0.324,0.324,36,0.8599936609615321,"(120.23134780555442, 97.35031989977121, 95.67896165731155)",18.414098859574658,0,36
35,5862.0,7618.0,"(163.95667007847152, 94.25997952917093, 72.55612418969635)",0.7694933053294828,199.37965708800002,232.14234527314258,0.7109684353955215,15.718390326033951,12.842762187148223,8.447963126128363,0.6577995452241774,0.8170532682266516,0.5374572682634192,0.43913121756679485,0.3535391466411058,20240305_P013T_B007a,P013T_B007a,20240305,40x,0.324,0.324,0.324,36,0.8530444671898101,"(120.23134780555442, 97.35031989977121, 95.67896165731155)",16.05719818810904,1,36
36,20067.0,21763.0,"(174.27358349529078, 117.31310111127722, 96.9389545024169)",0.922069567614759,682.523299008,439.61015157341797,0.852762444768372,20.350178101728833,17.74905298696766,13.95559937636717,0.7862729006789346,0.8721817026977176,0.6857728372992266,0.5981185208994843,0.5392045979900859,20240305_P013T_B007a,P013T_B007a,20240305,40x,0.324,0.324,0.324,36,0.9218238899686052,"(120.23134780555442, 97.35031989977121, 95.67896165731155)",18.67056417863393,0,36
1,17283.0,18611.0,"(39.1522305155355, 232.5864722559741, 147.80061331944685)",0.928644350115523,587.833267392,393.9016499285717,0.861520795427611,21.61777872477035,14.62462129487526,13.380820816538051,0.9149516111727926,0.6765089735199249,0.6189729752949074,0.41874077215333155,0.5663303210184927,20240305_P013T_A003,P013T_A003,20240305,40x,0.324,0.324,0.324,8,0.19757088740721074,"(69.48270804565419, 224.9545252416505, 131.7441274447851)",11.390778477692013,0,8
2,17985.0,19699.0,"(43.43792048929664, 216.1596886294134, 111.12388101195441)",0.9129905071323418,611.70984864,431.6547694111976,0.8073178640085882,25.10088502889482,15.256383595939587,11.79684782138893,0.7732401159950254,0.6078026164566405,0.46997736565101267,0.2856534725180847,0.36340535273102553,20240305_P013T_A003,P013T_A003,20240305,40x,0.324,0.324,0.324,8,0.23958745577741802,"(69.48270804565419, 224.9545252416505, 131.7441274447851)",11.13388969122224,0,8
3,14135.0,15545.0,"(50.01082419525999, 207.8569508312699, 136.7027944817828)",0.9092955934384046,480.76278624,350.51642157116794,0.846700177457525,18.691653172267614,17.142568382113932,10.934337430003849,0.6378470942202817,0.9171242492102291,0.5849850373977021,0.5365039632225853,0.3731310062664672,20240305_P013T_A003,P013T_A003,20240305,40x,0.324,0.324,0.324,8,0.3040276881888235,"(69.48270804565419, 224.9545252416505, 131.7441274447851)",8.548134989394962,0,8
4,12617.0,13517.0,"(56.64349686930332, 236.39724181659665, 107.41174605690735)",0.9334171783679811,429.132230208,317.52357959311473,0.8665006609870054,20.485033560928294,12.73773847490862,11.702821563730591,0.9187519108500575,0.6218070591401755,0.571286423765091,0.35522993108807926,0.524870493476873,20240305_P013T_A003,P013T_A003,20240305,40x,0.324,0.324,0.324,8,0.36905389087552276,"(69.48270804565419, 224.9545252416505, 131.7441274447851)",9.654144714833581,0,8
5,18371.0,19996.0,"(82.7029013118502, 225.9479614609983, 158.058842741277)",0.9187337467493498,624.838567104,436.26693422523005,0.8101716556516898,24.395453518855863,17.431939033027753,10.785909337404053,0.6187440947887854,0.7145568750978196,0.4421278468575036,0.3159254926442251,0.27356399438476087,20240305_P013T_A003,P013T_A003,20240305,40x,0.324,0.324,0.324,8,0.624538248155394,"(69.48270804565419, 224.9545252416505, 131.7441274447851)",9.546871351733822,0,8
6,15713.0,16869.0,"(82.2226818557882, 243.5893845860116, 128.6851651498759)",0.9314719307605667,534.434075712,363.423009054496,0.8763302405449365,19.32471027825562,15.54653872565876,12.737120435894726,0.8192897892360288,0.804490132157474,0.6591105508177619,0.5302479341337668,0.540002544262727,20240305_P013T_A003,P013T_A003,20240305,40x,0.324,0.324,0.324,8,0.6198302142724333,"(69.48270804565419, 224.9545252416505, 131.7441274447851)",7.380675665264967,0,8
7,14266.0,15731.0,"(90.84038973783822, 205.6767839618674, 119.64131501472032)",0.9068717818320514,485.218387584,354.5922436751797,0.8421311391386883,18.77645672271256,17.00473912312712,11.33853803337371,0.6667869439968561,0.9056415368591713,0.6038699527189428,0.5468897120434586,0.40265260034498995,20240305_P013T_A003,P013T_A003,20240305,40x,0.324,0.324,0.324,8,0.7043175464493944,"(69.48270804565419, 224.9545252416505, 131.7441274447851)",10.113056509715989,0,8
8,17811.0,20051.0,"(107.77951827522318, 229.86890124080625, 135.53719611476055)",0.8882848735723904,605.791721664,416.2454645928508,0.8317960101359763,23.60755358413613,15.878344880791005,12.018137669567412,0.7568885648847747,0.6725959479113913,0.5090801817619677,0.34240526741509403,0.3853169681850959,20240305_P013T_A003,P013T_A003,20240305,40x,0.324,0.324,0.324,8,0.8703874340708155,"(69.48270804565419, 224.9545252416505, 131.7441274447851)",12.570131652935075,0,8
1,11603.0,12803.0,"(58.73929156252693, 75.86434542790657, 69.0367146427648)",0.9062719675076154,394.643835072,310.2478008124583,0.8386465435161042,18.442173338221615,13.697332209842491,11.346011204366985,0.8283373017859699,0.7427178976490051,0.615220939326725,0.45693560264639127,0.5096104528841292,20240305_P013T_A006a,P013T_A006a,20240305,40x,0.324,0.324,0.324,18,0.11405283740961546,"(110.98674891820265, 73.25573090571518, 80.66399523859434)",17.362879540072235,0,18
2,7418.0,9287.0,"(55.29253167969803, 67.78336478835266, 112.53504987867349)",0.798750942177237,252.302677632,273.02672448603505,0.7072292356369129,18.298252275746336,11.643197832825416,9.29703361685205,0.79849485943124,0.6363010880693808,0.5080831478739053,0.323293859821882,0.4057017817409559,20240305_P013T_A006a,P013T_A006a,20240305,40x,0.324,0.324,0.324,18,0.08907631651955095,"(110.98674891820265, 73.25573090571518, 80.66399523859434)",20.86609492074069,0,18
3,15326.0,16819.0,"(82.65979381443299, 117.09187002479446, 74.66044630040454)",0.9112313455021107,521.271345024,414.59558658128077,0.7555015349793082,26.9441431962098,15.514718271068187,8.969065439989267,0.5781004387759178,0.5758104148307311,0.3328762534653889,0.19167361359520518,0.19243590818642492,20240305_P013T_A006a,P013T_A006a,20240305,40x,0.324,0.324,0.324,18,0.2873898102495144,"(110.98674891820265, 73.25573090571518, 80.66399523859434)",17.02177125395976,0,18
4,19545.0,21407.0,"(82.88805321053978, 92.84625223842414, 48.56745970836531)",0.9130191058999393,664.76891808,446.0277863294349,0.8258528651171222,22.581215500149217,18.52121731434771,11.651549315414956,0.629091982328231,0.820204621590247,0.5159841513109851,0.42321258557259134,0.3246014925981775,20240305_P013T_A006a,P013T_A006a,20240305,40x,0.324,0.324,0.324,18,0.28904386384449116,"(110.98674891820265, 73.25573090571518, 80.66399523859434)",15.209074980109166,0,18
5,17174.0,18667.0,"(94.73803423780133, 72.28613019680913, 133.76895306859205)",0.9200192853699041,584.125934976,419.7286866263745,0.8051061267564218,27.527967311863254,14.18117638054164,10.833171463569148,0.7639120460016013,0.515155231764251,0.3935332871054581,0.20273073172575978,0.3006248185224661,20240305_P013T_A006a,P013T_A006a,20240305,40x,0.324,0.324,0.324,18,0.3749132915782705,"(110.98674891820265, 73.25573090571518, 80.66399523859434)",17.996143606536418,0,18
6,21146.0,22693.0,"(88.60219426841955, 101.0087959897853, 115.81429111888774)",0.9318291984312344,719.222488704,448.53665706247176,0.8654892703563106,21.274438953412403,18.215216029519087,13.16379313526627,0.7226811427288802,0.8562019458848,0.6187610006587181,0.5297843728016204,0.4471669070321077,20240305_P013T_A006a,P013T_A006a,20240305,40x,0.324,0.324,0.324,18,0.33045068310448955,"(110.98674891820265, 73.25573090571518, 80.66399523859434)",16.22216008038661,0,18
7,10208.0,11368.0,"(91.45993338557994, 45.16300940438872, 120.10266457680251)",0.8979591836734694,347.19678259200003,290.7938909511646,0.8215159010350402,17.220648190609804,14.988395348504723,9.774627812371254,0.6521463829245999,0.8703734715791767,0.5676109112838872,0.49403347936037695,0.37016540270232295,20240305_P013T_A006a,P013T_A006a,20240305,40x,0.324,0.324,0.324,18,0.3511589375766662,"(110.98674891820265, 73.25573090571518, 80.66399523859434)",16.916108465463427,0,18
8,15747.0,17022.0,"(96.7915158442878, 32.35346415190195, 78.45926208166635)",0.9250969333803314,535.590491328,375.50272497615276,0.8493622149986783,20.321955397762363,16.343002288516427,11.64227420560076,0.7123705914048192,0.8042042199500125,0.5728914357760416,0.46072171022431435,0.4081110109145347,20240305_P013T_A006a,P013T_A006a,20240305,40x,0.324,0.324,0.324,18,0.3897935930745493,"(110.98674891820265, 73.25573090571518, 80.66399523859434)",14.045917254106637,0,18
9,9481.0,10711.0,"(92.67482333087227, 57.89842843581901, 44.226241957599406)",0.8851647838670526,322.469895744,280.6596831938557,0.8102708440266956,17.717036861666195,12.45724281485475,10.551027429940026,0.8469793506279223,0.70312224962449,0.5955300263989944,0.4187304118805929,0.5044016350388497,20240305_P013T_A006a,P013T_A006a,20240305,40x,0.324,0.324,0.324,18,0.3599624879048715,"(110.98674891820265, 73.25573090571518, 80.66399523859434)",14.118681422721089,1,18
10,12570.0,14418.0,"(116.13285600636436, 111.08782816229117, 79.0980906921241)",0.8718268830628381,427.53365568,343.740572936778,0.7984239089855584,18.831389651762812,13.559891960018456,12.178801996183967,0.8981488961780335,0.7200685775597613,0.6467287981077863,0.4656890857204077,0.5808587561470545,20240305_P013T_A006a,P013T_A006a,20240305,40x,0.324,0.324,0.324,18,0.5299482319301766,"(110.98674891820265, 73.25573090571518, 80.66399523859434)",12.380879259772726,2,18
11,14457.0,15602.0,"(124.06647298886352, 97.34938092273639, 54.38016185930691)",0.9266119728239969,491.714722368,350.3335860345555,0.8599591551014111,20.68454838498514,13.982985155154392,12.272206639778977,0.8776528404777152,0.6760111410169635,0.5933030981081192,0.4010795043209691,0.5207141493188194,20240305_P013T_A006a,P013T_A006a,20240305,40x,0.324,0.324,0.324,18,0.5874382100642285,"(110.98674891820265, 73.25573090571518, 80.66399523859434)",12.305275376790009,2,18
12,19454.0,20812.0,"(127.27115246221857, 45.9537884239745, 41.91389945512491)",0.9347491831635595,661.673805696,427.221476245843,0.859528621546577,22.74547969233057,15.86636361111774,13.179911061113522,0.8306825296678698,0.697561178121367,0.5794518840399566,0.4042031388955578,0.4813405568551243,20240305_P013T_A006a,P013T_A006a,20240305,40x,0.324,0.324,0.324,18,0.6106605250885403,"(110.98674891820265, 73.25573090571518, 80.66399523859434)",16.23931112789165,0,18
13,14079.0,15094.0,"(125.01100930463811, 74.77498401875133, 37.0508558846509)",0.9327547369815821,478.858101696,336.94664333260795,0.8784712442007134,17.2894524643808,15.451846226246944,12.84227948761396,0.8311161850549418,0.8937151860696783,0.7427811559718984,0.6638347990184759,0.617337440682064,20240305_P013T_A006a,P013T_A006a,20240305,40x,0.324,0.324,0.324,18,0.594282676120566,"(110.98674891820265, 73.25573090571518, 80.66399523859434)",14.851411945859345,1,18
14,13617.0,14830.0,"(133.53726958948374, 26.489167951824925, 91.31526768010575)",0.9182063385030343,463.144454208,350.55026503838644,0.8258061954101621,19.893382934207068,17.164144209277026,9.812930691182718,0.571711037354192,0.8628067064331697,0.49327611717106135,0.42560194201850576,0.28201140064991553,20240305_P013T_A006a,P013T_A006a,20240305,40x,0.324,0.324,0.324,18,0.6560671709382879,"(110.98674891820265, 73.25573090571518, 80.66399523859434)",17.172265915406676,0,18
15,20318.0,26946.0,"(134.8953144994586, 92.24229747022345, 91.37459395609804)",0.7540265716618422,691.060367232,556.3481033578527,0.679435399402712,25.65320598407802,18.594818320963327,12.141648041096973,0.6529586808282384,0.7248535848698378,0.4732994405702288,0.34307279621421904,0.3090449783514798,20240305_P013T_A006a,P013T_A006a,20240305,40x,0.324,0.324,0.324,18,0.6659080760830334,"(110.98674891820265, 73.25573090571518, 80.66399523859434)",10.482920451011063,1,18
16,17502.0,18729.0,"(136.30625071420408, 60.02114044109245, 115.36361558679008)",0.9344866250200224,595.281944448,397.01833470836425,0.8619631531659698,20.23555086431641,17.554160726698967,12.0447531214488,0.6861480482589724,0.8674911221544339,0.5952273403482506,0.5163544334157031,0.4084140778503312,20240305_P013T_A006a,P013T_A006a,20240305,40x,0.324,0.324,0.324,18,0.6761322515522036,"(110.98674891820265, 73.25573090571518, 80.66399523859434)",14.563052900530792,0,18
17,10379.0,11333.0,"(153.37383177570092, 40.449272569611715, 57.73841410540515)",0.9158210535603989,353.01287289600003,293.5923793952386,0.8227471265719396,18.826741924769028,15.28015570100502,8.848386909802553,0.5790770122336233,0.8116197567302916,0.46999034379715743,0.38145344849823504,0.2721606040647114,20240305_P013T_A006a,P013T_A006a,20240305,40x,0.324,0.324,0.324,18,0.7998103751862387,"(110.98674891820265, 73.25573090571518, 80.66399523859434)",18.88814619817715,1,18
18,17124.0,18413.0,"(163.98983882270497, 71.55612006540528, 79.24077318383556)",0.9299951121490252,582.425323776,385.284102530099,0.8753798280886735,19.686979282725666,16.069717194363783,13.168332226489982,0.8194501538028672,0.8162611929227838,0.6688853600838871,0.5459851619506595,0.5481182111972275,20240305_P013T_A006a,P013T_A006a,20240305,40x,0.324,0.324,0.324,18,0.8767379624833694,"(110.98674891820265, 73.25573090571518, 80.66399523859434)",17.188014569159343,0,18
1,9851.0,12638.0,"(45.11805908029642, 173.55821743985382, 103.59689371637397)",0.7794746004114576,335.054418624,345.10493908037716,0.6759945315451613,18.404370928362216,14.382884218151334,10.02578642406793,0.6970636954314972,0.781492846136157,0.5447502912809481,0.4257184555666486,0.37972565112768214,20240305_P013T_B005,P013T_B005,20240305,40x,0.324,0.324,0.324,13,0.08954034584333112,"(99.50416895959444, 162.43882468691115, 96.44460286490903)",18.134292177988367,0,13
2,10107.0,11085.0,"(73.41495992876224, 151.7239536954586, 94.99624022954389)",0.9117726657645466,343.761547968,275.6102594896792,0.8610471667556203,17.54094899295065,12.663415972042648,11.072254062469586,0.8743497083973304,0.7219344846810636,0.631223206162865,0.4557018000599166,0.5519098262421289,20240305_P013T_B005,P013T_B005,20240305,40x,0.324,0.324,0.324,13,0.33995539759966587,"(99.50416895959444, 162.43882468691115, 96.44460286490903)",9.150078043045928,0,13
3,14176.0,16025.0,"(81.0596783295711, 175.56137133182844, 83.08867099322799)",0.8846177847113884,482.157287424,373.6587521274979,0.7957954569304115,21.228929793074215,15.891481532575925,10.535435784882232,0.6629612074422172,0.7485766681352164,0.496277291769995,0.3715016015443515,0.3290125925779894,20240305_P013T_B005,P013T_B005,20240305,40x,0.324,0.324,0.324,13,0.4076077728280629,"(99.50416895959444, 162.43882468691115, 96.44460286490903)",8.515601345407413,0,13
4,6585.0,7395.0,"(77.41321184510251, 171.27593014426728, 113.58663629460897)",0.8904665314401623,223.97049504,210.82252908819407,0.8459817198526848,14.908619657100303,12.538608001601517,8.779902495040693,0.7002294428471856,0.8410307788373919,0.5889145136826414,0.4952952321111557,0.4123752818006172,20240305_P013T_B005,P013T_B005,20240305,40x,0.324,0.324,0.324,13,0.3753381579212611,"(99.50416895959444, 162.43882468691115, 96.44460286490903)",9.501291736773908,0,13
5,16449.0,19205.0,"(91.00936227126269, 148.2185543194115, 73.67371876709831)",0.8564957042436866,559.467072576,429.94101944437716,0.7637037622458694,23.840539211207293,15.57890008159938,11.526062431841058,0.7398508477151589,0.6534625724520456,0.48346483817877434,0.31592617684641383,0.35769187036703826,20240305_P013T_B005,P013T_B005,20240305,40x,0.324,0.324,0.324,13,0.49565807319701494,"(99.50416895959444, 162.43882468691115, 96.44460286490903)",9.123295722403517,0,13
6,11288.0,12329.0,"(112.62712615166548, 161.21686746987953, 126.33708362863217)",0.9155649282180226,383.92998451200003,300.205721107892,0.8509417803844457,18.645753690265224,13.848476802054579,10.573041453635192,0.76348046104728,0.74271477742864,0.567048220697846,0.42115509302690707,0.4329302369744313,20240305_P013T_B005,P013T_B005,20240305,40x,0.324,0.324,0.324,13,0.6869657181563317,"(99.50416895959444, 162.43882468691115, 96.44460286490903)",10.58476606698803,0,13
7,2565.0,3425.0,"(107.45575048732944, 163.03313840155946, 101.10214424951268)",0.7489051094890511,87.24135456,139.14225401425995,0.6836597683169869,12.080316109131358,9.659862889360417,5.96022294177355,0.617009062140858,0.7996365990835826,0.49338302805406664,0.39452712659871364,0.3044217994158563,20240305_P013T_B005,P013T_B005,20240305,40x,0.324,0.324,0.324,13,0.6412013317462782,"(99.50416895959444, 162.43882468691115, 96.44460286490903)",2.991935178905751,0,13
8,1823.0,3362.0,"(106.6023038946791, 196.24190894130555, 110.43280307185957)",0.5422367638310529,62.004284352,122.01757939756888,0.6208826425756822,15.990036844838606,7.153262356771066,5.5381874305982475,0.7742184131350871,0.44735746553830197,0.34635238707319854,0.15494332606420705,0.26815239550536124,20240305_P013T_B005,P013T_B005,20240305,40x,0.324,0.324,0.324,13,0.6336487070325584,"(99.50416895959444, 162.43882468691115, 96.44460286490903)",12.073953659659974,1,13
9,9663.0,11051.0,"(116.68622580978992, 150.41964193314706, 83.79550864120874)",0.8744005067414714,328.660120512,283.5023272358563,0.8123792766866975,17.493078688739153,13.37784529593103,10.406468163276333,0.7778882124194946,0.7647507642289845,0.5948906049325271,0.454943044754793,0.4627583892561153,20240305_P013T_B005,P013T_B005,20240305,40x,0.324,0.324,0.324,13,0.7228869540689373,"(99.50416895959444, 162.43882468691115, 96.44460286490903)",7.934252725678972,0,13
10,13754.0,15454.0,"(122.55372982405119, 143.7497455285735, 107.4067907517813)",0.8899961175100297,467.804128896,355.52949539776233,0.8196929285279811,18.54109916269125,14.516298296430696,12.843206401630296,0.8847439022927915,0.7829254441204146,0.6926885126354126,0.5423234613921899,0.6128519377424446,20240305_P013T_B005,P013T_B005,20240305,40x,0.324,0.324,0.324,13,0.7748117683544353,"(99.50416895959444, 162.43882468691115, 96.44460286490903)",10.249536565197046,0,13
11,7726.0,8937.0,"(121.96764172922599, 180.09487444990938, 82.95909914574165)",0.8644959158554325,262.778442624,242.82475665931173,0.8170544228614699,16.611157571425252,12.53684093419263,9.251770277673103,0.7379666318043553,0.7547240991656524,0.5569612014028528,0.42035204099898754,0.4110187818449704,20240305_P013T_B005,P013T_B005,20240305,40x,0.324,0.324,0.324,13,0.7696251480462477,"(99.50416895959444, 162.43882468691115, 96.44460286490903)",10.236567147707976,0,13
12,2228.0,3838.0,"(113.57854578096948, 195.97127468581687, 99.42953321364452)",0.5805106826472121,75.779235072,169.6395323549238,0.5104938753400052,15.31859954420244,9.288258652735605,5.641200366172911,0.6073474670638558,0.6063386294506856,0.3682582307798437,0.22328919093498473,0.2236607036895549,20240305_P013T_B005,P013T_B005,20240305,40x,0.324,0.324,0.324,13,0.6953853608935352,"(99.50416895959444, 162.43882468691115, 96.44460286490903)",11.822329331542349,1,13
13,13719.0,15943.0,"(134.25001822290255, 169.81296012828923, 102.95473431008091)",0.8605030420874364,466.613701056,372.2627149935297,0.7815190617555332,20.79266737824026,13.3238946043204,12.326295307553917,0.9251270498309855,0.6407977563409681,0.5928193378620346,0.37987730161753014,0.5484332051190622,20240305_P013T_B005,P013T_B005,20240305,40x,0.324,0.324,0.324,13,0.8783187453354208,"(99.50416895959444, 162.43882468691115, 96.44460286490903)",11.7000959148803,0,13
1,9135.0,10032.0,"(26.45462506841817, 63.9064039408867, 111.73563218390805)",0.9105861244019139,310.70166624,258.99683413882644,0.8565486939164348,15.85399819068458,13.834573850579291,10.219964910662853,0.7387263981560889,0.8726236551930571,0.6446301297465679,0.5625195000670247,0.4762052938905743,20241009_P013T_A001a,P013T_A001a,20241009,40x,0.324,0.324,0.324,17,0.08548227662998636,"(85.24164284259253, 79.10590883867297, 91.53495641423685)",20.73348304934206,0,17
2,22504.0,24647.0,"(39.835673658016354, 86.19458762886597, 82.56376644152151)",0.9130522984541729,765.411088896,495.0598264120686,0.8173779901528414,26.441257836451214,17.429903381294697,12.044324581843929,0.6910149940802067,0.6591934275254597,0.4555125424192167,0.3002708741181598,0.3147659968032749,20241009_P013T_A001a,P013T_A001a,20241009,40x,0.324,0.324,0.324,17,0.1853408481941519,"(85.24164284259253, 79.10590883867297, 91.53495641423685)",15.170791517703233,0,17
3,9464.0,10211.0,"(36.47770498732037, 56.85164835164835, 74.25707945900254)",0.9268436000391734,321.891687936,259.7358013130694,0.8744979925240722,15.660861259100681,14.095004575051306,10.363393007439205,0.7352529012855239,0.9000146506540666,0.6617383830928797,0.5955742396837251,0.48654506606103126,20241009_P013T_A001a,P013T_A001a,20241009,40x,0.324,0.324,0.324,17,0.16028138050239082,"(85.24164284259253, 79.10590883867297, 91.53495641423685)",18.246979224528598,0,17
4,8737.0,9422.0,"(45.846858189309835, 38.32562664530159, 95.44443172713746)",0.9272978136276799,297.164801088,248.25734990712186,0.8674549314098305,16.00778783604024,13.668442848369626,9.735739589318616,0.7122786185172436,0.8538620694107547,0.6081876952041672,0.5193084040171875,0.4331990913392106,20241009_P013T_A001a,P013T_A001a,20241009,40x,0.324,0.324,0.324,17,0.23020043424858083,"(85.24164284259253, 79.10590883867297, 91.53495641423685)",18.414674667075374,0,17
5,9664.0,10750.0,"(48.890728476821195, 76.12613824503312, 135.17870447019868)",0.8989767441860466,328.69413273600003,281.8163750467547,0.8172956763054562,17.527427231868504,14.767558939504141,9.297522242669148,0.6295910028703319,0.8425400227965946,0.5304556179109002,0.4469300884072315,0.3339700844587253,20241009_P013T_A001a,P013T_A001a,20241009,40x,0.324,0.324,0.324,17,0.2529158841553821,"(85.24164284259253, 79.10590883867297, 91.53495641423685)",18.428295035812706,0,17
6,19337.0,20853.0,"(56.879712468324975, 117.22185447587526, 79.63381082898071)",0.9273006282069726,657.694375488,430.62572996203687,0.8493112972344347,23.225071129235957,15.514504661445596,13.20884450007989,0.8513868014687315,0.6680067662706005,0.568732144094597,0.37991692045077696,0.48421104105315266,20241009_P013T_A001a,P013T_A001a,20241009,40x,0.324,0.324,0.324,17,0.31253516767406697,"(85.24164284259253, 79.10590883867297, 91.53495641423685)",15.868928853088088,1,17
7,10712.0,11834.0,"(64.53117998506347, 51.05713218820015, 128.31637415982075)",0.9051884400878824,364.338943488,296.91984644757935,0.8308359759570043,19.283382679866676,13.781135530089768,9.952287692090353,0.722167463657875,0.7146637993383975,0.5161069433363111,0.3688429489896551,0.3727156422454024,20241009_P013T_A001a,P013T_A001a,20241009,40x,0.324,0.324,0.324,17,0.3696356715303245,"(85.24164284259253, 79.10590883867297, 91.53495641423685)",16.420535555556146,0,17
8,14610.0,15816.0,"(68.60520191649555, 105.08124572210815, 56.04202600958248)",0.9237481031866465,496.91859264,363.0881473657343,0.8355944565283097,21.729919426464722,14.45836876298603,11.450131791265587,0.7919380103638217,0.6653668832925943,0.5269293257167142,0.3506013231675984,0.4172953618104449,20241009_P013T_A001a,P013T_A001a,20241009,40x,0.324,0.324,0.324,17,0.4000388202723549,"(85.24164284259253, 79.10590883867297, 91.53495641423685)",15.235709943120376,1,17
9,19374.0,20794.0,"(75.33973366367296, 43.08165582739754, 80.93991947971509)",0.9317110705011061,658.952827776,432.437606429727,0.8468312712583232,24.076049868166148,16.13160444823463,12.087126759911053,0.7492823667167102,0.6700270408379645,0.5020394469232639,0.33638000500592286,0.3761693049758113,20241009_P013T_A001a,P013T_A001a,20241009,40x,0.324,0.324,0.324,17,0.45029651987815644,"(85.24164284259253, 79.10590883867297, 91.53495641423685)",12.582090275840889,0,17
10,24747.0,26314.0,"(86.93057744373056, 72.60120418636602, 57.84842607184709)",0.9404499505966406,841.7005073280001,497.8962095188943,0.8658653565425076,23.366989093771075,18.869238002117513,13.533581138968602,0.7172298710445996,0.8075168746129759,0.5791752238450029,0.4676937666125874,0.41540177111057847,20241009_P013T_A001a,P013T_A001a,20241009,40x,0.324,0.324,0.324,17,0.5367953540576907,"(85.24164284259253, 79.10590883867297, 91.53495641423685)",11.129510872575086,0,17
11,10911.0,16827.0,"(86.53331500320778, 92.4110530657135, 133.7694986710659)",0.6484221786414691,371.107376064,420.7760193706764,0.5935165969526972,18.919477810416037,16.766654287792132,11.40524262077749,0.6802336605151865,0.8862112609979819,0.6028307300584365,0.534235381453421,0.4100657541786925,20241009_P013T_A001a,P013T_A001a,20241009,40x,0.324,0.324,0.324,17,0.5338307089791625,"(85.24164284259253, 79.10590883867297, 91.53495641423685)",14.353060450827517,0,17
12,23444.0,24996.0,"(93.50691008360349, 124.07187340044361, 95.52367343456748)",0.9379100656104977,797.382579456,484.0697561080829,0.8590544078586554,22.09684528019477,20.17409005041245,12.760888960931863,0.6325385149488303,0.9129850797522816,0.5774982265169476,0.5272472643933765,0.3652898705866133,20241009_P013T_A001a,P013T_A001a,20241009,40x,0.324,0.324,0.324,17,0.5858724633104738,"(85.24164284259253, 79.10590883867297, 91.53495641423685)",14.86931444203201,0,17
13,18973.0,20789.0,"(100.85031360354188, 42.8071469983661, 113.39846097085332)",0.9126461109240463,645.313925952,446.36847089726945,0.8090424423532532,25.71207396212395,16.80452797526719,10.904753622334844,0.6489175797371041,0.6535656361296128,0.4241102307965692,0.27718387277963663,0.27521258451025427,20241009_P013T_A001a,P013T_A001a,20241009,40x,0.324,0.324,0.324,17,0.6406739821159841,"(85.24164284259253, 79.10590883867297, 91.53495641423685)",14.631186911482267,0,17
14,19479.0,20838.0,"(121.11889727398737, 94.00918938343858, 68.64079264849325)",0.9347826086956522,662.524111296,430.28941030904696,0.8541312113886222,23.965243647846187,16.197384272945982,12.209327710048111,0.7537839137669281,0.6758697933956402,0.5094597780626108,0.3443284749425655,0.3840225854148653,20241009_P013T_A001a,P013T_A001a,20241009,40x,0.324,0.324,0.324,17,0.791932069208861,"(85.24164284259253, 79.10590883867297, 91.53495641423685)",14.610308904752998,0,17
15,22332.0,23494.0,"(122.00591080064481, 52.26338885903636, 75.84264732222819)",0.95054056354814,759.560986368,448.6310917634996,0.8973665066635318,19.626121463540734,18.98608379303624,14.380039941333713,0.7573989506255133,0.9673884790892848,0.7326990189094357,0.7088045895330102,0.5549454680463496,20241009_P013T_A001a,P013T_A001a,20241009,40x,0.324,0.324,0.324,17,0.7985515731391404,"(85.24164284259253, 79.10590883867297, 91.53495641423685)",15.600459841572334,0,17
16,21907.0,23399.0,"(131.3861779339937, 72.11434701237047, 118.99105308805404)",0.9362365913073208,745.105791168,466.1525173542924,0.8526446077431492,23.532496060649482,18.56855682663882,12.136517609268907,0.6536058629961817,0.7890602330829133,0.5157343946001258,0.4069455016120505,0.3370870240594286,20241009_P013T_A001a,P013T_A001a,20241009,40x,0.324,0.324,0.324,17,0.8685535666715948,"(85.24164284259253, 79.10590883867297, 91.53495641423685)",17.544045930711814,0,17
17,19396.0,20707.0,"(128.77861414724686, 108.46767374716437, 109.28598680140234)",0.9366880764958709,659.7010967040001,429.484911219565,0.8532985700483522,22.518184314483364,17.44734989518069,11.962928869466097,0.6856587929591818,0.774811576791243,0.531256370513484,0.41162358611794536,0.3642606017581512,20241009_P013T_A001a,P013T_A001a,20241009,40x,0.324,0.324,0.324,17,0.8490941354272153,"(85.24164284259253, 79.10590883867297, 91.53495641423685)",17.95989074276646,0,17
1,17007.0,20439.0,"(33.71635209031575, 94.47562768271888, 155.01076027518081)",0.8320857184793776,578.445893568,449.13871458588153,0.7475016018195708,21.815697974610586,15.374873428180138,12.84014282608702,0.8351381158398815,0.7047619308845231,0.5885735510745774,0.41480423232287966,0.4915402064776108,20241009_P013T_A002a,P013T_A002a,20241009,40x,0.324,0.324,0.324,17,0.1076462471939435,"(94.22947392905127, 98.78037785048188, 131.72285863813457)",21.054254824295224,1,17
2,10874.0,13438.0,"(34.17252161118264, 131.78839433511126, 113.04634908957145)",0.8091977972912636,369.848923776,334.4426948072527,0.7450383872696691,17.776342118118475,13.723277951592264,11.316816876473204,0.8246438581505342,0.7719967280335397,0.6366223602851668,0.491470379133138,0.5249867193704593,20241009_P013T_A002a,P013T_A002a,20241009,40x,0.324,0.324,0.324,17,0.11077069596700437,"(94.22947392905127, 98.78037785048188, 131.72285863813457)",23.0135324844707,0,17
3,19690.0,22216.0,"(39.98029456576943, 68.30975114271203, 141.53473844591164)",0.8862981634857761,669.70069056,484.7427291029232,0.7636481759261731,21.43554394565709,18.05974050960505,12.824847671918063,0.7101346591938674,0.8425137498441699,0.5982982146117368,0.5040744723176064,0.4248722987296051,20241009_P013T_A002a,P013T_A002a,20241009,40x,0.324,0.324,0.324,17,0.15054996277924265,"(94.22947392905127, 98.78037785048188, 131.72285863813457)",20.408671114338894,1,17
4,17050.0,18878.0,"(57.24586510263929, 111.2958357771261, 84.28961876832845)",0.9031677084436911,579.9084192,419.41918257707005,0.801817340506929,24.73162327109123,14.586545161868175,11.748427629964578,0.8054290786194567,0.5897932781031148,0.4750366565585407,0.2801734268908052,0.3826083366024127,20241009_P013T_A002a,P013T_A002a,20241009,40x,0.324,0.324,0.324,17,0.2688072952235568,"(94.22947392905127, 98.78037785048188, 131.72285863813457)",19.905143117944792,0,17
5,20807.0,22495.0,"(64.05536598260201, 118.60700725717307, 177.29057528716297)",0.924961102467215,707.692344768,465.1676037581347,0.8256024923515662,25.045950173198523,17.575362637025833,11.413712654362989,0.6494154851927686,0.7017247305647478,0.45571090637147055,0.31978361298893715,0.29594571936886493,20241009_P013T_A002a,P013T_A002a,20241009,40x,0.324,0.324,0.324,17,0.3154477122096028,"(94.22947392905127, 98.78037785048188, 131.72285863813457)",18.836605502352327,0,17
6,14322.0,15672.0,"(61.92235721267979, 151.99252897639994, 144.13957547828517)",0.9138591117917305,487.123072128,366.4573970568166,0.8169956897929872,20.824248180192843,15.154129584832033,11.512336061069531,0.7596830947382408,0.7277155676259184,0.5528332145032533,0.402305336494696,0.4199780472679211,20241009_P013T_A002a,P013T_A002a,20241009,40x,0.324,0.324,0.324,17,0.3008380631005465,"(94.22947392905127, 98.78037785048188, 131.72285863813457)",20.566875039665895,1,17
7,24143.0,25812.0,"(72.49799113614712, 56.36018721782711, 102.29362548150603)",0.9353401518673485,821.1571240320001,514.6204045527929,0.8240393786155781,25.40961925421143,19.834092241610165,11.584494311721176,0.5840698011587309,0.7805741614299407,0.4559097952560286,0.3558714061196705,0.26628314346150633,20241009_P013T_A002a,P013T_A002a,20241009,40x,0.324,0.324,0.324,17,0.3732739118914186,"(94.22947392905127, 98.78037785048188, 131.72285863813457)",18.14923439610175,0,17
8,23598.0,25128.0,"(81.17726078481228, 69.06881939147385, 170.49381303500297)",0.9391117478510028,802.620461952,497.0722399905167,0.8402427354355587,23.772945030395878,20.029562715846637,11.985080917823563,0.598369574406206,0.8425360295174626,0.5041479254042587,0.42476279135957,0.3016667795619179,20241009_P013T_A002a,P013T_A002a,20241009,40x,0.324,0.324,0.324,17,0.4327209642795361,"(94.22947392905127, 98.78037785048188, 131.72285863813457)",16.38147293463657,0,17
9,18831.0,21288.0,"(87.87780787000159, 158.39689873081622, 146.79363814985928)",0.8845828635851184,640.484190144,448.27037607280533,0.8015852079230832,21.157386318634867,19.059516753034895,11.651517524808124,0.6113228197641907,0.9008445781531992,0.5507068476858966,0.4961012778896796,0.336659662990791,20241009_P013T_A002a,P013T_A002a,20241009,40x,0.324,0.324,0.324,17,0.47861512239727116,"(94.22947392905127, 98.78037785048188, 131.72285863813457)",20.02938969424221,1,17
10,19305.0,20707.0,"(103.30468790468791, 79.12898212898213, 82.95902615902615)",0.9322934273434105,656.6059843200001,443.67896308073045,0.8234145021703395,27.86510257593968,14.25221356659559,11.808890703921788,0.8285653767916814,0.51147177828449,0.42378780669259974,0.21675550310434766,0.3511359037319741,20241009_P013T_A002a,P013T_A002a,20241009,40x,0.324,0.324,0.324,17,0.5842786842786843,"(94.22947392905127, 98.78037785048188, 131.72285863813457)",17.286085398412332,0,17
11,18117.0,19532.0,"(98.83910139647844, 114.57575757575758, 74.73947121488105)",0.9275547818963752,616.199462208,420.28017918597607,0.8332195008287356,22.459296429229962,17.949972995054512,10.910388297356144,0.607821989501718,0.7992224089305519,0.4857849546505236,0.38825022167801043,0.2952707776056831,20241009_P013T_A002a,P013T_A002a,20241009,40x,0.324,0.324,0.324,17,0.5536924753183455,"(94.22947392905127, 98.78037785048188, 131.72285863813457)",19.21691260558278,0,17
12,24865.0,26602.0,"(117.4718278705007, 50.82730746028554, 133.73412427106373)",0.9347041575821367,845.71394976,512.0607386735165,0.8445881340827464,25.14725893229668,18.738048168960976,12.791553330518596,0.682651320734004,0.7451328281706147,0.5086659092729338,0.3790236675705184,0.34724145477753127,20241009_P013T_A002a,P013T_A002a,20241009,40x,0.324,0.324,0.324,17,0.6813138895239774,"(94.22947392905127, 98.78037785048188, 131.72285863813457)",17.277887962753827,0,17
13,21049.0,22448.0,"(126.54164093306095, 113.9065038719179, 176.90332082284195)",0.9376781895937277,715.9233029760001,460.8986192000214,0.8396978669125291,22.199438697100756,20.09975391019582,11.388052433430135,0.5665767095612758,0.9054172127703771,0.5129883051915818,0.46446844147036165,0.290647225998862,20241009_P013T_A002a,P013T_A002a,20241009,40x,0.324,0.324,0.324,17,0.7434358968017873,"(94.22947392905127, 98.78037785048188, 131.72285863813457)",18.652244078246333,0,17
14,20642.0,22032.0,"(137.42665439395407, 141.48338339308208, 135.03027807383006)",0.9369099491648512,702.080327808,443.2205290993079,0.8618971795270859,22.316000768113252,17.0090651166639,13.238098008670171,0.7782966269969014,0.7621914559605012,0.5932110392999154,0.4521403857358445,0.46169415098445044,20241009_P013T_A002a,P013T_A002a,20241009,40x,0.324,0.324,0.324,17,0.8179907835202335,"(94.22947392905127, 98.78037785048188, 131.72285863813457)",19.709434531202465,0,17
15,19946.0,21236.0,"(143.4642033490424, 78.51779805474781, 155.6228316454427)",0.9392540968167263,678.407819904,427.8679867521288,0.8726395542432734,21.8777823409011,17.04916152323156,12.864286439574064,0.7545407099372544,0.7792911208992923,0.5880068756111508,0.4582285371915044,0.44367512537162457,20241009_P013T_A002a,P013T_A002a,20241009,40x,0.324,0.324,0.324,17,0.8593438585550851,"(94.22947392905127, 98.78037785048188, 131.72285863813457)",18.908500736082473,0,17
16,16464.0,17656.0,"(149.17219387755102, 79.01384839650146, 117.49052478134111)",0.932487539646579,559.977255936,380.61518096746,0.8632003548973323,21.56025064900215,14.88911899480273,12.508273665359615,0.8400949491857654,0.6905819063607143,0.5801543715327132,0.4006441118765632,0.48738475727267444,20241009_P013T_A002a,P013T_A002a,20241009,40x,0.324,0.324,0.324,17,0.8984396840928153,"(94.22947392905127, 98.78037785048188, 131.72285863813457)",19.472312366173917,0,17
17,20033.0,21544.0,"(150.57135726052013, 115.95976638546398, 105.29087006439374)",0.929864463423691,681.366883392,424.9479002798018,0.8811891029698194,19.435214646713554,17.611905078808196,14.270026929506328,0.8102489120655644,0.9061852621106156,0.7342356227549744,0.6653535002571676,0.5949136145370002,20241009_P013T_A002a,P013T_A002a,20241009,40x,0.324,0.324,0.324,17,0.9080229949350694,"(94.22947392905127, 98.78037785048188, 131.72285863813457)",20.91793088167945,0,17
1,12694.0,14130.0,"(51.93532377501182, 107.4773121159603, 66.46076886718134)",0.8983722576079264,431.751171456,333.7249494402059,0.8277854685899165,19.452107487782843,14.820367213350615,10.8046362020601,0.7290397091056537,0.761890053438104,0.5554481029290064,0.42319038482267424,0.40494372338265,20241009_P013T_A003a,P013T_A003a,20241009,40x,0.324,0.324,0.324,22,0.10229673818501245,"(112.17309237333436, 73.61743439057413, 66.02458572996989)",22.389479210515635,0,22
2,14976.0,17508.0,"(56.60149572649573, 69.71140491452991, 91.31490384615384)",0.8553803975325566,509.367066624,393.76058861124176,0.783319828696771,19.120032586689298,15.534302985740453,13.029436374915171,0.8387525585715305,0.8124621605799404,0.6814547159289787,0.5536561708410476,0.5715718865360665,20241009_P013T_A003a,P013T_A003a,20241009,40x,0.324,0.324,0.324,22,0.13425682004449127,"(112.17309237333436, 73.61743439057413, 66.02458572996989)",19.822497967678345,0,22
3,10612.0,12758.0,"(62.8590275160196, 81.70354315868828, 26.75829249905767)",0.8317918168992005,360.937721088,323.9245861344026,0.7568242860636462,22.406173511309536,12.124106622116011,10.050451897364889,0.8289643278979009,0.5411056294818193,0.4485572644651669,0.24271686094706701,0.3718379712610881,20241009_P013T_A003a,P013T_A003a,20241009,40x,0.324,0.324,0.324,22,0.17711662682205206,"(112.17309237333436, 73.61743439057413, 66.02458572996989)",20.59147819731846,1,22
4,14808.0,15842.0,"(64.87803889789303, 31.47940302539168, 92.21900324149108)",0.9347304633253377,503.653012992,356.44398326108853,0.8588430267255153,19.339642349747685,16.472984808344258,11.268598809305542,0.6840653919378062,0.8517729806187018,0.5826684178289656,0.4963012149665611,0.3985832996119528,20241009_P013T_A003a,P013T_A003a,20241009,40x,0.324,0.324,0.324,22,0.19094547190337693,"(112.17309237333436, 73.61743439057413, 66.02458572996989)",22.20897292385691,0,22
5,12505.0,13534.0,"(72.78528588564575, 117.54578168732507, 91.31123550579768)",0.9239692625979016,425.32286112,325.2445569843346,0.8409172052884766,21.008083991645094,13.920521639846125,10.351958870023223,0.7436473386451092,0.6626269033093314,0.4927607331606344,0.3265165186866669,0.36644020780371855,20241009_P013T_A003a,P013T_A003a,20241009,40x,0.324,0.324,0.324,22,0.24510469784688865,"(112.17309237333436, 73.61743439057413, 66.02458572996989)",20.79795762183216,1,22
6,8970.0,11521.0,"(70.95908584169453, 58.80501672240803, 40.126532887402455)",0.7785782484159361,305.08964928,305.2515223132774,0.7179782173661908,22.683594734280533,10.784724702219883,10.183054647813249,0.9442109028260324,0.47544160564293153,0.4489171477051708,0.21343388950559145,0.42387246532878664,20241009_P013T_A003a,P013T_A003a,20241009,40x,0.324,0.324,0.324,22,0.2325964783677708,"(112.17309237333436, 73.61743439057413, 66.02458572996989)",16.484918748803626,0,22
7,12168.0,13364.0,"(86.59040105193951, 102.41494082840237, 114.99712360289283)",0.9105058365758755,413.860741632,330.46796398581535,0.8126887492828397,20.79089664581846,15.703179824310887,9.109446757551,0.5801020468127229,0.7552911301432094,0.43814593053557044,0.3309277350418591,0.25416935110634953,20241009_P013T_A003a,P013T_A003a,20241009,40x,0.324,0.324,0.324,22,0.3396602811776679,"(112.17309237333436, 73.61743439057413, 66.02458572996989)",20.187253987880947,1,22
8,15481.0,16749.0,"(88.36651379109877, 23.57883857631936, 56.13429365028099)",0.9242939877007582,526.5432397440001,382.8277868529535,0.8237018333424196,21.462468647841195,17.459184270070534,10.260241507517959,0.5876701539319116,0.8134751205251809,0.4780550492988134,0.3888858888460235,0.2809386844093612,20241009_P013T_A003a,P013T_A003a,20241009,40x,0.324,0.324,0.324,22,0.351825436925334,"(112.17309237333436, 73.61743439057413, 66.02458572996989)",18.237580199078298,0,22
9,13388.0,14467.0,"(99.78406035255453, 60.02113833283538, 119.86039737077981)",0.9254164650584088,455.35565491200003,355.4039565533647,0.8053704467964992,24.900675724174818,13.761493506488966,9.518834056682657,0.6917006538711975,0.5526554242513436,0.3822721183201184,0.21126475972966488,0.26441787419875373,20241009_P013T_A003a,P013T_A003a,20241009,40x,0.324,0.324,0.324,22,0.43002781063393514,"(112.17309237333436, 73.61743439057413, 66.02458572996989)",18.432843789398454,0,22
10,16439.0,17612.0,"(98.63276355009428, 125.2902852971592, 61.97852667437192)",0.9333976833976834,559.126950336,371.899300106752,0.8825359001653916,18.330751703081674,16.834278307816938,12.836148680590806,0.7625006814001872,0.9183626825836522,0.7002521712425387,0.6430854624673248,0.5339427577243964,20241009_P013T_A003a,P013T_A003a,20241009,40x,0.324,0.324,0.324,22,0.42214221609653624,"(112.17309237333436, 73.61743439057413, 66.02458572996989)",17.356830354633395,0,22
11,14760.0,15893.0,"(106.91409214092141, 61.082249322493226, 15.2590108401084)",0.9287107531617693,502.02042624,358.1908019101632,0.8528067332307546,20.609078084529457,15.880938261404355,10.99790814403674,0.6925225678110655,0.7705797511304322,0.5336438679560587,0.41121515896186095,0.3695604217335589,20241009_P013T_A003a,P013T_A003a,20241009,40x,0.324,0.324,0.324,22,0.4788636448008316,"(112.17309237333436, 73.61743439057413, 66.02458572996989)",17.02752259010479,0,22
12,11916.0,12834.0,"(111.46617992614972, 23.056898288016114, 94.65768714333669)",0.9284712482468443,405.289661184,317.8012196722272,0.8333720196052005,19.956077634886068,15.685123688241399,9.16118734048379,0.5840685430712682,0.7859822944776266,0.45906753361535985,0.3608189533911855,0.26812690553004365,20241009_P013T_A003a,P013T_A003a,20241009,40x,0.324,0.324,0.324,22,0.5100423282612995,"(112.17309237333436, 73.61743439057413, 66.02458572996989)",18.827500421147413,0,22
13,15300.0,17314.0,"(110.6221568627451, 101.06196078431373, 19.802875816993463)",0.883677948480998,520.3870272,381.17700677894663,0.8208082949749709,22.035873863005065,14.510807595845591,12.041933880675785,0.8298596615755116,0.6585083798381631,0.5464695412371365,0.359854772230971,0.4534930285523751,20241009_P013T_A003a,P013T_A003a,20241009,40x,0.324,0.324,0.324,22,0.5042613483749664,"(112.17309237333436, 73.61743439057413, 66.02458572996989)",17.424013599453453,1,22
14,12922.0,13699.0,"(126.34127843987, 99.35582727132022, 115.97624206779136)",0.9432805314256515,439.505958528,316.1144548161486,0.8843339150946443,17.916188796338286,15.667364924800529,11.038852224693901,0.7045761860834708,0.8744809012060996,0.6161384181746301,0.5388012791930512,0.4341164567769835,20241009_P013T_A003a,P013T_A003a,20241009,40x,0.324,0.324,0.324,22,0.6119265646566439,"(112.17309237333436, 73.61743439057413, 66.02458572996989)",18.776269180219252,0,22
15,17313.0,18632.0,"(136.16698434702246, 36.60099347311269, 35.04892277479351)",0.9292078145126664,588.853634112,397.11931508609536,0.8555289041084445,23.777087754246722,13.92754389796924,12.68317467661,0.9106540801109461,0.5857548259030041,0.5334200221532476,0.31245335220955217,0.4857611195867263,20241009_P013T_A003a,P013T_A003a,20241009,40x,0.324,0.324,0.324,22,0.6792259201850853,"(112.17309237333436, 73.61743439057413, 66.02458572996989)",17.464217469827595,1,22
16,16334.0,17385.0,"(138.68764540222847, 21.886249540835067, 62.50159177176442)",0.939545585274662,555.555666816,380.4234242332108,0.8590832709059776,22.137676183083826,15.379093631717156,11.5979297834666,0.7541361058851705,0.6947022580205984,0.523900055613289,0.36395455161166895,0.39509194781323004,20241009_P013T_A003a,P013T_A003a,20241009,40x,0.324,0.324,0.324,22,0.6964907219330718,"(112.17309237333436, 73.61743439057413, 66.02458572996989)",18.868788906037945,1,22
17,14723.0,15977.0,"(137.21014738843985, 85.9699789445086, 21.64810160972628)",0.9215121737497652,500.761973952,358.6617464754038,0.8502630260203411,22.63741156294498,13.812914434538326,11.461308150623562,0.8297530694872967,0.6101808237275939,0.5062994114302581,0.3089341919193108,0.4201034907138683,20241009_P013T_A003a,P013T_A003a,20241009,40x,0.324,0.324,0.324,22,0.6863708725235607,"(112.17309237333436, 73.61743439057413, 66.02458572996989)",16.986723415673605,2,22
18,17522.0,18841.0,"(145.4163337518548, 116.67760529619906, 78.4520602670928)",0.9299931001539197,595.962188928,403.38521812958885,0.8490044161449003,23.201524351812456,16.077266274345295,11.3460287873607,0.7057187828919465,0.6929400857702426,0.48902083394681656,0.33886213861854264,0.34511118774175203,20241009_P013T_A003a,P013T_A003a,20241009,40x,0.324,0.324,0.324,22,0.7425776284373617,"(112.17309237333436, 73.61743439057413, 66.02458572996989)",18.079471563214447,1,22
19,13772.0,14634.0,"(155.6638106302643, 74.6067383096137, 100.78405460354342)",0.941096077627443,468.416348928,331.505781798633,0.8798616327044371,20.22330343686796,13.563280940573028,12.104815208535841,0.89246954786033,0.6706758360677405,0.5985577601762252,0.40143822624102393,0.5341945735927676,20241009_P013T_A003a,P013T_A003a,20241009,40x,0.324,0.324,0.324,22,0.8127658262346871,"(112.17309237333436, 73.61743439057413, 66.02458572996989)",18.041424327650258,0,22
20,14490.0,15746.0,"(157.0790890269151, 101.27191166321602, 51.4888198757764)",0.9202337101486092,492.83712576,353.40192843237946,0.8537895210254564,21.138860369523258,14.380787331795707,11.705444250624986,0.8139640744665226,0.6803009755686292,0.5537405539373917,0.37671023905552076,0.4507249174802285,20241009_P013T_A003a,P013T_A003a,20241009,40x,0.324,0.324,0.324,22,0.8224595138829802,"(112.17309237333436, 73.61743439057413, 66.02458572996989)",17.724331493208698,0,22
21,15206.0,16135.0,"(160.7888333552545, 66.28889911876891, 39.31993949756675)",0.9424233033777503,517.189878144,353.41265516986414,0.8816618292094224,20.6137950583168,13.741971024976523,12.904879499645826,0.9390850465475984,0.6666395482297286,0.6260312311797847,0.4173371771313924,0.5878965678727184,20241009_P013T_A003a,P013T_A003a,20241009,40x,0.324,0.324,0.324,22,0.8478687216113323,"(112.17309237333436, 73.61743439057413, 66.02458572996989)",18.12760696228847,0,22
22,16118.0,17235.0,"(167.34681722298052, 60.51352525127187, 72.28030773048765)",0.9351900203075137,548.209026432,374.26125512918236,0.8655125631162742,22.133925058232386,14.501705514373752,12.144640180750594,0.8374628879832865,0.6551800223512575,0.5486889536672382,0.35949004092758924,0.45950663574269307,20241009_P013T_A003a,P013T_A003a,20241009,40x,0.324,0.324,0.324,22,0.892786419335483,"(112.17309237333436, 73.61743439057413, 66.02458572996989)",18.485006166725984,1,22
1,19259.0,20905.0,"(41.58471364037593, 96.70507295290514, 123.67018017550237)",0.9212628557761301,655.041422016,437.81459193327817,0.8331177771587018,22.551867328228536,18.322361671889045,11.289955223837687,0.6161844977200304,0.812454303903901,0.5006217471715022,0.40673229311737763,0.30847535982859614,20241009_P013T_A005,P013T_A005,20241009,40x,0.324,0.324,0.324,21,0.14295933569519945,"(93.24002848641827, 133.73181456456837, 130.82590337934076)",20.721960784407266,0,21
2,15155.0,17425.0,"(40.56087099967007, 129.0611679313758, 146.73850214450675)",0.8697274031563845,515.45525472,414.13666132536696,0.7507023246306688,20.844180884716383,17.34060093064443,10.909909107463363,0.6291540386113895,0.8319156807624478,0.5234031103358374,0.4354272548482208,0.3293011806895549,20241009_P013T_A005,P013T_A005,20241009,40x,0.324,0.324,0.324,21,0.1350836230743852,"(93.24002848641827, 133.73181456456837, 130.82590337934076)",17.893835008026574,1,21
3,19905.0,21534.0,"(39.68394875659382, 171.61220798794272, 135.52474252700327)",0.9243521872387852,677.01331872,440.85428047593547,0.8457731052894016,22.843263359408528,16.663640957391266,12.728458034821982,0.7638461526726662,0.7294772509168642,0.5572083915750798,0.4064708456739969,0.4256214861415492,20241009_P013T_A005,P013T_A005,20241009,40x,0.324,0.324,0.324,21,0.12833806735841402,"(93.24002848641827, 133.73181456456837, 130.82590337934076)",21.308406224218327,0,21
4,6109.0,9423.0,"(33.856441316091015, 143.31445408413816, 93.44295302013423)",0.6483073331210867,207.780676416,297.2879570951318,0.5706593162447722,17.910202297861854,12.21504254532965,8.25762979830944,0.6760213701807118,0.6820158891665841,0.4610573158794107,0.3144484152462549,0.31168459841264046,20241009_P013T_A005,P013T_A005,20241009,40x,0.324,0.324,0.324,21,0.08351108704685395,"(93.24002848641827, 133.73181456456837, 130.82590337934076)",22.946251826195297,0,21
5,14338.0,15490.0,"(55.137536615985496, 100.23099455991073, 153.13941972381085)",0.9256294383473208,487.667267712,345.5414516144439,0.8670943883111536,17.897847473911536,16.053195066294315,12.303387610756683,0.7664136366591084,0.8969343989378586,0.6874227545346158,0.6165731151547128,0.5268501732250964,20241009_P013T_A005,P013T_A005,20241009,40x,0.324,0.324,0.324,21,0.24721182012296536,"(93.24002848641827, 133.73181456456837, 130.82590337934076)",17.957896457723376,2,21
6,22737.0,24170.0,"(65.38443945991116, 140.42714518186216, 183.40572634912257)",0.940711625982623,773.335937088,482.28548854967346,0.8448093751918172,26.65725789066419,16.031189365165957,12.851503493154425,0.8016562714354403,0.6013817861881564,0.4821014804247826,0.2899270494218103,0.3864796752508372,20241009_P013T_A005,P013T_A005,20241009,40x,0.324,0.324,0.324,21,0.3260341496916243,"(93.24002848641827, 133.73181456456837, 130.82590337934076)",19.400537450351955,0,21
7,19127.0,20602.0,"(62.77168400690124, 168.9162963350238, 165.57593977100433)",0.9284050092224055,650.551808448,429.90103469505164,0.8445724159312078,23.936695489553056,15.141115738299787,13.057544570611444,0.8623898526567694,0.6325482874153612,0.5455032243824252,0.3450571303626605,0.4704364452989521,20241009_P013T_A005,P013T_A005,20241009,40x,0.324,0.324,0.324,21,0.30593603082231724,"(93.24002848641827, 133.73181456456837, 130.82590337934076)",18.819443993453916,1,21
8,21536.0,23220.0,"(78.55270245170877, 86.63080423476968, 132.9090824665676)",0.9274763135228251,732.487256064,461.1098740195565,0.8522095914789697,23.72199648620738,16.733374025933966,13.347483698810711,0.7976564486112793,0.7053948446397927,0.5626627466440822,0.39689940075360136,0.44881156825398655,20241009_P013T_A005,P013T_A005,20241009,40x,0.324,0.324,0.324,21,0.4273284803977598,"(93.24002848641827, 133.73181456456837, 130.82590337934076)",15.999703803646534,2,21
9,20470.0,21826.0,"(87.96243282852956, 178.33922813873963, 88.36116267708842)",0.9378722624392926,696.23022528,467.1301296827877,0.8132326877049856,27.361164508313784,16.8114696366316,10.786937836194062,0.6416415738389525,0.6144281480243057,0.39424264390926833,0.24223377756937753,0.2529624705123726,20241009_P013T_A005,P013T_A005,20241009,40x,0.324,0.324,0.324,21,0.49971102175791965,"(93.24002848641827, 133.73181456456837, 130.82590337934076)",20.027625845292015,0,21
10,21414.0,22801.0,"(90.75581395348837, 188.52358270290463, 120.92789763705987)",0.9391693346783035,728.337764736,458.04745867027634,0.8546642390014582,24.847312375883938,15.412966283333551,13.560269381995566,0.8797962139616593,0.6203071805179589,0.5457439089129318,0.33852886542263044,0.480143424854234,20241009_P013T_A005,P013T_A005,20241009,40x,0.324,0.324,0.324,21,0.5211985688729874,"(93.24002848641827, 133.73181456456837, 130.82590337934076)",18.057818730069368,1,21
11,23987.0,25437.0,"(92.06837036728228, 98.41051402843206, 80.82344603326803)",0.9429964225341039,815.851217088,493.6901479897571,0.8552707923890662,25.93156486222948,16.978950640435574,13.19935899632817,0.7773954513357109,0.6547599703543614,0.5090074226701855,0.33327768497768057,0.3957000550799158,20241009_P013T_A005,P013T_A005,20241009,40x,0.324,0.324,0.324,21,0.5312951566714021,"(93.24002848641827, 133.73181456456837, 130.82590337934076)",19.838784296511555,0,21
12,19400.0,20576.0,"(92.42391752577319, 108.64376288659794, 186.36876288659795)",0.942846034214619,659.8371456,420.9619973336262,0.8706943778317541,21.735243620415233,17.309561059959115,12.472637545625602,0.7205634794794191,0.7963821966872636,0.5738439266404378,0.45699908685355684,0.4134909764581664,20241009_P013T_A005,P013T_A005,20241009,40x,0.324,0.324,0.324,21,0.5340301348136399,"(93.24002848641827, 133.73181456456837, 130.82590337934076)",19.748286701910537,0,21
13,18389.0,19519.0,"(110.60677578987438, 79.84735439665018, 119.53406928054815)",0.9421076899431323,625.450787136,411.98360492740767,0.8584854784538216,20.173175346967803,19.158763248421376,11.471021630516885,0.5987349747882115,0.9497148028954747,0.5686274685676133,0.5400339242316435,0.3404571530567144,20241009_P013T_A005,P013T_A005,20241009,40x,0.324,0.324,0.324,21,0.673898275306726,"(93.24002848641827, 133.73181456456837, 130.82590337934076)",18.704215743972053,0,21
14,20296.0,21846.0,"(119.98792865589279, 182.41564840362634, 141.29192944422547)",0.9290487961182825,690.312098304,461.1129902864134,0.819169468497576,27.466571146741416,15.54367030974626,11.787516979765167,0.7583483659180617,0.5659122948657657,0.4291586640643937,0.24286616444220724,0.32545177161281125,20241009_P013T_A005,P013T_A005,20241009,40x,0.324,0.324,0.324,21,0.7460609896607138,"(93.24002848641827, 133.73181456456837, 130.82590337934076)",18.314180010589247,1,21
15,18123.0,19128.0,"(114.58941676322904, 160.18247530762014, 174.51586381945594)",0.9474592220828105,616.403535552,398.2337549495911,0.8795410960609554,21.02082022448745,16.91668556164757,12.23183581678444,0.7230633785920617,0.8047585860584584,0.5818914621863994,0.4682821503486157,0.42074440662237284,20241009_P013T_A005,P013T_A005,20241009,40x,0.324,0.324,0.324,21,0.7045339751017619,"(93.24002848641827, 133.73181456456837, 130.82590337934076)",17.9352261805707,0,21
16,19698.0,21079.0,"(123.1962128134836, 155.3704944664433, 74.79312620570616)",0.9344845580909911,669.9727883520001,441.62289630538777,0.8384374181973576,22.51991801860247,18.790079109482164,11.495633780584912,0.6117927292165467,0.8343759996799592,0.5104651700369868,0.4259198865514112,0.3122988795469167,20241009_P013T_A005,P013T_A005,20241009,40x,0.324,0.324,0.324,21,0.7707400985652585,"(93.24002848641827, 133.73181456456837, 130.82590337934076)",21.74732208057726,1,21
17,17586.0,18666.0,"(125.12458774024792, 121.89969293756397, 70.9346070738087)",0.9421407907425265,598.138971264,404.9680194769619,0.8477441391771792,23.583679752370777,16.106298536210065,11.165627867924082,0.6932460517121048,0.6829425562646118,0.47344723067661415,0.3233372619746882,0.3282154233605929,20241009_P013T_A005,P013T_A005,20241009,40x,0.324,0.324,0.324,21,0.7855737518480609,"(93.24002848641827, 133.73181456456837, 130.82590337934076)",22.315090660559388,1,21
18,25125.0,26868.0,"(124.6952039800995, 95.45281592039801, 164.7606368159204)",0.9351272889682894,854.557128,507.593323108356,0.8579506174137348,23.594989389125576,19.426435298869958,13.315171789216759,0.6854150843614272,0.8233288423440946,0.5643220079324738,0.4646225855003387,0.3867948166740465,20241009_P013T_A005,P013T_A005,20241009,40x,0.324,0.324,0.324,21,0.7822707998469193,"(93.24002848641827, 133.73181456456837, 130.82590337934076)",19.456937648364118,0,21
19,12218.0,13393.0,"(134.30389589130792, 110.6195776722868, 107.59715174332952)",0.9122676024789069,415.561352832,317.7877907257661,0.8474297070261293,17.014859278847315,16.23147324485231,11.123194130918307,0.6852855537587104,0.9539587121376372,0.6537341243101868,0.6236353633073719,0.447994551388872,20241009_P013T_A005,P013T_A005,20241009,40x,0.324,0.324,0.324,21,0.8561838145485223,"(93.24002848641827, 133.73181456456837, 130.82590337934076)",17.021541602167,1,21
20,18107.0,19156.0,"(137.42602308499477, 145.34660628486222, 103.45280830617993)",0.9452390895802881,615.859339968,391.143271462232,0.8949579195189701,19.039580029139135,16.12483473348733,14.30395423615168,0.8870760210922269,0.8469112611102276,0.7512746717238609,0.6362629796698273,0.6664377465401715,20241009_P013T_A005,P013T_A005,20241009,40x,0.324,0.324,0.324,21,0.8802001775768827,"(93.24002848641827, 133.73181456456837, 130.82590337934076)",17.256131226833247,1,21
21,21595.0,22813.0,"(140.18819171104423, 144.26529289187312, 144.57346608011113)",0.9466093893832463,734.49397728,448.9187469485047,0.8769507593312955,23.041479643958983,16.854753120509237,13.38897448854052,0.7943738121117015,0.7314961270262094,0.5810813669707554,0.425058769426203,0.4615958206276375,20241009_P013T_A005,P013T_A005,20241009,40x,0.324,0.324,0.324,21,0.9014476285464941,"(93.24002848641827, 133.73181456456837, 130.82590337934076)",16.213212762218838,0,21
1,18713.0,21188.0,"(90.7292791107786, 118.34761930208946, 91.71597285309677)",0.8831885973192373,328.899688,281.0147868356451,0.8199686709165759,18.5964227198818,17.305912813815915,14.6125544329925,0.8443677366343131,0.9306044003459775,0.7857723312220651,0.7312431891053707,0.6634808048238429,20241023_P021N_A003a,P021N_A003a,20241023,25x,0.26,0.26,0.26,12,0.10847778697088692,"(152.44082303741237, 98.13984955230096, 99.49183556604429)",17.003945640432832,0,12
2,12739.0,14899.0,"(92.10094983907685, 79.9217364000314, 95.06311327419735)",0.8550238271024901,223.900664,232.30836069977397,0.7675786244307735,20.84726593843786,12.775254930950371,12.273694906614695,0.9607397248002812,0.612802415850395,0.5887436243610559,0.36078351532497244,0.5656293876465609,20241023_P021N_A003a,P021N_A003a,20241023,25x,0.26,0.26,0.26,12,0.11793758509708173,"(152.44082303741237, 98.13984955230096, 99.49183556604429)",16.42824258183901,0,12
3,9346.0,11139.0,"(118.86678793066552, 116.2369997860047, 55.266531136315)",0.8390340245982584,164.265296,196.8886556211767,0.7367056116438631,22.389566638379584,14.086144211599915,8.048121606347737,0.5713502208588864,0.6291387608840017,0.3594585699819605,0.2261493193075859,0.20537673334881262,20241023_P021N_A003a,P021N_A003a,20241023,25x,0.26,0.26,0.26,12,0.3025295719356243,"(152.44082303741237, 98.13984955230096, 99.49183556604429)",15.184089556897382,0,12
4,19148.0,22823.0,"(118.70257990390641, 46.43827031543764, 98.80112805514936)",0.8389782237216843,336.545248,301.768851023899,0.7753635073593057,23.49464592988741,17.350438211014588,12.016749200849741,0.6925905302622929,0.7384847706490946,0.5114675588944841,0.3777110029246453,0.3542375878266913,20241023_P021N_A003a,P021N_A003a,20241023,25x,0.26,0.26,0.26,12,0.3013971027855615,"(152.44082303741237, 98.13984955230096, 99.49183556604429)",16.052340668570096,0,12
5,23758.0,25941.0,"(140.79985689031062, 118.62185369138817, 135.77931644077785)",0.9158475000963725,417.57060800000005,337.89924018359744,0.7995584005722105,26.552449038831426,19.23036039616304,11.583535085569842,0.6023566301898877,0.7242405537824306,0.436251099423243,0.3159507378344837,0.26277874216521835,20241023_P021N_A003a,P021N_A003a,20241023,25x,0.26,0.26,0.26,12,0.4537921164849009,"(152.44082303741237, 98.13984955230096, 99.49183556604429)",11.248736630070859,0,12
6,10341.0,11771.0,"(139.1300647906392, 65.64703607001258, 45.79982593559617)",0.8785149944779543,181.75341600000002,194.46831593359164,0.7979156671240627,20.209557861021658,14.681360804656267,8.822886267365947,0.6009583433551831,0.7264563087237217,0.4365699798105292,0.31714901603274676,0.26236037182554134,20241023_P021N_A003a,P021N_A003a,20241023,25x,0.26,0.26,0.26,12,0.4422763089009601,"(152.44082303741237, 98.13984955230096, 99.49183556604429)",16.680152251128735,0,12
7,25383.0,27478.0,"(150.06236457471536, 146.82819209707284, 107.7923807272584)",0.9237571875682364,446.131608,355.02499602687885,0.7953052616501762,28.74015886770179,19.244484673438578,11.356634547470927,0.590124118165942,0.6696025850805418,0.3951486350422899,0.2645925475153649,0.23318673979880697,20241023_P021N_A003a,P021N_A003a,20241023,25x,0.26,0.26,0.26,12,0.5176714798256232,"(152.44082303741237, 98.13984955230096, 99.49183556604429)",12.85649606435238,0,12
8,14000.0,16161.0,"(152.3375, 43.02292857142857, 91.01807142857143)",0.8662830270404059,246.06400000000002,232.93457815630813,0.8152338705892351,17.49131293019579,16.49105188774971,12.241266322143092,0.7422974838394907,0.9428138387073678,0.6998483402015305,0.6598267001383848,0.51949566200084,20241023_P021N_A003a,P021N_A003a,20241023,25x,0.26,0.26,0.26,12,0.5333620689655173,"(152.44082303741237, 98.13984955230096, 99.49183556604429)",14.498795346228786,0,12
9,23834.0,26391.0,"(175.21834354283797, 82.16346395905009, 70.09729797767895)",0.9031109090220151,418.90638400000006,339.46060842883827,0.7975771901853775,27.222775817679107,18.71336349918803,11.541167307114677,0.6167339883936656,0.6874157001665911,0.42395262644816595,0.2914316915473313,0.26146599419934724,20241023_P021N_A003a,P021N_A003a,20241023,25x,0.26,0.26,0.26,12,0.6911609899506066,"(152.44082303741237, 98.13984955230096, 99.49183556604429)",10.523093859100577,0,12
10,28117.0,33171.0,"(183.53224028168012, 77.79837820535619, 128.7656577871039)",0.8476379970456122,494.18439200000006,396.74699857335713,0.7618973991774477,26.82168340173927,21.152598395195866,12.708189737709702,0.6007862249488913,0.7886379866009533,0.4738028388212811,0.37365891685383107,0.28465421890550546,20241023_P021N_A003a,P021N_A003a,20241023,25x,0.26,0.26,0.26,12,0.7484982088391732,"(152.44082303741237, 98.13984955230096, 99.49183556604429)",12.29832527121578,0,12
11,21681.0,23976.0,"(189.1063142843965, 122.34518703011854, 86.31958857986255)",0.9042792792792793,381.06525600000003,305.74893579855234,0.8313528806577035,21.16528910431207,18.427739819205282,13.815885960846735,0.7497330707072335,0.8706585451483836,0.6527615045915901,0.5683323819165838,0.4893968872769267,20241023_P021N_A003a,P021N_A003a,20241023,25x,0.26,0.26,0.26,12,0.7869400985130791,"(152.44082303741237, 98.13984955230096, 99.49183556604429)",11.925371852436191,0,12
12,23452.0,26101.0,"(201.36163227016885, 118.94328841889818, 116.23319972710216)",0.8985096356461438,412.192352,326.2536433625618,0.8209726839659393,24.08773504517366,17.1843561307843,14.386570973705709,0.8371899921192509,0.7134068893798897,0.5972571080977692,0.4260873356480581,0.500017673621538,20241023_P021N_A003a,P021N_A003a,20241023,25x,0.26,0.26,0.26,12,0.8714595328977163,"(152.44082303741237, 98.13984955230096, 99.49183556604429)",14.490894026935385,0,12
1,16305.0,18418.0,"(90.04305427782889, 113.63354799141368, 127.04477154247164)",0.8852752741882941,286.57668,265.29598053778466,0.79234444790065,19.334721937411867,19.041366367430662,10.943044721325965,0.5746985016812404,0.9848275257885362,0.5659789034851149,0.5573916031677544,0.3252672278160869,20241023_P021N_A004,P021N_A004,20241023,25x,0.26,0.26,0.26,21,0.10406040588977533,"(166.44909313600635, 116.68046803883048, 122.90400464229315)",19.910487723044202,0,21
2,8836.0,10777.0,"(88.69216840199185, 137.4753282028067, 71.0449298325034)",0.8198942191704556,155.301536,192.58855605271015,0.7255001081948279,16.997584097695235,11.969359672889672,11.032918000426605,0.9217634277810127,0.7041800531237049,0.6490874195423219,0.45707441357524065,0.598305044766863,20241023_P021N_A004,P021N_A004,20241023,25x,0.26,0.26,0.26,21,0.09667851585787897,"(166.44909313600635, 116.68046803883048, 122.90400464229315)",24.894819008736604,0,21
3,7828.0,9332.0,"(86.92999489013796, 153.23748083801738, 116.28002043944814)",0.8388341191598799,137.58492800000002,170.29117570254505,0.7568431556989814,15.367335838856707,13.029124098515933,9.747968250235251,0.7481675803015478,0.8478453412576209,0.6343303974386543,0.5378140722864582,0.47458543856339713,20241023_P021N_A004,P021N_A004,20241023,25x,0.26,0.26,0.26,21,0.0870491524051255,"(166.44909313600635, 116.68046803883048, 122.90400464229315)",22.820209534647873,0,21
4,20138.0,23499.0,"(110.75911212632833, 96.99319694110636, 159.42059787466482)",0.856972637133495,353.945488,327.6725374481005,0.7384736448175404,25.04079723256313,18.776092358024073,10.897240299001858,0.5803784989556071,0.749820070968331,0.4351794472753868,0.3263062840399896,0.25256879438601976,20241023_P021N_A004,P021N_A004,20241023,25x,0.26,0.26,0.26,21,0.2172629077941439,"(166.44909313600635, 116.68046803883048, 122.90400464229315)",18.055355896730706,0,21
5,34839.0,37994.0,"(120.37621630930853, 61.567151755216855, 128.67926748758575)",0.9169605727220087,612.330264,433.6862746589748,0.8040793887294301,31.53444552950173,20.04353123345448,13.478055192666504,0.6724391543427438,0.6356075363590254,0.4274073942431379,0.2716633608765116,0.28740546674469136,20241023_P021N_A004,P021N_A004,20241023,25x,0.26,0.26,0.26,21,0.2698153896683526,"(166.44909313600635, 116.68046803883048, 122.90400464229315)",18.737219376778913,0,21
6,27640.0,34478.0,"(133.25922575976844, 167.20054269175108, 143.87637481910275)",0.8016706305470155,485.80064000000004,399.43621188290933,0.7481845662248306,27.440965676866448,20.222324130420382,12.551223501126321,0.6206617706342444,0.7369392305121537,0.45739000765951093,0.3370686402885481,0.2838844920243627,20241023_P021N_A004,P021N_A004,20241023,25x,0.26,0.26,0.26,21,0.34021434841403525,"(166.44909313600635, 116.68046803883048, 122.90400464229315)",16.635298109592494,1,21
7,25947.0,29070.0,"(140.4602844259452, 174.99587620919567, 124.10374995182488)",0.8925696594427245,456.04447200000004,364.7182935372117,0.7855937888319438,28.550844824487267,17.6103080563387,12.755122253589594,0.724298644452076,0.6168051476093214,0.44675113230449415,0.275558398105705,0.3235812395355752,20241023_P021N_A004,P021N_A004,20241023,25x,0.26,0.26,0.26,21,0.3795643957701923,"(166.44909313600635, 116.68046803883048, 122.90400464229315)",16.60246973316705,1,21
8,8405.0,10291.0,"(131.18976799524094, 153.97370612730518, 74.95490779298036)",0.8167330677290837,147.72628,179.50395625855208,0.752861821459287,16.342251124399024,13.227874817563281,10.235314500858507,0.7737686243650107,0.8094279494832893,0.6263099509942762,0.5069527793742764,0.4846189892069584,20241023_P021N_A004,P021N_A004,20241023,25x,0.26,0.26,0.26,21,0.3289058360395679,"(166.44909313600635, 116.68046803883048, 122.90400464229315)",18.261407770200407,0,21
9,22992.0,24792.0,"(148.2787056367432, 115.07998434237996, 56.767658315935975)",0.9273959341723137,404.107392,333.52005357253546,0.7925500585846698,30.745560097053882,15.79354352908558,11.521242344432059,0.729490650607598,0.51368534120798,0.3747286537653953,0.19249261636988413,0.27336104943662753,20241023_P021N_A004,P021N_A004,20241023,25x,0.26,0.26,0.26,21,0.42228800894395196,"(166.44909313600635, 116.68046803883048, 122.90400464229315)",17.837479655733397,0,21
10,35349.0,38168.0,"(150.0775693796147, 66.59789527285072, 84.15547823135024)",0.926142318172291,621.294024,446.50904126865566,0.7885913059811261,32.562630285920534,21.468654654705315,12.416625663208508,0.5783606780635944,0.6593034551016586,0.3813151933422658,0.2514024244533128,0.22053771377738343,20241023_P021N_A004,P021N_A004,20241023,25x,0.26,0.26,0.26,21,0.4321178654623754,"(166.44909313600635, 116.68046803883048, 122.90400464229315)",17.005151244179096,0,21
11,29625.0,31741.0,"(152.38217721518987, 133.71493670886076, 176.13103797468355)",0.9333354336662361,520.6890000000001,385.3829269615128,0.812164350119087,31.473598973853214,18.099502500159204,12.631905613886898,0.6979145207872861,0.5750693625853027,0.4013492586081716,0.23080366232188507,0.2801074754898547,20241023_P021N_A004,P021N_A004,20241023,25x,0.26,0.26,0.26,21,0.4447113509026769,"(166.44909313600635, 116.68046803883048, 122.90400464229315)",14.983690422797753,0,21
12,21597.0,23530.0,"(173.77459832384127, 166.6431448812335, 78.00759364726582)",0.917849553761156,379.58887200000004,318.54762029888207,0.7958882154444918,24.113962781576976,21.160289989912147,10.346279427832107,0.4889479034911403,0.8775119287352707,0.42905761784357754,0.3765031777724785,0.20978682272152013,20241023_P021N_A004,P021N_A004,20241023,25x,0.26,0.26,0.26,21,0.5616098269062365,"(166.44909313600635, 116.68046803883048, 122.90400464229315)",17.56803631842462,0,21
13,28174.0,30879.0,"(179.4671328174913, 84.32764250727621, 177.5791509902747)",0.9124000129537874,495.18622400000004,378.30467996699866,0.8001193620400064,28.670983586303723,18.505525943992666,12.974451281054302,0.7011122688607571,0.6454444050825257,0.4525289912708912,0.29208230555343584,0.3172736277952043,20241023_P021N_A004,P021N_A004,20241023,25x,0.26,0.26,0.26,21,0.5927165727731766,"(166.44909313600635, 116.68046803883048, 122.90400464229315)",16.861047720450966,1,21
14,21923.0,24758.0,"(194.62007936869955, 57.30424668156731, 155.08201432285728)",0.885491558284191,385.31864800000005,336.1516270825625,0.7617788754749892,24.507656661411747,22.0362260035002,10.0403951581765,0.45563133889540336,0.8991567944640374,0.4096840141385484,0.36837016489597657,0.18666487588599015,20241023_P021N_A004,P021N_A004,20241023,25x,0.26,0.26,0.26,21,0.6755195593918008,"(166.44909313600635, 116.68046803883048, 122.90400464229315)",19.025471237408144,0,21
15,19196.0,20907.0,"(210.07605751198167, 161.77682850593874, 130.8291310689727)",0.9181613813555268,337.38889600000005,291.0799088829417,0.8051789595314545,27.144942408471643,14.863887887295279,11.62374319738988,0.7820123029402777,0.5475748544103163,0.4282102729295987,0.2344771778564268,0.33486570167636026,20241023_P021N_A004,P021N_A004,20241023,25x,0.26,0.26,0.26,21,0.7599784563496267,"(166.44909313600635, 116.68046803883048, 122.90400464229315)",16.443435561945343,1,21
16,19743.0,22161.0,"(209.40991743909234, 149.97487717165578, 163.58922149622651)",0.8908894002978205,347.002968,293.90196093176235,0.8125256885591478,22.179747431170014,18.3308778733858,11.905452868412182,0.6494753252214641,0.8264691890776331,0.5367713453617154,0.44362497852120714,0.348619744098363,20241023_P021N_A004,P021N_A004,20241023,25x,0.26,0.26,0.26,21,0.7563383466617067,"(166.44909313600635, 116.68046803883048, 122.90400464229315)",17.652136966767422,0,21
17,18464.0,20720.0,"(210.14238518197573, 119.35723570190642, 78.16274913344887)",0.8911196911196911,324.52326400000004,285.70115418205637,0.799348234139732,22.285569590066217,18.254636327895852,11.176360614037005,0.61224778260621,0.8191236151322265,0.5015066170450884,0.4107959131667059,0.3070463142481971,20241023_P021N_A004,P021N_A004,20241023,25x,0.26,0.26,0.26,21,0.7603409026337471,"(166.44909313600635, 116.68046803883048, 122.90400464229315)",16.274522998921487,0,21
18,19369.0,21316.0,"(210.6732923744127, 158.0410449687645, 96.9569415044659)",0.9086601613811222,340.429544,282.53852964443854,0.8344966657913717,21.177885751361703,18.18638779483995,12.449141818594635,0.684530757786153,0.8587442584381018,0.5878368579731419,0.5048015266827295,0.402392409842986,20241023_P021N_A004,P021N_A004,20241023,25x,0.26,0.26,0.26,21,0.7632420348328564,"(166.44909313600635, 116.68046803883048, 122.90400464229315)",17.127917539584153,0,21
19,15575.0,17982.0,"(208.72487961476725, 73.97695024077046, 92.23704654895666)",0.8661439216994773,273.74620000000004,263.69448100698327,0.7731821461210087,22.141044598980006,17.587353554597367,9.96123910836389,0.5663864706785293,0.7943326014260222,0.4498992386665796,0.357369632629611,0.2548168419493213,20241023_P021N_A004,P021N_A004,20241023,25x,0.26,0.26,0.26,21,0.7525949705724986,"(166.44909313600635, 116.68046803883048, 122.90400464229315)",17.54045419718548,0,21
20,25573.0,27825.0,"(232.96582332929262, 92.23442693465765, 143.69256637860244)",0.9190655884995508,449.47104800000005,337.56589776094575,0.8406077186743409,24.351560949734353,17.70892804833699,14.491825601389628,0.8183344334470051,0.7272194207546344,0.595108692674903,0.43277459877309066,0.4869979348595046,20241023_P021N_A004,P021N_A004,20241023,25x,0.26,0.26,0.26,21,0.885059143875916,"(166.44909313600635, 116.68046803883048, 122.90400464229315)",19.201750095624824,0,21
21,23983.0,26697.0,"(238.6757286411208, 117.79823208105742, 108.50831839219447)",0.8983406375248155,421.525208,326.8811536162211,0.8317189757677463,20.709095494595655,19.48279790026687,14.61413200430876,0.750104378186286,0.9407845893294179,0.7056866393861834,0.6638991152301875,0.529338637831143,20241023_P021N_A004,P021N_A004,20241023,25x,0.26,0.26,0.26,21,0.9162608122465618,"(166.44909313600635, 116.68046803883048, 122.90400464229315)",19.150499496062572,0,21
1,16635.0,18103.0,"(25.905680793507663, 242.97132551848512, 229.7911632100992)",0.918908468209689,565.79334624,435.4507564597949,0.7597142962972915,26.60825757212295,17.61066826339755,8.576704697967529,0.4870175605881785,0.6618497365211906,0.32233244415647894,0.21333564323719695,0.15698156065151364,20231108_P021N_B014,P021N_B014,20231108,40x,0.324,0.324,0.324,17,0.4710123780637757,"(26.42360080984645, 297.3310046906948, 276.18090746902936)",23.154671579620267,1,17
2,13286.0,14895.0,"(14.227457474032816, 270.5986752973054, 309.184479903658)",0.8919771735481705,451.886408064,334.3821277664672,0.8516488937982627,22.139200445703683,14.465090554418587,10.375041974235938,0.7172469425756011,0.6533700523600288,0.468627672425691,0.30618728687013214,0.3361217652536472,20231108_P021N_B014,P021N_B014,20231108,40x,0.324,0.324,0.324,17,0.25868104498241484,"(26.42360080984645, 297.3310046906948, 276.18090746902936)",14.316984576872475,3,17
3,3445.0,3855.0,"(5.494049346879535, 290.2284470246734, 235.3280116110305)",0.893644617380026,117.17211168,111.4298858681079,1.0391987365089939,13.31108730772358,9.150490143647518,7.656656904403798,0.8367482816993389,0.6874337108688385,0.5752089763517009,0.39541804113851575,0.4813051225803213,20231108_P021N_B014,P021N_B014,20231108,40x,0.324,0.324,0.324,17,0.09989180630690064,"(26.42360080984645, 297.3310046906948, 276.18090746902936)",15.049273533775361,2,17
4,13355.0,15367.0,"(10.952676900037439, 301.3112691875702, 312.14166978659676)",0.8690700852476085,454.23325152,312.94229424510047,0.9131437361047584,22.256558452330278,13.670721006775358,11.235107616901901,0.8218372396988908,0.6142333746727147,0.5047998611719584,0.3100649222619698,0.4148633245059456,20231108_P021N_B014,P021N_B014,20231108,40x,0.324,0.324,0.324,17,0.19913958000068072,"(26.42360080984645, 297.3310046906948, 276.18090746902936)",12.749177350149887,2,17
5,7785.0,10265.0,"(10.594733461785484, 302.1382145150931, 219.94887604367372)",0.75840233804189,264.78516384,223.14059042762736,0.8936510670981037,15.437617185154236,13.959992967707697,9.7478385365471,0.6982695878927614,0.9042841780746116,0.6314341403621034,0.5709959026255935,0.44091125697206596,20231108_P021N_B014,P021N_B014,20231108,40x,0.324,0.324,0.324,17,0.1926315174870088,"(26.42360080984645, 297.3310046906948, 276.18090746902936)",18.9912197619391,2,17
6,9989.0,12435.0,"(19.73641005105616, 331.37281009110023, 213.32655921513665)",0.803297145154805,339.748105536,333.6369616852031,0.705745302421254,22.700021173245812,14.772729955177361,8.004282236314541,0.5418282376108351,0.6507804482838309,0.35261122336521733,0.22947249001152611,0.19105471771777624,20231108_P021N_B014,P021N_B014,20231108,40x,0.324,0.324,0.324,17,0.35884381911011204,"(26.42360080984645, 297.3310046906948, 276.18090746902936)",23.26092586367384,3,17
7,5298.0,5788.0,"(7.510003775009437, 344.0343525858815, 260.0834277085693)",0.9153420870767104,180.196762752,151.94628381914973,1.015372424430805,13.335465907570157,12.159690385288695,8.230977770174421,0.6769068544814764,0.9118309378591708,0.6172246119651458,0.5628044967979418,0.4178035705938767,20231108_P021N_B014,P021N_B014,20231108,40x,0.324,0.324,0.324,17,0.13654552318198976,"(26.42360080984645, 297.3310046906948, 276.18090746902936)",17.138515000679725,1,17
8,8824.0,10814.0,"(14.829102447869447, 352.19084315503176, 220.92588395285586)",0.8159792861105973,300.123864576,263.77278850277565,0.8218410323312437,20.089067570110533,12.035490750595065,9.151946416110553,0.7604132316464169,0.5991064895665958,0.45556850183167547,0.2729340458894884,0.346420316714141,20231108_P021N_B014,P021N_B014,20231108,40x,0.324,0.324,0.324,17,0.2696200445067172,"(26.42360080984645, 297.3310046906948, 276.18090746902936)",25.50592513620384,3,17
9,14758.0,16005.0,"(29.303699688304647, 270.40506843745766, 218.47452229299364)",0.9220868478600437,501.952401792,387.5143049533834,0.7882029874688167,28.045848096952774,12.736654808538164,10.133691922791028,0.7956321400810666,0.45413691055119215,0.3613259220316489,0.16409143793351397,0.28748251661280555,20231108_P021N_B014,P021N_B014,20231108,40x,0.324,0.324,0.324,17,0.5327945397873572,"(26.42360080984645, 297.3310046906948, 276.18090746902936)",20.653133174385008,1,17
10,19471.0,21006.0,"(20.47280571105747, 304.2811360484824, 413.10523342406657)",0.9269256402932495,662.252013504,424.7687853728948,0.8649952477453926,20.86151711205457,15.419929858503254,14.634981771521653,0.9490952232478058,0.7391566862408601,0.7015300801428775,0.5185406493366943,0.6658188480282555,20231108_P021N_B014,P021N_B014,20231108,40x,0.324,0.324,0.324,17,0.37223283111013583,"(26.42360080984645, 297.3310046906948, 276.18090746902936)",44.46241898030648,0,17
11,25152.0,27758.0,"(35.37297232824427, 254.77119115776082, 294.2242763994911)",0.9061171554146552,855.4754580480001,508.848145550068,0.856447931969031,28.44185851836912,16.92863406253963,13.170854909070796,0.778022305899789,0.595201401891733,0.4630799671745932,0.2756258456502956,0.36028654387717557,20231108_P021N_B014,P021N_B014,20231108,40x,0.324,0.324,0.324,17,0.6431449514226232,"(26.42360080984645, 297.3310046906948, 276.18090746902936)",15.255522507682306,2,17
12,9002.0,9936.0,"(26.560653188180403, 350.28304821150857, 243.18173739169075)",0.9059983896940419,306.178040448,270.9096512355295,0.8109156340089647,18.20969281127741,14.761531062133592,8.15469106375083,0.5524285407405547,0.810641410325805,0.4478214513701496,0.36302261291284704,0.24738935089272904,20231108_P021N_B014,P021N_B014,20231108,40x,0.324,0.324,0.324,17,0.4829209670578255,"(26.42360080984645, 297.3310046906948, 276.18090746902936)",20.21532284279736,4,17
13,11928.0,15008.0,"(31.395791415157614, 350.05843393695505, 285.0121562709591)",0.7947761194029851,405.697807872,350.1917160644756,0.7567980948047489,21.686912200576113,14.512752852391737,10.036493812163076,0.6915637518425072,0.669194061292239,0.46279035573798544,0.3096965576831825,0.3200490347306898,20231108_P021N_B014,P021N_B014,20231108,40x,0.324,0.324,0.324,17,0.5708325711846839,"(26.42360080984645, 297.3310046906948, 276.18090746902936)",17.39640280724783,0,17
14,15487.0,17544.0,"(39.41363724414025, 293.5652482727449, 319.777878220443)",0.8827519379844961,526.747313088,365.7215630949913,0.8624523499462958,23.28074001960859,15.690788565239245,10.728467497673385,0.6837430415346243,0.6739815208633152,0.460830175013215,0.31059102221511437,0.3150894254944689,20231108_P021N_B014,P021N_B014,20231108,40x,0.324,0.324,0.324,17,0.7166115862570954,"(26.42360080984645, 297.3310046906948, 276.18090746902936)",14.789518753894553,2,17
15,12861.0,13960.0,"(40.7526630899619, 309.3382318637742, 221.1232408055361)",0.9212750716332379,437.43121286400003,305.6183934770811,0.911824272021284,20.29869103868395,15.759364355637384,10.338039699208819,0.6559934440192527,0.7763734284936992,0.5092958792026168,0.3954037878542484,0.3340947578229379,20231108_P021N_B014,P021N_B014,20231108,40x,0.324,0.324,0.324,17,0.74095751072658,"(26.42360080984645, 297.3310046906948, 276.18090746902936)",18.8389832420662,2,17
16,8356.0,9583.0,"(45.18729056965055, 354.74281953087603, 227.48970799425564)",0.8719607638526558,284.20614374400003,222.46693701847767,0.9396676819593722,16.230638637876936,14.980731431677766,9.553816644538363,0.6377403325138167,0.9229908795281597,0.5886285104175087,0.543298746545607,0.3753921419607746,20231108_P021N_B014,P021N_B014,20231108,40x,0.324,0.324,0.324,17,0.8215871012663737,"(26.42360080984645, 297.3310046906948, 276.18090746902936)",25.136690611491034,2,17
17,3912.0,4448.0,"(48.761247443762784, 239.26150306748465, 275.0069018404908)",0.8794964028776978,133.055820288,128.66631904993,0.9795843369294498,14.476032900694726,9.651455480332558,7.263661386293807,0.7525975124783484,0.6667196424974532,0.501771544464037,0.33454094474045776,0.3776320161960533,20231108_P021N_B014,P021N_B014,20231108,40x,0.324,0.324,0.324,17,0.8865681353411415,"(26.42360080984645, 297.3310046906948, 276.18090746902936)",20.162110935113432,1,17
1,11090.0,12606.0,"(54.28746618575293, 191.97294860234445, 205.89783588818756)",0.8797398064413772,377.19556416,333.42171581799965,0.7571837650307858,19.63979598853462,16.831711171586857,8.231337130794593,0.4890374512063684,0.8570206727917604,0.41911520545324954,0.3591903953548008,0.20496303183669057,20231108_P021N_B012,P021N_B012,20231108,40x,0.324,0.324,0.324,16,0.10374182283919063,"(120.59311387189472, 243.92486197419026, 182.33346650557638)",28.339759236565534,0,16
2,8423.0,10795.0,"(70.76635403063041, 226.012703312359, 251.2096640151965)",0.7802686428902269,286.484962752,341.9988260647372,0.6145077956442019,23.751913198050882,16.35610134249496,5.728281231084905,0.3502228991576493,0.6886224787920312,0.24117136094767205,0.1660760203894336,0.08446373322488959,20231108_P021N_B012,P021N_B012,20231108,40x,0.324,0.324,0.324,16,0.20870289191484342,"(120.59311387189472, 243.92486197419026, 182.33346650557638)",28.147903496153166,1,16
3,3924.0,5448.0,"(66.6946992864424, 299.4051987767584, 230.0769622833843)",0.7202643171806168,133.463966976,198.2100755910414,0.6371882376389223,14.1349616712422,12.453433402486837,6.397756929426893,0.5137343833347452,0.8810376492087376,0.4526193334109444,0.3987746734948043,0.23252611413525498,20231108_P021N_B012,P021N_B012,20231108,40x,0.324,0.324,0.324,16,0.18276878526396437,"(120.59311387189472, 243.92486197419026, 182.33346650557638)",29.45113352120385,0,16
4,22919.0,25082.0,"(82.74113181203369, 195.8808848553602, 141.64400715563505)",0.9137628578263296,779.526161856,595.2378736761127,0.6881461714943079,32.272634562372765,21.605417806479696,8.032978406409157,0.37180389096664357,0.6694655735255601,0.24890990510501887,0.16663661237732416,0.09254567121818404,20231108_P021N_B012,P021N_B012,20231108,40x,0.324,0.324,0.324,16,0.28497536186008715,"(120.59311387189472, 243.92486197419026, 182.33346650557638)",23.801606277528816,0,16
5,11900.0,14642.0,"(86.710756302521, 316.81747899159666, 187.82008403361345)",0.8127305012976369,404.7454656,401.2267401720205,0.6595011894761856,26.976171643147932,16.913546827761806,6.961564913239602,0.4115969869674483,0.6269809909093577,0.2580634867441567,0.16180090063637526,0.10621815359020893,20231108_P021N_B012,P021N_B012,20231108,40x,0.324,0.324,0.324,16,0.3102595942835733,"(120.59311387189472, 243.92486197419026, 182.33346650557638)",26.104530892023842,0,16
6,15777.0,17626.0,"(100.40064651074348, 292.9087278950371, 141.14945807187678)",0.8950981504595484,536.610858048,439.91414280341996,0.7259206836334938,30.67439805189904,15.926874678101148,8.02872059321549,0.5040989368902788,0.5192237073781835,0.26174011889757154,0.1359016749036036,0.131942915677801,20231108_P021N_B012,P021N_B012,20231108,40x,0.324,0.324,0.324,16,0.3974563472021878,"(120.59311387189472, 243.92486197419026, 182.33346650557638)",21.742494091614553,0,16
7,18146.0,19719.0,"(104.80304199272567, 199.29455527388956, 232.968422792902)",0.9202292205487094,617.185816704,458.13554964487713,0.7651867183154119,29.025091371283253,16.56195963205276,9.26028552876233,0.5591298212586315,0.5706083546885498,0.31904414736569064,0.18204925600134794,0.1783870970901911,20231108_P021N_B012,P021N_B012,20231108,40x,0.324,0.324,0.324,16,0.42549708275621445,"(120.59311387189472, 243.92486197419026, 182.33346650557638)",22.459275801061683,1,16
8,7881.0,9531.0,"(97.44055322928563, 250.2145666793554, 116.89481030326101)",0.8268807050676739,268.050337344,293.657070825749,0.6846278588157836,19.819542723261577,15.74583509821196,6.5883527573308385,0.4184187574833035,0.7944600598545377,0.3324169911144466,0.2640920226574486,0.13908950438844506,20231108_P021N_B012,P021N_B012,20231108,40x,0.324,0.324,0.324,16,0.3786022498680613,"(120.59311387189472, 243.92486197419026, 182.33346650557638)",22.582170527449957,0,16
9,12436.0,14315.0,"(116.69298809906722, 182.2750080411708, 202.61740109359923)",0.8687390848760042,422.976017664,401.9669317155468,0.6779083141996438,28.55998574446447,16.39215493336204,6.63777214954678,0.4049359084593138,0.5739552911555352,0.2324151072390966,0.13339588054436066,0.09411322258953243,20231108_P021N_B012,P021N_B012,20231108,40x,0.324,0.324,0.324,16,0.5012292235609377,"(120.59311387189472, 243.92486197419026, 182.33346650557638)",21.065864763196817,1,16
10,15047.0,16974.0,"(138.8917392171197, 198.75922110719745, 148.16149398551207)",0.8864734299516909,511.781934528,415.6819172436673,0.7443541711820069,24.379547070617114,17.89429336050944,8.599817555721074,0.48058995024077567,0.7339879329454863,0.35274722417160104,0.2589122059219715,0.16952677091220147,20231108_P021N_B012,P021N_B012,20231108,40x,0.324,0.324,0.324,16,0.6426225427842018,"(120.59311387189472, 243.92486197419026, 182.33346650557638)",19.284121022848776,0,16
11,12967.0,14438.0,"(145.9220328526259, 313.25541759851933, 193.82517158941928)",0.8981160825599114,441.036508608,367.51160105648984,0.7624231933803526,25.62838677319241,14.762453622760626,8.540730481132917,0.5785441024495339,0.5760196204859185,0.33325275432734686,0.19196012507352536,0.19280141564114991,20231108_P021N_B012,P021N_B012,20231108,40x,0.324,0.324,0.324,16,0.6874014831377445,"(120.59311387189472, 243.92486197419026, 182.33346650557638)",24.20334078692264,0,16
12,14762.0,16315.0,"(148.9538002980626, 219.12328952716433, 226.57763175721448)",0.9048115231382163,502.088450688,388.7734056583679,0.7857922295013275,22.430564919122517,17.230290212014616,9.31447955151534,0.5405875024101677,0.7681612243892012,0.4152583577408947,0.31898536852009457,0.22448347846609817,20231108_P021N_B012,P021N_B012,20231108,40x,0.324,0.324,0.324,16,0.7067121038093158,"(120.59311387189472, 243.92486197419026, 182.33346650557638)",18.82825495216825,0,16
13,19433.0,21595.0,"(160.52235887408017, 285.4691504142438, 149.49632069160705)",0.8998842324612178,660.959548992,465.06487813634,0.7890184694223273,24.632605347263368,18.851752824139382,10.433130069114506,0.5534302388982654,0.7653170486179925,0.42354959704957096,0.32414972755731764,0.2344051546804081,20231108_P021N_B012,P021N_B012,20231108,40x,0.324,0.324,0.324,16,0.7803971902807654,"(120.59311387189472, 243.92486197419026, 182.33346650557638)",21.488188695578945,0,16
14,13541.0,15200.0,"(161.71597370947492, 273.5216749132265, 227.36474411047928)",0.8908552631578948,460.559525184,375.1919777450797,0.7686956553537834,22.74958508332497,17.041286931493406,8.730350487117903,0.5123058206938378,0.7490812192431746,0.38375866879071524,0.2874664115128866,0.19660179976320208,20231108_P021N_B012,P021N_B012,20231108,40x,0.324,0.324,0.324,16,0.7879998325444263,"(120.59311387189472, 243.92486197419026, 182.33346650557638)",21.96250890642584,0,16
15,5700.0,6875.0,"(162.30666666666667, 280.9449122807018, 103.01701754385965)",0.8290909090909091,193.8696768,199.03517157969884,0.8138809583857902,13.687694077449063,10.942917896784671,9.864499444532317,0.9014505580299361,0.7994712502242066,0.7206838046435018,0.5761659823146783,0.6496608178590222,20231108_P021N_B012,P021N_B012,20231108,40x,0.324,0.324,0.324,16,0.7917622080679406,"(120.59311387189472, 243.92486197419026, 182.33346650557638)",31.415644966860533,0,16
16,13805.0,15778.0,"(184.36139080043463, 260.20659181455994, 184.1705903658095)",0.874952465458233,469.53875232,374.96880128321675,0.779118083390237,24.80024846604423,13.581322997227547,10.130079705521625,0.7458831299122738,0.547628505247546,0.4084668635232196,0.22368809791437408,0.3046685426301486,20231108_P021N_B012,P021N_B012,20231108,40x,0.324,0.324,0.324,16,0.9322381579645518,"(120.59311387189472, 243.92486197419026, 182.33346650557638)",21.33205491899131,0,16
1,1681.0,2236.0,"(54.96371207614515, 105.10826888756692, 77.57465794170137)",0.751788908765653,57.174548544000004,98.38607247029853,0.7294894181268473,10.654022828989191,7.298134463545964,5.956305833195158,0.8161408731158334,0.6850120917413485,0.5590663666486875,0.382967221240253,0.4562769126063564,20231108_P021N_A008,P021N_A008,20231108,40x,0.324,0.324,0.324,13,0.0703405260216682,"(101.18467384862113, 101.37043719276227, 97.3362793292194)",16.331883181575403,0,13
2,17346.0,18829.0,"(82.94990199469618, 83.96074022829471, 117.44171566931857)",0.9212385150565617,589.976037504,425.77643227744755,0.7989607067732302,24.34030197600236,16.992643099954627,10.288660641498126,0.6054773575233625,0.698127866971743,0.42270061610747245,0.2950990794907513,0.2559356520642497,20231108_P021N_A008,P021N_A008,20231108,40x,0.324,0.324,0.324,13,0.3530293130777392,"(101.18467384862113, 101.37043719276227, 97.3362793292194)",10.447847216669595,0,13
3,8575.0,9672.0,"(75.00501457725947, 95.14425655976676, 58.02332361516035)",0.8865798180314309,291.6548208,277.7112816703159,0.7658376406138788,18.670625427389894,15.485733956448387,7.261396555947024,0.4689087760624558,0.8294169906987017,0.38892090595393347,0.3225776074361243,0.18236842599596043,20231108_P021N_A008,P021N_A008,20231108,40x,0.324,0.324,0.324,13,0.272777925022823,"(101.18467384862113, 101.37043719276227, 97.3362793292194)",15.435627861529817,0,13
4,11209.0,12608.0,"(82.84833615844411, 77.7278080114194, 83.85315371576412)",0.8890387055837563,381.243018816,307.63846922163657,0.8265035995446437,20.670858296912947,12.795581134562202,10.538450277160871,0.8236007545366905,0.6190154734152058,0.5098216109746502,0.31558746587477593,0.4198894634778329,20231108_P021N_A008,P021N_A008,20231108,40x,0.324,0.324,0.324,13,0.35200339553983945,"(101.18467384862113, 101.37043719276227, 97.3362793292194)",10.632877723241519,0,13
5,9189.0,12025.0,"(83.1303732723909, 136.68081401675917, 103.82119925998477)",0.7641580041580042,312.538326336,333.6722923983576,0.6674716651757897,21.491094144457524,17.10705113195083,6.800488869035176,0.39752548914370794,0.796006523305035,0.3164328825384164,0.25188263868879535,0.12579013641223746,20231108_P021N_A008,P021N_A008,20231108,40x,0.324,0.324,0.324,13,0.3548522552766758,"(101.18467384862113, 101.37043719276227, 97.3362793292194)",13.019941782898723,0,13
6,12721.0,13727.0,"(100.85685087650342, 113.02185362785944, 122.23622356732962)",0.9267137757703795,432.669501504,323.6131052355006,0.8548610816971237,19.81987488619355,13.816838949628483,11.262377133655033,0.8151196648317207,0.6971203919785206,0.5682365402568894,0.3961292796804011,0.46318077823933235,20231108_P021N_A008,P021N_A008,20231108,40x,0.324,0.324,0.324,13,0.5339075846111457,"(101.18467384862113, 101.37043719276227, 97.3362793292194)",8.907762327624075,0,13
7,9126.0,10141.0,"(104.08064869603331, 130.017422748192, 65.50010957703266)",0.899911251355882,310.395556224,293.08767496395404,0.756420979319723,19.819369102921193,15.646723639629721,7.230471019961666,0.46210767100458444,0.7894662821191184,0.364818424966714,0.2880118456070243,0.16858539270092898,20231108_P021N_A008,P021N_A008,20231108,40x,0.324,0.324,0.324,13,0.5664711989498314,"(101.18467384862113, 101.37043719276227, 97.3362793292194)",13.907785033115067,0,13
8,14599.0,15935.0,"(110.8375916158641, 99.32577573806425, 64.73587232002193)",0.9161593975525573,496.54445817600003,354.33291966026064,0.8558113616623791,17.786807768376832,16.76874909015472,11.925719142692017,0.7111871659940248,0.9427632720002677,0.6704811396171243,0.6321049929999084,0.47683758153674666,20231108_P021N_A008,P021N_A008,20231108,40x,0.324,0.324,0.324,13,0.6347231476349909,"(101.18467384862113, 101.37043719276227, 97.3362793292194)",11.035736785387655,0,13
9,1820.0,2289.0,"(105.24175824175825, 162.9434065934066, 106.1901098901099)",0.7951070336391437,61.90224768,100.20957016038851,0.7551719860591605,9.921692067190106,8.186312863288302,6.11275630394584,0.7467044573093008,0.8250924144642119,0.61610018357252,0.5083395880156947,0.4600447532226792,20231108_P021N_A008,P021N_A008,20231108,40x,0.324,0.324,0.324,13,0.5781995781995782,"(101.18467384862113, 101.37043719276227, 97.3362793292194)",20.197653802611747,0,13
10,7375.0,8590.0,"(116.81410169491525, 132.75457627118644, 100.97057627118645)",0.8585564610011641,250.84015200000002,248.7496292206955,0.7732496271469327,18.19919316346178,13.102031105897087,7.797765931542639,0.5951570308845432,0.7199237344324594,0.4284676722481349,0.3084640466884603,0.25500554764521155,20231108_P021N_A008,P021N_A008,20231108,40x,0.324,0.324,0.324,13,0.6950919363122753,"(101.18467384862113, 101.37043719276227, 97.3362793292194)",11.420489009587868,1,13
11,10044.0,10991.0,"(132.85434090003983, 70.13759458383115, 133.93199920350457)",0.9138385952142662,341.618777856,266.50862050353606,0.8867489569292986,16.562346496467278,13.637094067115678,10.856548734565116,0.7961042639387863,0.823379348453098,0.655495810142651,0.5397217130689916,0.5218430094485736,20231108_P021N_A008,P021N_A008,20231108,40x,0.324,0.324,0.324,13,0.8571145545458568,"(101.18467384862113, 101.37043719276227, 97.3362793292194)",18.66224526038729,0,13
12,7165.0,8188.0,"(132.86643405443127, 111.88569434752267, 80.71304954640614)",0.8750610649731314,243.69758496,224.9308803955799,0.838820801170321,14.26431318751821,12.42852556640356,10.089971325227909,0.8118397690312386,0.8713020671250382,0.7073576689312318,0.6163221991365305,0.5742610865676064,20231108_P021N_A008,P021N_A008,20231108,40x,0.324,0.324,0.324,13,0.8572367076205178,"(101.18467384862113, 101.37043719276227, 97.3362793292194)",12.082360675881974,1,13
13,3882.0,4412.0,"(142.14270994332819, 51.05564142194745, 167.26429675425038)",0.8798730734360835,132.035453568,122.06102317977191,1.0273083690602833,12.88615637274236,10.66575963002608,7.311792607309614,0.6855388515156079,0.8276913085260236,0.5674145490563808,0.4696440905851795,0.38898471829335785,20231108_P021N_A008,P021N_A008,20231108,40x,0.324,0.324,0.324,13,0.9509364640740221,"(101.18467384862113, 101.37043719276227, 97.3362793292194)",30.90604567049205,0,13
1,16368.0,17968.0,"(27.497434017595307, 91.39925464320626, 123.33131720430107)",0.9109528049866429,556.712082432,391.989004583604,0.8348927133863013,22.083511343418365,15.45489184952031,11.854065194256915,0.7670105562482369,0.6998385179414138,0.5367835309301855,0.3756617907415401,0.41171863464365416,20231108_P021N_B002,P021N_B002,20231108,40x,0.324,0.324,0.324,8,0.1718482710166178,"(60.242739770601155, 87.99163932499978, 104.87796126069941)",12.228127591945498,0,8
2,12008.0,13304.0,"(28.21335776149234, 100.69745169886743, 91.20069953364424)",0.9025856885147324,408.418785792,324.7326446081012,0.8197762177029548,20.46006566228622,13.696644268063151,10.594148808630592,0.7734849939363079,0.6694330553058783,0.5177964227240313,0.3466300412906024,0.40050776289093926,20231108_P021N_B002,P021N_B002,20231108,40x,0.324,0.324,0.324,8,0.17930581001554521,"(60.242739770601155, 87.99163932499978, 104.87796126069941)",12.011560843533658,0,8
3,10834.0,12305.0,"(37.197618608085655, 63.37613069964925, 100.65635960863946)",0.8804550995530273,368.488434816,321.46343265340266,0.7732177014125365,21.87401980190967,14.865106248865034,8.19337376362119,0.5511816482473351,0.6795781654896035,0.3745710133674599,0.25455028210984015,0.20645666853355113,20231108_P021N_B002,P021N_B002,20231108,40x,0.324,0.324,0.324,8,0.27289186050089226,"(60.242739770601155, 87.99163932499978, 104.87796126069941)",11.010389534694365,0,8
4,16256.0,17605.0,"(64.54509104330708, 100.11977116141732, 130.72914616141733)",0.9233740414654927,552.9027133440001,403.84735869763426,0.8066764130704626,22.722017956366134,17.839282165488815,9.858667871360522,0.5526381487721922,0.785109940487953,0.4338817040939083,0.3406448388799799,0.23977958173658157,20231108_P021N_B002,P021N_B002,20231108,40x,0.324,0.324,0.324,8,0.5577613650344488,"(60.242739770601155, 87.99163932499978, 104.87796126069941)",9.356172908856077,0,8
5,13425.0,14596.0,"(67.86957169459963, 95.89616387337058, 70.65109869646183)",0.9197725404220334,456.61410720000003,363.1486980701023,0.7896461391707036,22.270528615947292,17.571551687023124,8.325630667931488,0.4738130596673543,0.7890046971961248,0.37384072967041027,0.2949620917131804,0.17713061995341337,20231108_P021N_B002,P021N_B002,20231108,40x,0.324,0.324,0.324,8,0.5923913718187461,"(60.242739770601155, 87.99163932499978, 104.87796126069941)",11.64656384296861,0,8
6,12544.0,13844.0,"(74.15401785714286, 67.09582270408163, 125.51251594387755)",0.9060965039006068,426.649337856,334.2001712077316,0.8200836883210504,21.633322234422703,12.927611144580354,11.178072260752483,0.8646664983761265,0.5975786337620433,0.5167062247594157,0.3087725998480749,0.4467785620518718,20231108_P021N_B002,P021N_B002,20231108,40x,0.324,0.324,0.324,8,0.6578543526785714,"(60.242739770601155, 87.99163932499978, 104.87796126069941)",10.52847288837716,0,8
7,12700.0,13648.0,"(86.62259842519686, 113.27685039370078, 93.41299212598425)",0.9305392731535757,431.9552448,327.75532738587077,0.8431280395632456,19.993126180048844,15.787945634715115,9.697742800002494,0.6142498222617857,0.7896686837534151,0.48505384864123346,0.38303183420605114,0.2979442403152727,20231108_P021N_B002,P021N_B002,20231108,40x,0.324,0.324,0.324,8,0.7877354002624672,"(60.242739770601155, 87.99163932499978, 104.87796126069941)",12.408330155074669,0,8
8,16502.0,18602.0,"(89.83904981214398, 69.57320324809115, 94.8157193067507)",0.8871089130201054,561.269720448,409.9021516827441,0.8027586649790235,22.49480322727755,17.805175158711645,10.413455203328349,0.5848555327597154,0.791523934609075,0.46292715246785665,0.36641792115873306,0.2707455063855263,20231108_P021N_B002,P021N_B002,20231108,40x,0.324,0.324,0.324,8,0.8212401022098331,"(60.242739770601155, 87.99163932499978, 104.87796126069941)",11.755571356570947,0,8
1,2828.0,4753.0,"(37.28111739745403, 64.05021216407356, 59.86350777934936)",0.5949926362297496,96.186569472,161.0899866230741,0.630219547482729,14.653016928056351,10.29574817865616,6.786061003158514,0.6591129547269343,0.7026367490876733,0.4631169837909039,0.3254030119381294,0.3052464035706484,20231108_P021N_A002,P021N_A002,20231108,40x,0.324,0.324,0.324,4,0.11936258028613167,"(64.91411269974769, 56.19296888141295, 57.94314550042052)",9.328761202521394,0,4
2,8705.0,9835.0,"(61.616771970132106, 46.19414129810454, 75.4731763354394)",0.8851042196237926,296.07640992,281.9088683663688,0.762040272457258,19.901823433216357,15.20952689915301,7.113773516844767,0.4677182639547401,0.7642278080795424,0.3574433036608999,0.2731681124694798,0.16718276145052305,20231108_P021N_A002,P021N_A002,20231108,40x,0.324,0.324,0.324,4,0.5183077372152805,"(64.91411269974769, 56.19296888141295, 57.94314550042052)",6.625391937593232,0,4
3,9422.0,10489.0,"(67.58894077690512, 47.2096157928253, 43.84812141795797)",0.8982743826866241,320.463174528,296.90436285928666,0.762757170068947,19.172751354814398,16.567149863439468,7.273817789847683,0.43905064237389485,0.8640987178545636,0.37938309714850504,0.32782444782171655,0.16656839250884886,20231108_P021N_A002,P021N_A002,20231108,40x,0.324,0.324,0.324,4,0.6162121438836905,"(64.91411269974769, 56.19296888141295, 57.94314550042052)",5.484364392742641,0,4
4,8770.0,10193.0,"(74.22394526795895, 73.23523375142531, 55.066704675028504)",0.8603943883057,298.28720448,278.51791264496694,0.77515295824378,19.543003744932715,14.17567459477541,8.112540170456938,0.5722860041840194,0.7253580247842405,0.41511224560658594,0.3011049985369437,0.23756292832604833,20231108_P021N_A002,P021N_A002,20231108,40x,0.324,0.324,0.324,4,0.7249827093108026,"(64.91411269974769, 56.19296888141295, 57.94314550042052)",6.360522603635444,0,4
1,21557.0,23722.0,"(15.066335761005705, 217.80284826274527, 323.4807255183931)",0.9087345080515977,733.201512768,430.87392368831775,0.9126049382685061,19.09112287087727,18.5247460792218,15.100469965366806,0.8151512523188743,0.9703329764578983,0.7909681409259566,0.7675024704680539,0.6447586706201254,20231108_P021N_A004,P021N_A004,20231108,40x,0.324,0.324,0.324,123,0.035872228002394535,"(237.90536331313535, 240.77093557514146, 278.1255721368121)",74.05498625134268,5,123
2,17926.0,19154.0,"(11.614526386254603, 230.0784335601919, 283.82751310944997)",0.9358880651561031,609.7031274240001,332.7363548307169,1.0450317494143486,19.205787786246265,15.9497505985299,14.620457540932392,0.9166574392881084,0.8304658354057158,0.7612526860992632,0.6321943479162698,0.697807937890945,20231108_P021N_A004,P021N_A004,20231108,40x,0.324,0.324,0.324,123,0.027653634252987152,"(237.90536331313535, 240.77093557514146, 278.1255721368121)",73.42327885985527,6,123
3,21515.0,23690.0,"(18.53822914245875, 266.12303044387636, 304.6713920520567)",0.9081891093288307,731.77299936,451.1001511949901,0.870553379617779,23.449614425949544,16.343803383358928,13.95505694926856,0.8538439078065169,0.6969753568857292,0.5951081623681528,0.41477572385215383,0.5081294789239788,20231108_P021N_A004,P021N_A004,20231108,40x,0.324,0.324,0.324,123,0.04413864081537797,"(237.90536331313535, 240.77093557514146, 278.1255721368121)",72.06312761802461,7,123
4,18237.0,19736.0,"(27.753523057520425, 208.0314196413884, 245.78132368262325)",0.9240474260235103,620.280929088,414.8352901862762,0.8478793315654827,22.621902141835623,15.746997753683672,12.553194686607856,0.7971801916127984,0.6960952113996681,0.5549133140043389,0.3862725006203407,0.44236590198647174,20231108_P021N_A004,P021N_A004,20231108,40x,0.324,0.324,0.324,123,0.06607981680362006,"(237.90536331313535, 240.77093557514146, 278.1255721368121)",69.70280177355973,7,123
5,12925.0,16268.0,"(27.85044487427466, 176.99922630560928, 288.6418568665377)",0.7945045488074748,439.6079952,400.5356203460768,0.6980502731307502,21.045255038327607,14.631389724329983,11.05097942026977,0.7552925339616589,0.6952346121576243,0.5251055119143833,0.365071526917627,0.39660827269104854,20231108_P021N_A004,P021N_A004,20231108,40x,0.324,0.324,0.324,123,0.06631058303398729,"(237.90536331313535, 240.77093557514146, 278.1255721368121)",71.20668815874983,6,123
6,16788.0,18663.0,"(27.383905170359782, 257.6057302835359, 261.26822730521803)",0.8995338370036972,570.997216512,397.49348815213796,0.8373559300275151,18.972765676907926,16.140779398751928,13.424574679272848,0.8317178710905926,0.8507341351080482,0.7075707837161624,0.6019546187124933,0.5884992658783087,20231108_P021N_A004,P021N_A004,20231108,40x,0.324,0.324,0.324,123,0.06519977421514234,"(237.90536331313535, 240.77093557514146, 278.1255721368121)",68.64432614206468,7,123
7,13119.0,15226.0,"(35.53510176080494, 274.71263053586404, 347.22379754554464)",0.8616182845133324,446.206366656,366.1164521125381,0.7712977322680874,21.214241718192714,14.96917279117107,10.593857440831673,0.707711614303765,0.7056190360239907,0.4993747870680049,0.3523683558656112,0.35341333669849667,20231108_P021N_A004,P021N_A004,20231108,40x,0.324,0.324,0.324,123,0.08460738514477367,"(237.90536331313535, 240.77093557514146, 278.1255721368121)",70.15204288011157,3,123
8,19499.0,21242.0,"(43.07959382532437, 306.307861941638, 317.11426226986)",0.917945579512287,663.204355776,433.25561289248066,0.8488641125932826,21.070574546383703,16.593977945893283,13.64615064144507,0.822355597069011,0.7875427368800093,0.647640177604323,0.5100443179839639,0.5325905249396833,20231108_P021N_A004,P021N_A004,20231108,40x,0.324,0.324,0.324,123,0.10257046148886756,"(237.90536331313535, 240.77093557514146, 278.1255721368121)",67.78672151688937,8,123
9,18670.0,20057.0,"(44.57846813069095, 281.8048741296197, 246.43926084627745)",0.9308470858054545,635.00822208,425.4642073780422,0.8397319156727497,21.08232738190414,19.484281476768906,11.023558773972873,0.5657667585595216,0.9241997396119128,0.5228814909417858,0.48324693777628724,0.29582896624090405,20231108_P021N_A004,P021N_A004,20231108,40x,0.324,0.324,0.324,123,0.10613920983497846,"(237.90536331313535, 240.77093557514146, 278.1255721368121)",64.8510866805523,8,123
10,11521.0,12581.0,"(44.52408645082892, 178.35821543268813, 249.0561583195903)",0.9157459661394166,391.854832704,305.45858594553096,0.8477775770676972,18.369107785647657,13.440316470440788,11.628576770877103,0.8652011131175197,0.7316804184110737,0.6330507124555534,0.46319081016490765,0.5477161810763838,20231108_P021N_A004,P021N_A004,20231108,40x,0.324,0.324,0.324,123,0.10600972964483076,"(237.90536331313535, 240.77093557514146, 278.1255721368121)",66.50820906005038,7,123
11,3277.0,4373.0,"(40.1641745498932, 167.57277998169056, 323.36740921574614)",0.7493711410930711,111.458058048,164.68776820816055,0.680085885577198,16.222523130595892,8.89260781772937,6.108492638152797,0.6869180293742599,0.5481642865380044,0.37654393148203313,0.2064079355510639,0.25865481538647456,20231108_P021N_A004,P021N_A004,20231108,40x,0.324,0.324,0.324,123,0.09562898702355523,"(237.90536331313535, 240.77093557514146, 278.1255721368121)",69.87168853390756,3,123
12,12414.0,14998.0,"(60.920895762848396, 241.8391332366683, 208.48147253101337)",0.8277103613815175,422.227748736,392.1031915605852,0.6941419022884193,26.959287329145106,13.71768939822808,8.980078660959514,0.6546349316029473,0.5088298229381673,0.3330977763366669,0.16949008255448342,0.21805744002924773,20231108_P021N_A004,P021N_A004,20231108,40x,0.324,0.324,0.324,123,0.1450497518163057,"(237.90536331313535, 240.77093557514146, 278.1255721368121)",61.6238659889956,6,123
13,9926.0,11902.0,"(57.68103969373363, 319.8343743703405, 265.5962119685674)",0.833977482776004,337.60533542400003,313.0767220407096,0.7489271027092115,17.286797596942087,13.564685840842023,10.806657663880094,0.7966758530700534,0.7846847147236524,0.6251393644934974,0.4905373038901053,0.4980334364955281,20231108_P021N_A004,P021N_A004,20231108,40x,0.324,0.324,0.324,123,0.1373358087946039,"(237.90536331313535, 240.77093557514146, 278.1255721368121)",63.89360428092072,9,123
14,2175.0,3082.0,"(55.687816091954026, 308.8105747126437, 293.49655172413793)",0.7057105775470474,73.9765872,126.12664810706477,0.6756785491100156,10.56479596196056,8.927111856383052,6.770392563498443,0.7584079456400544,0.8449866792057198,0.6408446114696217,0.5415051601325954,0.48602164525917463,20231108_P021N_A004,P021N_A004,20231108,40x,0.324,0.324,0.324,123,0.13259003831417626,"(237.90536331313535, 240.77093557514146, 278.1255721368121)",63.21645528603329,10,123
15,19355.0,20898.0,"(70.63229139757169, 203.15970033583054, 199.998191681736)",0.9261651832711264,658.30659552,441.46593534298904,0.8289704774735651,25.549573944791693,14.692479063998736,12.682472838104058,0.8631948892260235,0.5750576935547613,0.4963868620865748,0.28545108402239106,0.4284786024320743,20231108_P021N_A004,P021N_A004,20231108,40x,0.324,0.324,0.324,123,0.1681721223751707,"(237.90536331313535, 240.77093557514146, 278.1255721368121)",61.04522269150821,6,123
16,5907.0,7589.0,"(62.746063991874045, 140.27492805146437, 275.22752666328086)",0.7783634207405455,200.910207168,232.25066483934648,0.7142690403776658,14.955260678795856,11.704334234437251,8.974193964854132,0.7667410879680517,0.7826232177304744,0.6000693774317214,0.46962822702713625,0.4600978473083096,20231108_P021N_A004,P021N_A004,20231108,40x,0.324,0.324,0.324,123,0.14939539045684297,"(237.90536331313535, 240.77093557514146, 278.1255721368121)",65.43566946313348,5,123
17,9833.0,11126.0,"(69.89586087663989, 178.0622393979457, 208.49913556391743)",0.8837857271256516,334.442198592,309.63115003343296,0.7525237167737712,23.020536801803882,13.437338062352485,7.921039296380657,0.5894797957471285,0.5837108916287104,0.3440857771726664,0.20084661579021484,0.20283161364723537,20231108_P021N_A004,P021N_A004,20231108,40x,0.324,0.324,0.324,123,0.1664187163729521,"(237.90536331313535, 240.77093557514146, 278.1255721368121)",62.328888232822536,7,123
18,6404.0,7358.0,"(67.33354153653966, 154.38678950655842, 223.6470955652717)",0.8703452025006795,217.814282496,223.48430193987593,0.7833599024640027,16.994324426887957,12.215874368814022,7.699264973669786,0.6302672032486913,0.7188208287636547,0.4530491933817751,0.32566119665739285,0.2855420480468069,20231108_P021N_A004,P021N_A004,20231108,40x,0.324,0.324,0.324,123,0.16031795603938012,"(237.90536331313535, 240.77093557514146, 278.1255721368121)",64.41399622044216,7,123
19,8043.0,9819.0,"(75.65957975879647, 290.18612458038046, 220.1023250031083)",0.8191261839291171,273.560317632,274.82415341517407,0.7415343812252038,18.791956647416157,11.717265083727378,9.3907492576896,0.8014454901025684,0.6235255489128892,0.49972173913996354,0.3115892717009494,0.40049973413993595,20231108_P021N_A004,P021N_A004,20231108,40x,0.324,0.324,0.324,123,0.18014185656856302,"(237.90536331313535, 240.77093557514146, 278.1255721368121)",58.07852724770618,5,123
20,15604.0,18645.0,"(81.15643424762881, 317.4803896436811, 257.29671879005383)",0.836899973183159,530.726743296,437.29956540219024,0.7249127309633178,21.629681945278854,18.731315837165816,9.75065199288926,0.5205534986251454,0.866000521161354,0.4507996011017421,0.3903926894934392,0.23466530953233178,20231108_P021N_A004,P021N_A004,20231108,40x,0.324,0.324,0.324,123,0.19322960535149716,"(237.90536331313535, 240.77093557514146, 278.1255721368121)",56.94331868828951,8,123
21,11709.0,13694.0,"(82.50081134170297, 339.33213767187635, 307.2141942095824)",0.8550460055498759,398.249130816,336.6204353279906,0.7776428888248353,21.890444929426327,12.444929745256532,10.869438752345458,0.8734029821653607,0.5685096755857795,0.49653804604648155,0.2822866834738821,0.4336778101755582,20231108_P021N_A004,P021N_A004,20231108,40x,0.324,0.324,0.324,123,0.19643050319453087,"(237.90536331313535, 240.77093557514146, 278.1255721368121)",60.36410711806975,6,123
22,2956.0,3861.0,"(81.84844384303112, 325.7621786197564, 344.3234100135318)",0.7656047656047656,100.540134144,142.84886400940096,0.7319818406290168,12.914833667338542,8.58817855272885,6.967415029534192,0.8112797127768532,0.664985610650817,0.5394893352095351,0.358752645013916,0.43767675291496705,20231108_P021N_A004,P021N_A004,20231108,40x,0.324,0.324,0.324,123,0.1948772472453122,"(237.90536331313535, 240.77093557514146, 278.1255721368121)",61.44002632502387,4,123
23,2203.0,3080.0,"(93.6677258284158, 157.53608715388108, 182.41216522923287)",0.7152597402597403,74.92892947200001,133.73184503080532,0.6427108623987156,12.127971385990385,8.389186859138562,5.803333519164331,0.6917635304359215,0.691722184373664,0.4785081803431732,0.3309947237476469,0.33101450817666217,20231108_P021N_A004,P021N_A004,20231108,40x,0.324,0.324,0.324,123,0.22301839482956143,"(237.90536331313535, 240.77093557514146, 278.1255721368121)",62.232963511807306,4,123
24,14787.0,15915.0,"(103.38554135389194, 346.21031987556637, 272.333400960303)",0.9291234684260132,502.93875628800004,350.024764740097,0.8737665626923179,18.547111312801285,14.923878171867242,12.913466786428756,0.8652889441815279,0.8046470374913168,0.6962521855096558,0.5602372584171993,0.6024593184837314,20231108_P021N_A004,P021N_A004,20231108,40x,0.324,0.324,0.324,123,0.24615605084259984,"(237.90536331313535, 240.77093557514146, 278.1255721368121)",55.409300754514156,5,123
25,10353.0,12481.0,"(103.73225152129818, 91.53965034289578, 303.6249396310248)",0.8295008412787437,352.128555072,330.34591291987675,0.729988496246552,19.552232873848773,14.36389250419875,9.405131526190765,0.654775961560665,0.7346420532567685,0.4810259568241019,0.35338189659105984,0.3149642334151402,20231108_P021N_A004,P021N_A004,20231108,40x,0.324,0.324,0.324,123,0.24698155124118615,"(237.90536331313535, 240.77093557514146, 278.1255721368121)",65.54306038197139,5,123
26,10103.0,11694.0,"(107.68425220231615, 126.96347619518954, 203.26427793724636)",0.8639473234137164,343.625499072,306.35234313151807,0.774437736920742,18.79452973484836,14.899861034330602,9.179608917770912,0.6160868813890464,0.7927764750986901,0.48841918618215296,0.3872072407920581,0.3009086532255386,20231108_P021N_A004,P021N_A004,20231108,40x,0.324,0.324,0.324,123,0.2563910766721813,"(237.90536331313535, 240.77093557514146, 278.1255721368121)",61.058218180089455,4,123
27,20411.0,21930.0,"(117.96864435843418, 82.5709176424477, 262.2013130174906)",0.930734154126767,694.223504064,486.9306280652284,0.7786636611144394,26.145920169847745,19.32518368591945,9.964429687962513,0.5156188862112969,0.7391280765939853,0.3811083956208889,0.2816879154290872,0.19650668647581704,20231108_P021N_A004,P021N_A004,20231108,40x,0.324,0.324,0.324,123,0.28087772466293853,"(237.90536331313535, 240.77093557514146, 278.1255721368121)",64.52860351363773,4,123
28,3274.0,4600.0,"(112.36072083078803, 106.5, 340.8714111178986)",0.7117391304347827,111.356021376,181.69481045381337,0.6160520471348028,13.719397310235049,9.552534416372174,6.964169889068092,0.7290389739012235,0.6962794502092099,0.5076148559290304,0.35344179280429266,0.37007101370351775,20231108_P021N_A004,P021N_A004,20231108,40x,0.324,0.324,0.324,123,0.26752552578759053,"(237.90536331313535, 240.77093557514146, 278.1255721368121)",62.93209536266809,2,123
29,14898.0,16322.0,"(122.21640488656196, 359.4509330111424, 245.31561283393745)",0.9127557897316505,506.714113152,367.9496487981224,0.83535497892514,20.215697402520604,15.289735013884638,11.77366405501072,0.7700371552756822,0.7563298316870448,0.5824020720424276,0.44048806112203537,0.4484712347822138,20231108_P021N_A004,P021N_A004,20231108,40x,0.324,0.324,0.324,123,0.2909914402060999,"(237.90536331313535, 240.77093557514146, 278.1255721368121)",54.74101565549183,3,123
30,1202.0,1573.0,"(108.70299500831946, 414.7396006655574, 427.9276206322795)",0.7641449459631278,40.882693248,79.76187383309383,0.7195292307625284,9.48783103021474,6.671061921930107,5.1597109958441445,0.7734467250082592,0.7031176989435823,0.5438240815432569,0.38237233684480193,0.4206189548502565,20231108_P021N_A004,P021N_A004,20231108,40x,0.324,0.324,0.324,123,0.258816654781713,"(237.90536331313535, 240.77093557514146, 278.1255721368121)",85.35355674426022,1,123
31,4242.0,5371.0,"(114.35643564356435, 423.6928335690712, 451.84323432343234)",0.7897970582759263,144.279854208,182.59342434182093,0.7285669295761754,13.990667933555269,11.90297339244859,6.6833675319112675,0.5614872277334744,0.8507794945158019,0.4777018197881643,0.4064189127686531,0.26822347047609213,20231108_P021N_A004,P021N_A004,20231108,40x,0.324,0.324,0.324,123,0.2722772277227723,"(237.90536331313535, 240.77093557514146, 278.1255721368121)",91.01031647664934,1,123
32,4868.0,6592.0,"(126.38373048479869, 229.2701314708299, 155.01746096959738)",0.7384708737864077,165.571506432,220.17203511327432,0.6622861929972619,14.361816180031788,11.408348988332515,8.131619078204272,0.7127779038422297,0.7943528064503652,0.5661971282928838,0.4497602778635897,0.40357280226609177,20231108_P021N_A004,P021N_A004,20231108,40x,0.324,0.324,0.324,123,0.30091364401142545,"(237.90536331313535, 240.77093557514146, 278.1255721368121)",53.94862707874967,4,123
33,4194.0,5114.0,"(128.43323795898903, 101.52885073915117, 217.4692417739628)",0.8201016816581932,142.647267456,174.10797432335946,0.7583000761782185,12.491310609888346,11.123953825640093,8.163353606131924,0.7338536040410244,0.8905353627852446,0.6535225855059329,0.581984972771877,0.47958990469573737,20231108_P021N_A004,P021N_A004,20231108,40x,0.324,0.324,0.324,123,0.3057934237118786,"(237.90536331313535, 240.77093557514146, 278.1255721368121)",60.65959707001041,3,123
34,1295.0,1958.0,"(132.6200772200772, 295.4594594594595, 174.43011583011582)",0.6613891726251276,44.04583008,89.81262751101619,0.6715575795052267,8.691267819394417,7.086329460266453,6.295118811628937,0.8883469004547574,0.8153389824731242,0.7243038578999356,0.5905531705014918,0.6434330871528308,20231108_P021N_A004,P021N_A004,20231108,40x,0.324,0.324,0.324,123,0.31576208861923144,"(237.90536331313535, 240.77093557514146, 278.1255721368121)",51.05295642941893,2,123
35,7520.0,9528.0,"(146.82393617021276, 211.24840425531914, 127.09175531914893)",0.7892527287993283,255.77192448,269.8953600367023,0.721977982691363,19.024329252150444,12.058147827775807,8.66156741948241,0.7183165725942244,0.6338277511893249,0.4552889778494207,0.2885747889715847,0.3270416181087236,20231108_P021N_A004,P021N_A004,20231108,40x,0.324,0.324,0.324,123,0.34958080040526845,"(237.90536331313535, 240.77093557514146, 278.1255721368121)",57.93951689653863,3,123
36,1516.0,1955.0,"(137.5316622691293, 267.06530343007915, 148.68799472295515)",0.7754475703324808,51.562531584,85.1893897881823,0.7864204017835673,8.589589549983069,7.5615675747409,6.203152684650158,0.8203527407956427,0.880317683486495,0.7221710244190173,0.6357399232976182,0.5924349792053377,20231108_P021N_A004,P021N_A004,20231108,40x,0.324,0.324,0.324,123,0.32745633873602215,"(237.90536331313535, 240.77093557514146, 278.1255721368121)",53.74920762853688,3,123
37,12697.0,13835.0,"(161.49350240214224, 170.11955580058282, 137.70875009844846)",0.9177448500180702,431.853208128,333.714169251431,0.8279426296986567,20.04675357747682,15.33932187589332,10.15123471828124,0.6617785845040858,0.7651773548574742,0.5063779867921597,0.3874689684916778,0.3351101073233442,20231108_P021N_A004,P021N_A004,20231108,40x,0.324,0.324,0.324,123,0.38450833905271964,"(237.90536331313535, 240.77093557514146, 278.1255721368121)",56.62800209324035,1,123
38,18449.0,20669.0,"(172.01756192747575, 85.63846278931108, 326.48907799880755)",0.8925927717838309,627.491520576,465.9026753816644,0.7607830494969521,30.107348573612747,14.330289812105741,10.565064955024795,0.7372541025722863,0.4759731590800183,0.3509131642460349,0.16702524734895055,0.25871216998701174,20231108_P021N_A004,P021N_A004,20231108,40x,0.324,0.324,0.324,123,0.409565623636847,"(237.90536331313535, 240.77093557514146, 278.1255721368121)",56.81219220103118,4,123
39,19209.0,21093.0,"(170.43963766984226, 84.25586964443751, 234.17991566453225)",0.9106812686673303,653.340810816,457.3130914463375,0.7962149880570197,23.52217836308545,18.926040602239564,10.539802378235139,0.5568942072853811,0.8046040766335298,0.44807934943541566,0.36052647121103537,0.24953279410478507,20231108_P021N_A004,P021N_A004,20231108,40x,0.324,0.324,0.324,123,0.40580866111867203,"(237.90536331313535, 240.77093557514146, 278.1255721368121)",57.02750748911205,4,123
40,17371.0,18980.0,"(173.1054631282022, 74.43019975821773, 283.27897069829027)",0.9152265542676502,590.826343104,436.3296482572464,0.7803856972484239,28.210460421475673,15.616081935385141,9.745963740278869,0.6240978870759558,0.5535564362323255,0.3454734022298904,0.1912390253514349,0.2156092203726164,20231108_P021N_A004,P021N_A004,20231108,40x,0.324,0.324,0.324,123,0.4121558645909576,"(237.90536331313535, 240.77093557514146, 278.1255721368121)",57.863556288456905,6,123
41,15617.0,17003.0,"(174.35307677530895, 370.91880642889157, 224.5080361144906)",0.9184849732400164,531.168902208,378.51388741898757,0.8379615028894705,20.949574304295965,16.162501866836358,11.415285371140941,0.7062820759553214,0.7714954791955864,0.5448934286364042,0.42038281683636874,0.38484846195173233,20231108_P021N_A004,P021N_A004,20231108,40x,0.324,0.324,0.324,123,0.4151263732745451,"(237.90536331313535, 240.77093557514146, 278.1255721368121)",50.03907186562183,4,123
42,15808.0,19417.0,"(185.4369306680162, 167.72988360323887, 426.96950910931173)",0.8141319462326827,537.665236992,449.2856991250077,0.7117096175439526,27.0257122180337,13.566781254879773,11.204197417284522,0.8258552420644754,0.5019953274654845,0.41457547267924333,0.20811495016677473,0.3423793273435108,20231108_P021N_A004,P021N_A004,20231108,40x,0.324,0.324,0.324,123,0.44151650159051475,"(237.90536331313535, 240.77093557514146, 278.1255721368121)",56.344754455574275,5,123
43,8912.0,11716.0,"(179.00112208258528, 449.4323384201077, 394.03837522441654)",0.7606691703653123,303.116940288,336.1416106800973,0.6491852643946081,24.369270923204603,15.688892029618266,6.509524457922916,0.41491294895993386,0.6437981702061996,0.26712019733526365,0.17197149426956168,0.1108316288031337,20231108_P021N_A004,P021N_A004,20231108,40x,0.324,0.324,0.324,123,0.42619314781567924,"(237.90536331313535, 240.77093557514146, 278.1255721368121)",79.65727537703631,1,123
44,8548.0,9623.0,"(180.58586803930743, 392.90594291062234, 307.1185072531586)",0.8882884755273823,290.736490752,270.6972646257259,0.78403109371339,20.915516359683338,11.662232439125317,8.561176792733267,0.7340941657114979,0.5575875937543378,0.40932179944817215,0.22823275722550193,0.300480744873435,20231108_P021N_A004,P021N_A004,20231108,40x,0.324,0.324,0.324,123,0.4299663524745415,"(237.90536331313535, 240.77093557514146, 278.1255721368121)",53.50531652472479,3,123
45,17205.0,18618.0,"(191.99703574542283, 225.18482999128162, 438.9139784946237)",0.9241057041572671,585.18031392,413.0111293363225,0.8191853460875671,26.0626981416218,13.929202629558771,11.57482618549651,0.8309755047237158,0.5344497547364065,0.4441146546915516,0.23735696827474365,0.3690483993375109,20231108_P021N_A004,P021N_A004,20231108,40x,0.324,0.324,0.324,123,0.4571357993938639,"(237.90536331313535, 240.77093557514146, 278.1255721368121)",54.41214448049097,5,123
46,13280.0,14678.0,"(190.12281626506024, 195.4293674698795, 434.7065512048193)",0.9047554162692465,451.68233472000003,362.9791613342195,0.7843161698302086,25.889531967140428,12.618902077504043,10.081627782884093,0.798930661396985,0.4874132948220244,0.3894094260058436,0.18980333136426153,0.31111113027306886,20231108_P021N_A004,P021N_A004,20231108,40x,0.324,0.324,0.324,123,0.45267337205966723,"(237.90536331313535, 240.77093557514146, 278.1255721368121)",55.03865790972998,5,123
47,2044.0,3152.0,"(186.98189823874756, 464.7509784735812, 413.4745596868884)",0.6484771573604061,69.520985856,125.73069319462195,0.6503094962459831,12.470826379989964,9.130185529680643,5.007180800834103,0.5484204876841363,0.7321235378860267,0.40151154769249003,0.29395605479871995,0.22019715879632773,20231108_P021N_A004,P021N_A004,20231108,40x,0.324,0.324,0.324,123,0.4451949958065418,"(237.90536331313535, 240.77093557514146, 278.1255721368121)",86.3808593405841,1,123
48,13637.0,15089.0,"(214.96993473637897, 273.0127594045611, 111.26479430959888)",0.903770958976738,463.824698688,394.3014346299364,0.7348945297496581,23.676804890631406,17.860305841462797,7.8134409149399335,0.43747520251310523,0.7543376703049101,0.33000402507990456,0.24893446747001832,0.14436857770197112,20231108_P021N_A004,P021N_A004,20231108,40x,0.324,0.324,0.324,123,0.5118331779437595,"(237.90536331313535, 240.77093557514146, 278.1255721368121)",55.562068659305076,2,123
49,20867.0,23338.0,"(212.52245171802366, 89.99214070062779, 326.22561939905114)",0.8941211757648471,709.733078208,473.6717984056676,0.8123377341286446,23.665646912161478,18.192908449374123,12.108700402254044,0.6655725463550393,0.7687475654859457,0.5116572746647181,0.3933352842616759,0.34054503515967616,20231108_P021N_A004,P021N_A004,20231108,40x,0.324,0.324,0.324,123,0.5060058374238658,"(237.90536331313535, 240.77093557514146, 278.1255721368121)",51.933219813183435,7,123
50,5333.0,6510.0,"(214.04987811738235, 394.3330208138009, 268.41327582973935)",0.8192012288786482,181.387190592,213.2219159867258,0.7267583425726528,15.19101326304737,10.121769583520981,8.90577511883156,0.8798634512813694,0.6662998318974885,0.5862528696815206,0.39062018851821734,0.5158224732415896,20231108_P021N_A004,P021N_A004,20231108,40x,0.324,0.324,0.324,123,0.5096425669461484,"(237.90536331313535, 240.77093557514146, 278.1255721368121)",50.44912735289648,6,123
51,12750.0,14628.0,"(220.11686274509805, 149.64666666666668, 414.1385098039216)",0.8716160787530763,433.655856,354.77451918584586,0.7809595042222206,22.187914029344075,14.220263972219206,10.194653282930192,0.7169102699391888,0.6409013462650228,0.45946875715524704,0.2944741450275147,0.32939787072079174,20231108_P021N_A004,P021N_A004,20231108,40x,0.324,0.324,0.324,123,0.5240877684407096,"(237.90536331313535, 240.77093557514146, 278.1255721368121)",53.356398648246724,6,123
52,16064.0,17662.0,"(226.61896165338646, 265.44279133466136, 433.73636703187253)",0.9095232702978145,546.372366336,410.31429582549686,0.7876983939671265,26.437104603513518,15.055568651045906,10.116462211401743,0.6719415550404305,0.5694862912122761,0.3826615040913843,0.21792048075471368,0.2571261661132748,20231108_P021N_A004,P021N_A004,20231108,40x,0.324,0.324,0.324,123,0.5395689563175868,"(237.90536331313535, 240.77093557514146, 278.1255721368121)",51.17846692221843,5,123
53,12587.0,13968.0,"(219.20219273853976, 74.64725510447286, 261.6100738857551)",0.901131156930126,428.111863488,344.0155040481001,0.7985049584171238,21.84677639532518,15.748089826179177,9.119768472511252,0.5791031530281728,0.7208427248584367,0.4174422948029404,0.30091024125691035,0.2417421491276988,20231108_P021N_A004,P021N_A004,20231108,40x,0.324,0.324,0.324,123,0.521909982710809,"(237.90536331313535, 240.77093557514146, 278.1255721368121)",54.427802770279676,4,123
54,13648.0,14952.0,"(229.3412221570926, 391.6603165298945, 243.21798065650646)",0.9127875869448903,464.198833152,365.6611764294685,0.7928809228505915,27.226998902319345,12.225823685513392,10.045396967187722,0.8216540026739222,0.4490330987037991,0.36894984288305094,0.16567069121605615,0.30314911519077353,20231108_P021N_A004,P021N_A004,20231108,40x,0.324,0.324,0.324,123,0.5460505289454586,"(237.90536331313535, 240.77093557514146, 278.1255721368121)",50.256034414931094,5,123
55,9755.0,11496.0,"(223.98431573552025, 387.9210661199385, 216.34741158380317)",0.8485560194850382,331.78924512000003,313.82018506750984,0.7385469685539721,20.868161595166278,11.751176623671219,10.362861681653191,0.8818573674383,0.5631150865916795,0.49658718782652883,0.27963573727325436,0.4379190701602913,20231108_P021N_A004,P021N_A004,20231108,40x,0.324,0.324,0.324,123,0.5332959898464767,"(237.90536331313535, 240.77093557514146, 278.1255721368121)",51.90425150911337,5,123
56,1322.0,2665.0,"(213.48260211800303, 127.24205748865356, 392.0446293494705)",0.4960600375234522,44.964160128,104.63297851350178,0.5844219604152218,10.674933741448454,8.83382689661054,6.604411352764124,0.7476274359981151,0.8275299042195181,0.6186840605034041,0.5119795613305245,0.46254517784706267,20231108_P021N_A004,P021N_A004,20231108,40x,0.324,0.324,0.324,123,0.5082919098047691,"(237.90536331313535, 240.77093557514146, 278.1255721368121)",52.70637474939515,6,123
57,4385.0,5399.0,"(223.8018244013683, 355.58768529076394, 379.103078677309)",0.8121874421189109,149.14360224,188.06534982846156,0.7231778079342417,21.49083648863636,7.496526714892536,6.977190469830251,0.9307230848613431,0.3488243335179833,0.32465885976655945,0.1132489103787785,0.3021674954894984,20231108_P021N_A004,P021N_A004,20231108,40x,0.324,0.324,0.324,123,0.5328614866699245,"(237.90536331313535, 240.77093557514146, 278.1255721368121)",49.75088592598806,4,123
58,11869.0,13411.0,"(226.35150391776898, 194.9872777824585, 436.47468194456144)",0.8850197598985907,403.691086656,330.41324946060354,0.7994527069914205,19.635907986572523,14.675068303100177,10.262394756118816,0.6993081425011723,0.7473587833644016,0.5226340825764957,0.3905951720991401,0.3654822694943735,20231108_P021N_A004,P021N_A004,20231108,40x,0.324,0.324,0.324,123,0.5389321521851642,"(237.90536331313535, 240.77093557514146, 278.1255721368121)",53.53758153373398,8,123
59,16219.0,18066.0,"(237.04858499290955, 232.75929465441766, 105.63474936802515)",0.8977637551201151,551.644261056,462.6203393524417,0.7031243493758609,31.853222221341014,16.174121344144712,7.7090946506830305,0.47663143404533964,0.5077703358157712,0.2420193033255547,0.12289022292351591,0.11535400761071316,20231108_P021N_A004,P021N_A004,20231108,40x,0.324,0.324,0.324,123,0.5644013928402608,"(237.90536331313535, 240.77093557514146, 278.1255721368121)",55.947965376472155,4,123
60,6882.0,7779.0,"(225.02499273467015, 383.3539668700959, 350.15765765765764)",0.8846895487851909,234.07212556800002,229.33068167159882,0.8009186902018377,17.660710918239793,11.879424270016061,8.119309828554487,0.6834767109924519,0.6726470030007183,0.4597385612698609,0.3092417654020341,0.31422059977312633,20231108_P021N_A004,P021N_A004,20231108,40x,0.324,0.324,0.324,123,0.5357737922254051,"(237.90536331313535, 240.77093557514146, 278.1255721368121)",51.92543128575145,5,123
61,12524.0,13572.0,"(233.2713190673906, 396.99928137975087, 305.1308687320345)",0.9227821986442676,425.969093376,344.1860457962062,0.7954439663521462,24.95381803449715,13.327028692825927,9.144919067625818,0.6861933952726176,0.5340677195931345,0.36647374181311726,0.19572179558089467,0.25147186117300363,20231108_P021N_A004,P021N_A004,20231108,40x,0.324,0.324,0.324,123,0.5554079025414063,"(237.90536331313535, 240.77093557514146, 278.1255721368121)",51.390584090591275,6,123
62,18270.0,20194.0,"(236.43399014778325, 231.8935413245758, 441.0512315270936)",0.9047241754976726,621.40333248,430.5502191915855,0.8179172390376579,21.865937982944057,17.257162660508158,11.950541793618223,0.6924974880700536,0.7892258120355572,0.5465368923546716,0.4313410226760057,0.37847542509322346,20231108_P021N_A004,P021N_A004,20231108,40x,0.324,0.324,0.324,123,0.5629380717804363,"(237.90536331313535, 240.77093557514146, 278.1255721368121)",52.86836535656073,8,123
63,16196.0,17720.0,"(237.23931835020994, 351.9328229192393, 166.23721906643615)",0.9139954853273138,550.861979904,400.2118010285128,0.8120001318973422,22.017613460305103,17.661148924066453,10.205423756997936,0.5778459714526971,0.8021372959384181,0.4635118050099748,0.3718001059062365,0.26783842924578205,20231108_P021N_A004,P021N_A004,20231108,40x,0.324,0.324,0.324,123,0.5648555198814522,"(237.90536331313535, 240.77093557514146, 278.1255721368121)",51.102116048122156,3,123
64,10411.0,11318.0,"(248.29276726539237, 122.87618864662376, 378.95139756027277)",0.9198621664605053,354.101264064,287.47694825024286,0.8419754266628554,17.912531306638304,14.484456471654447,9.89280352649055,0.6829944600165291,0.8086214183634991,0.552283948992978,0.4465886301740962,0.3772068775182553,20231108_P021N_A004,P021N_A004,20231108,40x,0.324,0.324,0.324,123,0.5911732553937914,"(237.90536331313535, 240.77093557514146, 278.1255721368121)",50.37435946577826,7,123
65,15081.0,15988.0,"(253.95789403885684, 144.5864995689941, 151.09959551753863)",0.9432699524643483,512.938350144,368.93592438836583,0.8399303849078065,23.4556462685756,14.794292243368664,10.56190030163973,0.7139172410477395,0.630734795109403,0.4502924447573163,0.28401511288331804,0.3214715398257849,20231108_P021N_A004,P021N_A004,20231108,40x,0.324,0.324,0.324,123,0.6046616524734687,"(237.90536331313535, 240.77093557514146, 278.1255721368121)",51.88526754702252,4,123
66,18492.0,20121.0,"(252.4855072463768, 81.37053861129137, 294.895900930132)",0.9190398091546146,628.954046208,432.9711454944098,0.8199193077572452,22.48050104275375,18.640068759071468,10.813324673574659,0.5801118447222569,0.8291660725720262,0.48100905994086685,0.39883639310273095,0.27903905309041493,20231108_P021N_A004,P021N_A004,20231108,40x,0.324,0.324,0.324,123,0.6011559696342305,"(237.90536331313535, 240.77093557514146, 278.1255721368121)",52.145191606114274,8,123
67,18178.0,19384.0,"(257.6753218175817, 292.5991858290241, 124.23115854329409)",0.9377837391663227,618.274207872,425.19373286896115,0.8254384398284319,23.016918641942276,18.138739268232992,10.57030408650397,0.5827474517490923,0.7880611453863297,0.4592406242963545,0.3619096923909182,0.26762130354836283,20231108_P021N_A004,P021N_A004,20231108,40x,0.324,0.324,0.324,123,0.6135126709942421,"(237.90536331313535, 240.77093557514146, 278.1255721368121)",53.00199266315354,4,123
68,13345.0,14491.0,"(254.7177219932559, 299.1168227800674, 421.8961408767329)",0.9209164308881375,453.89312928,343.9738513837291,0.8303498302315051,20.0961335911247,16.123697097400715,10.01795194749174,0.621318540467169,0.8023283197381619,0.4985014605951908,0.399961839266359,0.3097281999177559,20231108_P021N_A004,P021N_A004,20231108,40x,0.324,0.324,0.324,123,0.6064707666506093,"(237.90536331313535, 240.77093557514146, 278.1255721368121)",50.5656726087577,4,123
69,14316.0,17157.0,"(264.7860435875943, 111.79694048616932, 357.0234003911707)",0.8344116104214023,486.918998784,389.5261323094941,0.7683964316124051,23.854002582719314,13.08697671040717,11.79803135259411,0.9015093106425375,0.5486281249876211,0.49459336275669824,0.2713478292405297,0.44588052150716556,20231108_P021N_A004,P021N_A004,20231108,40x,0.324,0.324,0.324,123,0.6304429609228436,"(237.90536331313535, 240.77093557514146, 278.1255721368121)",49.75455411676604,7,123
70,16578.0,17926.0,"(278.18675352877307, 164.78272409217035, 130.30214742429726)",0.9248019636282495,563.854649472,428.02057172331,0.7711359064126657,30.110458273685683,14.684498550989854,9.168704826921244,0.6243798380369754,0.4876876471794859,0.30450233415856093,0.14850202690645017,0.19012511808380322,20231108_P021N_A004,P021N_A004,20231108,40x,0.324,0.324,0.324,123,0.6623494131637454,"(237.90536331313535, 240.77093557514146, 278.1255721368121)",55.411165029581035,5,123
71,11063.0,12414.0,"(269.8158727289162, 382.5794088402784, 322.4220374220374)",0.8911712582568069,376.27723411200003,340.2620066952361,0.7407573355619085,25.273648962340104,14.192632125630247,7.6806383573567025,0.5411708194342867,0.5615584891116626,0.30389906771283837,0.17065710130726436,0.16446130749947252,20231108_P021N_A004,P021N_A004,20231108,40x,0.324,0.324,0.324,123,0.6424187445926576,"(237.90536331313535, 240.77093557514146, 278.1255721368121)",49.23318387072509,6,123
72,16522.0,17960.0,"(278.3075898801598, 192.4458298026873, 115.14768187870717)",0.9199331848552339,561.949964928,416.64581953234233,0.7904035123595338,24.31621438388556,16.740854705816762,10.107938019370566,0.6037886474134724,0.6884646779932565,0.4156871567175001,0.28618592449544605,0.25098718610161147,20231108_P021N_A004,P021N_A004,20231108,40x,0.324,0.324,0.324,123,0.6626371187622853,"(237.90536331313535, 240.77093557514146, 278.1255721368121)",56.6114774833384,6,123
73,15352.0,16720.0,"(275.16890307451797, 390.36366597186037, 278.7185383011985)",0.9181818181818182,522.155662848,396.727560208097,0.7904208989348576,24.34563869541548,16.502056305166917,9.286255996484234,0.5627332633434682,0.6778239220429413,0.3814340676234929,0.25854513571734844,0.2146456376241413,20231108_P021N_A004,P021N_A004,20231108,40x,0.324,0.324,0.324,123,0.6551640549393285,"(237.90536331313535, 240.77093557514146, 278.1255721368121)",49.949523855233984,7,123
74,14452.0,16042.0,"(276.2053003044561, 100.66073899806256, 336.0311375588154)",0.9008851764119187,491.544661248,362.19491612925447,0.8316050092700712,20.836022496659684,14.486426595213148,11.835409190342197,0.8169999076413402,0.6952587326844906,0.5680263203900642,0.3949252596458304,0.4640774512965328,20231108_P021N_A004,P021N_A004,20231108,40x,0.324,0.324,0.324,123,0.6576316673915622,"(237.90536331313535, 240.77093557514146, 278.1255721368121)",50.66308223436817,6,123
75,11804.0,13048.0,"(275.65969162995594, 153.37368688580142, 402.3201457133175)",0.904659717964439,401.480292096,336.75585642288127,0.7815290426957915,24.05755421653184,13.836413368695787,8.813716995705345,0.6369943395624441,0.5751379896792541,0.3663596438930083,0.21070734908823222,0.23336901940395902,20231108_P021N_A004,P021N_A004,20231108,40x,0.324,0.324,0.324,123,0.6563325991189427,"(237.90536331313535, 240.77093557514146, 278.1255721368121)",50.70155954702119,7,123
76,18890.0,20087.0,"(276.73462149285336, 270.4937533086289, 430.7763366860773)",0.9404092198934635,642.49091136,410.79033025999956,0.8765470614527058,20.481524665325693,16.729806649752383,13.346042998989784,0.7977404209382969,0.816824280571026,0.6516137454153518,0.5322539288090864,0.519818623556823,20231108_P021N_A004,P021N_A004,20231108,40x,0.324,0.324,0.324,123,0.6588919559353652,"(237.90536331313535, 240.77093557514146, 278.1255721368121)",51.93449464301159,5,123
77,14812.0,16037.0,"(279.4749527410208, 239.86551444774508, 435.860721036997)",0.9236141422959406,503.789061888,366.56511255202656,0.835280132048692,22.961570261736888,13.737480847055474,11.566638922312553,0.8419767096375442,0.5982814193656252,0.5037390209147489,0.30137769642272627,0.4241365233458384,20231108_P021N_A004,P021N_A004,20231108,40x,0.324,0.324,0.324,123,0.6654165541452876,"(237.90536331313535, 240.77093557514146, 278.1255721368121)",52.85196583295966,6,123
78,6857.0,8531.0,"(273.6865976374508, 356.7460988770599, 375.1521073355695)",0.8037744695815262,233.221819968,246.06537525201674,0.7446400732949844,15.714698628386676,13.806015410269074,8.618264320232536,0.6242398015738974,0.8785415321506834,0.5484205917041703,0.48181026689876627,0.34234596134445067,20231108_P021N_A004,P021N_A004,20231108,40x,0.324,0.324,0.324,123,0.6516347562796447,"(237.90536331313535, 240.77093557514146, 278.1255721368121)",50.34493343874629,7,123
79,14979.0,16350.0,"(280.26964416850257, 338.44468923159087, 396.4926230055411)",0.9161467889908257,509.469103296,377.1953351485176,0.8178300153815741,23.501128614108936,14.895535544919817,10.518506404792165,0.7061516098613551,0.6338221363537946,0.4475745219519953,0.283682639681142,0.31605546920932787,20231108_P021N_A004,P021N_A004,20231108,40x,0.324,0.324,0.324,123,0.6673086765916728,"(237.90536331313535, 240.77093557514146, 278.1255721368121)",51.58183098648753,5,123
80,17516.0,19107.0,"(283.32273350079925, 364.32010733044075, 179.48612696962778)",0.9167320877165437,595.758115584,438.2560305916089,0.7812730945664843,24.975860809816155,18.244914869369143,9.43427361034997,0.517090579917635,0.7305019437887972,0.3777356737447087,0.2759366439088806,0.19532355859222994,20231108_P021N_A004,P021N_A004,20231108,40x,0.324,0.324,0.324,123,0.6745779369066649,"(237.90536331313535, 240.77093557514146, 278.1255721368121)",53.29467667967187,3,123
81,9912.0,10943.0,"(289.7189265536723, 136.14144471347862, 175.3346448748991)",0.905784519784337,337.129164288,288.6647074234937,0.8114989910093402,20.003196527856662,13.09581222523194,9.388053846373264,0.7168745004059488,0.6546859751637482,0.4693276813682934,0.307262250747942,0.33644904710757767,20231108_P021N_A004,P021N_A004,20231108,40x,0.324,0.324,0.324,123,0.689806967984934,"(237.90536331313535, 240.77093557514146, 278.1255721368121)",50.400436936563885,5,123
82,14098.0,15435.0,"(288.7588310398638, 200.2651439920556, 420.33260036884667)",0.9133786848072563,479.504333952,362.70257991342305,0.8168240273978464,22.953599608776212,14.661042316112782,10.282295273870716,0.7013345335324669,0.6387251919523418,0.44796003455333094,0.28612335905705394,0.31416984187464814,20231108_P021N_A004,P021N_A004,20231108,40x,0.324,0.324,0.324,123,0.68752102628539,"(237.90536331313535, 240.77093557514146, 278.1255721368121)",50.661866288888,6,123
83,15277.0,16944.0,"(293.05295542318515, 102.31256136676049, 263.0231720887609)",0.9016170915958451,519.604746048,390.01637046394535,0.8014012723208597,20.938913569254964,18.115727802568667,10.083093431315055,0.5565933392908096,0.8651703796689988,0.48154807067546557,0.41662112713516636,0.26802644868630415,20231108_P021N_A004,P021N_A004,20231108,40x,0.324,0.324,0.324,123,0.6977451319599647,"(237.90536331313535, 240.77093557514146, 278.1255721368121)",48.53522248444399,4,123
84,15091.0,16348.0,"(305.8385130210059, 251.53574978463985, 123.02564442382877)",0.9231098605333986,513.278472384,400.8160357299067,0.7734657178168609,25.240710642448963,17.11018368628222,8.52401940288585,0.49818397973832557,0.6778804261361365,0.33770916847921256,0.22892643503876892,0.1682412975470948,20231108_P021N_A004,P021N_A004,20231108,40x,0.324,0.324,0.324,123,0.7281869357642997,"(237.90536331313535, 240.77093557514146, 278.1255721368121)",54.972003678887965,5,123
85,14397.0,15557.0,"(313.9053969576995, 121.76370077099396, 230.59095644926026)",0.9254354952754387,489.673988928,375.8642149885961,0.7993270343333952,25.935261177313894,14.509487197219341,9.33489888187024,0.6433651827239779,0.559450205572292,0.35993078373298465,0.20136335095121444,0.23156693444435625,20231108_P021N_A004,P021N_A004,20231108,40x,0.324,0.324,0.324,123,0.7473938022802369,"(237.90536331313535, 240.77093557514146, 278.1255721368121)",48.27302817429607,5,123
86,13320.0,14315.0,"(308.9960960960961, 142.9638888888889, 363.8792792792793)",0.9304924903946908,453.04282368,336.4458499725447,0.8478684058433453,19.90445717737112,15.906522482209606,10.208257987478271,0.6417655398215124,0.7991437465721665,0.5128629179138723,0.4098511936996253,0.32913774736943224,20231108_P021N_A004,P021N_A004,20231108,40x,0.324,0.324,0.324,123,0.7357049907049907,"(237.90536331313535, 240.77093557514146, 278.1255721368121)",48.028351722207105,7,123
87,15354.0,16740.0,"(313.31926533802266, 214.02338152924318, 126.20704702357692)",0.9172043010752688,522.223687296,381.01009708379434,0.823098892664982,20.96554762696145,17.271206381138597,10.349915494373269,0.5992583995566241,0.8237898999083634,0.49366301698999737,0.4066746073546506,0.29583170948172033,20231108_P021N_A004,P021N_A004,20231108,40x,0.324,0.324,0.324,123,0.7459982508048159,"(237.90536331313535, 240.77093557514146, 278.1255721368121)",55.63177797194769,6,123
88,16241.0,17831.0,"(316.15737947170743, 118.56948463764546, 317.805184409827)",0.9108294543211262,552.392529984,402.28736654715976,0.8093063133099315,23.988848415937785,14.880177765448574,11.220138822673938,0.7540325794176223,0.6202956268447816,0.4677231115112415,0.29012660064465723,0.35267846422605764,20231108_P021N_A004,P021N_A004,20231108,40x,0.324,0.324,0.324,123,0.7527556654088272,"(237.90536331313535, 240.77093557514146, 278.1255721368121)",48.741322342888914,6,123
89,14939.0,16417.0,"(314.0623870406319, 352.06774215141576, 374.9627819800522)",0.9099713711396723,508.108614336,372.2740062726077,0.8271655719707927,22.022576053139304,15.067092577440167,11.171036982693327,0.7414195489460009,0.6841657643085929,0.5072538723779729,0.34704573329396926,0.376087937259589,20231108_P021N_A004,P021N_A004,20231108,40x,0.324,0.324,0.324,123,0.7477675881919807,"(237.90536331313535, 240.77093557514146, 278.1255721368121)",53.79211561437865,5,123
90,10422.0,11762.0,"(316.3721934369603, 360.7953367875648, 328.1067933218192)",0.8860737969733039,354.475398528,299.52793387933355,0.8086691211865854,17.729421607995352,15.122931776310484,9.828913300610195,0.6499343808458374,0.852985061254935,0.5543843176574749,0.4728815411558366,0.36031342824735296,20231108_P021N_A004,P021N_A004,20231108,40x,0.324,0.324,0.324,123,0.7532671272308579,"(237.90536331313535, 240.77093557514146, 278.1255721368121)",49.202174018145755,9,123
91,13710.0,14765.0,"(321.4548504741065, 137.4105032822757, 202.03136396790663)",0.9285472400948188,466.30759104000003,352.9410693953157,0.8239425239328213,23.839561304500045,13.665158115932126,10.250649089205938,0.7501302950351352,0.5732134891824808,0.4299848037585737,0.24647308965789635,0.3225446277040436,20231108_P021N_A004,P021N_A004,20231108,40x,0.324,0.324,0.324,123,0.7653686916050154,"(237.90536331313535, 240.77093557514146, 278.1255721368121)",49.6198614326236,6,123
92,15870.0,17257.0,"(323.0645872715816, 171.98185255198487, 151.54650283553875)",0.9196268181027989,539.77399488,397.7911845009919,0.8059416651755508,25.21198017147561,15.115778348382047,10.143797759362828,0.6710734654592625,0.599547447109441,0.40234038303898645,0.24122214952005894,0.2699999551401797,20231108_P021N_A004,P021N_A004,20231108,40x,0.324,0.324,0.324,123,0.7692013982656705,"(237.90536331313535, 240.77093557514146, 278.1255721368121)",54.221661032385065,9,123
93,16434.0,17516.0,"(323.75684556407447, 379.88821954484604, 278.4457831325301)",0.9382279059145924,558.956889216,383.23682064691207,0.8562536545041081,22.54526158560425,13.540625289570384,13.095177680779202,0.9671028775063817,0.6005973910817887,0.5808394651380235,0.3488506673992385,0.5617315181042503,20231108_P021N_A004,P021N_A004,20231108,40x,0.324,0.324,0.324,123,0.7708496322954154,"(237.90536331313535, 240.77093557514146, 278.1255721368121)",52.96602150741437,7,123
94,17447.0,18625.0,"(329.00871209950134, 378.26078982059954, 236.9430847710208)",0.936751677852349,593.4112721280001,401.57779731426695,0.8503902894393652,21.967437552758465,16.934138607732372,11.326360715109086,0.6688477623501503,0.7708745531681706,0.5155977199392028,0.3974611619726605,0.3448563812541752,20231108_P021N_A004,P021N_A004,20231108,40x,0.324,0.324,0.324,123,0.7833540764273841,"(237.90536331313535, 240.77093557514146, 278.1255721368121)",55.07931144439089,4,123
95,11784.0,13922.0,"(325.9934657162254, 171.872539035981, 370.81449422946366)",0.8464301106162908,400.80004761600003,344.8923765239842,0.7622294174986696,22.404230409315097,13.928757552603699,9.62795290552706,0.6912284077862573,0.6217021204536659,0.4297381668385274,0.26716912956338373,0.29704722882878026,20231108_P021N_A004,P021N_A004,20231108,40x,0.324,0.324,0.324,123,0.7761749183719652,"(237.90536331313535, 240.77093557514146, 278.1255721368121)",47.06119697523979,6,123
96,13876.0,15230.0,"(334.28552897088497, 280.9883251657538, 397.06370712020754)",0.911096520026264,471.953620224,380.8682260761687,0.7696777448866192,24.113357845716852,16.603671205321337,8.503405733889515,0.5121400941235361,0.6885673621880319,0.3526429536813736,0.24281842841057977,0.1806025954903805,20231108_P021N_A004,P021N_A004,20231108,40x,0.324,0.324,0.324,123,0.7959179261211546,"(237.90536331313535, 240.77093557514146, 278.1255721368121)",51.2830232742254,3,123
97,14319.0,16007.0,"(334.5579300230463, 129.01340875759482, 281.01738948250573)",0.8945461360654714,487.021035456,375.9362334059876,0.7962847867447234,25.461568616458482,13.811971773016912,10.196167961072872,0.738212336995368,0.5424635057279538,0.40045325229813294,0.21723127512180593,0.29561953123640045,20231108_P021N_A004,P021N_A004,20231108,40x,0.324,0.324,0.324,123,0.7965665000548722,"(237.90536331313535, 240.77093557514146, 278.1255721368121)",47.88170402593508,5,123
98,14137.0,15845.0,"(337.4759850038905, 331.23633019735445, 177.586616679635)",0.8922057431366361,480.830810688,388.5734314285578,0.7638461271661714,21.007921001660467,17.3791939856188,9.650133325254352,0.5552693256798785,0.8272686280686771,0.45935689326381246,0.3800115468842439,0.25506679236900104,20231108_P021N_A004,P021N_A004,20231108,40x,0.324,0.324,0.324,123,0.8035142500092631,"(237.90536331313535, 240.77093557514146, 278.1255721368121)",54.41500460018824,5,123
99,16418.0,17734.0,"(339.57808502862713, 334.7448532098916, 371.341698136192)",0.9257922634487425,558.412693632,393.67285261960785,0.8330137663174599,23.94677205787724,14.08724699957106,11.959371146516057,0.8489501992035922,0.5882733157322174,0.49941474857702367,0.29379237007097736,0.4239782502896761,20231108_P021N_A004,P021N_A004,20231108,40x,0.324,0.324,0.324,123,0.8085192500681598,"(237.90536331313535, 240.77093557514146, 278.1255721368121)",54.0776147056955,8,123
100,16831.0,18017.0,"(341.85134573109144, 224.80987463608818, 151.42807913968272)",0.9341732807903647,572.459742144,386.2606301262665,0.8631779020596962,18.750380540575772,18.224748060067373,11.98909389823986,0.6578468936154687,0.9719668366532118,0.6394053641895691,0.6214808091704302,0.42063083259317535,20231108_P021N_A004,P021N_A004,20231108,40x,0.324,0.324,0.324,123,0.8139317755502177,"(237.90536331313535, 240.77093557514146, 278.1255721368121)",53.34872023324113,6,123
101,12688.0,13938.0,"(346.72075977301387, 197.80115069356873, 362.42741172761663)",0.9103171186683886,431.547098112,346.21084519327945,0.7976804042648157,22.0726050629993,15.55529200927198,9.08867431700846,0.5842818194342485,0.7047329467851347,0.4117626483628779,0.2901827045568221,0.240585429360527,20231108_P021N_A004,P021N_A004,20231108,40x,0.324,0.324,0.324,123,0.8255256185071759,"(237.90536331313535, 240.77093557514146, 278.1255721368121)",46.72119666001543,3,123
102,15835.0,17034.0,"(353.9192295547837, 345.6808335964635, 339.33874329018)",0.9296113655042856,538.58356704,378.54507047582473,0.8456719549854528,22.30026345464424,14.848655801293253,11.655439499375516,0.7849491331303119,0.6658511381039707,0.5226592736485434,0.34801327219947725,0.4102609437729426,20231108_P021N_A004,P021N_A004,20231108,40x,0.324,0.324,0.324,123,0.8426648322732946,"(237.90536331313535, 240.77093557514146, 278.1255721368121)",54.420770878073505,8,123
103,14102.0,15438.0,"(351.17025953765426, 356.38476811799745, 312.31811090625445)",0.9134602927840394,479.640382848,356.7592107659565,0.830588838299126,20.40698696755254,14.783419251645892,11.580538070935527,0.7833463878558556,0.72442929841391,0.5674790741694882,0.4110984675651775,0.44453268293445375,20231108_P021N_A004,P021N_A004,20231108,40x,0.324,0.324,0.324,123,0.8361196655658435,"(237.90536331313535, 240.77093557514146, 278.1255721368121)",53.596910754767805,8,123
104,16019.0,17532.0,"(358.07253886010363, 177.56632748611025, 186.6554716274424)",0.9137006616472736,544.841816256,389.6161928493185,0.8279944279600346,23.543471311926297,14.325858991611584,11.647222735978152,0.8130208975809485,0.6084854183908983,0.49471136102508717,0.30102464949608093,0.4022106747841091,20231108_P021N_A004,P021N_A004,20231108,40x,0.324,0.324,0.324,123,0.8525536639526277,"(237.90536331313535, 240.77093557514146, 278.1255721368121)",53.04281951580729,6,123
105,15577.0,16853.0,"(359.31302561468834, 350.0230467997689, 227.10958464402646)",0.924286477185071,529.808413248,371.78183049392817,0.8516775446978493,22.496506402770276,13.788475352155043,12.303727749544441,0.8923196680785634,0.6129162948811063,0.5469172648082518,0.3352145035527825,0.488025032200135,20231108_P021N_A004,P021N_A004,20231108,40x,0.324,0.324,0.324,123,0.8555072038444961,"(237.90536331313535, 240.77093557514146, 278.1255721368121)",55.43949150289105,8,123
106,14839.0,15862.0,"(359.220500033695, 281.82296650717706, 171.0193409259384)",0.9355062413314841,504.707391936,356.2787281581564,0.8604401648734871,20.151033289431282,15.644138291505167,11.46147340333941,0.732636926992843,0.7763442234850622,0.5687784461827409,0.44156786113678015,0.4167080929510873,20231108_P021N_A004,P021N_A004,20231108,40x,0.324,0.324,0.324,123,0.8552869048421309,"(237.90536331313535, 240.77093557514146, 278.1255721368121)",54.09381237748105,5,123
107,17013.0,18501.0,"(362.8890848174925, 173.82560394992066, 319.2610944571798)",0.91957191503162,578.649966912,396.05403757925524,0.8478915383146445,22.140207041573422,15.442342920830566,12.112456867482098,0.7843665258296589,0.6974796076583183,0.5470796566959887,0.3815769043101656,0.4291109696747151,20231108_P021N_A004,P021N_A004,20231108,40x,0.324,0.324,0.324,123,0.8640216305178393,"(237.90536331313535, 240.77093557514146, 278.1255721368121)",47.83225427453587,6,123
108,16224.0,17816.0,"(365.6600714990138, 157.67067307692307, 251.61347386587772)",0.9106421194431972,551.814322176,393.66097464479253,0.8264636176656623,20.4337912282446,17.754670284742765,10.958849361651932,0.6172375598024634,0.8688877206595601,0.5363101364422314,0.4659932920199081,0.3310307599149291,20231108_P021N_A004,P021N_A004,20231108,40x,0.324,0.324,0.324,123,0.8706192178547947,"(237.90536331313535, 240.77093557514146, 278.1255721368121)",50.12041282096094,8,123
109,13516.0,15196.0,"(364.9700355134655, 359.89301568511394, 267.7283219887541)",0.8894445906817584,459.709219584,347.33679060492864,0.8293200143885795,21.67142902715574,13.820722655618564,11.36678591879467,0.822445121143771,0.637739331278075,0.5245056015711439,0.3344978515975857,0.431377073024766,20231108_P021N_A004,P021N_A004,20231108,40x,0.324,0.324,0.324,123,0.8689762750320608,"(237.90536331313535, 240.77093557514146, 278.1255721368121)",56.531829460883536,8,123
110,13830.0,14893.0,"(368.8454808387563, 174.96767895878526, 220.94186550976139)",0.9286241858591284,470.38905792,340.3571873513648,0.8593841487437274,20.5979447294443,13.297812219015057,12.224997568054267,0.9193239735009394,0.6455892757108981,0.5935056981961364,0.3831609138287346,0.5456240167611215,20231108_P021N_A004,P021N_A004,20231108,40x,0.324,0.324,0.324,123,0.8782035258065627,"(237.90536331313535, 240.77093557514146, 278.1255721368121)",50.967331045930344,6,123
111,14044.0,15279.0,"(371.3933352321276, 216.514810595272, 186.94866135004273)",0.9191701027554159,477.667673856,361.8687382610524,0.8166142596725973,22.917133223526946,15.052080129933321,9.923039790566344,0.6592470744846016,0.6568046702491005,0.43299655736954296,0.28439416108209836,0.28545171370777517,20231108_P021N_A004,P021N_A004,20231108,40x,0.324,0.324,0.324,123,0.8842698457907799,"(237.90536331313535, 240.77093557514146, 278.1255721368121)",52.96248268490135,8,123
112,14951.0,15940.0,"(371.874189017457, 306.59367266403586, 350.026620292957)",0.9379548306148056,508.516761024,364.2708565411465,0.8457912974749459,20.94952537103733,16.258229619629702,10.645789949798454,0.6547939227617405,0.7760667285621023,0.5081637775200499,0.3943690003937451,0.33274255328777785,20231108_P021N_A004,P021N_A004,20231108,40x,0.324,0.324,0.324,123,0.8854147357558501,"(237.90536331313535, 240.77093557514146, 278.1255721368121)",53.68049336594522,6,123
113,16269.0,17500.0,"(368.8972278566599, 321.3173520191776, 215.98137562234925)",0.9296571428571428,553.344872256,374.3944751000926,0.8705999136145637,19.5030945550321,15.435951850070952,13.206556496766428,0.8555712420614815,0.7914616732496043,0.6771518468262224,0.5359397337331417,0.5793516466533373,20231108_P021N_A004,P021N_A004,20231108,40x,0.324,0.324,0.324,123,0.8783267329920474,"(237.90536331313535, 240.77093557514146, 278.1255721368121)",53.73761964132545,7,123
114,14046.0,15270.0,"(376.5694859746547, 337.5523992595757, 279.3842375053396)",0.9198428290766208,477.735698304,343.8947979430138,0.8593768450751373,17.812709619335767,16.699715308318584,11.52482432229457,0.6901210056289846,0.9375168441633932,0.647000067288153,0.6065734612574922,0.44650833707892085,20231108_P021N_A004,P021N_A004,20231108,40x,0.324,0.324,0.324,123,0.8965940142253683,"(237.90536331313535, 240.77093557514146, 278.1255721368121)",54.789515944364496,11,123
115,11154.0,12285.0,"(377.21642460104, 286.26932042316656, 199.54177873408642)",0.9079365079365079,379.37234649600003,317.59619742121913,0.7979688611377473,22.78802877841464,13.270472640008304,8.980531347884124,0.6767303314283842,0.582344035504221,0.3940898721521142,0.2294958865004047,0.2666925697940698,20231108_P021N_A004,P021N_A004,20231108,40x,0.324,0.324,0.324,123,0.8981343442881905,"(237.90536331313535, 240.77093557514146, 278.1255721368121)",53.87866464181458,6,123
116,14879.0,16072.0,"(382.9127629544996, 328.26312252167486, 316.6561596881511)",0.9257715281234445,506.067880896,363.4152094349471,0.8450586954529153,20.90640475752363,15.494947894914239,11.264446578847098,0.7269754409786897,0.7411579405750307,0.5388036206843904,0.39933858188081284,0.39169699974794936,20231108_P021N_A004,P021N_A004,20231108,40x,0.324,0.324,0.324,123,0.9116970546535705,"(237.90536331313535, 240.77093557514146, 278.1255721368121)",56.27408520565772,9,123
117,16241.0,17385.0,"(386.6074133366172, 325.58801797918846, 253.27184286681856)",0.9341961461029623,552.392529984,374.6622263412595,0.8689792635110631,21.09128457953676,14.757532375350447,12.681014154383439,0.8592909594807718,0.69969812979853,0.6012442773014804,0.4206894963799146,0.5166437719247123,20231108_P021N_A004,P021N_A004,20231108,40x,0.324,0.324,0.324,123,0.92049384127766,"(237.90536331313535, 240.77093557514146, 278.1255721368121)",56.04726622317339,10,123
118,12302.0,13948.0,"(386.295561697285, 190.52406112827182, 294.6182734514713)",0.881990249498136,418.418379648,354.6065292479849,0.7629180654226227,24.25312420854913,14.097455419165275,9.051500309690567,0.6420662481673955,0.5812634816835671,0.3732096628812856,0.2169331480443264,0.23962532802600553,20231108_P021N_A004,P021N_A004,20231108,40x,0.324,0.324,0.324,123,0.9197513373744881,"(237.90536331313535, 240.77093557514146, 278.1255721368121)",51.040447740009924,4,123
119,15391.0,16765.0,"(395.21311155870313, 210.00740692612567, 244.89994152426743)",0.9180435430957352,523.482139584,377.83852113468515,0.8313408814899763,20.940076010579105,16.48365490947295,11.035521510844521,0.6694826827818717,0.7871821907974578,0.5270048449331932,0.41484882839538556,0.3528206174249185,20231108_P021N_A004,P021N_A004,20231108,40x,0.324,0.324,0.324,123,0.9409835989492932,"(237.90536331313535, 240.77093557514146, 278.1255721368121)",53.03719173484842,7,123
120,14905.0,16127.0,"(401.79758470311975, 254.81382086548138, 284.51244548809126)",0.9242264525330192,506.95219872,355.7385649665188,0.8643000066439419,19.654499097234776,15.449875419148254,11.911977477624077,0.7710079954988258,0.7860732213380052,0.6060687386991201,0.4764144057814791,0.4672838433589104,20231108_P021N_A004,P021N_A004,20231108,40x,0.324,0.324,0.324,123,0.956660915959809,"(237.90536331313535, 240.77093557514146, 278.1255721368121)",53.335807937965434,5,123
121,15900.0,17680.0,"(400.9606289308176, 253.54345911949684, 240.67163522012578)",0.8993212669683258,540.7943616,400.4430613139284,0.801613067614793,21.266737545421282,16.12149275811069,11.653179572489709,0.7228350220004917,0.7580613962850941,0.5479533260614594,0.41538226345321133,0.39607985449887767,20231108_P021N_A004,P021N_A004,20231108,40x,0.324,0.324,0.324,123,0.9546681641209943,"(237.90536331313535, 240.77093557514146, 278.1255721368121)",54.36344857028826,6,123
122,13948.0,15203.0,"(400.02502150846, 289.44113851448236, 311.6330656724978)",0.9174505031901599,474.402500352,348.70106158432316,0.8435849721427305,20.291026798399777,14.97722808474628,11.314441314865258,0.7554429465081441,0.7381207581829934,0.5576081204405858,0.41158212862859905,0.42124112150250426,20231108_P021N_A004,P021N_A004,20231108,40x,0.324,0.324,0.324,123,0.9524405274010952,"(237.90536331313535, 240.77093557514146, 278.1255721368121)",55.90697159590553,6,123
123,13648.0,15215.0,"(405.2905187573271, 296.4736957796014, 278.5948856975381)",0.8970095300690109,464.198833152,343.5412168939546,0.8439330035543456,20.616019162574705,14.056721806831707,11.822804358008295,0.8410783481723523,0.6818349214745386,0.5734765894800304,0.39101636535560275,0.4823387425953781,20231108_P021N_A004,P021N_A004,20231108,40x,0.324,0.324,0.324,123,0.9649774256126836,"(237.90536331313535, 240.77093557514146, 278.1255721368121)",57.15713377995921,7,123
1,3712.0,5030.0,"(52.0792025862069, 210.72359913793105, 133.63873922413794)",0.7379721669980119,126.253375488,183.85780516477334,0.6619584320361017,12.641424048199967,10.394317994273255,7.600062622408456,0.7311747270571968,0.8222426488219354,0.6012030443271651,0.49433478364737965,0.4395844718418707,20231108_P021N_B013,P021N_B013,20231108,40x,0.324,0.324,0.324,100,0.045125649314765696,"(212.8451346089879, 218.56613765393502, 220.93288369388213)",59.32603499032469,3,100
2,7635.0,9185.0,"(55.88238375900458, 184.08172888015716, 166.77904387688278)",0.8312465977136636,259.68333024000003,261.40636643361637,0.7530041078566242,17.185202809944233,11.964197581398409,9.374861634002706,0.7835762967153327,0.696191817676735,0.5455194062986521,0.37978614704899194,0.42745607617384473,20231108_P021N_B013,P021N_B013,20231108,40x,0.324,0.324,0.324,100,0.057315332560912126,"(212.8451346089879, 218.56613765393502, 220.93288369388213)",54.945583698758924,2,100
3,14916.0,16192.0,"(89.53526414588362, 308.86196031107534, 175.03419147224457)",0.9211956521739131,507.326333184,383.9118860480711,0.8012674544824027,23.5565210503791,15.62598246019135,9.971656587012122,0.6381458965806373,0.6633399909423331,0.42330769325768697,0.280796921411374,0.27013206744340806,20231108_P021N_B013,P021N_B013,20231108,40x,0.324,0.324,0.324,100,0.1651771286727039,"(212.8451346089879, 218.56613765393502, 220.93288369388213)",51.70348681783353,1,100
4,17028.0,18914.0,"(90.51926239135541, 151.29269438571765, 174.60435752877612)",0.9002855028021571,579.160150272,422.57448792788915,0.795145548647866,25.93085224105005,13.760614805011054,11.68406124422898,0.8490944198201175,0.5306657365941563,0.4505853157318304,0.23911018847134227,0.382589477240783,20231108_P021N_B013,P021N_B013,20231108,40x,0.324,0.324,0.324,100,0.1683309692030622,"(212.8451346089879, 218.56613765393502, 220.93288369388213)",47.65737963356011,4,100
5,8039.0,8854.0,"(88.49483766637641, 282.9305883816395, 125.02127130240079)",0.9079512084933363,273.424268736,247.61266309515156,0.8227526938854142,19.19981592004988,11.083588886570533,9.283795024379387,0.8376163280134044,0.5772757891390107,0.4835356267496584,0.27913341050873514,0.4050173361417089,20231108_P021N_B013,P021N_B013,20231108,40x,0.324,0.324,0.324,100,0.1618424284178731,"(212.8451346089879, 218.56613765393502, 220.93288369388213)",54.98922068529689,2,100
6,14136.0,16066.0,"(94.92678268251274, 255.9356960950764, 121.0229909451047)",0.8798705340470558,480.796798464,404.99307453970425,0.7328429357306507,26.513480537254395,15.720237186427504,8.48521912319275,0.5397640647889648,0.5929148820856929,0.3200341468284434,0.18975300843018186,0.17274293196338902,20231108_P021N_B013,P021N_B013,20231108,40x,0.324,0.324,0.324,100,0.18245763680292543,"(212.8451346089879, 218.56613765393502, 220.93288369388213)",51.51824990489844,4,100
7,15207.0,18029.0,"(94.67758269218123, 237.7984480831196, 113.60537910172947)",0.8434744023517666,517.223890368,420.9078866223666,0.7403142555224664,22.788393287396296,18.455965358015508,9.526269701235957,0.5161620926590359,0.8098844497397301,0.4180316523896709,0.3385573347693987,0.21577209249516718,20231108_P021N_B013,P021N_B013,20231108,40x,0.324,0.324,0.324,100,0.18165891888519625,"(212.8451346089879, 218.56613765393502, 220.93288369388213)",52.09517536603193,5,100
8,14326.0,16617.0,"(98.64546977523383, 207.66927265112383, 114.63876867234399)",0.8621291448516579,487.259121024,385.3012909414364,0.7771836317240183,24.538704281768464,14.203723359174003,10.356593454057025,0.7291463788871835,0.5788293952312287,0.42205135752630873,0.24429573203347238,0.30773721904472806,20231108_P021N_B013,P021N_B013,20231108,40x,0.324,0.324,0.324,100,0.19437650568985207,"(212.8451346089879, 218.56613765393502, 220.93288369388213)",50.67130460610287,4,100
9,11268.0,12379.0,"(96.50647852325169, 136.5268903088392, 196.63107916222933)",0.9102512319250343,383.24974003200003,316.03024220512077,0.8073776563979566,22.029814424537104,12.51251975654087,10.245203411151506,0.8187961825831177,0.5679811693104531,0.4650608132104944,0.2641457844877668,0.3807900185257531,20231108_P021N_B013,P021N_B013,20231108,40x,0.324,0.324,0.324,100,0.18752076449760155,"(212.8451346089879, 218.56613765393502, 220.93288369388213)",46.79046727272947,4,100
10,10462.0,11593.0,"(102.30959663544256, 104.87134391129803, 253.03899827948766)",0.9024411282670577,355.835887488,310.35962760418363,0.7824418416246404,23.49223291267815,12.339651954668666,8.792991240032045,0.7125801661452247,0.5252651802208752,0.3742935493920927,0.19660336867694866,0.26671415961290323,20231108_P021N_B013,P021N_B013,20231108,40x,0.324,0.324,0.324,100,0.20612050203667487,"(212.8451346089879, 218.56613765393502, 220.93288369388213)",52.419369003632276,2,100
11,12825.0,14811.0,"(104.70939571150097, 127.84499025341131, 266.6564522417154)",0.8659104719465263,436.2067728,367.41788198931715,0.7570399030096272,23.12760909417421,15.015193632762081,9.346481531776025,0.6224682651699323,0.6492324205075038,0.4041265784853818,0.26237207674148016,0.2515559702188561,20231108_P021N_B013,P021N_B013,20231108,40x,0.324,0.324,0.324,100,0.2138121657419903,"(212.8451346089879, 218.56613765393502, 220.93288369388213)",48.07259236378615,2,100
12,4440.0,5323.0,"(115.20495495495496, 320.83063063063065, 245.0849099099099)",0.8341160999436408,151.01427456,179.24083189013405,0.7651134574383998,15.136870736146852,9.819658220266849,7.500017401408597,0.7637758090123002,0.6487244551026985,0.49548004552212715,0.32143002254560216,0.378435672618114,20231108_P021N_B013,P021N_B013,20231108,40x,0.324,0.324,0.324,100,0.2474517787017787,"(212.8451346089879, 218.56613765393502, 220.93288369388213)",46.47446736377221,1,100
13,24312.0,26654.0,"(128.36105626850937, 154.3917818361303, 143.24012833168806)",0.9121332633000675,826.905189888,513.2510364821068,0.8300892084618733,23.6490482540768,17.810251944688503,14.236934027433145,0.7993673571630178,0.7531064993965767,0.6020087520849333,0.45337670388878576,0.4812261451431395,20231108_P021N_B013,P021N_B013,20231108,40x,0.324,0.324,0.324,100,0.2896187700913762,"(212.8451346089879, 218.56613765393502, 220.93288369388213)",42.60578031196052,4,100
14,12309.0,13677.0,"(124.80437078560404, 115.64741246242586, 215.30238037208548)",0.8999780653652116,418.656465216,333.95251153312915,0.8104096654395955,19.521314418440255,15.989579371657973,9.714005030177344,0.6075209862865886,0.8190831328731569,0.4976101927338092,0.40758411561402386,0.30230863507590316,20231108_P021N_B013,P021N_B013,20231108,40x,0.324,0.324,0.324,100,0.2782191371333463,"(212.8451346089879, 218.56613765393502, 220.93288369388213)",43.91980163426812,5,100
15,14600.0,15998.0,"(127.47410958904109, 144.5326712328767, 175.57657534246576)",0.9126140767595949,496.5784704,358.157353431298,0.8467116004021875,18.608962908998024,16.065008446051767,11.949139749611485,0.7437991576374289,0.8632941300712587,0.6421174467403391,0.5543362225872788,0.47760641598976084,20231108_P021N_B013,P021N_B013,20231108,40x,0.324,0.324,0.324,100,0.2867759922725676,"(212.8451346089879, 218.56613765393502, 220.93288369388213)",39.45138841978232,6,100
16,15167.0,17306.0,"(134.14623854420782, 202.8355640535373, 111.8945078130151)",0.8764012481220386,515.863401408,394.9586983988637,0.7875695558224267,23.092796920111848,14.653058804993872,11.395792206681987,0.7777073960010463,0.6345294100011035,0.49347821513803847,0.3131264406999373,0.38378165767824796,20231108_P021N_B013,P021N_B013,20231108,40x,0.324,0.324,0.324,100,0.30816102097502507,"(212.8451346089879, 218.56613765393502, 220.93288369388213)",43.86621940874636,6,100
17,10589.0,11670.0,"(130.56247048824252, 321.40494853149494, 182.1964302578147)",0.907369323050557,360.155439936,288.38911933878364,0.8488518632643393,14.52760014488961,14.01720119277228,12.99140955656044,0.926819083060549,0.9648669465688128,0.8942570986943389,0.8628391162646922,0.8288145442322741,20231108_P021N_B013,P021N_B013,20231108,40x,0.324,0.324,0.324,100,0.2966745848982132,"(212.8451346089879, 218.56613765393502, 220.93288369388213)",44.47986732273347,5,100
18,12958.0,14882.0,"(131.43486649174255, 245.97499614137985, 119.37760456860627)",0.8707163015723693,440.73039859200003,354.249315438485,0.7906005442263017,21.305638556157486,12.904982324540638,11.870657455664647,0.9198507333939484,0.6057073713386076,0.5571603697479388,0.33747614297407075,0.512504374730685,20231108_P021N_B013,P021N_B013,20231108,40x,0.324,0.324,0.324,100,0.2994707259350723,"(212.8451346089879, 218.56613765393502, 220.93288369388213)",43.096082689817635,7,100
19,6770.0,7943.0,"(136.77858197932053, 328.13692762186116, 224.0434268833087)",0.8523227999496412,230.26275648,235.04471091836484,0.7729465108538437,19.172089136665395,9.852008304788214,8.92624989168176,0.9060335330151394,0.5138724441848581,0.4655856661239321,0.2392516442285403,0.4218362259994733,20231108_P021N_B013,P021N_B013,20231108,40x,0.324,0.324,0.324,100,0.3165980191644889,"(212.8451346089879, 218.56613765393502, 220.93288369388213)",43.22887836302703,4,100
20,11108.0,12400.0,"(143.91204537270437, 297.1254051134318, 135.8046453006842)",0.8958064516129032,377.807784192,301.33007311472375,0.8387301378078368,18.324541700110302,12.781496778646856,11.764433022105354,0.9204268659488584,0.6975070366190887,0.6420042156925835,0.4478024579846962,0.5909179281758795,20231108_P021N_B013,P021N_B013,20231108,40x,0.324,0.324,0.324,100,0.3394616838868729,"(212.8451346089879, 218.56613765393502, 220.93288369388213)",43.67412591640858,3,100
21,13384.0,14832.0,"(150.22878063359235, 112.78182904961147, 284.3764196054991)",0.9023732470334412,455.219606016,351.30811747869734,0.8145978233585361,18.418933159876495,17.079221268619783,10.441583656776569,0.6113618116747065,0.9272644143052151,0.5668940522311219,0.5256606813152013,0.34657737479963435,20231108_P021N_B013,P021N_B013,20231108,40x,0.324,0.324,0.324,100,0.35970763023587293,"(212.8451346089879, 218.56613765393502, 220.93288369388213)",44.820115784870254,3,100
22,15703.0,18735.0,"(150.26192447303063, 230.0314589568872, 111.24957014583201)",0.8381638644248732,534.0939534720001,402.200738381899,0.7915038562861973,19.268969362510436,15.863192038207474,13.117125615137393,0.8268906777112696,0.8232506752058459,0.6807383087472221,0.5604182723146363,0.5628961614640139,20231108_P021N_B013,P021N_B013,20231108,40x,0.324,0.324,0.324,100,0.3598138604904828,"(212.8451346089879, 218.56613765393502, 220.93288369388213)",41.08358462603671,7,100
23,31376.0,38946.0,"(162.76335415604282, 134.01548954614992, 193.73976925038247)",0.805628305859395,1067.167540224,692.8676452266426,0.7288792400961788,32.18207267137722,19.178121610247818,13.833558314544813,0.7213197723781697,0.5959256200208902,0.42985293258778823,0.2561603753701756,0.31006141949031213,20231108_P021N_B013,P021N_B013,20231108,40x,0.324,0.324,0.324,100,0.3998825453719322,"(212.8451346089879, 218.56613765393502, 220.93288369388213)",33.03602619272533,5,100
24,32665.0,37626.0,"(170.93653757844788, 172.40633705801315, 134.33696617174346)",0.8681496837293361,1111.00929696,687.0269324233618,0.7550727970150761,34.000453243987415,17.885093168458507,14.371065121393748,0.8035219602175755,0.5260251397272557,0.4226727513973686,0.22233649311270448,0.3396268377333696,20231108_P021N_B013,P021N_B013,20231108,40x,0.324,0.324,0.324,100,0.42607864608476886,"(212.8451346089879, 218.56613765393502, 220.93288369388213)",34.572349559228826,4,100
25,17744.0,25463.0,"(171.13835662759243, 134.85499323715058, 307.37573264201984)",0.6968542591210777,603.512902656,526.8838393339238,0.6554812693789249,33.79089181856114,14.402576403470524,11.335480586029954,0.7870453360899022,0.42622658439453415,0.3354596453652472,0.142981818846231,0.2640219493310904,20231108_P021N_B013,P021N_B013,20231108,40x,0.324,0.324,0.324,100,0.4267255020115142,"(212.8451346089879, 218.56613765393502, 220.93288369388213)",41.26312321077971,4,100
26,15249.0,17498.0,"(161.87874614728835, 303.32441471571906, 158.85376090235425)",0.8714710252600297,518.652403776,388.32975246755075,0.8038981981444805,19.672569132447244,16.755998045423187,11.656089997208182,0.6956368678016158,0.8517442705430087,0.5925047165285107,0.5046624975728685,0.4121681251635775,20231108_P021N_B013,P021N_B013,20231108,40x,0.324,0.324,0.324,100,0.3970472632925909,"(212.8451346089879, 218.56613765393502, 220.93288369388213)",37.83365046223489,6,100
27,11736.0,15226.0,"(156.144427402863, 151.63036809815952, 162.5935582822086)",0.7707868120320505,399.167460864,375.9156471477771,0.6974244076711358,18.58200259875648,15.473204712034748,10.898666784850136,0.704357435171356,0.8326984473175257,0.586517342623743,0.48839208052759203,0.41311785113397903,20231108_P021N_B013,P021N_B013,20231108,40x,0.324,0.324,0.324,100,0.37866803654763775,"(212.8451346089879, 218.56613765393502, 220.93288369388213)",34.13374111814752,4,100
28,1358.0,1738.0,"(152.51840942562592, 172.62444771723122, 338.87113402061857)",0.7813578826237054,46.188600192,79.12643674829431,0.7867783171498636,9.103697148998327,6.608798262561964,5.85289146555247,0.8856211421535418,0.7259466296381712,0.6429136832826715,0.4667210215273181,0.56937795049494,20231108_P021N_B013,P021N_B013,20231108,40x,0.324,0.324,0.324,100,0.3670461840564933,"(212.8451346089879, 218.56613765393502, 220.93288369388213)",45.428663265012034,3,100
29,17832.0,20149.0,"(167.27831987438313, 116.44571556751907, 219.43158366980708)",0.8850067000843714,606.505978368,441.01970889149766,0.7856869088444594,22.986070483812007,16.773097089574424,11.354723880873646,0.6769604814325763,0.7297070241469465,0.4939828183712495,0.3604627323734061,0.334406846544022,20231108_P021N_B013,P021N_B013,20231108,40x,0.324,0.324,0.324,100,0.41435358934097155,"(212.8451346089879, 218.56613765393502, 220.93288369388213)",36.23468759219111,5,100
30,21416.0,24758.0,"(168.08446955547254, 331.04991595069106, 193.06168285394097)",0.8650133290249616,728.405789184,497.1315751595066,0.7875201998915762,23.533485796380415,15.690276860516844,14.447453073195279,0.9207901939290174,0.6667213262104205,0.6139104592579048,0.4093071955708786,0.5652827308351382,20231108_P021N_B013,P021N_B013,20231108,40x,0.324,0.324,0.324,100,0.4169374024213863,"(212.8451346089879, 218.56613765393502, 220.93288369388213)",40.25029629542237,6,100
31,22613.0,25633.0,"(171.81285101490292, 270.3338345199664, 132.84314332463626)",0.8821831233175984,769.118421312,500.2978761395781,0.8114297767917832,22.37414031033075,18.6838184952336,13.466055077026665,0.7207335631344294,0.8350630788976849,0.6018579882959356,0.5025893847655708,0.4337792524054494,20231108_P021N_B013,P021N_B013,20231108,40x,0.324,0.324,0.324,100,0.42888734299648373,"(212.8451346089879, 218.56613765393502, 220.93288369388213)",35.67436438951827,7,100
32,1201.0,1732.0,"(161.0016652789342, 216.91673605328893, 355.2489592006661)",0.6934180138568129,40.848681024,85.46767882548525,0.6711211215629057,10.786526045811119,6.857162571240415,5.239000637848474,0.7640187298200186,0.6357155716416549,0.4856986035724642,0.3087661654156226,0.3710828301767909,20231108_P021N_B013,P021N_B013,20231108,40x,0.324,0.324,0.324,100,0.3942361066632507,"(212.8451346089879, 218.56613765393502, 220.93288369388213)",46.650682921554306,3,100
33,9704.0,11932.0,"(174.99021022258862, 336.63942704039573, 241.5109233305853)",0.8132752262822662,330.054621696,320.6485181745419,0.7202978186647497,17.608388377565674,12.621401155950457,11.373789331135846,0.9011510838298318,0.7167834378318807,0.6459301718734722,0.4629920491948049,0.5820806744621689,20231108_P021N_B013,P021N_B013,20231108,40x,0.324,0.324,0.324,100,0.4390711866108609,"(212.8451346089879, 218.56613765393502, 220.93288369388213)",40.72327203895993,5,100
34,6663.0,7646.0,"(178.4982740507279, 243.5206363499925, 108.9972985141828)",0.8714360449908449,226.623448512,223.87961620209094,0.8029209689458661,15.16719728631511,13.069004605955353,8.373482996481929,0.6407131414328415,0.8616624653354452,0.55207846501984,0.4757052912276037,0.35372392764028276,20231108_P021N_B013,P021N_B013,20231108,40x,0.324,0.324,0.324,100,0.4503149809318202,"(212.8451346089879, 218.56613765393502, 220.93288369388213)",38.78810363496948,4,100
35,15174.0,16632.0,"(184.5688018979834, 107.18465796757611, 260.3890206932912)",0.9123376623376623,516.101486976,381.189098157946,0.8162697954622955,23.520483504186725,15.383262459127469,10.27726357330446,0.6680808834023743,0.6540368294890365,0.43694950282272355,0.28578106747298493,0.29191760984803333,20231108_P021N_B013,P021N_B013,20231108,40x,0.324,0.324,0.324,100,0.46977180095507504,"(212.8451346089879, 218.56613765393502, 220.93288369388213)",39.36589567402488,6,100
36,22628.0,26648.0,"(191.95757468622946, 272.1048258794414, 342.0227152200813)",0.8491444010807565,769.628604672,530.175760976331,0.7660404861241318,26.181725138543378,17.01324700113861,13.391092877742373,0.7870980111466187,0.6498138266715126,0.5114671705887212,0.3323584393371082,0.40257479273717073,20231108_P021N_B013,P021N_B013,20231108,40x,0.324,0.324,0.324,100,0.49345376501996624,"(212.8451346089879, 218.56613765393502, 220.93288369388213)",43.42739725379486,4,100
37,15708.0,16910.0,"(193.59122740005094, 210.73179271708685, 122.27705627705627)",0.9289178001182732,534.264014592,385.14085353399304,0.8267391133666954,24.954784037421522,13.420851324848492,11.446655384812955,0.8529008412171033,0.5378067509910303,0.4586958303324869,0.2466897142042476,0.3912220595533557,20231108_P021N_B013,P021N_B013,20231108,40x,0.324,0.324,0.324,100,0.49868983141041967,"(212.8451346089879, 218.56613765393502, 220.93288369388213)",32.6663063126343,5,100
38,15859.0,24266.0,"(206.88378838514407, 289.6673182420077, 318.3326817579923)",0.6535481744003956,539.399860416,507.78095226932527,0.6310759144314594,35.175087623258065,13.891792891815932,11.083693333284804,0.7978590970654722,0.39493271603481556,0.31510066021715244,0.12444355956392358,0.25140592824559144,20231108_P021N_B013,P021N_B013,20231108,40x,0.324,0.324,0.324,100,0.5412941935421285,"(212.8451346089879, 218.56613765393502, 220.93288369388213)",39.11907382556344,2,100
39,8990.0,13237.0,"(188.70978865406008, 236.51446051167963, 348.8641824249166)",0.6791569086651054,305.76989376,335.4660968882764,0.6542824987957352,18.166859238503875,13.763942337200122,10.316191291920868,0.7495084648850251,0.7576401708462649,0.5678577213862122,0.4302318210474204,0.42561416902928817,20231108_P021N_B013,P021N_B013,20231108,40x,0.324,0.324,0.324,100,0.48304419440403873,"(212.8451346089879, 218.56613765393502, 220.93288369388213)",42.579904973542334,4,100
40,24556.0,27574.0,"(194.11003420752564, 293.0690258999837, 149.67971167942662)",0.8905490679625735,835.204172544,528.7179717313799,0.8111885685940672,25.31717285250137,16.949681617037452,14.215708450741609,0.8387006182141078,0.6694934586806679,0.5615045776857773,0.37592364177987886,0.470934236435113,20231108_P021N_B013,P021N_B013,20231108,40x,0.324,0.324,0.324,100,0.5003526737420694,"(212.8451346089879, 218.56613765393502, 220.93288369388213)",33.948488805481,7,100
41,8005.0,10337.0,"(196.11130543410368, 179.23098063710182, 340.336414740787)",0.7744026313243688,272.26785312,285.4829472195143,0.7115982381397975,21.08238406254436,13.140709336337096,7.658276935841636,0.5827902238629334,0.6233028151537805,0.3632547871778684,0.2264177314660528,0.21170133873867217,20231108_P021N_B013,P021N_B013,20231108,40x,0.324,0.324,0.324,100,0.5067670045964862,"(212.8451346089879, 218.56613765393502, 220.93288369388213)",41.09116998831152,6,100
42,8415.0,9617.0,"(198.43196672608437, 330.0205585264409, 274.83683897801546)",0.8750129978163669,286.21286496,267.6098736178127,0.7848284880001212,20.36946366581647,11.116520438448003,9.344691941477455,0.8406130311385533,0.5457443858526071,0.4587598424184082,0.250365608454473,0.3856395016999832,20231108_P021N_B013,P021N_B013,20231108,40x,0.324,0.324,0.324,100,0.5142050215579628,"(212.8451346089879, 218.56613765393502, 220.93288369388213)",40.38379428831536,2,100
43,13149.0,16863.0,"(204.4735721347631, 158.8802950794737, 327.52224503764546)",0.7797544920832592,447.226733376,414.8668418282023,0.6817009562314902,21.6837327488582,19.98616322857358,8.054514847137783,0.4030045564534618,0.921712302030931,0.3714542574576745,0.34237395874050336,0.14969775826948015,20231108_P021N_B013,P021N_B013,20231108,40x,0.324,0.324,0.324,100,0.533569141457574,"(212.8451346089879, 218.56613765393502, 220.93288369388213)",39.67349877246397,7,100
44,17507.0,22226.0,"(203.7984806077569, 208.71314331410292, 358.3198149311704)",0.7876810942139836,595.452005568,444.23658869966937,0.7704911248827527,21.56772033646627,15.917832424422862,13.69980456441704,0.8606576699097118,0.7380396340502111,0.6351994717426711,0.46880238567384847,0.5466892972779271,20231108_P021N_B013,P021N_B013,20231108,40x,0.324,0.324,0.324,100,0.5314053865633234,"(212.8451346089879, 218.56613765393502, 220.93288369388213)",44.72384593789428,5,100
45,14142.0,16321.0,"(197.95241125724792, 108.7406307452977, 219.47185688021497)",0.8664910238343239,481.000871808,370.6275359411578,0.8010205990584295,21.179777581373106,14.641712662656747,11.555424433863957,0.7892126215081192,0.6913062522211582,0.5455876195804134,0.37716813255039855,0.4305846355114325,20231108_P021N_B013,P021N_B013,20231108,40x,0.324,0.324,0.324,100,0.5126679847988715,"(212.8451346089879, 218.56613765393502, 220.93288369388213)",35.91225379723567,4,100
46,14373.0,18296.0,"(211.81486119807974, 133.01099283378556, 303.5153412648716)",0.7855815478793179,488.857695552,415.60224877607925,0.7220953358434083,26.182733476332473,13.060389733817004,11.373690330720457,0.8708538230885093,0.4988168918888002,0.43439659732248925,0.21668436052347478,0.3782959375149295,20231108_P021N_B013,P021N_B013,20231108,40x,0.324,0.324,0.324,100,0.5570989140964094,"(212.8451346089879, 218.56613765393502, 220.93288369388213)",38.528227508846406,5,100
47,9515.0,12172.0,"(198.18160798738833, 325.5772990015765, 192.82858644245928)",0.7817121261912586,323.62631136,322.6479290295772,0.7065091511185002,22.800853261251532,12.575228391682357,8.524837052310886,0.6779071351061485,0.5515244647906701,0.37388236986719503,0.20620527393567215,0.2534575262233676,20231108_P021N_B013,P021N_B013,20231108,40x,0.324,0.324,0.324,100,0.5134025897031678,"(212.8451346089879, 218.56613765393502, 220.93288369388213)",36.16086648193257,6,100
48,15352.0,16736.0,"(213.14662584679522, 338.91304064616986, 231.24589630015632)",0.9173040152963671,522.155662848,360.49628174126104,0.8698612736232987,17.62643676883258,15.381685668862268,13.784060241126042,0.896134567944633,0.8726486169944724,0.782010591357823,0.6824204610234339,0.7007867234145697,20231108_P021N_B013,P021N_B013,20231108,40x,0.324,0.324,0.324,100,0.5613673905346,"(212.8451346089879, 218.56613765393502, 220.93288369388213)",39.13542632553239,6,100
49,26700.0,32108.0,"(217.75602996254682, 121.76531835205992, 233.87662921348314)",0.8315684564594493,908.1263808,627.6313868723188,0.722565128905744,36.30607824184403,15.985385957181775,11.544951661718963,0.7222191376950863,0.44029503409040904,0.31798949985220387,0.14000919767781822,0.22965810237935047,20231108_P021N_B013,P021N_B013,20231108,40x,0.324,0.324,0.324,100,0.5761411216748296,"(212.8451346089879, 218.56613765393502, 220.93288369388213)",31.68258822799705,6,100
50,13849.0,15141.0,"(221.09964618383998, 138.24940428911836, 175.92475991046285)",0.9146687801334126,471.035290176,360.6541687167349,0.811762151854675,21.92140011172719,15.853713595266925,9.881002107156183,0.6232610452926388,0.7232071635235441,0.4507468527008085,0.32598335280891644,0.280932954576673,20231108_P021N_B013,P021N_B013,20231108,40x,0.324,0.324,0.324,100,0.5868578403328204,"(212.8451346089879, 218.56613765393502, 220.93288369388213)",29.94967011930451,6,100
51,15851.0,20160.0,"(225.33770740016402, 247.75805942842723, 366.9312977099237)",0.7862599206349207,539.127762624,434.93791148303393,0.736520191661217,23.85886129829456,15.757757267217357,11.733356545892441,0.7446082806658451,0.6604572225894002,0.4917819169656326,0.32480091899881275,0.36618488765433305,20231108_P021N_B013,P021N_B013,20231108,40x,0.324,0.324,0.324,100,0.6004413698723206,"(212.8451346089879, 218.56613765393502, 220.93288369388213)",48.40929697969783,5,100
52,16007.0,17991.0,"(220.30230524145685, 301.5783094895983, 165.641094521147)",0.8897226390973264,544.433669568,385.00101108421484,0.8375014574404036,17.54200178175936,16.942660661954474,13.423487163148902,0.7922892059859266,0.9658339380384685,0.7652198038827588,0.7390752566491093,0.6062753908229774,20231108_P021N_B013,P021N_B013,20231108,40x,0.324,0.324,0.324,100,0.5843022603892848,"(212.8451346089879, 218.56613765393502, 220.93288369388213)",32.406174878540554,7,100
53,6194.0,9633.0,"(222.6992250565063, 167.78898934452695, 331.88521149499513)",0.6429980276134122,210.67171545600002,287.36102401917344,0.5958364713044849,21.36178867877113,12.517454632850917,7.165145386489877,0.5724123311528214,0.5859740877078559,0.3354187935400016,0.19654672154467212,0.1919978535226992,20231108_P021N_B013,P021N_B013,20231108,40x,0.324,0.324,0.324,100,0.5919846956939304,"(212.8451346089879, 218.56613765393502, 220.93288369388213)",39.663000867708625,7,100
54,13969.0,15578.0,"(225.30739494595176, 265.57384207888896, 138.3810580571265)",0.8967133136474515,475.116757056,347.7469195140576,0.8467484265102436,17.31562822573451,14.915932226105967,13.557230858396297,0.908909389831387,0.861414442008976,0.7829476748783231,0.6744424344775357,0.7116284934435598,20231108_P021N_B013,P021N_B013,20231108,40x,0.324,0.324,0.324,100,0.6003442145703582,"(212.8451346089879, 218.56613765393502, 220.93288369388213)",31.042913473931893,6,100
55,14276.0,15441.0,"(231.7578453348277, 175.37167273746147, 150.52963014850098)",0.9245515186840231,485.558509824,360.7828139933441,0.8280679888179522,23.751432453730146,13.658028926814746,10.660662549062755,0.7805418048377921,0.5750402192971633,0.4488429306245277,0.2581027372563099,0.3503406711583527,20231108_P021N_B013,P021N_B013,20231108,40x,0.324,0.324,0.324,100,0.6210187350475247,"(212.8451346089879, 218.56613765393502, 220.93288369388213)",27.45423618692759,4,100
56,12191.0,14002.0,"(227.002870970388, 219.60191944877369, 140.02772537117545)",0.8706613340951292,414.643022784,330.14975122869805,0.8144968168658168,17.488311384896136,13.901350023304563,12.897234224386317,0.927768468728942,0.7948937846172233,0.7374773893564747,0.5862161930951977,0.6842082682454743,20231108_P021N_B013,P021N_B013,20231108,40x,0.324,0.324,0.324,100,0.6057784325973974,"(212.8451346089879, 218.56613765393502, 220.93288369388213)",26.613713790398364,4,100
57,17694.0,23905.0,"(240.48315813270034, 170.79218944274896, 328.4150559511699)",0.7401798786864673,601.812291456,525.0676852362452,0.6565123032202322,26.49335066294966,17.967804403033295,11.107928038541226,0.618212876174565,0.6782005278086949,0.41927229891972134,0.2843506944229199,0.2591995338154829,20231108_P021N_B013,P021N_B013,20231108,40x,0.324,0.324,0.324,100,0.6489844811945523,"(212.8451346089879, 218.56613765393502, 220.93288369388213)",39.147229206811055,6,100
58,16716.0,19032.0,"(242.45477386934672, 332.18533141899974, 202.14955731036133)",0.8783102143757882,568.548336384,430.7298195050888,0.7705321795882839,24.611317605473978,16.721669891622486,10.487311255848148,0.6271688966364696,0.6794300963351634,0.4261174238601346,0.28951700234338285,0.2672475945599354,20231108_P021N_B013,P021N_B013,20231108,40x,0.324,0.324,0.324,100,0.6553037624017524,"(212.8451346089879, 218.56613765393502, 220.93288369388213)",38.52585523419812,5,100
59,5230.0,6081.0,"(232.734034416826, 186.66367112810707, 244.40688336520077)",0.8600559118566026,177.88393152,195.6187326484083,0.7819245158778222,15.652048966642292,10.45497827708599,8.042424342186163,0.7692435248586423,0.6679622776141118,0.5138256569044863,0.34321615608248784,0.39525705948001444,20231108_P021N_B013,P021N_B013,20231108,40x,0.324,0.324,0.324,100,0.6241475462077757,"(212.8451346089879, 218.56613765393502, 220.93288369388213)",14.360052706892235,6,100
60,12088.0,13032.0,"(248.83189940436796, 136.8758272667108, 251.42182329583056)",0.9275629220380601,411.139763712,343.2148370306912,0.7790722317205989,27.69742598585244,11.991181401794352,8.855144436106286,0.738471393217453,0.4329348657856988,0.319710013509176,0.13841361178893904,0.23609669910169193,20231108_P021N_B013,P021N_B013,20231108,40x,0.324,0.324,0.324,100,0.6757432673216922,"(212.8451346089879, 218.56613765393502, 220.93288369388213)",30.562543187790013,7,100
61,1737.0,2846.0,"(231.762233736327, 278.34427173287276, 334.37996545768567)",0.6103302881236824,59.079233088,120.2270084334148,0.6101528577302334,13.110435798245277,8.639390353267785,4.776586716583374,0.5528846968671424,0.6589704939041078,0.36433470176656374,0.2400858183695183,0.20143508114438732,20231108_P021N_B013,P021N_B013,20231108,40x,0.324,0.324,0.324,100,0.6210328004369455,"(212.8451346089879, 218.56613765393502, 220.93288369388213)",41.99710235769199,4,100
62,17135.0,20061.0,"(243.59667347534287, 283.11992996790195, 160.9775313685439)",0.8541448581825433,582.79945824,425.92964345102445,0.7921833021667026,20.01397213868972,16.77371421030429,12.904651583072273,0.7693377519896454,0.8381002078981827,0.6447821298864423,0.5403920371068603,0.49605523432993104,20231108_P021N_B013,P021N_B013,20231108,40x,0.324,0.324,0.324,100,0.6589636970363554,"(212.8451346089879, 218.56613765393502, 220.93288369388213)",30.233720238561414,5,100
63,9953.0,12570.0,"(245.01115241635688, 184.4073143775746, 350.27308349241434)",0.7918058870326173,338.523665472,341.91432818672627,0.6870043922402699,24.537397743935472,15.380793917999585,7.44692816860581,0.484170596674528,0.6268306883439185,0.3034929883893801,0.190238718819668,0.14694238127502174,20231108_P021N_B013,P021N_B013,20231108,40x,0.324,0.324,0.324,100,0.6634972833857592,"(212.8451346089879, 218.56613765393502, 220.93288369388213)",44.578403027861114,6,100
64,21971.0,26895.0,"(254.49528924491375, 233.59560329525283, 147.54831368622274)",0.8169176426845138,747.282573504,527.1600953244592,0.7554368511702421,25.726281773304226,18.417969252278752,12.35064061865261,0.6705755911241157,0.7159203733588427,0.48007872756290354,0.34369814187847203,0.3219290765216073,20231108_P021N_B013,P021N_B013,20231108,40x,0.324,0.324,0.324,100,0.693895157836262,"(212.8451346089879, 218.56613765393502, 220.93288369388213)",27.769494199359265,3,100
65,9600.0,10903.0,"(250.225, 126.2065625, 236.38427083333335)",0.880491607814363,326.5173504,304.74030974856487,0.7524743993137168,21.636330899286094,14.754645208234995,7.825322845113488,0.5303633353885019,0.6819384153864015,0.36167513251388156,0.2466401667511832,0.19181922960714062,20231108_P021N_B013,P021N_B013,20231108,40x,0.324,0.324,0.324,100,0.6802083333333333,"(212.8451346089879, 218.56613765393502, 220.93288369388213)",32.668280418765505,6,100
66,13818.0,14909.0,"(245.9128672745694, 136.46453900709218, 205.1437979447098)",0.9268227245288081,469.980911232,341.551408113487,0.8558839000713594,18.43284235497325,15.998187192438872,11.444687164692995,0.7153740000055775,0.867917540027271,0.6208856422843098,0.5388775392896503,0.44416544546695874,20231108_P021N_B013,P021N_B013,20231108,40x,0.324,0.324,0.324,100,0.6663873951107994,"(212.8451346089879, 218.56613765393502, 220.93288369388213)",29.130181565179253,8,100
67,14939.0,16026.0,"(258.7501171430484, 337.5997054689069, 229.51322042974763)",0.932172719331087,508.108614336,372.87184321996165,0.8258393518512124,24.37411257930089,13.76633189051722,10.799222623518215,0.7844662404919306,0.5647931528062251,0.4430611612374839,0.25023791014130575,0.3475665234639581,20231108_P021N_B013,P021N_B013,20231108,40x,0.324,0.324,0.324,100,0.7075324267405397,"(212.8451346089879, 218.56613765393502, 220.93288369388213)",41.42879420026907,5,100
68,13092.0,14090.0,"(257.87389245340665, 161.95974641002138, 178.73953559425604)",0.9291696238466998,445.288036608,336.653704955796,0.837647720492852,21.96103826977401,13.704539065164564,10.594863911546744,0.7730915911267476,0.6240387588608118,0.48243911701246583,0.3010607078063651,0.3729696245929504,20231108_P021N_B013,P021N_B013,20231108,40x,0.324,0.324,0.324,100,0.7047240142737393,"(212.8451346089879, 218.56613765393502, 220.93288369388213)",27.131302640249523,5,100
69,11499.0,12506.0,"(253.26219671275763, 339.5813549004261, 263.0421775806592)",0.919478650247881,391.10656377600003,310.1939538687702,0.8337724337590902,19.196723804646727,14.77677589718214,9.91094843436539,0.6707111553512399,0.7697550919394537,0.5162833270522109,0.3974117198818817,0.3462769867757705,20231108_P021N_B013,P021N_B013,20231108,40x,0.324,0.324,0.324,100,0.6899429381819154,"(212.8451346089879, 218.56613765393502, 220.93288369388213)",43.531198839238584,5,100
70,12599.0,14259.0,"(260.9507103738392, 160.35074212239067, 313.10707198984045)",0.883582298898941,428.520010176,371.2599270374498,0.7403779121425215,24.269299838967534,16.095703917915067,8.556311315792701,0.5315897558397079,0.6632125370205905,0.352556990624609,0.2338202161964915,0.1874156845657181,20231108_P021N_B013,P021N_B013,20231108,40x,0.324,0.324,0.324,100,0.7145856101725615,"(212.8451346089879, 218.56613765393502, 220.93288369388213)",38.608049479979584,8,100
71,14180.0,16472.0,"(269.63511988716505, 176.07404795486602, 267.7284203102962)",0.8608547838756678,482.29333632000004,441.84566772740646,0.673112565107175,31.033061582695076,14.957181934915862,7.940737920620711,0.5308979963721608,0.4819757114540196,0.2558799395109857,0.12332791589261884,0.13584614719821203,20231108_P021N_B013,P021N_B013,20231108,40x,0.324,0.324,0.324,100,0.7424202560486058,"(212.8451346089879, 218.56613765393502, 220.93288369388213)",27.531426696860297,11,100
72,11377.0,14023.0,"(258.6250329612376, 243.33286455128768, 374.5306319767953)",0.8113099907295158,386.957072448,381.1194696472926,0.6738007884515641,23.661609719543964,18.36974196125516,6.963733850553438,0.379087189424931,0.7763521661876689,0.2943051606840404,0.22848444901726472,0.11156731619696558,20231108_P021N_B013,P021N_B013,20231108,40x,0.324,0.324,0.324,100,0.7071315159014026,"(212.8451346089879, 218.56613765393502, 220.93288369388213)",52.545426716867034,2,100
73,18307.0,19889.0,"(262.2374501556782, 302.7699786966734, 184.05303982083356)",0.92045854492433,622.661784768,417.58333482839316,0.8444535666736552,19.979978562853432,18.550010087989737,12.136259703978471,0.6542454503480907,0.928429929473384,0.6074210573249602,0.5639478894128611,0.397402463200482,20231108_P021N_B013,P021N_B013,20231108,40x,0.324,0.324,0.324,100,0.7187097761399941,"(212.8451346089879, 218.56613765393502, 220.93288369388213)",33.81108914432517,5,100
74,11763.0,12780.0,"(272.9090368103375, 150.57170789764515, 239.31097509138826)",0.9204225352112676,400.085790912,326.8839337524873,0.8032658440842648,24.855225131613725,11.436098784251925,10.171104182068454,0.8893858276280867,0.46010843690593584,0.4092139229562511,0.18828277845154673,0.3639490635453814,20231108_P021N_B013,P021N_B013,20231108,40x,0.324,0.324,0.324,100,0.7529135795203126,"(212.8451346089879, 218.56613765393502, 220.93288369388213)",29.991742266534697,10,100
75,11882.0,13165.0,"(274.73337821915504, 157.62043427032486, 211.44916680693487)",0.9025446259020129,404.133245568,331.5775205631799,0.7972271808663625,22.3837805285395,13.998396166844252,9.551314495486736,0.6823149153407586,0.6253812285639677,0.42670694002332327,0.26685451038855723,0.29114850965732797,20231108_P021N_B013,P021N_B013,20231108,40x,0.324,0.324,0.324,100,0.7587608276254968,"(212.8451346089879, 218.56613765393502, 220.93288369388213)",28.309655221190674,10,100
76,6222.0,7589.0,"(266.3645130183221, 195.68322082931533, 229.95098039215685)",0.8198708657267098,211.624057728,225.25214185157205,0.7624157981980497,15.675995717405137,12.287473996951558,8.53976148652637,0.6949973191109116,0.7838400965693499,0.5447667657273362,0.42701003425548767,0.3786114417212207,20231108_P021N_B013,P021N_B013,20231108,40x,0.324,0.324,0.324,100,0.7319375417253913,"(212.8451346089879, 218.56613765393502, 220.93288369388213)",19.083786521277126,10,100
77,3552.0,4450.0,"(261.97860360360363, 215.46565315315314, 261.7302927927928)",0.7982022471910112,120.811419648,156.41077557381377,0.7555956461569742,13.407300603890937,8.733904230585898,7.993281472597176,0.9152014106823978,0.651428985492518,0.5961887264821558,0.38837461725434713,0.5456327635094113,20231108_P021N_B013,P021N_B013,20231108,40x,0.324,0.324,0.324,100,0.7178801397551398,"(212.8451346089879, 218.56613765393502, 220.93288369388213)",20.716093221836605,6,100
78,11048.0,14110.0,"(277.88314627081826, 204.77036567704562, 209.1842867487328)",0.7829907866761162,375.767050752,387.9281536375104,0.6491503404908572,23.332303868362224,16.606522496344386,7.952415105015806,0.4788729914264941,0.7117395088816,0.34083282773455553,0.24258418942251958,0.16321563579359757,20231108_P021N_B013,P021N_B013,20231108,40x,0.324,0.324,0.324,100,0.7688562380474944,"(212.8451346089879, 218.56613765393502, 220.93288369388213)",21.874909406266493,7,100
79,12318.0,14535.0,"(274.84283162851114, 236.1320831303783, 218.08881311901283)",0.8474716202270381,418.962575232,354.6758711756189,0.7634301379206869,21.643058876250553,15.2793411600557,10.092936449682474,0.660560972096632,0.7059695788575472,0.46633595128079125,0.32921899513183384,0.3080433293016471,20231108_P021N_B013,P021N_B013,20231108,40x,0.324,0.324,0.324,100,0.7591116398349715,"(212.8451346089879, 218.56613765393502, 220.93288369388213)",20.898290376429323,5,100
80,13276.0,15463.0,"(285.85891834890026, 171.13272069900572, 231.9873455860199)",0.8585656082260881,451.546285824,407.0807788602681,0.6992058350689632,29.038087314780082,14.748611429179583,7.987237119432855,0.5415585838562674,0.5079057470039596,0.275060717079924,0.13970491897992363,0.14896149241629306,20231108_P021N_B013,P021N_B013,20231108,40x,0.324,0.324,0.324,100,0.7944196100926291,"(212.8451346089879, 218.56613765393502, 220.93288369388213)",28.436686116498716,10,100
81,12961.0,14215.0,"(283.506519558676, 156.24427127536455, 271.8622791451277)",0.9117833274709813,440.832435264,362.24508927016376,0.7732690808255116,22.893282737630688,16.435566809003664,8.698364309441441,0.5292403000471112,0.7179209289189359,0.37995268783115843,0.2727759865929918,0.20108627451146865,20231108_P021N_B013,P021N_B013,20231108,40x,0.324,0.324,0.324,100,0.7868798703803719,"(212.8451346089879, 218.56613765393502, 220.93288369388213)",34.701065045141675,8,100
82,12512.0,15255.0,"(290.4966432225064, 187.3486253196931, 207.69765025575447)",0.8201901016060308,425.560946688,382.4474862300041,0.7154075042015123,20.771112257638332,17.268183338989303,9.339780507977993,0.5408664203193853,0.8313557369870326,0.44965240147616065,0.3738211036172026,0.24320188477442603,20231108_P021N_B013,P021N_B013,20231108,40x,0.324,0.324,0.324,100,0.8092841128926488,"(212.8451346089879, 218.56613765393502, 220.93288369388213)",27.453071345977826,8,100
83,2593.0,2981.0,"(282.61396066332435, 184.51369070574623, 237.79946008484382)",0.8698423347869843,88.193696832,128.2477457976318,0.7471241059279718,13.686385177790338,9.359806404087692,5.351315715200757,0.5717335897955844,0.6838771730081346,0.3909955511031968,0.2673929321472118,0.22354529002633358,20231108_P021N_B013,P021N_B013,20231108,40x,0.324,0.324,0.324,100,0.7840191046901421,"(212.8451346089879, 218.56613765393502, 220.93288369388213)",25.740652274885502,10,100
84,11794.0,14694.0,"(291.03018483974904, 322.4132609801594, 267.80515516364255)",0.8026405335511093,401.140169856,370.65236641093577,0.7096563883650966,26.062375022977832,13.290850379778133,8.948164225231988,0.6732574643114266,0.5099631314513848,0.3433364847732741,0.17508894891648957,0.23115385114405326,20231108_P021N_B013,P021N_B013,20231108,40x,0.324,0.324,0.324,100,0.8109941821786827,"(212.8451346089879, 218.56613765393502, 220.93288369388213)",44.770817715741785,5,100
85,16225.0,17945.0,"(297.7953775038521, 268.9964869029276, 190.69916795069338)",0.9041515742546671,551.8483344,411.48911993869433,0.7906888087048012,25.477987470140942,15.526410321970754,10.178559497865104,0.6555642474205299,0.6094048966845207,0.3995040624693736,0.24345973191419493,0.2619005800541792,20231108_P021N_B013,P021N_B013,20231108,40x,0.324,0.324,0.324,100,0.8326774919995259,"(212.8451346089879, 218.56613765393502, 220.93288369388213)",33.47382830213284,5,100
86,12950.0,15936.0,"(300.3867181467181, 178.69637065637065, 307.4483397683398)",0.8126255020080321,440.4583008,378.6124431782655,0.7394221239870332,23.59150020820439,14.556729600328774,10.479693254491766,0.7199208573782311,0.6170328072339544,0.44421478761436517,0.2740950974165266,0.3197994907594226,20231108_P021N_B013,P021N_B013,20231108,40x,0.324,0.324,0.324,100,0.8409830709830709,"(212.8451346089879, 218.56613765393502, 220.93288369388213)",41.917701203210186,7,100
87,14221.0,15988.0,"(302.8628085226074, 187.54764081288235, 278.6392658744111)",0.8894796097072805,483.687837504,406.34771230834997,0.7333248748316482,26.061852015695518,16.001472295609716,8.732052027896794,0.5457030369819523,0.6139806290808869,0.3350510939375296,0.20571488143000377,0.18283839950583528,20231108_P021N_B013,P021N_B013,20231108,40x,0.324,0.324,0.324,100,0.8489192580852801,"(212.8451346089879, 218.56613765393502, 220.93288369388213)",36.07235532587485,8,100
88,15696.0,17554.0,"(298.20884301732923, 296.90895769622836, 199.83524464831805)",0.8941551783069386,533.855867904,399.498640968924,0.7966205375073298,23.407857532711063,16.456684744126303,10.100498719596098,0.6137626670645893,0.7030410502596867,0.43150035006327525,0.30336245929590744,0.26483880569413976,20231108_P021N_B013,P021N_B013,20231108,40x,0.324,0.324,0.324,100,0.8340027019786194,"(212.8451346089879, 218.56613765393502, 220.93288369388213)",38.157339195371215,5,100
89,13241.0,15190.0,"(300.75711804244395, 318.63220300581526, 236.90922135790348)",0.8716919025674786,450.355857984,375.70753199495516,0.7562605280637469,21.13695787267307,17.82352108321115,9.000059762956647,0.5049540840409051,0.8432396558945837,0.4257973080692175,0.35904917553712706,0.2150080896831748,20231108_P021N_B013,P021N_B013,20231108,40x,0.324,0.324,0.324,100,0.8421702501360383,"(212.8451346089879, 218.56613765393502, 220.93288369388213)",43.46551188966099,5,100
90,11363.0,13023.0,"(298.55645516148905, 235.2052274927396, 191.54545454545453)",0.8725332104737772,386.480901312,340.1981152200129,0.7542307700448172,22.05670540848923,16.424042925238727,8.034491924285188,0.48919087467426386,0.7446281129056295,0.3642652778593514,0.2712421664494536,0.17819524988947988,20231108_P021N_B013,P021N_B013,20231108,40x,0.324,0.324,0.324,100,0.8351168434663111,"(212.8451346089879, 218.56613765393502, 220.93288369388213)",29.848315620080133,5,100
91,24523.0,29441.0,"(319.20148432084164, 264.46984463564814, 250.5735024262937)",0.8329540436805815,834.081769152,613.880123841506,0.6980282053622386,37.66131735903867,15.033388721192866,11.727980526484028,0.780128868080878,0.39917320410951773,0.31140653989017536,0.12430514630861964,0.2429372314775053,20231108_P021N_B013,P021N_B013,20231108,40x,0.324,0.324,0.324,100,0.9012868087206463,"(212.8451346089879, 218.56613765393502, 220.93288369388213)",38.74122846513486,6,100
92,12353.0,13619.0,"(310.53428317008013, 262.80862948271675, 221.19906095685258)",0.9070416330127028,420.153003072,366.08595865434165,0.7410361035569624,25.78987321786771,14.980696535152354,8.073375572595953,0.5389185712194153,0.580875152374671,0.3130444071746179,0.18183971771759472,0.16870544464277398,20231108_P021N_B013,P021N_B013,20231108,40x,0.324,0.324,0.324,100,0.8735073178528209,"(212.8451346089879, 218.56613765393502, 220.93288369388213)",34.74609396877636,7,100
93,13443.0,17000.0,"(311.9023283493268, 193.3677006620546, 326.05958491408165)",0.7907647058823529,457.226327232,426.93691719410754,0.672266134497396,28.311924117975813,13.618316046785113,9.176983370960535,0.6738706415267072,0.48100990911241415,0.32413845603428565,0.15591380927689,0.21842738931130046,20231108_P021N_B013,P021N_B013,20231108,40x,0.324,0.324,0.324,100,0.8778920780427141,"(212.8451346089879, 218.56613765393502, 220.93288369388213)",47.50652380196313,4,100
94,11477.0,12943.0,"(310.8423804129999, 287.91844558682584, 244.44985623420754)",0.8867341420072626,390.358294848,333.71184082395064,0.7740246339744175,21.070436877385575,15.961794898473602,8.581522570404685,0.5376289211199751,0.7575445630937552,0.4072778661563985,0.30853113317520575,0.21896435977771012,20231108_P021N_B013,P021N_B013,20231108,40x,0.324,0.324,0.324,100,0.8744948090160253,"(212.8451346089879, 218.56613765393502, 220.93288369388213)",39.637067800196746,8,100
95,12440.0,16217.0,"(305.4566720257235, 210.18038585209004, 352.512459807074)",0.7670962570142443,423.11206656,383.63928175235384,0.7104464184999597,23.90211965542347,15.351590177439437,9.54320662789988,0.6216428733177422,0.6422689869664389,0.3992619385006925,0.25643356077509644,0.24819833865598218,20231108_P021N_B013,P021N_B013,20231108,40x,0.324,0.324,0.324,100,0.8572329231593702,"(212.8451346089879, 218.56613765393502, 220.93288369388213)",52.20363222688129,1,100
96,11433.0,14540.0,"(319.294498381877, 286.68958278667014, 268.8006647424123)",0.7863136176066025,388.861756992,410.2308985982246,0.6280379860044227,25.335237285382316,17.66425121068388,6.824372884498237,0.386338079271124,0.6972206737876353,0.26936289593923396,0.1878053798001414,0.10406514384407128,20231108_P021N_B013,P021N_B013,20231108,40x,0.324,0.324,0.324,100,0.9015849307111443,"(212.8451346089879, 218.56613765393502, 220.93288369388213)",43.786289850126145,6,100
97,12099.0,13513.0,"(328.3865608727994, 206.2886188941235, 277.9528060170262)",0.8953600236808998,411.513898176,335.9654363230733,0.7963656686974703,20.09297563256923,15.636208231120548,9.6013112652802,0.6140434511591392,0.7781927633344365,0.4778441700649446,0.3718548751460897,0.29341708330295324,20231108_P021N_B013,P021N_B013,20231108,40x,0.324,0.324,0.324,100,0.9307261566435878,"(212.8451346089879, 218.56613765393502, 220.93288369388213)",41.93495112915982,3,100
98,6912.0,8365.0,"(322.84852430555554, 288.70804398148147, 294.0896990740741)",0.8263000597728631,235.09249228800002,245.70088113534172,0.7497271711993405,15.482097184366625,14.043833637635206,8.08622613076768,0.5757848134214506,0.9071015037818174,0.522295270109331,0.4737748249343047,0.30072968465080735,20231108_P021N_B013,P021N_B013,20231108,40x,0.324,0.324,0.324,100,0.9129760394408831,"(212.8451346089879, 218.56613765393502, 220.93288369388213)",48.46216112826589,5,100
99,11197.0,12445.0,"(331.17156381173527, 261.5689023845673, 291.0624274359203)",0.8997187625552431,380.83487212800003,310.8692867834216,0.8173300131084399,19.19776185972264,14.75956939262881,9.850836117688186,0.6674202922619048,0.7688171934039216,0.5131241959176227,0.3944987041730308,0.34246950080599464,20231108_P021N_B013,P021N_B013,20231108,40x,0.324,0.324,0.324,100,0.9396524481145361,"(212.8451346089879, 218.56613765393502, 220.93288369388213)",46.692586998282216,4,100
100,11513.0,13211.0,"(334.1331538261096, 233.75749153131244, 285.7123251976027)",0.8714707440769056,391.58273491200003,335.03238133967176,0.7725851634298658,21.759203492497,13.2791503173782,10.133443981159328,0.7631093661089039,0.6102774084518815,0.46570840631429994,0.28421131929974686,0.3553864467340933,20231108_P021N_B013,P021N_B013,20231108,40x,0.324,0.324,0.324,100,0.9491447238016334,"(212.8451346089879, 218.56613765393502, 220.93288369388213)",44.8221380780883,3,100
1,12714.0,15369.0,"(43.86125530910807, 248.05773163441876, 238.57361963190183)",0.8272496584032794,432.431415936,391.80610705435026,0.7058153220718691,23.396665556147088,14.95810830122403,9.278241583059105,0.6202817492837555,0.6393264999804228,0.3965625597713175,0.2535329533618736,0.2459805182753966,20231108_P021N_A009,P021N_A009,20231108,40x,0.324,0.324,0.324,18,0.05043629532983557,"(174.28433544043554, 240.042925125686, 263.15681829395993)",43.07951397261277,0,18
2,15433.0,17123.0,"(50.85278299747295, 195.4046523683017, 262.36195166202293)",0.9013023418793435,524.910652992,416.4285664360409,0.7556729359994133,23.182457184111133,19.226843435343703,8.542404284096964,0.4442957219068996,0.8293703847977538,0.36848571384192114,0.3056111382815491,0.1637166262437756,20231108_P021N_A009,P021N_A009,20231108,40x,0.324,0.324,0.324,18,0.07785405097048215,"(174.28433544043554, 240.042925125686, 263.15681829395993)",42.52745967046725,0,18
3,17089.0,19038.0,"(57.40090116449178, 240.86728304757446, 303.7967113347768)",0.8976258010295199,581.234895936,426.06147273243533,0.7905202157981057,22.102829276062508,18.832048092733345,10.193729458176803,0.541296910881946,0.852019796086855,0.46119568363208013,0.39294785232434254,0.24964379886213223,20231108_P021N_A009,P021N_A009,20231108,40x,0.324,0.324,0.324,18,0.10353294574310501,"(174.28433544043554, 240.042925125686, 263.15681829395993)",40.094941327145655,0,18
4,8962.0,11848.0,"(80.37234992189244, 292.12831957152423, 272.4798036152645)",0.7564145847400405,304.817551488,350.59295169017804,0.6247519070521457,22.177188323752837,16.474452582746583,6.769091690220701,0.41088416481345524,0.7428557823582014,0.3052276777110955,0.2267401453234528,0.12541321943427394,20231108_P021N_A009,P021N_A009,20231108,40x,0.324,0.324,0.324,18,0.19361705851722524,"(174.28433544043554, 240.042925125686, 263.15681829395993)",34.924836634458394,1,18
5,19243.0,21316.0,"(106.09115002858182, 207.21763758249753, 172.50340383516084)",0.9027491086507787,654.497226432,476.41454687447606,0.7651929927916488,23.826757837035643,20.258311170120397,9.948672185895541,0.4910908960944949,0.8502336452436449,0.4175420027323904,0.35500825902549216,0.20505107627893965,20231108_P021N_A009,P021N_A009,20231108,40x,0.324,0.324,0.324,18,0.29447509815130124,"(174.28433544043554, 240.042925125686, 263.15681829395993)",38.26198788244354,1,18
6,21720.0,24861.0,"(116.25888581952118, 145.41496316758747, 225.01510128913444)",0.8736575358996018,738.74550528,583.7066030677686,0.6770479372987345,27.575740243169378,23.51212253319225,8.357499284958577,0.3554549051520222,0.852637946465147,0.3030743403897838,0.25841268321622424,0.1077292609172623,20231108_P021N_A009,P021N_A009,20231108,40x,0.324,0.324,0.324,18,0.33434857184125955,"(174.28433544043554, 240.042925125686, 263.15681829395993)",38.028539290432725,0,18
7,19075.0,21804.0,"(121.32524246395806, 206.48749672346003, 348.51339449541285)",0.8748394789946798,648.7831728,517.0788931344914,0.7009069486361954,27.362122444391865,20.663924087262643,8.293576698843996,0.40135536037689,0.755201798736849,0.30310429008930356,0.2289049050802977,0.12165253158057383,20231108_P021N_A009,P021N_A009,20231108,40x,0.324,0.324,0.324,18,0.35421663711356105,"(174.28433544043554, 240.042925125686, 263.15681829395993)",34.31399764622955,0,18
8,20313.0,22219.0,"(122.73593265396543, 316.6545561955398, 269.7830453404224)",0.9142175615464242,690.890306112,486.92850340208884,0.7761726336081944,27.044075278474164,17.225962924354807,10.724117107139273,0.6225554504112543,0.6369588439234185,0.3965421999721756,0.252581061261126,0.24686950791074744,20231108_P021N_A009,P021N_A009,20231108,40x,0.324,0.324,0.324,18,0.3597487555057468,"(174.28433544043554, 240.042925125686, 263.15681829395993)",29.994923153044056,1,18
9,19152.0,21293.0,"(126.34247076023392, 290.07894736842104, 321.76926691729324)",0.8994505236462688,651.402114048,469.24504460864773,0.7744330377188932,27.46910487288979,17.26597217647,9.843342115828246,0.5701006589853489,0.6285596948413993,0.35834229624071157,0.22523952437382797,0.20429117922915277,20231108_P021N_A009,P021N_A009,20231108,40x,0.324,0.324,0.324,18,0.3738920421969958,"(174.28433544043554, 240.042925125686, 263.15681829395993)",29.406360383305007,0,18
10,15030.0,16917.0,"(138.61024617431804, 172.42767797737858, 176.56833000665335)",0.8884553998935981,511.20372672,417.43210727669725,0.74067487866001,25.291868032533355,18.00617175203829,8.147860113995604,0.4525037429498732,0.7119352247479961,0.32215335393632744,0.22935232043798,0.14577559846004345,20231108_P021N_A009,P021N_A009,20231108,40x,0.324,0.324,0.324,18,0.4220009653894825,"(174.28433544043554, 240.042925125686, 263.15681829395993)",37.424494570669076,1,18
11,15880.0,17646.0,"(175.95623425692696, 319.62600755667506, 243.26712846347607)",0.8999206619063811,540.1141171200001,444.5493040943548,0.7214748705020931,25.88640790867054,18.73691296262361,7.950608819002718,0.42432864126884673,0.7238127834780723,0.3071344949462724,0.22230787368919333,0.13032596292734525,20231108_P021N_A009,P021N_A009,20231108,40x,0.324,0.324,0.324,18,0.5684558206153999,"(174.28433544043554, 240.042925125686, 263.15681829395993)",26.583527738733718,1,18
12,14147.0,15906.0,"(183.6634622181381, 244.2669823990952, 358.9915883226126)",0.889412800201182,481.170932928,430.184265475365,0.6902862019905048,24.508156024124762,21.0685565531772,6.8781376037339825,0.3264645865213172,0.8596549055929883,0.2806468833054369,0.24125946997290176,0.09162126871680581,20231108_P021N_A009,P021N_A009,20231108,40x,0.324,0.324,0.324,18,0.5986802439926985,"(174.28433544043554, 240.042925125686, 263.15681829395993)",31.228816643219453,0,18
13,19463.0,22246.0,"(207.21291681652366, 288.350151569645, 196.45994964805016)",0.8748988582217028,661.979915712,536.9479824750902,0.6840929557546523,29.576844144754222,20.879076344706174,7.871030006436431,0.37698171492304094,0.7059264417298999,0.26612136061285785,0.18786210516575425,0.10032288690148816,20231108_P021N_A009,P021N_A009,20231108,40x,0.324,0.324,0.324,18,0.6910310463393085,"(174.28433544043554, 240.042925125686, 263.15681829395993)",28.736355988769386,0,18
14,18378.0,21327.0,"(222.65447818043313, 159.94161497442593, 239.3422570464686)",0.8617245744830496,625.076652672,515.1622267673166,0.6862709749311324,31.088373768619434,19.051109147791323,7.871190961549779,0.41316182173373983,0.6128049440470086,0.2531876070499046,0.1551546173716128,0.10460745296914485,20231108_P021N_A009,P021N_A009,20231108,40x,0.324,0.324,0.324,18,0.751586188942875,"(174.28433544043554, 240.042925125686, 263.15681829395993)",31.284081566360832,0,18
15,34874.0,43961.0,"(254.81198027183575, 289.51255949991395, 277.37916499397835)",0.7932940560951752,1186.142299776,736.7742183091656,0.7354857003195252,41.51018356883598,20.3715238893952,12.011923649989372,0.5896428620267538,0.4907596675792406,0.28937293495872174,0.14201256536677148,0.17062668556214233,20231108_P021N_A009,P021N_A009,20231108,40x,0.324,0.324,0.324,18,0.8776940402817088,"(174.28433544043554, 240.042925125686, 263.15681829395993)",30.965691195841472,0,18
16,28209.0,35090.0,"(256.7099861746251, 255.54156474883902, 313.6803856925095)",0.8039042462239955,959.450826816,613.1277336039464,0.7672701649102265,38.354380462774614,16.311451341737172,12.810583205939523,0.7853735965946972,0.42528261817625973,0.33400573940629846,0.14204683534060814,0.2623192888407958,20231108_P021N_A009,P021N_A009,20231108,40x,0.324,0.324,0.324,18,0.8851372006848044,"(174.28433544043554, 240.042925125686, 263.15681829395993)",31.723598602628076,0,18
17,22320.0,32573.0,"(247.37132616487455, 201.243458781362, 300.37737455197134)",0.6852300985478771,759.15283968,611.0044327370501,0.6586568974131749,37.150327684529906,18.749580481970934,11.207611991592442,0.5977526805130048,0.5046948883247296,0.30168272233731874,0.1522577278595335,0.18033165594159284,20231108_P021N_A009,P021N_A009,20231108,40x,0.324,0.324,0.324,18,0.8485150045681354,"(174.28433544043554, 240.042925125686, 263.15681829395993)",29.397490787520788,0,18
18,42796.0,45326.0,"(268.5117067015609, 236.4651836620245, 227.63113375081784)",0.9441821471120329,1455.587138304,622.5262466106742,0.9977427885562874,25.375574091169184,22.08473122649952,19.399796365406598,0.8784257397766624,0.8703145452849127,0.7645066982802889,0.6653612994810796,0.6715623620010766,20231108_P021N_A009,P021N_A009,20231108,40x,0.324,0.324,0.324,18,0.9314184576531799,"(174.28433544043554, 240.042925125686, 263.15681829395993)",32.64799949352921,0,18
1,9768.0,11951.0,"(32.16185503685504, 61.1472153972154, 45.20280507780508)",0.8173374613003096,332.231404032,322.3275848015246,0.7196927120281286,19.854642712656304,12.404535147938304,10.551948161627893,0.8506524457211667,0.6247674827223689,0.5314599871848398,0.33203891836113475,0.4520877379017239,20231108_P021N_B003a,P021N_B003a,20231108,40x,0.324,0.324,0.324,25,0.11662965412965413,"(84.4309779721553, 93.7505938797807, 87.37801158023808)",24.189132502337554,1,25
2,10942.0,12549.0,"(30.10455127033449, 60.843264485468836, 76.18552367026138)",0.8719419874093554,372.161755008,313.9771973109422,0.7969061468911839,19.555292424211196,13.51906531934204,10.517454409370567,0.7779720092278126,0.6913251423744619,0.5378316100427637,0.37181651438629965,0.4184179382911982,20231108_P021N_B003a,P021N_B003a,20231108,40x,0.324,0.324,0.324,25,0.10080424054103455,"(84.4309779721553, 93.7505938797807, 87.37801158023808)",20.896178366658525,2,25
3,2087.0,2896.0,"(24.33205558217537, 95.60804983229517, 67.10637278390034)",0.7206491712707183,70.983511488,116.48720878670342,0.7117227889716636,10.721145448950823,8.598670057143465,6.61562006248262,0.7693771267553872,0.8020290460647501,0.6170628030356614,0.49490229128073226,0.4747540064272026,20231108_P021N_B003a,P021N_B003a,20231108,40x,0.324,0.324,0.324,25,0.056400427555195164,"(84.4309779721553, 93.7505938797807, 87.37801158023808)",20.558738160401614,0,25
4,13184.0,15484.0,"(35.8451911407767, 59.185452063106794, 108.7317202669903)",0.8514595711702403,448.417161216,369.27858972238045,0.7672168737431937,17.466005853352232,16.56750368540981,11.66150534862674,0.7038782408056113,0.9485570899559745,0.6676686957819014,0.6333218751255812,0.46995746702794156,20231108_P021N_B003a,P021N_B003a,20231108,40x,0.324,0.324,0.324,25,0.14496300877520538,"(84.4309779721553, 93.7505938797807, 87.37801158023808)",20.520505112507777,0,25
5,11103.0,12146.0,"(41.68206790957399, 80.1184364586148, 130.61226695487707)",0.9141281080191009,377.63772307200003,307.9390188127751,0.8204831184194334,22.240154121702904,11.692841824916266,10.429392407880043,0.8919467623051275,0.5257536328629074,0.468944250602229,0.24654914336429556,0.41827330602626256,20231108_P021N_B003a,P021N_B003a,20231108,40x,0.324,0.324,0.324,25,0.18986206084287682,"(84.4309779721553, 93.7505938797807, 87.37801158023808)",20.188361392521745,2,25
6,7203.0,9416.0,"(35.41663195890601, 133.53699847285853, 116.88004997917534)",0.7649745114698385,244.990049472,273.80332893603736,0.6915300083874865,18.017336483522218,14.446587955569665,7.365300484764969,0.5098297610077117,0.8018159603547291,0.4087896394398204,0.3277740573305031,0.20841312417803223,20231108_P021N_B003a,P021N_B003a,20231108,40x,0.324,0.324,0.324,25,0.1416663996838924,"(84.4309779721553, 93.7505938797807, 87.37801158023808)",22.577324282906226,0,25
7,12897.0,14662.0,"(45.133907110180665, 102.05419865084903, 148.18694269985266)",0.8796207884326831,438.655652928,364.57545739005707,0.7657949806474756,22.80041245084394,15.071564052557433,9.396278413107922,0.6234441482211998,0.6610215532306991,0.41211001920976764,0.2724136049999738,0.25692757989965587,20231108_P021N_B003a,P021N_B003a,20231108,40x,0.324,0.324,0.324,25,0.21641467007831278,"(84.4309779721553, 93.7505938797807, 87.37801158023808)",23.611878147620303,1,25
8,8591.0,10298.0,"(38.425328832499126, 138.2134792224421, 72.87754626935164)",0.8342396581860555,292.199016384,273.09904088209953,0.7797399442536228,17.578369042246194,12.22196566722428,10.169347042986331,0.8320549508871172,0.6952843940101132,0.5785148223106639,0.4022323276561382,0.48135612206516876,20231108_P021N_B003a,P021N_B003a,20231108,40x,0.324,0.324,0.324,25,0.1648102217884548,"(84.4309779721553, 93.7505938797807, 87.37801158023808)",21.2553172063995,0,25
9,8392.0,9289.0,"(55.8797664442326, 34.10438512869399, 51.30600571973308)",0.9034341694477339,285.430583808,266.3317882212593,0.7871571717315471,22.364531888366457,11.175592210559758,8.251924326459005,0.7383881024812095,0.4997015929661849,0.36897371103713894,0.18437675116790314,0.2724457983581631,20231108_P021N_B003a,P021N_B003a,20231108,40x,0.324,0.324,0.324,25,0.29907512649409695,"(84.4309779721553, 93.7505938797807, 87.37801158023808)",24.405678258499737,0,25
10,10685.0,12043.0,"(68.21722040243331, 136.83649976602715, 132.06438933083763)",0.8872373993191065,363.42061344,322.9472149421624,0.7625920714009685,20.798822018466588,16.703756696702726,7.55713962770685,0.4524215579120958,0.8031107089561136,0.36334459812181263,0.2918059377929831,0.16438492914121486,20231108_P021N_B003a,P021N_B003a,20231108,40x,0.324,0.324,0.324,25,0.3939786184802563,"(84.4309779721553, 93.7505938797807, 87.37801158023808)",20.786951144963197,0,25
11,15157.0,16339.0,"(78.59193771854589, 40.57254074025203, 81.24490334498911)",0.927657751392374,515.523279168,392.18974350809015,0.7927813290402785,25.076605351558836,16.238395390714942,9.0370555082368,0.5565239231336957,0.6475515789742058,0.36037794516214416,0.23336330741722616,0.2005589478524963,20231108_P021N_B003a,P021N_B003a,20231108,40x,0.324,0.324,0.324,25,0.4737841362965068,"(84.4309779721553, 93.7505938797807, 87.37801158023808)",17.446774982934862,0,25
12,12431.0,13997.0,"(75.27753197651033, 150.50349931622557, 56.26112139007321)",0.8881188826177038,422.805956544,356.560658069548,0.7640317971872305,20.437483955976717,18.39512446743948,8.268090390460062,0.4494718372302997,0.9000679588086002,0.4045551990778273,0.3641271722593869,0.1818361685905807,20231108_P021N_B003a,P021N_B003a,20231108,40x,0.324,0.324,0.324,25,0.448288707511618,"(84.4309779721553, 93.7505938797807, 87.37801158023808)",21.179140997925344,1,25
13,8357.0,9121.0,"(76.49156395835826, 70.99437597223884, 27.017111403613736)",0.916237254686986,284.240155968,255.4550340300259,0.818389309556622,18.224415509597222,14.039950216616706,8.01332695713521,0.5707518070577767,0.7703923458737582,0.43970282355092727,0.33874368972271407,0.2509611811100985,20231108_P021N_B003a,P021N_B003a,20231108,40x,0.324,0.324,0.324,25,0.45762741506429433,"(84.4309779721553, 93.7505938797807, 87.37801158023808)",21.058300223592365,1,25
14,12869.0,14462.0,"(83.99860128992151, 103.17926800839226, 144.93744657704562)",0.8898492601299959,437.703310656,367.2978767935441,0.7590183245613803,20.22381556541236,18.937581585637314,8.505272676614933,0.44912137477287606,0.9364000341273475,0.4205572706646424,0.39380984260287527,0.1888812595716327,20231108_P021N_B003a,P021N_B003a,20231108,40x,0.324,0.324,0.324,25,0.5153738560763194,"(84.4309779721553, 93.7505938797807, 87.37801158023808)",18.898327043954218,1,25
15,11723.0,13179.0,"(86.38659046319202, 122.27365008956751, 41.565554892092464)",0.8895212079823962,398.725301952,341.9493547969708,0.7661342294907687,25.170987395876814,14.147858396340522,8.22356952504113,0.5812589647609304,0.5620700600191013,0.32670826120981683,0.18363293198693798,0.18990210568966182,20231108_P021N_B003a,P021N_B003a,20231108,40x,0.324,0.324,0.324,25,0.5337430035630155,"(84.4309779721553, 93.7505938797807, 87.37801158023808)",17.496511023231943,2,25
16,14288.0,15559.0,"(90.26665733482643, 46.995380739081746, 42.09805431131019)",0.9183109454335111,485.966656512,359.8464209099577,0.8306879649832334,21.429590209477777,14.635990657301443,11.178249992179339,0.7637508286193703,0.6829804263279056,0.5216268665387487,0.3562609396927241,0.39839295154909493,20231108_P021N_B003a,P021N_B003a,20231108,40x,0.324,0.324,0.324,25,0.5635896718063572,"(84.4309779721553, 93.7505938797807, 87.37801158023808)",21.172797950684494,1,25
17,13042.0,14269.0,"(100.7358533967183, 57.83721821806471, 120.9036190768287)",0.9140093909874554,443.587425408,350.2947466553651,0.8029773921239963,23.169733440149844,14.449289196110342,9.560880226677737,0.6616851595199206,0.6236277699713103,0.4126452404545188,0.25733703109392664,0.2730412317552843,20231108_P021N_B003a,P021N_B003a,20231108,40x,0.324,0.324,0.324,25,0.6441219492055253,"(84.4309779721553, 93.7505938797807, 87.37801158023808)",16.771768138865053,0,25
18,14627.0,16445.0,"(105.313393040268, 144.72256785396868, 103.52710740411568)",0.8894496807540285,497.496800448,376.24856446567287,0.8069924424886905,23.755556274930363,12.52443868792978,12.160901403186278,0.97097376626596,0.5272214442373228,0.5119181913672921,0.26989424818402186,0.4970591342919581,20231108_P021N_B003a,P021N_B003a,20231108,40x,0.324,0.324,0.324,25,0.6793337926174461,"(84.4309779721553, 93.7505938797807, 87.37801158023808)",18.598307497076096,1,25
19,12425.0,13696.0,"(108.72160965794768, 144.07420523138833, 70.41521126760563)",0.9071991822429907,422.60188320000003,344.535329962318,0.7904443759361223,24.4162031199528,14.05608322900462,8.91722038223552,0.6344029298172412,0.5756866929698032,0.3652173246768418,0.21025075385848999,0.2316949407950031,20231108_P021N_B003a,P021N_B003a,20231108,40x,0.324,0.324,0.324,25,0.7055508435226745,"(84.4309779721553, 93.7505938797807, 87.37801158023808)",18.92070465588205,1,25
20,22856.0,25235.0,"(112.24938746937347, 98.2859642982149, 122.0834791739587)",0.9057261739647315,777.383391744,501.98003181047096,0.814493934961316,20.89077325169939,18.280033693998178,14.737215052146517,0.8061918976104042,0.8750290606170436,0.7054413388431038,0.6172816720483106,0.5687210916147459,20231108_P021N_B003a,P021N_B003a,20231108,40x,0.324,0.324,0.324,25,0.7326875959182575,"(84.4309779721553, 93.7505938797807, 87.37801158023808)",14.485746044325708,0,25
21,11745.0,12822.0,"(118.42843763303533, 105.4277564921243, 46.4438484461473)",0.9160037435657463,399.47357088,327.8421547269156,0.8001007856552407,23.158286818101896,13.912846984063,8.899928008234452,0.6396913599660238,0.6007718573201145,0.384308566438418,0.230881771243239,0.2458388695115846,20231108_P021N_B003a,P021N_B003a,20231108,40x,0.324,0.324,0.324,25,0.7802187510233487,"(84.4309779721553, 93.7505938797807, 87.37801158023808)",17.65068352005127,2,25
22,13158.0,14277.0,"(121.3201094391245, 76.7951816385469, 45.643182854537166)",0.9216221895356167,447.532843392,334.8054070047661,0.8451003271764216,20.466559104899112,13.731475857490288,11.51864497076549,0.8388497413030999,0.6709225418455105,0.5628032006615247,0.377597353946619,0.4721073192794766,20231108_P021N_B003a,P021N_B003a,20231108,40x,0.324,0.324,0.324,25,0.8024623803009576,"(84.4309779721553, 93.7505938797807, 87.37801158023808)",18.864731192103804,1,25
23,15235.0,16783.0,"(123.48887430259272, 62.93954709550378, 79.70856580242862)",0.9077638086158613,518.17623264,381.92134998105314,0.8168867412733287,22.46265198267277,15.814267080459317,10.629694793341226,0.6721585476746921,0.7040249340397615,0.47321637719093695,0.33315612873838435,0.3180764328285394,20231108_P021N_B003a,P021N_B003a,20231108,40x,0.324,0.324,0.324,25,0.819145186943021,"(84.4309779721553, 93.7505938797807, 87.37801158023808)",16.30869462338578,0,25
24,14012.0,15333.0,"(131.6403083071653, 108.05937767627748, 78.52940336854125)",0.9138459531728951,476.57928268800003,358.2348736772995,0.8236443098492137,23.14428388604658,13.881607149910034,10.724558596930834,0.7725732677142026,0.5997855547511277,0.46337828596185454,0.27792760230525765,0.3579936765733562,20231108_P021N_B003a,P021N_B003a,20231108,40x,0.324,0.324,0.324,25,0.8818485254397329,"(84.4309779721553, 93.7505938797807, 87.37801158023808)",16.238057799122526,1,25
25,12526.0,13874.0,"(131.09500239501835, 125.52642503592527, 104.18880728085583)",0.9028398443131036,426.037117824,319.63774206210195,0.8566255605557941,16.35210501918296,14.259997412126543,13.2924697562934,0.9321509234629757,0.8720588202801947,0.8128904346382165,0.7088882734476579,0.7577365693222332,20231108_P021N_B003a,P021N_B003a,20231108,40x,0.324,0.324,0.324,25,0.8776538645770643,"(84.4309779721553, 93.7505938797807, 87.37801158023808)",19.08532573929562,2,25
1,16420.0,18224.0,"(32.526492082825825, 286.4704019488429, 256.7092570036541)",0.901009657594381,558.48071808,440.4420178167053,0.7446190962585303,34.90368724651015,12.38807958462523,9.325689886457935,0.7527954452304289,0.35492180230510895,0.26718351618826075,0.09482925511175376,0.20113453402717324,20231108_P021N_B005,P021N_B005,20231108,40x,0.324,0.324,0.324,22,0.16420047959805115,"(110.85360501567398, 314.72361755485895, 261.53944827586207)",27.02383675098136,1,22
2,18598.0,21553.0,"(46.28696634046672, 276.65528551457146, 281.2024411227014)",0.8628961165499003,632.5593419520001,507.2885506578408,0.7024734476725674,33.132362500267895,16.977501857405894,8.488819214650547,0.5000040221434328,0.5124144665889316,0.25620929429894745,0.13128534887332174,0.1281056776600042,20231108_P021N_B005,P021N_B005,20231108,40x,0.324,0.324,0.324,22,0.2358696163565975,"(110.85360501567398, 314.72361755485895, 261.53944827586207)",25.10672220590717,2,22
3,5463.0,7185.0,"(34.62969064616511, 315.2901336262127, 284.11843309536886)",0.7603340292275574,185.80877971200002,225.49390423403133,0.6983290988327358,15.451652273750453,10.858450344173644,8.996775940737356,0.8285506361932011,0.7027371669902368,0.5822533267863685,0.4091710533364931,0.4824263643344534,20231108_P021N_B005,P021N_B005,20231108,40x,0.324,0.324,0.324,22,0.17515463878210993,"(110.85360501567398, 314.72361755485895, 261.53944827586207)",25.757931975700266,1,22
4,14035.0,19551.0,"(52.52404702529391, 347.06042037762734, 257.78161738510863)",0.7178660938059435,477.36156384000003,418.14713611120226,0.7064042382422588,20.575666944512243,17.373146670999862,10.880324105587535,0.6262725061631768,0.8443539992094143,0.5287956951737809,0.4464907599847042,0.331170205264783,20231108_P021N_B005,P021N_B005,20231108,40x,0.324,0.324,0.324,22,0.26835441159007245,"(110.85360501567398, 314.72361755485895, 261.53944827586207)",21.642927035930555,2,22
5,6932.0,7476.0,"(46.58871898442008, 387.0398153491056, 7.583381419503751)",0.9272338148742643,235.77273676800002,186.10733896233552,0.9917061690019037,14.156892736202513,12.153300581192841,9.921803070027735,0.8163875322380872,0.8584723221158542,0.7008461005468626,0.6016569793823066,0.5721620185041395,20231108_P021N_B005,P021N_B005,20231108,40x,0.324,0.324,0.324,22,0.23744124471052128,"(110.85360501567398, 314.72361755485895, 261.53944827586207)",88.05011739899768,0,22
6,10939.0,13457.0,"(54.74796599323521, 312.84925495931986, 279.1717707285858)",0.8128854871070819,372.059718336,328.5889653950929,0.7613299557848695,17.698852875578897,14.243435650198887,11.443147839999996,0.8033980088111825,0.8047660348571043,0.6465474299630682,0.5203194115584298,0.5194349178343165,20231108_P021N_B005,P021N_B005,20231108,40x,0.324,0.324,0.324,22,0.2799373228814334,"(110.85360501567398, 314.72361755485895, 261.53944827586207)",19.064460541034816,3,22
7,16685.0,19860.0,"(85.33023673958645, 309.3456997302967, 323.3902307461792)",0.8401309164149043,567.49395744,438.3907527431557,0.7561307512484639,32.555930841899155,12.763508853512446,10.518546084899826,0.824110846446836,0.39204865360771496,0.32309154777299637,0.12666760629643595,0.26626324891502234,20231108_P021N_B005,P021N_B005,20231108,40x,0.324,0.324,0.324,22,0.4392199830186794,"(110.85360501567398, 314.72361755485895, 261.53944827586207)",21.74878476933795,1,22
8,31449.0,33436.0,"(87.09577411046456, 332.64148303602656, 305.22951445196986)",0.9405730350520397,1069.650432576,601.3254624260046,0.8411415982231966,29.379072514725326,17.75142111404493,14.795164715230694,0.8334636770869435,0.6042199291739926,0.5035953639385684,0.30428235513131285,0.41972844379217683,20231108_P021N_B005,P021N_B005,20231108,40x,0.324,0.324,0.324,22,0.4484154901586696,"(110.85360501567398, 314.72361755485895, 261.53944827586207)",17.127028339552936,2,22
9,14908.0,16316.0,"(82.35309900724444, 355.7323584652536, 269.3450496377784)",0.9137043392988478,507.054235392,410.0187697927207,0.7499805422079383,24.980990525594994,17.650752019384637,8.392070317160554,0.47545114836716906,0.7065673397257827,0.33593825307135905,0.23736299778475692,0.1597222282032383,20231108_P021N_B005,P021N_B005,20231108,40x,0.324,0.324,0.324,22,0.4237140573293981,"(110.85360501567398, 314.72361755485895, 261.53944827586207)",16.376984030014476,3,22
10,13145.0,14421.0,"(99.49767972613161, 342.18972993533663, 235.81376949410424)",0.9115179252479023,447.09068448,374.6083503963466,0.7548090254918486,24.501290374188795,16.6919785118593,7.872026908479,0.47160538236291705,0.6812693640594408,0.3212902989293939,0.2188852376300959,0.15152223427609277,20231108_P021N_B005,P021N_B005,20231108,40x,0.324,0.324,0.324,22,0.5130087485736021,"(110.85360501567398, 314.72361755485895, 261.53944827586207)",12.735940585381922,1,22
11,15025.0,17877.0,"(113.08865224625625, 353.83400998336106, 308.22216306156406)",0.8404654024724506,511.0336656,463.55304261402534,0.6668339398779896,35.13526723261138,15.495110674739308,7.127343086771633,0.45997368049722204,0.44101303035934397,0.20285438672162057,0.08946142780978818,0.09330767886535062,20231108_P021N_B005,P021N_B005,20231108,40x,0.324,0.324,0.324,22,0.5837950637825846,"(110.85360501567398, 314.72361755485895, 261.53944827586207)",19.745119553462864,1,22
12,18426.0,20055.0,"(131.37620753283403, 252.79708021274286, 250.76234668403342)",0.9187733732236351,626.709239424,470.4392631008762,0.7528202543325455,30.13302843796334,16.394574467368628,9.052196731931964,0.5521458791107535,0.5440732417958293,0.3004077983919957,0.163443844731881,0.16586892793487445,20231108_P021N_B005,P021N_B005,20231108,40x,0.324,0.324,0.324,22,0.6790427475668439,"(110.85360501567398, 314.72361755485895, 261.53944827586207)",21.4237736764165,0,22
13,16006.0,17120.0,"(130.46632512807696, 293.33568661751843, 329.498687992003)",0.9349299065420561,544.399657344,371.798597540374,0.8672046662170204,21.37828551223705,14.245787673652243,12.6426735127577,0.8874674958226759,0.6663671726854745,0.5913792060416146,0.3940756895149315,0.524829823067354,20231108_P021N_B005,P021N_B005,20231108,40x,0.324,0.324,0.324,22,0.6743037767087342,"(110.85360501567398, 314.72361755485895, 261.53944827586207)",23.94217646825103,2,22
14,13665.0,16231.0,"(127.55645810464691, 276.95953165020126, 195.93772411269666)",0.8419074610313597,464.77704096,375.1152287684367,0.7735395790322542,18.736723822808457,14.988744379511093,12.354038654860586,0.824221051614435,0.7999661264828539,0.659348922025624,0.5274568031534838,0.5434492618928041,20231108_P021N_B005,P021N_B005,20231108,40x,0.324,0.324,0.324,22,0.659148219295036,"(110.85360501567398, 314.72361755485895, 261.53944827586207)",25.115115958708692,1,22
15,13853.0,15323.0,"(145.0910272143218, 360.2088356312712, 262.83750812098464)",0.9040657834627683,471.171339072,373.1418881641239,0.7847464557266606,25.34238075350955,13.75926094542976,9.913691104948834,0.7205104361540391,0.5429348204992266,0.3911902043211127,0.21239078336413908,0.2818566247345926,20231108_P021N_B005,P021N_B005,20231108,40x,0.324,0.324,0.324,22,0.7504741000745927,"(110.85360501567398, 314.72361755485895, 261.53944827586207)",18.450345218574665,1,22
16,11998.0,13908.0,"(146.3372228704784, 356.67069511585265, 229.07567927987998)",0.862668967500719,408.078663552,365.89047703108287,0.7271582631526189,19.539337971566194,18.39281754502263,8.703964963440777,0.47322629837081154,0.9413224527764457,0.4454585399007304,0.4193201253895698,0.21080269591488912,20231108_P021N_B005,P021N_B005,20231108,40x,0.324,0.324,0.324,22,0.7569647024504084,"(110.85360501567398, 314.72361755485895, 261.53944827586207)",20.676533503197206,2,22
17,1845.0,3118.0,"(149.17452574525745, 324.59132791327914, 190.03035230352305)",0.5917254650416934,62.75255328,134.03255548919816,0.5697636789349446,11.78062973133251,7.238838500906924,6.789730200273183,0.9379585135685132,0.6144695713213064,0.5763469657496141,0.354147672976501,0.5405895432942308,20231108_P021N_B005,P021N_B005,20231108,40x,0.324,0.324,0.324,22,0.7717423215898825,"(110.85360501567398, 314.72361755485895, 261.53944827586207)",26.47977189167189,0,22
18,9833.0,13143.0,"(157.00447472795688, 283.1988202989932, 305.1263093664192)",0.7481549113596592,334.442198592,363.68387399846114,0.6406794485836401,21.914856438016702,13.36120284721088,9.56868117059797,0.7161541726458714,0.6096869895087513,0.43662988154459187,0.2662075580084849,0.312694311570032,20231108_P021N_B005,P021N_B005,20231108,40x,0.324,0.324,0.324,22,0.8125233058747754,"(110.85360501567398, 314.72361755485895, 261.53944827586207)",22.96410445364713,1,22
19,23658.0,26440.0,"(169.1662017076676, 295.8339673683321, 223.3203990193592)",0.8947806354009077,804.661195392,543.8379559257444,0.769289813225654,28.86904801731902,18.43594690443175,11.315071017734132,0.613750466758729,0.6386059870547764,0.3919447226297879,0.25029824646590626,0.240556256457653,20231108_P021N_B005,P021N_B005,20231108,40x,0.324,0.324,0.324,22,0.8758656338941021,"(110.85360501567398, 314.72361755485895, 261.53944827586207)",23.404091374614946,2,22
20,16571.0,17940.0,"(167.38307887272947, 324.4148210729588, 297.0231730130952)",0.9236900780379041,563.616563904,387.4931627196655,0.8515482209402375,21.69503189182079,14.297022302156702,13.187764588132529,0.9224133745768277,0.658999828783234,0.6078702559134945,0.40058639456941353,0.5607076540620463,20231108_P021N_B005,P021N_B005,20231108,40x,0.324,0.324,0.324,22,0.866578535795466,"(110.85360501567398, 314.72361755485895, 261.53944827586207)",21.851621625289884,1,22
21,16237.0,17956.0,"(170.6386031902445, 283.77483525281764, 194.87663977335714)",0.9042659835152596,552.256481088,392.5287999466219,0.8292900961006205,22.407537217203068,15.054316520677295,12.025763187871089,0.798824919839672,0.6718416385857683,0.5366838430882301,0.36056655254290393,0.4287164279342025,20231108_P021N_B005,P021N_B005,20231108,40x,0.324,0.324,0.324,22,0.8835343916158568,"(110.85360501567398, 314.72361755485895, 261.53944827586207)",30.696333800473734,1,22
22,13309.0,14682.0,"(175.6929145690886, 325.7702306709745, 246.93876324291833)",0.9064841302274894,452.668689216,343.5482364102396,0.8298826877390957,20.825259891161778,14.101403719608522,11.305341894504055,0.8017174828335395,0.6771297834123619,0.5428667855089786,0.3675912688934597,0.4352257927921933,20231108_P021N_B005,P021N_B005,20231108,40x,0.324,0.324,0.324,22,0.9098589300473364,"(110.85360501567398, 314.72361755485895, 261.53944827586207)",21.82938723840807,1,22
1,9851.0,12023.0,"(90.61486143538727, 86.95584204649275, 69.2910364430007)",0.8193462530150545,335.054418624,306.87317316634085,0.7602132477742083,17.185665364794335,15.484572550446982,9.928982433661382,0.6412177282462195,0.9010167614556185,0.5777479208923375,0.5205605606201308,0.3704622093335611,20231108_P021N_A012b,P021N_A012b,20231108,40x,0.324,0.324,0.324,26,0.08354212871117397,"(156.05964565886723, 81.8166564540166, 87.98616753285069)",22.115080236317176,1,26
2,2280.0,4039.0,"(89.83070175438597, 92.39824561403509, 110.03771929824562)",0.5644961624164397,77.54787072,162.74003172102562,0.540384619928898,17.591359178676765,7.489664293720404,6.015066795806538,0.8031156751377736,0.42575813600571266,0.3419330328436279,0.14558077070228317,0.2746117785241168,20231108_P021N_A012b,P021N_A012b,20231108,40x,0.324,0.324,0.324,26,0.07834901824096666,"(156.05964565886723, 81.8166564540166, 87.98616753285069)",22.874753311277527,0,26
3,11306.0,12686.0,"(103.60949938085972, 59.13727224482576, 86.58482221829118)",0.8912186662462557,384.542204544,303.85509033887547,0.8416152883370575,18.030544455266497,12.71347789241935,12.080210366361332,0.9501892769691591,0.7051078198975795,0.6699858895737811,0.47241228995950935,0.63661340799365,20231108_P021N_A012b,P021N_A012b,20231108,40x,0.324,0.324,0.324,26,0.1695993336480776,"(156.05964565886723, 81.8166564540166, 87.98616753285069)",18.520039753717434,0,26
4,15950.0,17631.0,"(109.78018808777429, 61.869153605015676, 118.7425078369906)",0.904656570812773,542.4949728,391.72158523965777,0.82117761055096,22.518660470252982,15.206704656055196,11.64968668120868,0.7660888367796281,0.6752934827603606,0.5173347986927485,0.3493528179623562,0.39632441415615083,20231108_P021N_A012b,P021N_A012b,20231108,40x,0.324,0.324,0.324,26,0.2104648217733397,"(156.05964565886723, 81.8166564540166, 87.98616753285069)",19.128745787521922,0,26
5,8236.0,10273.0,"(110.27914035939777, 112.2468431277319, 110.20859640602234)",0.8017132288523313,280.124676864,278.6981780817175,0.7428781313622237,16.34761527299347,12.807557367521326,10.130008767520277,0.790939948721913,0.7834511122047032,0.6196627825133136,0.4854754961519167,0.4901160494259582,20231108_P021N_A012b,P021N_A012b,20231108,40x,0.324,0.324,0.324,26,0.21376914145296533,"(156.05964565886723, 81.8166564540166, 87.98616753285069)",19.21100692344022,1,26
6,10339.0,11900.0,"(115.54328271592998, 103.86797562626947, 60.34268304478189)",0.8688235294117647,351.652383936,303.1031114101379,0.7948822038822889,16.707868417798966,15.345503287494488,10.374269772830765,0.6760462383325719,0.9184596684486008,0.6209212039148578,0.5702910830803464,0.4197714442075715,20231108_P021N_A012b,P021N_A012b,20231108,40x,0.324,0.324,0.324,26,0.2486310113637747,"(156.05964565886723, 81.8166564540166, 87.98616753285069)",17.423846955376675,1,26
7,11471.0,12491.0,"(124.93514078981781, 44.36012553395519, 71.62156743091273)",0.918341205668081,390.154221504,301.77747282582607,0.8556342898781255,18.750345540450414,13.437135912855746,11.111764375751799,0.8269444059965794,0.7166340419629922,0.5926165121480143,0.4246891664346421,0.49006090962200427,20231108_P021N_A012b,P021N_A012b,20231108,40x,0.324,0.324,0.324,26,0.3108287469524358,"(156.05964565886723, 81.8166564540166, 87.98616753285069)",16.645928914992982,0,26
8,4453.0,5645.0,"(130.28250617561196, 88.39389175836514, 46.28160790478329)",0.7888396811337467,151.45643347200001,182.29354449799922,0.7537685022071482,15.645396500455275,9.81263431640288,7.721503086002403,0.7868940018578982,0.6271898776178243,0.4935319527234551,0.30953824502910965,0.3883573333233026,20231108_P021N_A012b,P021N_A012b,20231108,40x,0.324,0.324,0.324,26,0.34624176275239704,"(156.05964565886723, 81.8166564540166, 87.98616753285069)",16.02733141218411,1,26
9,11862.0,13133.0,"(137.21750126454225, 116.35196425560613, 110.59290170291688)",0.9032208939313181,403.453001088,317.3930399428641,0.8319208822066877,19.638066337310498,12.573015837525293,11.851809419393366,0.9426385500939701,0.6402369572220934,0.6035120370724093,0.3863907102621465,0.5688937115901942,20231108_P021N_A012b,P021N_A012b,20231108,40x,0.324,0.324,0.324,26,0.39216888254663734,"(156.05964565886723, 81.8166564540166, 87.98616753285069)",14.701099038420498,2,26
10,18182.0,19994.0,"(144.60691893081068, 49.89924100758992, 113.02419975800242)",0.9093728118435531,618.4102567680001,424.2069704938458,0.8274798874314047,21.55673768451238,17.706596648484574,11.772720181973382,0.6648776394294245,0.8213950045514552,0.5461271716652929,0.44858613065568664,0.36310774472508794,20231108_P021N_A012b,P021N_A012b,20231108,40x,0.324,0.324,0.324,26,0.44110542338285225,"(156.05964565886723, 81.8166564540166, 87.98616753285069)",13.657241512600518,0,26
11,10003.0,11607.0,"(145.52814155753273, 129.89793062081375, 94.35969209237228)",0.86180752993883,340.22427667200003,309.99983142080725,0.760267104648003,21.488743599982193,14.191051210972743,8.26094831205232,0.5821237756978022,0.6603946454544929,0.3844314244625808,0.2538764542595317,0.22378667230504196,20231108_P021N_A012b,P021N_A012b,20231108,40x,0.324,0.324,0.324,26,0.4472062354803492,"(156.05964565886723, 81.8166564540166, 87.98616753285069)",16.0807937709113,2,26
12,10056.0,11038.0,"(148.99055290373906, 25.67124105011933, 90.20773667462211)",0.9110346077187896,342.026924544,279.0718242838923,0.8475038179083385,16.263940922544773,14.824384853529924,10.199726500706767,0.6880370822454767,0.9114878690306012,0.627137453909962,0.571628181453668,0.43149382395506725,20231108_P021N_A012b,P021N_A012b,20231108,40x,0.324,0.324,0.324,26,0.47013611194529176,"(156.05964565886723, 81.8166564540166, 87.98616753285069)",18.348858647656627,2,26
13,8033.0,8778.0,"(159.31893439561807, 125.8424000995892, 56.20440682185983)",0.9151287309182046,273.220195392,248.66757012611214,0.8188546864396629,17.358708215047702,14.016673865657042,8.000033869577003,0.5707512314443077,0.8074721743122821,0.46086573784574775,0.3721362594043402,0.26303968740595,20231108_P021N_A012b,P021N_A012b,20231108,40x,0.324,0.324,0.324,26,0.5385359893749542,"(156.05964565886723, 81.8166564540166, 87.98616753285069)",17.624436719736156,1,26
14,8489.0,9260.0,"(161.93662386617976, 36.563788432088586, 60.426434208976325)",0.9167386609071274,288.729769536,251.29571045992128,0.8406723403466785,19.162831785865844,11.164650879990253,9.612408016250432,0.8609680785879463,0.5826200952317024,0.5016173039383652,0.29225232139044016,0.43187648635828013,20231108_P021N_A012b,P021N_A012b,20231108,40x,0.324,0.324,0.324,26,0.5558716812329785,"(156.05964565886723, 81.8166564540166, 87.98616753285069)",17.272269028353925,2,26
15,9543.0,10467.0,"(166.7244053232736, 139.7299591323483, 78.26029550455831)",0.9117225566064775,324.578653632,275.5386995761921,0.8289242080957013,19.113447725235005,12.902814820569178,9.51467712424317,0.7374109647047892,0.6750647505386438,0.4978001489328992,0.3360473333574874,0.36708328805479695,20231108_P021N_A012b,P021N_A012b,20231108,40x,0.324,0.324,0.324,26,0.5875788432004875,"(156.05964565886723, 81.8166564540166, 87.98616753285069)",19.337888666742924,1,26
16,2873.0,3320.0,"(165.65506439262094, 67.7128437173686, 41.753219631047685)",0.8653614457831326,97.717119552,127.54023137793158,0.8044221645393207,12.848513439456225,9.64937814487132,5.727080976205381,0.5935181407777397,0.7510112504719224,0.4457388010832608,0.3347548543853952,0.2645540644914357,20231108_P021N_A012b,P021N_A012b,20231108,40x,0.324,0.324,0.324,26,0.5804971151829202,"(156.05964565886723, 81.8166564540166, 87.98616753285069)",15.966577546128491,1,26
17,16426.0,17721.0,"(174.0077316449531, 106.13643004992086, 118.58833556556678)",0.9269228598837538,558.684791424,396.7901983750511,0.8267377241869378,23.71065911247625,15.41110185572626,11.001445126841384,0.7138649286620351,0.6499651394177032,0.4639873178832284,0.30157558175601873,0.3312242735807998,20231108_P021N_A012b,P021N_A012b,20231108,40x,0.324,0.324,0.324,26,0.635812792350683,"(156.05964565886723, 81.8166564540166, 87.98616753285069)",13.936060208199821,0,26
18,7963.0,8731.0,"(175.71430365440162, 29.32864498304659, 87.25065929925907)",0.9120375672889703,270.839339712,236.45651466115646,0.8561318844313099,14.771193120384758,13.686202916959877,9.604965461506406,0.7017991417914737,0.9265468811772857,0.6502498060397858,0.6024869297722983,0.4563447558287939,20231108_P021N_A012b,P021N_A012b,20231108,40x,0.324,0.324,0.324,26,0.6471145937377589,"(156.05964565886723, 81.8166564540166, 87.98616753285069)",18.1608803625717,1,26
19,16461.0,18404.0,"(182.17344025271854, 61.77346455257882, 108.06524512484053)",0.894425124972832,559.8752192640001,404.37152136622285,0.812389670745759,24.666280806627743,14.779295674024807,11.283639164980666,0.7634761096776828,0.5991700082346286,0.4574519869225194,0.2740915107713132,0.3492536633399314,20231108_P021N_A012b,P021N_A012b,20231108,40x,0.324,0.324,0.324,26,0.6898903327994605,"(156.05964565886723, 81.8166564540166, 87.98616753285069)",12.493253323152137,0,26
20,11578.0,12630.0,"(185.07833822767319, 131.5677146311971, 98.21791328381413)",0.9167062549485352,393.793529472,321.53535139024353,0.8080429517081867,22.975394578077793,13.498442868799668,9.228367916410619,0.6836616642458139,0.5875173470004013,0.40166308722357963,0.23598403139358826,0.27460165467738396,20231108_P021N_A012b,P021N_A012b,20231108,40x,0.324,0.324,0.324,26,0.7091280677329349,"(156.05964565886723, 81.8166564540166, 87.98616753285069)",18.953144092484052,2,26
21,6766.0,7953.0,"(185.4649719184156, 57.673810227608634, 51.69923145137452)",0.8507481453539545,230.126707584,224.19293037291243,0.8100407994896385,15.63746800395844,10.850549300112597,10.297111202268173,0.9489944626270044,0.6938814709239315,0.6584896736262917,0.4569137833240308,0.6249030539684142,20231108_P021N_A012b,P021N_A012b,20231108,40x,0.324,0.324,0.324,26,0.7116885557510968,"(156.05964565886723, 81.8166564540166, 87.98616753285069)",17.034797136384743,2,26
22,11901.0,12905.0,"(195.22183009831107, 104.33862700613393, 65.73783715654147)",0.9222006974041069,404.779477824,309.17315582911,0.8559098073639784,19.48389457627052,12.714004326324627,11.794809218469029,0.9277021554922406,0.6525391664667003,0.6053619912742678,0.39502240919673265,0.5615956241582132,20231108_P021N_A012b,P021N_A012b,20231108,40x,0.324,0.324,0.324,26,0.7763035105848415,"(156.05964565886723, 81.8166564540166, 87.98616753285069)",16.31591443281065,1,26
23,9104.0,9802.0,"(196.02800966608083, 86.81590509666081, 48.94518892794376)",0.9287900428483983,309.647287296,261.3430272127147,0.8469375603682622,18.424561015065976,11.744284141503412,10.439970122342848,0.8889405260086294,0.6374254524653247,0.5666333170058143,0.361186498474359,0.503703318873163,20231108_P021N_A012b,P021N_A012b,20231108,40x,0.324,0.324,0.324,26,0.7816424481197407,"(156.05964565886723, 81.8166564540166, 87.98616753285069)",18.174813482470828,2,26
24,12876.0,13969.0,"(201.45402298850576, 89.65501708605157, 103.98539919229574)",0.9217553153411124,437.941396224,335.5812354394482,0.8310563170344516,21.28998837074712,13.970165710588123,10.634789855928547,0.7612500865231926,0.6561847506588315,0.49952069821423506,0.32777786480663335,0.380260174735712,20231108_P021N_A012b,P021N_A012b,20231108,40x,0.324,0.324,0.324,26,0.8175763111821572,"(156.05964565886723, 81.8166564540166, 87.98616753285069)",15.799991483842042,0,26
25,7762.0,9332.0,"(201.6726359185777, 55.16104096882247, 78.14210255088895)",0.8317616802400343,264.002882688,259.84459425563944,0.7659073152707034,20.79101052076761,11.478647549158978,8.576128572989756,0.7471375470203468,0.552096663973752,0.4124921472394658,0.2277355384062788,0.3081883710536502,20231108_P021N_A012b,P021N_A012b,20231108,40x,0.324,0.324,0.324,26,0.8190240789309781,"(156.05964565886723, 81.8166564540166, 87.98616753285069)",17.411713976432658,2,26
26,10614.0,11668.0,"(213.7920670812135, 74.50706613906162, 72.07405313736574)",0.9096674665752486,361.005745536,291.6610931402251,0.8406496462808168,18.40778102576189,14.086440707660222,10.185928275489092,0.7231016327602169,0.7652438220525383,0.5533490571858594,0.42344694745007555,0.4001276067374215,20231108_P021N_A012b,P021N_A012b,20231108,40x,0.324,0.324,0.324,26,0.8992852124583676,"(156.05964565886723, 81.8166564540166, 87.98616753285069)",19.546783263237458,3,26
1,11538.0,19709.0,"(75.36852140752296, 219.03735482752643, 350.7981452591437)",0.5854178294180323,392.433040512,440.5259216879833,0.5884230807290536,27.85715038225649,15.826274083803176,9.85957036795355,0.6229874647529307,0.5681225059503453,0.3539331996510873,0.2010774163247996,0.2204959467425237,20231108_P021N_A010,P021N_A010,20231108,40x,0.324,0.324,0.324,85,0.07793909898091626,"(203.76198146222893, 280.6709033136632, 264.0300736266062)",54.03351908771102,3,85
2,5703.0,6790.0,"(87.56882342626687, 343.39768542872173, 349.12958092232157)",0.8399116347569956,193.971713472,213.55167816638243,0.7588222744463181,14.24545653245291,10.692321791969695,9.72381473511329,0.9094203227606013,0.7505776854263158,0.6825906009373052,0.5123372733452803,0.6207617646177568,20231108_P021N_A010,P021N_A010,20231108,40x,0.324,0.324,0.324,85,0.12044886211242814,"(203.76198146222893, 280.6709033136632, 264.0300736266062)",50.89732212437278,2,85
3,5756.0,7710.0,"(90.03439888811675, 249.88533703961085, 368.55802640722726)",0.7465629053177691,195.774361344,236.6008887736984,0.6891360406672089,14.69381776311622,12.26933112421628,8.831874724312664,0.7198334314150978,0.8349995434824447,0.6010605866150083,0.5018853154288222,0.432663504551453,20231108_P021N_A010,P021N_A010,20231108,40x,0.324,0.324,0.324,85,0.12903971738019773,"(203.76198146222893, 280.6709033136632, 264.0300736266062)",51.03160150324211,4,85
4,8790.0,10403.0,"(91.95005688282139, 382.99499431171785, 289.6821387940842)",0.8449485725271556,298.96744896,284.7709354345312,0.7592842648007669,17.177934697158147,13.302475438171761,9.728662044827129,0.7313422295004213,0.7743931777999176,0.5663464331621078,0.43857481411205324,0.41419306309838716,20231108_P021N_A010,P021N_A010,20231108,40x,0.324,0.324,0.324,85,0.13571448391226965,"(203.76198146222893, 280.6709033136632, 264.0300736266062)",49.805613150732654,1,85
5,9154.0,10415.0,"(94.37841380817129, 207.17172820624864, 329.38627922219797)",0.8789246279404704,311.347898496,283.2783084712149,0.7842143105480353,18.53871166886274,14.791578975513207,8.267392189865069,0.5589256024357754,0.7978752374878809,0.4459528977815012,0.35581477422582397,0.24925449205050532,20231108_P021N_A010,P021N_A010,20231108,40x,0.324,0.324,0.324,85,0.14417565786819264,"(203.76198146222893, 280.6709033136632, 264.0300736266062)",47.660308839455034,4,85
6,1599.0,1936.0,"(103.15071919949969, 359.0531582238899, 328.05065666041276)",0.8259297520661157,54.385546176,91.25523128149698,0.7607033881593306,11.332306251684855,6.723118158474226,5.383917649836125,0.8008066380701503,0.5932700731128452,0.47509461271712977,0.2818594156222104,0.3804589195752448,20231108_P021N_A010,P021N_A010,20231108,40x,0.324,0.324,0.324,85,0.17474118187978985,"(203.76198146222893, 280.6709033136632, 264.0300736266062)",46.23678554254994,4,85
7,1029.0,1362.0,"(106.9067055393586, 289.47716229348885, 158.7648202137998)",0.7555066079295154,34.998578496,76.87592406069686,0.6730707418006818,12.711935984678556,6.374916886108249,3.359939829509456,0.5270562565029185,0.5014906379163496,0.2643137782914518,0.13255088528546075,0.13930823052843497,20231108_P021N_A010,P021N_A010,20231108,40x,0.324,0.324,0.324,85,0.1878282422974167,"(203.76198146222893, 280.6709033136632, 264.0300736266062)",46.43414932500321,1,85
8,2843.0,3716.0,"(108.32852620471333, 357.693985226873, 202.75342947590573)",0.765069967707212,96.696752832,142.63219930569392,0.7142898395622975,12.776249697434494,9.834527968455161,6.4780298246855885,0.6587026693568068,0.7697507642191715,0.5070368831306102,0.390292028277094,0.33398654838048825,20231108_P021N_A010,P021N_A010,20231108,40x,0.324,0.324,0.324,85,0.19278232127077816,"(203.76198146222893, 280.6709033136632, 264.0300736266062)",44.418647208331016,1,85
9,5016.0,6945.0,"(109.7055422647528, 255.9860446570973, 373.2779106858054)",0.7222462203023758,170.605315584,215.48892858551153,0.6903259537793615,15.647147020108486,11.043593584581691,8.031771979326473,0.7272788443192878,0.7057895966842601,0.5133058422091049,0.3622859233484386,0.3733164797041766,20231108_P021N_A010,P021N_A010,20231108,40x,0.324,0.324,0.324,85,0.19758028663676933,"(203.76198146222893, 280.6709033136632, 264.0300736266062)",47.387196949888775,3,85
10,8985.0,10495.0,"(121.07456872565386, 328.63327768503063, 354.7212020033389)",0.8561219628394473,305.59983264,289.0256657766383,0.7591305261061296,22.984449135017275,10.60892311265098,9.61502515032884,0.9063149056913296,0.46156960518527596,0.4183274131934776,0.19308721894589123,0.3791363700365445,20231108_P021N_A010,P021N_A010,20231108,40x,0.324,0.324,0.324,85,0.23719361925314936,"(203.76198146222893, 280.6709033136632, 264.0300736266062)",42.69242938646426,3,85
11,9489.0,10542.0,"(118.14859310780905, 195.0671303614712, 301.0866266202972)",0.9001138303927149,322.741993536,296.80678424501116,0.7666208365274286,20.748255852655028,15.434475731612256,7.18973679246737,0.46582319461241223,0.7438926838583977,0.34652246644372003,0.25777552758005046,0.1614182023237861,20231108_P021N_A010,P021N_A010,20231108,40x,0.324,0.324,0.324,85,0.2269985822571744,"(203.76198146222893, 280.6709033136632, 264.0300736266062)",41.022605039511944,2,85
12,8358.0,9575.0,"(118.93120363723379, 220.01830581478822, 362.075735821967)",0.8728981723237598,284.274168192,260.9995422193089,0.8010678654123581,15.933082020713904,15.066308192286204,8.599270588861645,0.5707616278063649,0.9455991108750432,0.539711687775291,0.510350892089184,0.30804672146074563,20231108_P021N_A010,P021N_A010,20231108,40x,0.324,0.324,0.324,85,0.22972544821335816,"(203.76198146222893, 280.6709033136632, 264.0300736266062)",46.37610455100455,6,85
13,10716.0,12176.0,"(123.57764091078761, 387.08314669652856, 294.78144830160505)",0.8800919842312747,364.474992384,327.76858408149485,0.7528271789571276,18.97667710050209,17.491814456654172,7.898473618142414,0.4515525612117218,0.9217532850464831,0.4162200566680577,0.38365220453601556,0.18794523261614948,20231108_P021N_A010,P021N_A010,20231108,40x,0.324,0.324,0.324,85,0.2459151251246955,"(203.76198146222893, 280.6709033136632, 264.0300736266062)",44.304842185459535,3,85
14,3379.0,4106.0,"(121.7031666173424, 308.0245634803196, 365.3903521751998)",0.8229420360448124,114.927304896,148.37601192800145,0.7704348370321674,13.110404622475329,10.030047478048115,6.6383890741984635,0.6618502144408911,0.7650448454392842,0.5063450950108886,0.38737670495154497,0.33512460971405,20231108_P021N_A010,P021N_A010,20231108,40x,0.324,0.324,0.324,85,0.23938385580955543,"(203.76198146222893, 280.6709033136632, 264.0300736266062)",43.17326185650285,2,85
15,9064.0,13219.0,"(134.625, 246.54909532215356, 371.1798323036187)",0.685679703457145,308.286798336,335.33906616110346,0.6581172266253125,20.6377070366314,15.224160034871673,8.40924789421771,0.5523620268675528,0.737686604807849,0.4074700682247069,0.30058521118950665,0.2250709927724591,20231108_P021N_A010,P021N_A010,20231108,40x,0.324,0.324,0.324,85,0.2844076655052265,"(203.76198146222893, 280.6709033136632, 264.0300736266062)",42.76958409853672,6,85
16,3907.0,4668.0,"(131.2779626311748, 290.0250831840287, 162.0875351932429)",0.836975149957155,132.885759168,160.05958670602257,0.7867825658142842,14.078159876035723,9.6546733032398,7.305893741859175,0.7567209694612401,0.6857908553570472,0.5189523209134379,0.35589275604875137,0.39270210338577727,20231108_P021N_A010,P021N_A010,20231108,40x,0.324,0.324,0.324,85,0.27274551439433736,"(203.76198146222893, 280.6709033136632, 264.0300736266062)",40.64065016469421,4,85
17,11078.0,12026.0,"(138.2089727387615, 367.27080700487454, 330.686224950352)",0.9211707966073508,376.787417472,307.26484338416986,0.821048565712699,19.167636975177683,15.375506305564093,9.175006863616243,0.5967287633510963,0.8021597198170831,0.47867177761650986,0.3839712190172047,0.2856372179081708,20231108_P021N_A010,P021N_A010,20231108,40x,0.324,0.324,0.324,85,0.29689537539638156,"(203.76198146222893, 280.6709033136632, 264.0300736266062)",41.28907164434516,5,85
18,9078.0,10567.0,"(139.97962106190792, 209.39854593522801, 338.1645736946464)",0.8590896186240181,308.762969472,294.1201181894228,0.7511203562284413,19.607910062760066,14.945874374650215,7.933694449201781,0.5308283911885521,0.7622369914392799,0.4046170358701151,0.30841407210671573,0.21478221019841387,20231108_P021N_A010,P021N_A010,20231108,40x,0.324,0.324,0.324,85,0.303064881748808,"(203.76198146222893, 280.6709033136632, 264.0300736266062)",39.2078322839848,6,85
19,8701.0,9766.0,"(139.30881507872658, 385.124928169176, 235.4510975749914)",0.8909481875895966,295.940361024,273.8681334556042,0.7841733680590844,18.436370170376005,14.488094013453765,7.9571484468717735,0.5492198241868599,0.7858430851390463,0.43160060105852655,0.3391703478836992,0.237043606232307,20231108_P021N_A010,P021N_A010,20231108,40x,0.324,0.324,0.324,85,0.30072757867152117,"(203.76198146222893, 280.6709033136632, 264.0300736266062)",40.8312145821919,3,85
20,2573.0,3207.0,"(140.6082394092499, 249.0128254955305, 163.6074621064905)",0.8023074524477705,87.513452352,132.22683917833965,0.7209100045992887,14.358045615714097,7.602101918275586,6.070722882160504,0.7985584707258896,0.5294663439399788,0.4228098339175374,0.2238635769461882,0.33763837438105604,20231108_P021N_A010,P021N_A010,20231108,40x,0.324,0.324,0.324,85,0.30525518957926795,"(203.76198146222893, 280.6709033136632, 264.0300736266062)",39.781249789715595,3,85
21,8611.0,9921.0,"(150.51980025548716, 313.2096156079433, 366.94263151782604)",0.8679568591875819,292.879260864,284.70555660166417,0.7491128744392761,19.233461820396883,15.479031633286203,7.0922707614212,0.45818568819059313,0.8047969615574276,0.36874644968488834,0.296766022291487,0.1689543458167085,20231108_P021N_A010,P021N_A010,20231108,40x,0.324,0.324,0.324,85,0.3397902447926382,"(203.76198146222893, 280.6709033136632, 264.0300736266062)",38.993897679581735,5,85
22,4966.0,6370.0,"(144.96053161498187, 360.22734595247687, 205.78836085380587)",0.7795918367346939,168.904704384,204.37391505245114,0.7230247387590399,15.005092486476732,10.683091841393665,8.167289018637357,0.7645061130141788,0.7119644114837513,0.5443011448278701,0.3875230442473066,0.41612155254152255,20231108_P021N_A010,P021N_A010,20231108,40x,0.324,0.324,0.324,85,0.320419970783909,"(203.76198146222893, 280.6709033136632, 264.0300736266062)",37.1950520776054,3,85
23,9252.0,10099.0,"(150.52918287937743, 191.3109597924773, 252.86240812797234)",0.9161303099316764,314.681096448,282.4746328954675,0.7920484979915977,19.450954204915455,15.298864585316418,7.5231970955773795,0.4917487211958208,0.7865354277298251,0.38677779076134944,0.30421443509287477,0.19019748399383832,20231108_P021N_A010,P021N_A010,20231108,40x,0.324,0.324,0.324,85,0.33982293686194226,"(203.76198146222893, 280.6709033136632, 264.0300736266062)",33.89425170090721,1,85
24,12598.0,14039.0,"(157.46039053818066, 277.5602476583585, 157.02516272424194)",0.8973573616354441,428.485997952,335.2636922582864,0.819826635319741,19.427693986761803,15.445410651552272,10.249564847189687,0.6635993744950769,0.7950202768314607,0.5275749584162602,0.4194327894894415,0.3500984124042965,20231108_P021N_A010,P021N_A010,20231108,40x,0.324,0.324,0.324,85,0.36397348619575143,"(203.76198146222893, 280.6709033136632, 264.0300736266062)",37.78951948007958,3,85
25,7284.0,8496.0,"(158.92490389895661, 384.0760571114772, 287.19659527732017)",0.8573446327683616,247.745039616,257.88841271941646,0.7396999803873341,21.16611171911529,12.291579463675367,6.9913069376885675,0.5687883284934694,0.5807197668986478,0.33030662553739903,0.19181558658715733,0.18787455342973552,20231108_P021N_A010,P021N_A010,20231108,40x,0.324,0.324,0.324,85,0.36907632020542375,"(203.76198146222893, 280.6709033136632, 264.0300736266062)",37.28066980801944,3,85
26,1237.0,1611.0,"(151.7210994341148, 207.9450282942603, 329.6216653193209)",0.7678460583488517,42.073121088,90.86044224853208,0.6438416953959155,11.187937263884768,9.15032388935994,3.263256948443085,0.35662747984665577,0.8178740793352187,0.2916763717452229,0.23855454400496115,0.10401980938631514,20231108_P021N_A010,P021N_A010,20231108,40x,0.324,0.324,0.324,85,0.34397595621642785,"(203.76198146222893, 280.6709033136632, 264.0300736266062)",35.9327002398051,6,85
27,10322.0,11964.0,"(161.35913582639023, 252.22195310986243, 366.1570432086805)",0.8627549314610499,351.07417612800003,319.9625053403348,0.7521728027123481,19.3668114332274,16.70244589469074,7.954772810225217,0.47626394723145465,0.8624262157081035,0.41074251368902737,0.35423511171126176,0.19562185086530598,20231108_P021N_A010,P021N_A010,20231108,40x,0.324,0.324,0.324,85,0.37755796455188234,"(203.76198146222893, 280.6709033136632, 264.0300736266062)",36.99458900831209,2,85
28,10776.0,12535.0,"(167.91332590942835, 274.5503897550111, 367.81384558277654)",0.8596729158356602,366.515725824,350.5019907505543,0.7066245323786122,26.293753389285715,15.143323269782929,6.872305579297398,0.4538175311234645,0.5759285502370913,0.261366472772113,0.15052841374422524,0.11861268739188852,20231108_P021N_A010,P021N_A010,20231108,40x,0.324,0.324,0.324,85,0.40039486379591765,"(203.76198146222893, 280.6709033136632, 264.0300736266062)",35.63065890535718,5,85
29,9707.0,11340.0,"(169.03183269805294, 204.41289790872565, 206.89584835685588)",0.8559964726631394,330.156658368,319.2009647476526,0.7237134368288436,20.043669656526443,15.74900751969255,7.840259426823497,0.4978256196157149,0.7857347376788609,0.3911588826385702,0.3073471220407733,0.1947289131177369,20231108_P021N_A010,P021N_A010,20231108,40x,0.324,0.324,0.324,85,0.40429209999321586,"(203.76198146222893, 280.6709033136632, 264.0300736266062)",32.85971248491709,2,85
30,8686.0,10280.0,"(164.79599355284367, 208.92585770204929, 327.68950034538335)",0.8449416342412451,295.430177664,281.2840838870603,0.7626211919423389,19.419321072533872,13.81492621727603,8.237437894494155,0.5962708569657768,0.7114010920194045,0.4241877387847997,0.3017676205927484,0.25293078651958756,20231108_P021N_A010,P021N_A010,20231108,40x,0.324,0.324,0.324,85,0.3895330785813368,"(203.76198146222893, 280.6709033136632, 264.0300736266062)",33.54334679193818,4,85
31,12045.0,13331.0,"(166.0296388542964, 316.0272312162723, 164.88576172685762)",0.9035331182957017,409.67723808,331.30201277021297,0.8051706582255167,18.614509071429815,17.53481207145898,9.14046948328221,0.521275588585289,0.9419970198608143,0.49104005097353415,0.4625582646493715,0.25596719159017933,20231108_P021N_A010,P021N_A010,20231108,40x,0.324,0.324,0.324,85,0.3938314942658411,"(203.76198146222893, 280.6709033136632, 264.0300736266062)",36.22921897872696,4,85
32,6031.0,8449.0,"(168.7658763057536, 367.82341236942466, 222.9330127673686)",0.7138122854775714,205.127722944,253.45195081321364,0.6636484110094081,17.918488284118453,13.975234232413374,6.5705653551698395,0.47015779813768266,0.7799337762661557,0.3666919469425038,0.2859954349052558,0.17240307836930752,20231108_P021N_A010,P021N_A010,20231108,40x,0.324,0.324,0.324,85,0.403365422668131,"(203.76198146222893, 280.6709033136632, 264.0300736266062)",33.214750009388176,5,85
33,5522.0,6704.0,"(172.67819630568636, 198.63817457442954, 297.82415791379935)",0.8236873508353222,187.815500928,207.83085833799495,0.7631238881352236,17.73175744280881,10.377008706286018,7.785259137126497,0.750241168479551,0.5852216702013628,0.43905738967142494,0.25694589889776187,0.3293989290566714,20231108_P021N_A010,P021N_A010,20231108,40x,0.324,0.324,0.324,85,0.416997199671381,"(203.76198146222893, 280.6709033136632, 264.0300736266062)",30.458775272844257,5,85
34,9537.0,10587.0,"(178.88707140610254, 340.9214637726748, 346.22124357764494)",0.9008217625389628,324.374580288,298.0050895488762,0.7661109186766519,24.338818464467266,12.397218842552261,7.841504627761856,0.6325212716941517,0.5093599288992279,0.3221809899773823,0.16410608614756234,0.20378632949617465,20231108_P021N_A010,P021N_A010,20231108,40x,0.324,0.324,0.324,85,0.438630910822657,"(203.76198146222893, 280.6709033136632, 264.0300736266062)",33.98801635419946,5,85
35,9035.0,11496.0,"(172.3017155506364, 231.14122855561703, 183.53403431101273)",0.7859255393180237,307.30044384,304.34940240666276,0.723580958308706,17.450738562193333,12.484768794924847,11.166320846963755,0.8943954854416647,0.7154292496234425,0.6398766910161247,0.45778650090519746,0.572302823684173,20231108_P021N_A010,P021N_A010,20231108,40x,0.324,0.324,0.324,85,0.41568542003706066,"(203.76198146222893, 280.6709033136632, 264.0300736266062)",32.27428607178738,5,85
36,9632.0,10893.0,"(175.75851328903656, 384.40438122923587, 248.69871262458472)",0.8842375837693932,327.605741568,287.38512885156956,0.799688473599842,18.151908953087705,15.297501793842265,8.719845286611053,0.5700176018362076,0.8427489270344817,0.4803817223382324,0.4048411810675216,0.27382603733318617,20231108_P021N_A010,P021N_A010,20231108,40x,0.324,0.324,0.324,85,0.4277300114600576,"(203.76198146222893, 280.6709033136632, 264.0300736266062)",35.16538936845136,4,85
37,10659.0,11750.0,"(178.10132282578104, 373.06510929730746, 309.41382868937046)",0.9071489361702127,362.536295616,309.9226755500589,0.7933505011284718,19.917116583220714,15.640423456056578,8.367244846021295,0.5349755951000914,0.7852754885831686,0.42010322182229565,0.3298967627718665,0.22474497109784833,20231108_P021N_A010,P021N_A010,20231108,40x,0.324,0.324,0.324,85,0.43589311089122307,"(203.76198146222893, 280.6709033136632, 264.0300736266062)",34.37278714083212,3,85
38,1777.0,3009.0,"(183.0551491277434, 301.62858750703435, 354.7720877884074)",0.5905616483881688,60.439722048,120.5402507184829,0.617874596218861,16.02138255696839,6.391565242973958,5.346617613354271,0.8365114663003144,0.39893968078266695,0.3337176173368881,0.13313319973193033,0.2791586134087274,20231108_P021N_A010,P021N_A010,20231108,40x,0.324,0.324,0.324,85,0.45315382971339163,"(203.76198146222893, 280.6709033136632, 264.0300736266062)",30.91121412690404,5,85
39,9212.0,10524.0,"(184.79407294832828, 335.34237950499346, 179.4437689969605)",0.8753325731660966,313.320607488,276.65456581750163,0.8063784674108433,17.46561743869047,14.308683223996482,9.4961042222751,0.6636602455737918,0.8192486337356369,0.5437027494509863,0.4454277346460298,0.3608339002197874,20231108_P021N_A010,P021N_A010,20231108,40x,0.324,0.324,0.324,85,0.4592127977293668,"(203.76198146222893, 280.6709033136632, 264.0300736266062)",33.2058032129043,4,85
40,17248.0,18834.0,"(192.95089285714286, 149.9898538961039, 181.6429151205937)",0.9157905914834873,586.642839552,402.67876835987835,0.8416042287233676,20.850286761860495,17.33786524067498,11.652374142159417,0.6720766357569047,0.8315408530682434,0.5588591790245316,0.46471423847107723,0.3755961969006729,20231108_P021N_A010,P021N_A010,20231108,40x,0.324,0.324,0.324,85,0.4876337730214037,"(203.76198146222893, 280.6709033136632, 264.0300736266062)",50.175100912671965,1,85
41,15427.0,17750.0,"(198.88280287807092, 228.7238607635963, 328.21118817657356)",0.8691267605633802,524.706579648,423.18004348279186,0.7434240714204454,25.355665297393656,17.303177556221545,8.911768794819775,0.5150365455052186,0.6824185977088191,0.35147051715246563,0.239850017451179,0.18102016100113857,20231108_P021N_A010,P021N_A010,20231108,40x,0.324,0.324,0.324,85,0.5083024490525119,"(203.76198146222893, 280.6709033136632, 264.0300736266062)",26.79916224071818,3,85
42,1010.0,1857.0,"(182.81584158415842, 202.15742574257425, 265.66336633663366)",0.5438879913839526,34.35234624,85.0393886053643,0.6009452843734817,10.918134671994391,7.959908388034415,4.061999416942582,0.5103073074369433,0.7290538747843084,0.3720415198176508,0.27123831160370143,0.18985550623289354,20231108_P021N_A010,P021N_A010,20231108,40x,0.324,0.324,0.324,85,0.45232000551971574,"(203.76198146222893, 280.6709033136632, 264.0300736266062)",26.333396902666088,6,85
43,6875.0,8606.0,"(192.88203636363636, 226.7813818181818, 196.67854545454546)",0.7988612595863351,233.83404000000002,249.91686163905183,0.734446876273149,18.704073648840843,12.25397995889458,7.565377570993926,0.6173812586907798,0.6551503265522055,0.404477533238476,0.2649935879842181,0.24971684858291204,20231108_P021N_A010,P021N_A010,20231108,40x,0.324,0.324,0.324,85,0.48739385492556225,"(203.76198146222893, 280.6709033136632, 264.0300736266062)",28.168780768337797,5,85
44,2997.0,4781.0,"(190.0910910910911, 202.4904904904905, 275.07974641307976)",0.6268563062120895,101.934635328,165.04823606602525,0.6393731871002732,18.42389418776845,8.662859330323084,6.0388489590724985,0.697096504607247,0.47019697584207365,0.3277726683364077,0.15411771741546593,0.22848918140310032,20231108_P021N_A010,P021N_A010,20231108,40x,0.324,0.324,0.324,85,0.4776693069375997,"(203.76198146222893, 280.6709033136632, 264.0300736266062)",25.96282468220714,6,85
45,12680.0,15114.0,"(208.81348580441642, 357.25354889589903, 220.14652996845425)",0.838957258171232,431.27500032,386.65449709964963,0.7139436165325709,24.25441186223897,15.630622334862656,8.544096407926927,0.5466254781724277,0.6444445003920108,0.35226978318237423,0.22701832442616712,0.19255963867776274,20231108_P021N_A010,P021N_A010,20231108,40x,0.324,0.324,0.324,85,0.5429041317227052,"(203.76198146222893, 280.6709033136632, 264.0300736266062)",28.644577244892027,3,85
46,18422.0,23635.0,"(217.49305178590816, 334.63695581370104, 202.72711974812725)",0.779437275227417,626.573190528,513.3687899803529,0.6897671930799533,35.5364129177049,12.670668446035894,11.363643436836227,0.8968464043735137,0.3565545142493302,0.31977463406765655,0.11401708931925059,0.28678873077343386,20231108_P021N_A010,P021N_A010,20231108,40x,0.324,0.324,0.324,85,0.573146521902119,"(203.76198146222893, 280.6709033136632, 264.0300736266062)",26.83324354102189,6,85
47,7701.0,8805.0,"(205.83547591221918, 349.46110894689, 324.83495649915596)",0.8746166950596252,261.928137024,250.04069984658696,0.7917623653684893,17.87751856065408,12.491036177819385,8.582478885793106,0.6870910278070612,0.6987007808404915,0.4800710376372895,0.3354260088560791,0.32985250267060756,20231108_P021N_A010,P021N_A010,20231108,40x,0.324,0.324,0.324,85,0.5325277906349101,"(203.76198146222893, 280.6709033136632, 264.0300736266062)",29.754466486361224,4,85
48,11771.0,12815.0,"(210.8866706312123, 292.5695352986152, 154.54234984283408)",0.918532969176746,400.357888704,306.84606280374885,0.8561091975519072,18.449467411016588,13.9956514754381,11.090953824210155,0.792457131679394,0.7585937937200824,0.6011530618812063,0.4560309818189077,0.476388031118666,20231108_P021N_A010,P021N_A010,20231108,40x,0.324,0.324,0.324,85,0.5501277722341892,"(203.76198146222893, 280.6709033136632, 264.0300736266062)",35.75747773132068,5,85
49,12082.0,13751.0,"(214.4861777851349, 322.2897699056448, 165.18912431716603)",0.878627008944804,410.935690368,332.23042810324813,0.8045640563180992,22.025693422685258,14.404286127328097,9.520397065869593,0.660941957255855,0.6539765105643608,0.432240514891763,0.28267514365345775,0.2856858919178404,20231108_P021N_A010,P021N_A010,20231108,40x,0.324,0.324,0.324,85,0.5626696090074387,"(203.76198146222893, 280.6709033136632, 264.0300736266062)",34.92093539344858,7,85
50,6052.0,7892.0,"(205.56146728354264, 216.0150363516193, 242.59434897554527)",0.7668525088697415,205.841979648,249.54632685991552,0.6755988620362322,19.134697447588962,10.902371490096227,7.577365301475791,0.6950199145533713,0.5697697347950471,0.39600131239235065,0.22562956274028026,0.27522879830195446,20231108_P021N_A010,P021N_A010,20231108,40x,0.324,0.324,0.324,85,0.5315730567370823,"(203.76198146222893, 280.6709033136632, 264.0300736266062)",22.077478808756016,5,85
51,7814.0,9989.0,"(207.13219861786536, 289.25556693114925, 348.0808804709496)",0.7822604865351888,265.771518336,284.06504978889444,0.7037287267855404,19.90566448009634,12.734060090010349,8.182604718588612,0.6425762608900931,0.6397204224326761,0.4110691570618199,0.2629693348046315,0.26414328191202663,20231108_P021N_A010,P021N_A010,20231108,40x,0.324,0.324,0.324,85,0.5370459882155587,"(203.76198146222893, 280.6709033136632, 264.0300736266062)",27.39590606129747,4,85
52,14678.0,16213.0,"(217.90305218694644, 173.0109006676659, 199.12726529499932)",0.9053228890396595,499.231423872,364.79955814399744,0.8342529739715534,18.75305740890932,16.147521873814938,12.21127258388119,0.7562319889891693,0.8610607604786338,0.651161691537284,0.5606897813096474,0.4924293011447922,20231108_P021N_A010,P021N_A010,20231108,40x,0.324,0.324,0.324,85,0.5745750947280364,"(203.76198146222893, 280.6709033136632, 264.0300736266062)",40.986986818236566,1,85
53,10730.0,11793.0,"(217.2264678471575, 266.01537744641195, 170.28890959925442)",0.9098617824132961,364.95116352,296.86329738059555,0.831924892347204,18.85840045247509,13.738230940363808,10.222200192952615,0.7440696140082441,0.728493966123236,0.5420502241806511,0.39488031765135173,0.4033231010791792,20231108_P021N_A010,P021N_A010,20231108,40x,0.324,0.324,0.324,85,0.5722176580040331,"(203.76198146222893, 280.6709033136632, 264.0300736266062)",31.04907850916309,7,85
54,6297.0,8799.0,"(218.97459107511514, 310.3228521518183, 343.3774813403208)",0.7156495056256392,214.174974528,253.26891868551988,0.6835149913235764,17.410222557097818,12.573498780014202,8.349406749001547,0.6640480024758961,0.7221905830771947,0.47956921409931386,0.34634037035625553,0.31845697867158473,20231108_P021N_A010,P021N_A010,20231108,40x,0.324,0.324,0.324,85,0.5783086797042339,"(203.76198146222893, 280.6709033136632, 264.0300736266062)",27.884097088091032,6,85
55,4034.0,4822.0,"(215.5039662865642, 213.9348041646009, 278.0205751115518)",0.8365823309829946,137.205311616,163.4803373077411,0.7869235618559427,13.559332047983544,11.316507294027014,6.586395810637838,0.5820166628721404,0.8345917965560797,0.48574633229203384,0.40539990413813504,0.2827124593229913,20231108_P021N_A010,P021N_A010,20231108,40x,0.324,0.324,0.324,85,0.566215910406147,"(203.76198146222893, 280.6709033136632, 264.0300736266062)",22.417698536728782,7,85
56,14048.0,15149.0,"(216.35990888382688, 220.64592824601365, 176.32538439635536)",0.9273219354412833,477.803722752,339.02358563212175,0.8718074269426188,17.910725549331676,15.58218908788678,12.262259247320808,0.7869407294545793,0.8699920639713122,0.6846321894412795,0.5956245715532171,0.5387649545670061,20231108_P021N_A010,P021N_A010,20231108,40x,0.324,0.324,0.324,85,0.5691982887938218,"(203.76198146222893, 280.6709033136632, 264.0300736266062)",34.675293653946426,3,85
57,15751.0,17250.0,"(221.06628150593613, 242.98101707828076, 192.81721795441558)",0.9131014492753623,535.726540224,379.03743972168354,0.8415839725875096,20.782321500672474,16.307071247552617,11.358478139358432,0.6965369787700612,0.784660714974742,0.5465452037680629,0.4288525503546643,0.380688944993874,20231108_P021N_A010,P021N_A010,20231108,40x,0.324,0.324,0.324,85,0.5855967996722513,"(203.76198146222893, 280.6709033136632, 264.0300736266062)",26.700503922932498,5,85
58,5425.0,6453.0,"(215.22930875576037, 326.00552995391706, 183.2068202764977)",0.8406942507360917,184.5163152,202.3999595798563,0.774396803778037,14.62435424970815,13.74113823236263,7.2666907547668265,0.528827425493223,0.9396064946003927,0.4968896835162376,0.46688077373179054,0.2627688920880343,20231108_P021N_A010,P021N_A010,20231108,40x,0.324,0.324,0.324,85,0.5652589155252975,"(203.76198146222893, 280.6709033136632, 264.0300736266062)",30.253908792356448,6,85
59,14272.0,16928.0,"(230.68518778026905, 216.9735846412556, 252.80920683856502)",0.8431001890359168,485.422460928,378.00143795344843,0.7902004105497736,21.782968305787207,15.49955829219682,10.769384418833262,0.694818795207542,0.7115448213767526,0.4943947155251609,0.35178399954796097,0.3435147405981677,20231108_P021N_A010,P021N_A010,20231108,40x,0.324,0.324,0.324,85,0.6191121525444915,"(203.76198146222893, 280.6709033136632, 264.0300736266062)",22.69877334373067,4,85
60,8533.0,9796.0,"(224.742060236728, 355.4619711707489, 270.5783429040197)",0.8710698244181299,290.226307392,272.77638431941193,0.7771446713508274,18.215383826780503,13.863275835420522,8.454407600238932,0.6098419811166139,0.7610751421575068,0.46413557247194254,0.3532420467994395,0.2830493570229832,20231108_P021N_A010,P021N_A010,20231108,40x,0.324,0.324,0.324,85,0.5984043910687387,"(203.76198146222893, 280.6709033136632, 264.0300736266062)",25.25693234758457,3,85
61,4900.0,6060.0,"(230.19102040816327, 284.02142857142854, 174.7126530612245)",0.8085808580858086,166.6598976,194.5355581965131,0.7528455184183555,19.866538595796403,9.04877869125574,7.070549285751999,0.781381612590946,0.4554783737299052,0.3559024261653748,0.1621058582763326,0.27809561168213065,20231108_P021N_A010,P021N_A010,20231108,40x,0.324,0.324,0.324,85,0.6173903150110218,"(203.76198146222893, 280.6709033136632, 264.0300736266062)",30.198680211432205,7,85
62,5073.0,6876.0,"(227.86102897693672, 230.20559826532624, 297.8241671594717)",0.737783595113438,172.544012352,220.66760143041742,0.6792226272925093,15.823602297702323,11.44757622292107,7.929341580115708,0.692665541220776,0.7234494401179006,0.5011084979851329,0.3625266623056665,0.34710058896720214,20231108_P021N_A010,P021N_A010,20231108,40x,0.324,0.324,0.324,85,0.6092718779684206,"(203.76198146222893, 280.6709033136632, 264.0300736266062)",21.170745766555353,5,85
63,9642.0,10974.0,"(238.63856046463388, 335.745384774943, 313.5357809583074)",0.878622197922362,327.945863808,294.52976600951405,0.7808297838412829,21.299829033208564,13.926909385934767,8.141482136857505,0.5845864226760784,0.6538507592817446,0.3822322763325527,0.24992286410202919,0.22344779905258125,20231108_P021N_A010,P021N_A010,20231108,40x,0.324,0.324,0.324,85,0.6468242524900135,"(203.76198146222893, 280.6709033136632, 264.0300736266062)",26.521313509308694,5,85
64,10202.0,11272.0,"(239.4534405018624, 303.3639482454421, 177.92570084297196)",0.9050745209368346,346.992709248,295.5442563124014,0.8079946790561265,17.009407904391125,16.344463957388015,9.154186988171942,0.5600787527836953,0.960907284325197,0.5381837533456241,0.5171446888952853,0.3014252853422651,20231108_P021N_A010,P021N_A010,20231108,40x,0.324,0.324,0.324,85,0.6496635557556181,"(203.76198146222893, 280.6709033136632, 264.0300736266062)",31.081746653559655,7,85
65,8068.0,8832.0,"(238.79400099157164, 263.02751611303916, 197.13423401090728)",0.9134963768115942,274.410623232,240.83657999763975,0.8479344624006907,18.068001120407622,10.779833531269718,10.131970147548907,0.9399004277903259,0.5966256842376441,0.5607687358456576,0.33456903072299415,0.5270667747127739,20231108_P021N_A010,P021N_A010,20231108,40x,0.324,0.324,0.324,85,0.64736585711349,"(203.76198146222893, 280.6709033136632, 264.0300736266062)",25.125327549791347,5,85
66,15993.0,19751.0,"(259.9817420121303, 238.46314012380415, 274.73876070780966)",0.8097311528530201,543.957498432,445.27343789487907,0.7237145671575715,31.495960682266883,12.830074214031702,10.717239093970866,0.8353216758676174,0.40735617952607484,0.34027344655675085,0.13861249118352803,0.28423778563103524,20231108_P021N_A010,P021N_A010,20231108,40x,0.324,0.324,0.324,85,0.721190738718224,"(203.76198146222893, 280.6709033136632, 264.0300736266062)",23.040097060053427,5,85
67,12067.0,13287.0,"(248.04019225988233, 332.55075826634624, 241.31963205436313)",0.9081809287273275,410.425507008,318.6596820764594,0.8381335679815315,18.286160745354625,13.835677213017618,11.966230423967975,0.8648821622341166,0.7566201241303429,0.6543872489476966,0.4951225615281198,0.565967858808319,20231108_P021N_A010,P021N_A010,20231108,40x,0.324,0.324,0.324,85,0.6795825514281615,"(203.76198146222893, 280.6709033136632, 264.0300736266062)",23.291619411748133,3,85
68,12218.0,13397.0,"(248.4905876575544, 291.1219512195122, 331.8482566704862)",0.9119952228110771,415.561352832,328.0918340892491,0.8208153523198015,21.605649233262938,14.283751769445853,9.680420148853239,0.6777225133217781,0.6611118978760115,0.4480504170154612,0.29621146153723,0.3036538547145891,20231108_P021N_A010,P021N_A010,20231108,40x,0.324,0.324,0.324,85,0.6811518733712697,"(203.76198146222893, 280.6709033136632, 264.0300736266062)",26.538702476417836,6,85
69,12802.0,14965.0,"(250.17934697703484, 247.73004218090924, 215.56381815341354)",0.855462746408286,435.424491648,350.0237068616913,0.793710088251968,20.18724068096371,14.269533539010107,11.868871102305901,0.8317630754963878,0.7068590385641996,0.5879392478585784,0.41559017147547345,0.48902615700388424,20231108_P021N_A010,P021N_A010,20231108,40x,0.324,0.324,0.324,85,0.6870360521847904,"(203.76198146222893, 280.6709033136632, 264.0300736266062)",24.221356899918867,3,85
70,12386.0,13359.0,"(255.46835136444372, 262.6845632165348, 320.9360568383659)",0.9271652069765701,421.275406464,330.4530676688833,0.8224037352024826,22.79491972856163,13.339658926279022,9.887570914213033,0.741216171182203,0.5852031542609323,0.4337620413650363,0.25383891480548026,0.32151143950476857,20231108_P021N_A010,P021N_A010,20231108,40x,0.324,0.324,0.324,85,0.7054646389005008,"(203.76198146222893, 280.6709033136632, 264.0300736266062)",25.584407287473653,4,85
71,11167.0,12870.0,"(250.27446941882332, 284.2485000447748, 195.98101549207487)",0.8676767676767677,379.814505408,311.16599989924737,0.8150914771319132,18.636868650966267,14.756414494959982,10.425124378349517,0.7064808583352137,0.7917861509527194,0.5593817595430124,0.4429107303017214,0.3951925056190095,20231108_P021N_A010,P021N_A010,20231108,40x,0.324,0.324,0.324,85,0.6873674892641928,"(203.76198146222893, 280.6709033136632, 264.0300736266062)",26.731246972844836,6,85
72,9858.0,10795.0,"(261.6071211199026, 332.5711097585717, 294.8451004260499)",0.9132005558128763,335.292504192,278.9387932905422,0.8367411025407503,18.462307020109684,13.523408635735331,9.573687669458469,0.7079345102506327,0.7324874741279754,0.5185531612615113,0.3798336952935211,0.36710167825658535,20231108_P021N_A010,P021N_A010,20231108,40x,0.324,0.324,0.324,85,0.726854080557152,"(203.76198146222893, 280.6709033136632, 264.0300736266062)",27.08697646522734,6,85
73,6648.0,7697.0,"(260.6635078219013, 244.83288206979543, 293.85439229843564)",0.8637131349876576,226.113265152,232.70103208870438,0.7713234040757305,16.934092304203602,13.95166211805473,7.283723772213171,0.5220685328085293,0.8238801269904183,0.4301218891079925,0.35436887661965144,0.22455310357544256,20231108_P021N_A010,P021N_A010,20231108,40x,0.324,0.324,0.324,85,0.7235662293446039,"(203.76198146222893, 280.6709033136632, 264.0300736266062)",23.83468173195373,6,85
74,8310.0,9708.0,"(277.5806257521059, 258.77352587244286, 298.74705174488565)",0.8559950556242274,282.64158144,263.03671438129464,0.7918175494563854,19.185504881886903,12.200200856247129,8.972091864464534,0.735405258501983,0.6359072086638375,0.4676495051707039,0.2973816914661272,0.343911905238386,20231108_P021N_A010,P021N_A010,20231108,40x,0.324,0.324,0.324,85,0.7825108911223202,"(203.76198146222893, 280.6709033136632, 264.0300736266062)",27.365930646514013,8,85
75,11876.0,13144.0,"(277.18962613674637, 287.4479622768609, 238.37984169754125)",0.9035301278149727,403.929172224,314.5277295379448,0.840159993490083,19.31286094713688,12.80181946331496,11.898550917446824,0.9294421743365033,0.6628649943866977,0.6160946816743263,0.4083875977097266,0.5726243805325417,20231108_P021N_A010,P021N_A010,20231108,40x,0.324,0.324,0.324,85,0.7811485231245519,"(203.76198146222893, 280.6709033136632, 264.0300736266062)",25.295835841937365,6,85
76,7835.0,9049.0,"(276.2283343969368, 316.7188257817486, 253.3668155711551)",0.8658415294507681,266.48577504,246.54521713716616,0.8122758917150497,18.28759510106566,11.014141741860248,9.69804473515358,0.8805084374659242,0.602273928364612,0.5303072755907885,0.3193902461103991,0.4669400306072565,20231108_P021N_A010,P021N_A010,20231108,40x,0.324,0.324,0.324,85,0.7777990745537868,"(203.76198146222893, 280.6709033136632, 264.0300736266062)",26.450249737519027,5,85
77,6953.0,8648.0,"(281.4541924349202, 275.854595138789, 316.3920609808716)",0.8040009250693803,236.486993472,247.6758714145522,0.7466870136284957,20.007430172121452,11.740846316315116,7.835355883051407,0.6673586956132261,0.5868243055359966,0.39162230309664,0.22981348604709328,0.26135254936762115,20231108_P021N_A010,P021N_A010,20231108,40x,0.324,0.324,0.324,85,0.7960076391460633,"(203.76198146222893, 280.6709033136632, 264.0300736266062)",30.395714576960714,5,85
78,6107.0,7285.0,"(286.6929752742754, 296.66808580317667, 313.8043229081382)",0.8382978723404255,207.71265196800002,220.96863288980444,0.7675890949637721,16.606854387729747,12.207374551922879,7.5795380921732045,0.6208982988057241,0.735080483450406,0.45641022165964634,0.3354982463892798,0.2833843301860179,20231108_P021N_A010,P021N_A010,20231108,40x,0.324,0.324,0.324,85,0.8142612378894614,"(203.76198146222893, 280.6709033136632, 264.0300736266062)",31.763462693750334,8,85
79,11917.0,13045.0,"(298.30536208777374, 252.85046572123858, 265.5285726273391)",0.9135300881563817,405.323673408,325.1964171597928,0.8144661119014854,22.788873708890264,12.890138970112913,10.173778965179737,0.789268369314611,0.5656329985752778,0.4464362344160432,0.25251906594540213,0.3523579987405058,20231108_P021N_A010,P021N_A010,20231108,40x,0.324,0.324,0.324,85,0.8547225159852745,"(203.76198146222893, 280.6709033136632, 264.0300736266062)",31.93442531034416,7,85
80,9441.0,10312.0,"(290.9485224022879, 334.7365745154115, 275.27126363732657)",0.9155352986811481,321.109406784,264.6936101888515,0.8567274574785482,15.603875265313942,14.817632395794933,9.982005174245478,0.6736572286054452,0.9496123330806957,0.6397132125526924,0.6074795562747093,0.43094742987053286,20231108_P021N_A010,P021N_A010,20231108,40x,0.324,0.324,0.324,85,0.8290889282309682,"(203.76198146222893, 280.6709033136632, 264.0300736266062)",33.43792091516632,4,85
81,7677.0,8948.0,"(294.50384264686727, 313.1600885762668, 269.38869350006513)",0.8579570853822083,261.111843648,250.95699123690915,0.7872316382475147,16.9791940783305,13.20357902258896,8.442204647260633,0.6393875958039508,0.7776328465106523,0.4972087961486287,0.3866458914591928,0.31790913678204835,20231108_P021N_A010,P021N_A010,20231108,40x,0.324,0.324,0.324,85,0.8414768036476211,"(203.76198146222893, 280.6709033136632, 264.0300736266062)",31.276234269375617,8,85
82,8346.0,9118.0,"(299.9556673855739, 313.8811406661874, 299.6298825784807)",0.9153323097170432,283.866021504,253.52782475200348,0.8238865915271641,18.94656745084689,12.375779858166423,8.717965736029265,0.7044376868320367,0.6531937719205829,0.4601343097448284,0.30055686537229825,0.3241359487887027,20231108_P021N_A010,P021N_A010,20231108,40x,0.324,0.324,0.324,85,0.8604727086605363,"(203.76198146222893, 280.6709033136632, 264.0300736266062)",34.931184362519616,7,85
83,10671.0,11832.0,"(298.39462093524503, 279.5685502764502, 264.05622715771716)",0.9018762677484787,362.944442304,291.4949785064786,0.8441374092670613,17.37397744765992,13.785895802460702,11.064156842072792,0.8025707578681905,0.7934795497456748,0.6368234835922968,0.5053064110282878,0.5110959058549308,20231108_P021N_A010,P021N_A010,20231108,40x,0.324,0.324,0.324,85,0.8550335224224567,"(203.76198146222893, 280.6709033136632, 264.0300736266062)",30.663056539248835,7,85
84,8662.0,9700.0,"(309.5427153082429, 282.33560378665436, 299.8222119602863)",0.8929896907216495,294.613884288,262.14569357917384,0.8167896077583366,17.103066153626163,14.631547099941598,8.783964831334922,0.6003442268500768,0.8554926332223443,0.5135900634678047,0.4393725157929031,0.3083308295704611,20231108_P021N_A010,P021N_A010,20231108,40x,0.324,0.324,0.324,85,0.8938770568231461,"(203.76198146222893, 280.6709033136632, 264.0300736266062)",36.18575552704429,7,85
85,14912.0,16376.0,"(325.021392167382, 286.64759924892707, 273.7356491416309)",0.9106008793356131,507.190284288,366.7351069858761,0.8386464673878359,19.850535957701055,16.393423713507982,11.314756894119242,0.6902009666715331,0.8258428764059703,0.5699975516142001,0.47072841756943146,0.39341286112452795,20231108_P021N_A010,P021N_A010,20231108,40x,0.324,0.324,0.324,85,0.947809728806209,"(203.76198146222893, 280.6709033136632, 264.0300736266062)",39.46123649910443,5,85
1,12512.0,14329.0,"(67.52349744245524, 165.36405051150896, 150.28956202046035)",0.8731942215088283,425.560946688,354.2822154456481,0.7722820669047229,21.091960854004338,16.44702785331428,8.938372685887465,0.5434643125557954,0.779777089819119,0.4237810200653062,0.3304547305471021,0.23030986074398538,20231108_P021N_B010,P021N_B010,20231108,40x,0.324,0.324,0.324,16,0.06982450693488097,"(167.45518852901438, 194.17929952427727, 126.56329391886229)",34.56276322377935,1,16
2,13547.0,16108.0,"(76.56078836642799, 198.25990994316084, 183.8507418616668)",0.841010677924013,460.763598528,400.96360303336235,0.7195007984630247,22.90128028185245,18.28899048439761,8.147707063224097,0.4454979114443156,0.7986012248795655,0.35577517776071865,0.284122492741455,0.1584970986361303,20231108_P021N_B010,P021N_B010,20231108,40x,0.324,0.324,0.324,16,0.11327302099244227,"(167.45518852901438, 194.17929952427727, 126.56329391886229)",34.836095269129935,0,16
3,13922.0,16287.0,"(79.73581381985348, 244.624694727769, 163.5328975721879)",0.8547921655307914,473.518182528,388.6243884420926,0.7559826809526965,23.550134546675586,16.063124149915552,9.243917943391624,0.575474475395885,0.6820820542693279,0.39252081235758907,0.2677314020363298,0.2258857085734502,20231108_P021N_B010,P021N_B010,20231108,40x,0.324,0.324,0.324,16,0.12853756644160322,"(167.45518852901438, 194.17929952427727, 126.56329391886229)",34.90515952930906,0,16
4,19072.0,21342.0,"(101.18335780201342, 124.08058934563758, 167.86949454697987)",0.8936369599850061,648.681136128,462.81592180092656,0.7830028553681219,22.26865382416544,19.94505134216988,10.671770713397498,0.535058573192747,0.8956559071624689,0.47922837175800603,0.4292237220449098,0.256415248826322,20231108_P021N_B010,P021N_B010,20231108,40x,0.324,0.324,0.324,16,0.23165075866352608,"(167.45518852901438, 194.17929952427727, 126.56329391886229)",33.99991675935752,0,16
5,17614.0,21328.0,"(110.58328602248211, 183.50709662768253, 62.031565799931876)",0.8258627156789198,599.091313536,515.4321405884483,0.6667678383376273,27.627646304720727,19.316659487467355,8.549865626916363,0.44261615899288975,0.6991786153048704,0.30946775315620895,0.2163732351332676,0.13697542823416095,20231108_P021N_B010,P021N_B010,20231108,40x,0.324,0.324,0.324,16,0.2768427212619332,"(167.45518852901438, 194.17929952427727, 126.56329391886229)",28.082882266265766,0,16
6,13216.0,15259.0,"(120.83323244552058, 265.37651331719127, 98.22434927360774)",0.8661118028704371,449.505552384,391.0750265769397,0.7256280815082166,24.08458060103481,17.455930591687565,7.910272090199688,0.45315671076089886,0.7247761910762756,0.3284371947859378,0.2380434590447288,0.1488335188807322,20231108_P021N_B010,P021N_B010,20231108,40x,0.324,0.324,0.324,16,0.32612130983423354,"(167.45518852901438, 194.17929952427727, 126.56329391886229)",29.06217840555081,0,16
7,25019.0,27295.0,"(119.30261001638755, 125.67184939446021, 95.43722770694272)",0.9166147646089027,850.951832256,550.895489944143,0.7882879588327356,25.64540854543513,21.37355492380194,11.15926942074115,0.5221063814851878,0.8334261817640811,0.43513712799586085,0.3626546751293786,0.22718787134777593,20231108_P021N_B010,P021N_B010,20231108,40x,0.324,0.324,0.324,16,0.31876254815570937,"(167.45518852901438, 194.17929952427727, 126.56329391886229)",28.944596783873603,0,16
8,18349.0,20621.0,"(149.95885334350646, 144.73132050792958, 208.79802714044362)",0.8898210562048398,624.090298176,526.4591566456663,0.6708381124520233,27.802378569129935,22.852653817775412,7.168985692022477,0.31370473421543044,0.8219675795347094,0.2578551210716367,0.21194854973788266,0.08089037222186542,20231108_P021N_B010,P021N_B010,20231108,40x,0.324,0.324,0.324,16,0.4661483333822426,"(167.45518852901438, 194.17929952427727, 126.56329391886229)",31.602501802331584,0,16
9,20020.0,22394.0,"(174.22877122877122, 267.75384615384615, 105.40359640359641)",0.8939894614628918,680.92472448,490.0953434348495,0.7637237286098094,26.68532773032706,19.183773086126834,9.70061539127798,0.5056677509542267,0.7188884198834501,0.36351869046950197,0.26132937698972125,0.18381967863953871,20231108_P021N_B010,P021N_B010,20231108,40x,0.324,0.324,0.324,16,0.5828306309075539,"(167.45518852901438, 194.17929952427727, 126.56329391886229)",24.90130900411933,1,16
10,12384.0,13553.0,"(187.94484819121448, 267.3871124031008, 156.89147286821705)",0.9137460340883937,421.207382016,365.8648187655235,0.7427239987885644,22.295936923971105,18.403341888956255,7.299111195754843,0.39661879020652224,0.8254123588397045,0.3273740511845154,0.270218587811121,0.12984270012581056,20231108_P021N_B010,P021N_B010,20231108,40x,0.324,0.324,0.324,16,0.6487733086116081,"(167.45518852901438, 194.17929952427727, 126.56329391886229)",26.518580502782743,1,16
11,8118.0,9642.0,"(193.3309928553831, 112.89825080068982, 112.05814239960581)",0.8419415059116366,276.111234432,287.1133688589248,0.7142004089523406,21.719304108849485,13.168388783692873,7.426553495978633,0.5639682741730208,0.6062988352526194,0.3419333077505323,0.2073137662232232,0.1928395374543401,20231108_P021N_B010,P021N_B010,20231108,40x,0.324,0.324,0.324,16,0.6746682348816495,"(167.45518852901438, 194.17929952427727, 126.56329391886229)",28.03408113991585,1,16
12,9393.0,10960.0,"(194.8461620355584, 239.10358777813266, 200.62802086660278)",0.8570255474452555,319.476820032,338.9753881204267,0.6667180196421175,23.777336927661885,16.25028917696494,6.09818715841094,0.37526637784730765,0.6834360477964129,0.25647057014683927,0.17528123283724853,0.09624478188343821,20231108_P021N_B010,P021N_B010,20231108,40x,0.324,0.324,0.324,16,0.6819527020940307,"(167.45518852901438, 194.17929952427727, 126.56329391886229)",29.435967721331963,0,16
13,26757.0,35753.0,"(225.4887319206189, 201.44515453899913, 75.02623612512613)",0.7483847509299919,910.065077568,707.0233382855646,0.6423405524668092,46.11390269388665,18.466057403071325,9.43829899473878,0.5111160865972926,0.40044447171718955,0.20467361128361017,0.08196041614491469,0.1046119752290143,20231108_P021N_B010,P021N_B010,20231108,40x,0.324,0.324,0.324,16,0.8292727496183601,"(167.45518852901438, 194.17929952427727, 126.56329391886229)",25.25694433150766,0,16
14,35208.0,45484.0,"(229.1153715064758, 125.80055669166099, 110.09239377414224)",0.7740743997889368,1197.502382592,778.9167277566785,0.7001278462549463,40.31615008655754,22.686832350029057,10.474455015937483,0.4616975545254588,0.5627231841661746,0.2598079180043022,0.14619993889096533,0.11995268038893725,20231108_P021N_B010,P021N_B010,20231108,40x,0.324,0.324,0.324,16,0.8467085168580568,"(167.45518852901438, 194.17929952427727, 126.56329391886229)",30.305556431227913,1,16
15,51660.0,55676.0,"(233.33612078977933, 249.24864498644988, 121.67777777777778)",0.9278683813492349,1757.0714918400001,792.3718798662497,0.8886853580430458,36.84035990757541,22.052036911297147,16.251427361167078,0.7369581062528312,0.5985836448563747,0.4411310693472712,0.2640538433492798,0.3250951174754513,20231108_P021N_B010,P021N_B010,20231108,40x,0.324,0.324,0.324,16,0.8670005807200929,"(167.45518852901438, 194.17929952427727, 126.56329391886229)",27.865503758601736,0,16
16,1492.0,1772.0,"(252.3652815013405, 217.44101876675603, 184.84383378016085)",0.8419864559819413,50.746238208,84.41574421389132,0.7852294391034892,10.92093127907693,6.617279822788395,5.379901605377418,0.8130080258734518,0.6059263311606249,0.49262297032164304,0.2984932290524425,0.400506428601115,20231108_P021N_B010,P021N_B010,20231108,40x,0.324,0.324,0.324,16,0.9584869302949062,"(167.45518852901438, 194.17929952427727, 126.56329391886229)",34.20840547058357,0,16
1,12234.0,13690.0,"(80.59718816413275, 164.11933954552885, 193.44016674840609)",0.893644996347699,416.10554841600003,333.37163032800504,0.8085207249694764,19.616438289368674,14.88631638286935,10.402057252479759,0.6987663693921004,0.7588694829956536,0.5302724734753331,0.4024075977930525,0.37053657107892735,20231108_P021N_B006,P021N_B006,20231108,40x,0.324,0.324,0.324,24,0.0732172762367431,"(219.39003171957515, 260.0950396707287, 205.83279191788628)",54.8205372714844,1,24
2,8889.0,10594.0,"(91.37732028349646, 167.9823377207785, 219.07379907751152)",0.8390598451953937,302.334659136,286.67658916664607,0.7598896344044617,20.188714327052622,13.881399605817265,8.140923526469608,0.5864627312549953,0.6875821501528884,0.4032413057408452,0.2772615240317486,0.2364859975196067,20231108_P021N_B006,P021N_B006,20231108,40x,0.324,0.324,0.324,24,0.11565874127360809,"(219.39003171957515, 260.0950396707287, 205.83279191788628)",51.2773668225411,2,24
3,9903.0,11166.0,"(110.08542865798243, 205.26264768252045, 215.1428859941432)",0.8868887694787748,336.823054272,309.92295206881727,0.7553790298075186,18.99770035537981,17.75677715137861,7.318902318738324,0.4121751518501259,0.9346803465267947,0.38525201376100987,0.36008748572228616,0.15879130727251103,20231108_P021N_B006,P021N_B006,20231108,40x,0.324,0.324,0.324,24,0.18931271125189933,"(219.39003171957515, 260.0950396707287, 205.83279191788628)",39.73561852456799,2,24
4,3548.0,4303.0,"(129.12119503945885, 187.80129650507328, 204.04199549041715)",0.8245410178944922,120.675370752,153.64911510620828,0.7685990126974901,12.86786693136381,10.774481217992697,6.62635040310296,0.6150041258633758,0.8373168043672609,0.5149532893406026,0.43117904262908285,0.3166983975713874,20231108_P021N_B006,P021N_B006,20231108,40x,0.324,0.324,0.324,24,0.2642566733836963,"(219.39003171957515, 260.0950396707287, 205.83279191788628)",37.47498786058975,2,24
5,6670.0,8617.0,"(142.35157421289355, 281.3559220389805, 278.1604197901049)",0.7740512939538122,226.86153408,259.08925688823626,0.6942916818939159,17.34867412198445,14.234533931859051,7.225102937107535,0.5075756587250572,0.8204969343346463,0.416464271926798,0.34170765837584827,0.21138712715869584,20231108_P021N_B006,P021N_B006,20231108,40x,0.324,0.324,0.324,24,0.31634478036572267,"(219.39003171957515, 260.0950396707287, 205.83279191788628)",34.92328474204438,0,24
6,1086.0,1656.0,"(139.0709023941068, 276.316758747698, 148.76795580110496)",0.6557971014492754,36.937275264,83.13994277206746,0.6451355494321237,10.460312512972108,7.858612797204319,4.027236763528037,0.5124615332824026,0.7512789687171055,0.3850015722315901,0.28924358414061324,0.19729849602193633,20231108_P021N_B006,P021N_B006,20231108,40x,0.324,0.324,0.324,24,0.3034287495830977,"(219.39003171957515, 260.0950396707287, 205.83279191788628)",32.35250279226726,0,24
7,13417.0,14968.0,"(167.71387046284565, 206.47931728404262, 140.6783185510919)",0.8963789417423838,456.342009408,366.83429396311124,0.7814019582999783,21.243111728299695,17.887064968886484,8.822136751139702,0.4932132111380654,0.8420171770342691,0.41529399571848075,0.3496846779141571,0.20482848519466984,20231108_P021N_B006,P021N_B006,20231108,40x,0.324,0.324,0.324,24,0.4161963404049041,"(219.39003171957515, 260.0950396707287, 205.83279191788628)",32.0582843006549,0,24
8,16309.0,18289.0,"(190.60800784842723, 354.52897173339875, 204.38046477405115)",0.891738203291596,554.705361216,450.4005632578654,0.7248699705073991,27.555614377558495,17.853895860577552,8.113349651643832,0.4544302103586581,0.6479222570017492,0.29443544754536144,0.19077127971491073,0.13380036236508422,20231108_P021N_B006,P021N_B006,20231108,40x,0.324,0.324,0.324,24,0.5063307395607372,"(219.39003171957515, 260.0950396707287, 205.83279191788628)",31.98961733644213,0,24
9,6798.0,8304.0,"(194.35348631950575, 283.03957046190055, 304.9655781112092)",0.8186416184971098,231.21509875200002,248.38203267407187,0.73345714143796,20.834633301369248,12.074752438841221,7.196076091854214,0.595960548947271,0.5795519539116473,0.3453901005966488,0.20017150766252823,0.20583887395253198,20231108_P021N_B006,P021N_B006,20231108,40x,0.324,0.324,0.324,24,0.5210767177933298,"(219.39003171957515, 260.0950396707287, 205.83279191788628)",33.951411643192245,1,24
10,13164.0,14935.0,"(206.95480097234883, 167.40382862351868, 232.66309632330598)",0.881419484432541,447.736916736,434.61666616865693,0.6512179325650594,26.469595032491526,20.432840392988922,6.007568524093582,0.29401534042985755,0.7719362675517905,0.22696110449439325,0.17519950788283384,0.0667300464022555,20231108_P021N_B006,P021N_B006,20231108,40x,0.324,0.324,0.324,24,0.570688192804523,"(219.39003171957515, 260.0950396707287, 205.83279191788628)",31.52331988419198,0,24
11,12252.0,14476.0,"(208.61598106431603, 251.87920339536402, 112.32272282076396)",0.846366399557889,416.717768448,405.55734563639083,0.6652627372333642,21.96598388907073,21.825457296543963,6.549648079193867,0.30009213507892896,0.9936025359375462,0.2981723064293365,0.29626475981453587,0.08947916405778825,20231108_P021N_B006,P021N_B006,20231108,40x,0.324,0.324,0.324,24,0.5772282719067561,"(219.39003171957515, 260.0950396707287, 205.83279191788628)",30.613650815290892,0,24
12,10849.0,12620.0,"(214.10858143607706, 320.4686146188589, 284.51590008295693)",0.8596671949286846,368.998618176,380.29547756120803,0.6542033898887077,26.156722830693933,17.375562117598403,5.995644322249109,0.3450618910438915,0.6642866627469414,0.22922001204269538,0.15226779683465583,0.07909509082055606,20231108_P021N_B006,P021N_B006,20231108,40x,0.324,0.324,0.324,24,0.598852682819201,"(219.39003171957515, 260.0950396707287, 205.83279191788628)",32.178752514827536,1,24
13,6775.0,7373.0,"(229.10317343173432, 175.59261992619926, 168.2680442804428)",0.9188932591889326,230.4328176,215.5378543215588,0.843315577918765,15.965526774974862,12.48086156740878,8.394426247790719,0.6725838759169517,0.7817381626876155,0.5257844834126331,0.4110257960326488,0.353634165750661,20231108_P021N_B006,P021N_B006,20231108,40x,0.324,0.324,0.324,24,0.6578865095737572,"(219.39003171957515, 260.0950396707287, 205.83279191788628)",30.126972929104767,0,24
14,14766.0,16324.0,"(239.65447650006772, 353.02052011377486, 171.67370987403496)",0.9045577064444988,502.224499584,420.4763582029425,0.7266765386678323,22.72965663659119,20.916379537019576,7.7113669986133395,0.368675993135672,0.9202241754654348,0.33926456179717407,0.31219945164444657,0.1250786992563117,20231108_P021N_B006,P021N_B006,20231108,40x,0.324,0.324,0.324,24,0.6994270728349122,"(219.39003171957515, 260.0950396707287, 205.83279191788628)",32.742657600721685,1,24
15,6039.0,7238.0,"(256.7598940221891, 180.00049677098858, 235.79135618479881)",0.8343465045592705,205.399820736,238.99539891131278,0.7044139660131995,19.335211300811725,13.370935284640053,5.833326515136591,0.4362691457969781,0.691532928015052,0.30169447979560987,0.208631666979036,0.13161999299209443,20231108_P021N_B006,P021N_B006,20231108,40x,0.324,0.324,0.324,24,0.7667712363078312,"(219.39003171957515, 260.0950396707287, 205.83279191788628)",30.236609738926962,2,24
16,24560.0,26454.0,"(269.88245114006514, 322.59849348534203, 150.98631921824105)",0.9284040220760565,835.34022144,529.7810853616754,0.8096486656660792,27.17554090052565,19.168671412538373,11.481824895705895,0.598989082164325,0.7053648530016048,0.42250584589040524,0.2980207738788043,0.2530763888389556,20231108_P021N_B006,P021N_B006,20231108,40x,0.324,0.324,0.324,24,0.8184348470081305,"(219.39003171957515, 260.0950396707287, 205.83279191788628)",31.520224268131717,2,24
17,7199.0,9289.0,"(272.6173079594388, 206.6228642867065, 262.34199194332547)",0.7750026913553666,244.854000576,278.8179244760113,0.6788412700204702,23.142419252557982,13.590468782413001,6.0689856806623625,0.44656190877801405,0.5872535897866779,0.26224508399187973,0.1540043669781402,0.11710866527506444,20231108_P021N_B006,P021N_B006,20231108,40x,0.324,0.324,0.324,24,0.8292019998403103,"(219.39003171957515, 260.0950396707287, 205.83279191788628)",30.541543678138893,1,24
18,21994.0,24633.0,"(283.12535236882786, 258.6810948440484, 268.4560789306174)",0.8928672918442739,748.064854656,515.0669079374891,0.7737131482502919,26.000939355810463,20.794833473961095,10.075773195797126,0.48453252623608756,0.7997723924275854,0.3875157377168175,0.3099243886571199,0.18776397935217068,20231108_P021N_B006,P021N_B006,20231108,40x,0.324,0.324,0.324,24,0.8705722534205821,"(219.39003171957515, 260.0950396707287, 205.83279191788628)",28.95383070908082,0,24
19,4472.0,6912.0,"(281.020572450805, 196.53868515205724, 188.34995527728086)",0.6469907407407407,152.102665728,229.7206824711414,0.5998489601164192,18.133923563790276,12.594707076802928,5.802474671407429,0.4607073936713059,0.6945384451686988,0.3199789968781925,0.2222377149784197,0.147416689681311,20231108_P021N_B006,P021N_B006,20231108,40x,0.324,0.324,0.324,24,0.862285718310256,"(219.39003171957515, 260.0950396707287, 205.83279191788628)",29.23798570679376,0,24
20,10522.0,11418.0,"(290.54381296331496, 315.6198441360958, 237.21877969967687)",0.9215274128568927,357.876620928,291.51690455187634,0.8361982726341732,17.85376391060504,15.025113935485397,9.619476428554993,0.6402265214000341,0.8415656222809443,0.5387926308827841,0.45342935568925735,0.3449493318260575,20231108_P021N_B006,P021N_B006,20231108,40x,0.324,0.324,0.324,24,0.8997787911941534,"(219.39003171957515, 260.0950396707287, 205.83279191788628)",30.960136522253553,0,24
21,16392.0,20879.0,"(295.3146046852123, 304.3471815519766, 177.84193509028793)",0.7850950716030461,557.528375808,484.8962633541537,0.6755849056757566,26.363770445711904,18.093852924066766,8.930096898744893,0.49354313513109777,0.6863150686782645,0.3387260906831854,0.23247282019035043,0.16717593674647985,20231108_P021N_B006,P021N_B006,20231108,40x,0.324,0.324,0.324,24,0.9185614357685523,"(219.39003171957515, 260.0950396707287, 205.83279191788628)",29.882358415910975,2,24
22,1127.0,2445.0,"(302.3868677905945, 228.55190771960957, 208.9449866903283)",0.46094069529652354,38.331776448,109.3437068688335,0.5028011890739782,13.881871912851052,8.070495996783174,4.509506857757652,0.558764524454891,0.5813694325555594,0.32484861451451696,0.18885705468676436,0.18151388160903426,20231108_P021N_B006,P021N_B006,20231108,40x,0.324,0.324,0.324,24,0.9464049913015531,"(219.39003171957515, 260.0950396707287, 205.83279191788628)",28.78522513829233,2,24
23,5081.0,8584.0,"(307.10037394213737, 235.67742570360164, 216.09702814406612)",0.5919151910531221,172.816110144,252.27172591697507,0.5947553578578239,17.04833405816429,12.656827083300072,7.992547547221291,0.63148113619779,0.7424084394474212,0.46881692486508575,0.34805364157562724,0.2960490443825583,20231108_P021N_B006,P021N_B006,20231108,40x,0.324,0.324,0.324,24,0.964962102134399,"(219.39003171957515, 260.0950396707287, 205.83279191788628)",29.68568300477374,1,24
24,1140.0,1541.0,"(308.69649122807016, 278.86052631578946, 190.390350877193)",0.7397793640493187,38.77393536,71.57338893691178,0.774032384360003,8.404027340416706,6.592724996888738,5.361573916399393,0.8132561147218555,0.7844721024624659,0.6379767341563104,0.5004749499657384,0.5188384801028991,20231108_P021N_B006,P021N_B006,20231108,40x,0.324,0.324,0.324,24,0.9712460284569693,"(219.39003171957515, 260.0950396707287, 205.83279191788628)",29.98751922382488,1,24
1,1363.0,1709.0,"(11.89435069699193, 206.93543653705063, 268.9244314013206)",0.7975424224692803,46.358661312,82.75067146624264,0.7541652586208222,7.654338294611907,7.57986817540197,6.300414799233274,0.831203743051792,0.9902708612627744,0.8231168465167399,0.815108628520031,0.6841778037937015,20231108_P021N_A011,P021N_A011,20231108,40x,0.324,0.324,0.324,33,0.026671270122135427,"(134.87737624344618, 186.73645131138306, 224.02619361548034)",42.92073789853748,1,33
2,12741.0,14771.0,"(32.46880150694608, 113.69884624440782, 228.23459697041048)",0.8625685464762034,433.349745984,391.1516359393692,0.7079968700514107,25.216624161503656,16.252275226501226,7.65194687802075,0.47082311684848654,0.6445063828691378,0.3034485040111915,0.19557449770730406,0.14287057046155965,20231108_P021N_A011,P021N_A011,20231108,40x,0.324,0.324,0.324,33,0.11976833261061574,"(134.87737624344618, 186.73645131138306, 224.02619361548034)",40.777325794404845,2,33
3,1456.0,1759.0,"(21.56936813186813, 221.57554945054946, 240.93406593406593)",0.8277430358158044,49.521798144,85.39802392482422,0.7636609325316904,11.712381106003583,6.46350711138238,4.947573672237344,0.7654627104106619,0.5518525270723378,0.4224225311197648,0.23311494129073548,0.32334869560946733,20231108_P021N_A011,P021N_A011,20231108,40x,0.324,0.324,0.324,33,0.0704496295559644,"(134.87737624344618, 186.73645131138306, 224.02619361548034)",38.79667458123817,2,33
4,2927.0,3436.0,"(47.49128800819952, 222.96720191322174, 215.97437649470447)",0.8518626309662398,99.553779648,139.17492681982787,0.7463828036723716,15.375491867330945,8.01182653538536,5.946619016381709,0.7422301256920165,0.5210777388142279,0.3867595955753962,0.20153181552713273,0.2870646232365198,20231108_P021N_A011,P021N_A011,20231108,40x,0.324,0.324,0.324,33,0.1877433846524865,"(134.87737624344618, 186.73645131138306, 224.02619361548034)",30.760941987924546,3,33
5,7510.0,9065.0,"(55.43848202396804, 103.4699067909454, 256.9942743009321)",0.8284611141753999,255.43180224,280.4660301587935,0.694150811255825,19.06401220758482,16.003190288839832,6.39956009199803,0.39989276990981604,0.8394450294399619,0.33568799800977345,0.2817916213719561,0.13423920334960912,20231108_P021N_A011,P021N_A011,20231108,40x,0.324,0.324,0.324,33,0.22370353856999114,"(134.87737624344618, 186.73645131138306, 224.02619361548034)",38.786399420552755,3,33
6,9168.0,12359.0,"(58.487892670157066, 169.87423647469458, 177.3031195462478)",0.74180758961081,311.82406963200003,329.7565721818333,0.6743682080402341,18.30076262530615,12.332540235575372,11.225339784952334,0.9102212172453227,0.6738812194920245,0.6133809838847931,0.4133459254335022,0.55831238578675,20231108_P021N_A011,P021N_A011,20231108,40x,0.324,0.324,0.324,33,0.23750177678804102,"(134.87737624344618, 186.73645131138306, 224.02619361548034)",29.52266441453301,1,33
7,2739.0,4308.0,"(60.951077035414386, 217.34465133260315, 191.46403797006207)",0.6357938718662952,93.159481536,152.5031456230668,0.6516634519532841,13.117036924767175,9.390827512902995,7.486323684657117,0.7971953136580254,0.7159259798355473,0.5707328360509283,0.4086024648740816,0.45498554225055415,20231108_P021N_A011,P021N_A011,20231108,40x,0.324,0.324,0.324,33,0.2486474074000651,"(134.87737624344618, 186.73645131138306, 224.02619361548034)",27.98852504637683,2,33
8,3770.0,4465.0,"(69.84350132625995, 244.03103448275863, 236.84588859416445)",0.8443449048152296,128.22608448,168.8509751174152,0.7282795893694479,18.735381670320027,8.928706971105123,5.604008110185859,0.6276393802956488,0.4765692596083957,0.29911363476856967,0.1425483634604333,0.1877354963641241,20231108_P021N_A011,P021N_A011,20231108,40x,0.324,0.324,0.324,33,0.28888462138579163,"(134.87737624344618, 186.73645131138306, 224.02619361548034)",28.387316397859035,2,33
9,14208.0,16626.0,"(80.85114020270271, 107.78807713963964, 226.6981278153153)",0.8545651389390112,483.245678592,424.51443794407817,0.7015150271070013,23.741726771907373,19.15130871474427,7.694885674047234,0.4017942475191302,0.806651887570589,0.3241080881763108,0.26144240110431605,0.1302247654036647,20231108_P021N_A011,P021N_A011,20231108,40x,0.324,0.324,0.324,33,0.3386929420936774,"(134.87737624344618, 186.73645131138306, 224.02619361548034)",31.007357257150424,4,33
10,12251.0,13458.0,"(102.60672598155253, 241.82866704758794, 267.61725573422575)",0.9103135681379105,416.68375622400004,374.69275662177415,0.7200232835572534,28.978643881336264,14.285788305840462,7.207143225028856,0.5044974117446748,0.49297642651391443,0.2487053312274087,0.1226058654434474,0.12547119589132974,20231108_P021N_A011,P021N_A011,20231108,40x,0.324,0.324,0.324,33,0.4371345067038576,"(134.87737624344618, 186.73645131138306, 224.02619361548034)",25.048213060022682,0,33
11,10968.0,12499.0,"(95.43198395331875, 176.62253829321662, 152.13949671772428)",0.8775102008160652,373.046072832,352.4024874691434,0.7111373256372829,22.576781181888403,17.974355706429392,6.725248387752733,0.3741579669165624,0.7961434166199396,0.2978834021365223,0.2371579095313423,0.11145544812158997,20231108_P021N_A011,P021N_A011,20231108,40x,0.324,0.324,0.324,33,0.40466961064850115,"(134.87737624344618, 186.73645131138306, 224.02619361548034)",26.768611371850053,1,33
12,8364.0,9822.0,"(90.80667144906744, 214.68962219033955, 169.72106647537063)",0.851557727550397,284.478241536,267.0885043823816,0.7831800777017915,18.173887435688933,12.07752130500341,9.988394695684486,0.8270235624876561,0.6645535440747918,0.5496014394845319,0.3652395844380529,0.45453334043084154,20231108_P021N_A011,P021N_A011,20231108,40x,0.324,0.324,0.324,33,0.3837405947921603,"(134.87737624344618, 186.73645131138306, 224.02619361548034)",24.402714727966377,3,33
13,10333.0,13145.0,"(95.90273879802574, 104.05148553179134, 265.4346269234491)",0.7860783567896539,351.448310592,349.7869582418525,0.6885278078786119,24.09189068130243,15.93644290703774,6.844479394051727,0.4294860172986982,0.661485772032243,0.2840988897298827,0.1879273734064745,0.12201650066906934,20231108_P021N_A011,P021N_A011,20231108,40x,0.324,0.324,0.324,33,0.4067997230679898,"(134.87737624344618, 186.73645131138306, 224.02619361548034)",32.51398403259357,3,33
14,13359.0,14726.0,"(113.56591062205256, 125.89782169324052, 178.1693989071038)",0.9071709900855629,454.369300416,374.92812816889136,0.7623283796750718,23.929925787582842,16.267038420892533,8.422361543203714,0.51775629498646,0.6797780555313483,0.351959367445011,0.23925425442781287,0.182229178074107,20231108_P021N_A011,P021N_A011,20231108,40x,0.324,0.324,0.324,33,0.48672357747535094,"(134.87737624344618, 186.73645131138306, 224.02619361548034)",25.631580494821502,0,33
15,15757.0,17974.0,"(122.15110744431047, 108.0763470203719, 225.59243510820588)",0.8766551685768332,535.930613568,441.6522578286815,0.722452635842085,28.43591716020744,16.82587082267131,8.144899599629342,0.4840700184536566,0.5917119088466414,0.286429994634642,0.16948403887619726,0.13865217278847192,20231108_P021N_A011,P021N_A011,20231108,40x,0.324,0.324,0.324,33,0.5255706219199568,"(134.87737624344618, 186.73645131138306, 224.02619361548034)",25.82225735941179,3,33
16,9256.0,10685.0,"(111.33913137424373, 243.06763180639584, 195.06957649092482)",0.8662611137108095,314.817145344,292.3166881024884,0.7656014829286447,22.055657060898017,12.834238812208314,8.222081693643267,0.6406364891560359,0.5819023562422835,0.3727878825346814,0.2169261472255027,0.23882152026693101,20231108_P021N_A011,P021N_A011,20231108,40x,0.324,0.324,0.324,33,0.476647653277121,"(134.87737624344618, 186.73645131138306, 224.02619361548034)",21.892755863872406,2,33
17,13163.0,14897.0,"(139.1735166755299, 341.7205044442756, 450.83332067157943)",0.8836007249781835,447.70290451200003,345.7000613018675,0.8186745238315326,22.236008902280922,12.751745334494181,11.703796567430242,0.917819189485444,0.5734727572080678,0.5263443012126916,0.301844117657196,0.483088899929315,20231108_P021N_A011,P021N_A011,20231108,40x,0.324,0.324,0.324,33,0.6025950980793208,"(134.87737624344618, 186.73645131138306, 224.02619361548034)",89.01453283390694,0,33
18,10219.0,11054.0,"(140.11370975633625, 237.8903023779235, 170.8994030727077)",0.9244617333092093,347.570917056,292.0769838267045,0.8184944567591638,20.34116932785114,13.992260109153047,8.744039451744634,0.6249197330190219,0.6878788472595249,0.4298690655788549,0.2956978373029118,0.26863366169467445,20231108_P021N_A011,P021N_A011,20231108,40x,0.324,0.324,0.324,33,0.6068493654132862,"(134.87737624344618, 186.73645131138306, 224.02619361548034)",23.955394248582927,3,33
19,11204.0,12668.0,"(148.67966797572296, 199.29444841128168, 294.41520885398074)",0.8844332175560468,381.072957696,341.2010613959181,0.744982100491365,22.117855255184004,15.791376121745094,7.818743801118811,0.4951274506312479,0.713965072090066,0.3535037059837095,0.2523892989267647,0.1750293887324123,20231108_P021N_A011,P021N_A011,20231108,40x,0.324,0.324,0.324,33,0.6456093573562125,"(134.87737624344618, 186.73645131138306, 224.02619361548034)",23.593830418967155,1,33
20,12437.0,13886.0,"(149.91565490069954, 117.90102114657876, 246.70370668167564)",0.8956502952614144,423.010029888,352.09740138499717,0.7739657598350949,22.101609497000506,16.261201415597384,8.426114991424164,0.5181729674255201,0.7357473860808306,0.38124440632107376,0.2804995754086681,0.1975505453377715,20231108_P021N_A011,P021N_A011,20231108,40x,0.324,0.324,0.324,33,0.6512020583742061,"(134.87737624344618, 186.73645131138306, 224.02619361548034)",23.981988588722732,1,33
21,14543.0,16254.0,"(153.73629925049852, 167.01945953379632, 153.43498590387128)",0.8947336040359296,494.639773632,397.9448145271808,0.7600706530146263,26.155560384823236,15.543840599626977,9.040651802877676,0.5816227813796955,0.5942843651954898,0.34564932541546745,0.20541398993478036,0.20103752203015965,20231108_P021N_A011,P021N_A011,20231108,40x,0.324,0.324,0.324,33,0.6684900418574593,"(134.87737624344618, 186.73645131138306, 224.02619361548034)",24.52048043240533,1,33
22,13839.0,15221.0,"(163.28145097189102, 217.85511958956573, 153.34460582412024)",0.9092043886735431,470.695167936,380.98867818539026,0.7680660127473833,25.427792108223564,15.290008927798258,8.71473002328046,0.56996238945528,0.6013109145584582,0.3427246056672786,0.20608404607547828,0.19534013517124074,20231108_P021N_A011,P021N_A011,20231108,40x,0.324,0.324,0.324,33,0.7116807736284662,"(134.87737624344618, 186.73645131138306, 224.02619361548034)",26.66079006481257,2,33
23,8771.0,9729.0,"(157.3908334283434, 159.95177288792613, 300.13145593432904)",0.9015315037516702,298.321216704,276.75822314820596,0.7801408489187109,18.685888679016355,15.42828349315756,7.482198505992598,0.48496636124886816,0.8256649580965887,0.4004197303388018,0.3306125398712342,0.19419009959466174,20231108_P021N_A011,P021N_A011,20231108,40x,0.324,0.324,0.324,33,0.6850263956033638,"(134.87737624344618, 186.73645131138306, 224.02619361548034)",27.13930006831413,2,33
24,9903.0,11003.0,"(164.76794910633143, 249.29657679491064, 245.26678784206806)",0.9000272652912842,336.823054272,311.2539815534543,0.7521487682836907,20.432707331287,16.456050074464713,7.319492470514585,0.4447903620488148,0.8053778585311041,0.3582243092821489,0.288505927083441,0.15933472022029363,20231108_P021N_A011,P021N_A011,20231108,40x,0.324,0.324,0.324,33,0.7184070095309114,"(134.87737624344618, 186.73645131138306, 224.02619361548034)",23.494755592113385,1,33
25,8629.0,9566.0,"(164.33746668211845, 250.07509560783404, 186.71340827442344)",0.9020489232699143,293.491480896,277.8990257256213,0.7685298966410383,21.508890065276727,13.00285882877876,7.628130174883261,0.586650234023936,0.6045341618891885,0.35465010754775644,0.21439810553029348,0.20805556858950539,20231108_P021N_A011,P021N_A011,20231108,40x,0.324,0.324,0.324,33,0.7164591252584545,"(134.87737624344618, 186.73645131138306, 224.02619361548034)",25.659336926216653,2,33
26,8684.0,9920.0,"(160.86365730078305, 143.82715338553663, 170.5688622754491)",0.8754032258064516,295.362153216,280.0839883797239,0.7657712771447478,18.538419502855866,15.19770912200689,7.55767627234284,0.49729049369677847,0.8197952969866532,0.4076764079687899,0.33421120194522613,0.20273360218732878,20231108_P021N_A011,P021N_A011,20231108,40x,0.324,0.324,0.324,33,0.700740530772774,"(134.87737624344618, 186.73645131138306, 224.02619361548034)",23.752052897675114,3,33
27,10620.0,11457.0,"(175.0193032015066, 253.3394538606403, 214.37495291902073)",0.9269442262372348,361.20981888,310.986375708016,0.788707177432071,22.920769872347464,14.15715213552403,7.9139798748939025,0.5590093119813017,0.6176560479586589,0.34527548241045974,0.213261489922664,0.19301220986628312,20231108_P021N_A011,P021N_A011,20231108,40x,0.324,0.324,0.324,33,0.7647932271561385,"(134.87737624344618, 186.73645131138306, 224.02619361548034)",25.38903506411753,3,33
28,11458.0,13135.0,"(185.27919357654042, 172.55594344562752, 272.0308954442311)",0.8723258469737343,389.712062592,341.9905747000978,0.7544536312248583,18.37712594493873,17.469877762565908,8.787871241538403,0.5030299216156435,0.9506316610610873,0.47819616994890773,0.4545884193515802,0.24054698188630003,20231108_P021N_A011,P021N_A011,20231108,40x,0.324,0.324,0.324,33,0.8112180704820834,"(134.87737624344618, 186.73645131138306, 224.02619361548034)",23.01513512781642,2,33
29,13531.0,16673.0,"(195.68028970512157, 164.79713251053138, 194.19037765131918)",0.8115516103880526,460.219402944,445.91378355802436,0.6464622617133625,24.328572106120184,18.77894896349665,8.05870583377497,0.4291350836215509,0.7718886616766362,0.3312445053751302,0.25568387794174857,0.14214863851333578,20231108_P021N_A011,P021N_A011,20231108,40x,0.324,0.324,0.324,33,0.8582818538693283,"(134.87737624344618, 186.73645131138306, 224.02619361548034)",23.06667003197152,0,33
30,12145.0,14259.0,"(199.02536023054756, 209.48011527377523, 253.9048167970358)",0.8517427589592538,413.07846048,370.26740207904635,0.7244198556321777,21.8406121878434,16.991118249299262,8.12659576370694,0.47828492771757924,0.7779597981578835,0.37208644582912587,0.289468296294511,0.17796333884807444,20231108_P021N_A011,P021N_A011,20231108,40x,0.324,0.324,0.324,33,0.8734179195952378,"(134.87737624344618, 186.73645131138306, 224.02619361548034)",24.082966473378818,1,33
31,9571.0,10604.0,"(201.45324417511233, 209.42754153171038, 173.4431093929579)",0.9025839305922293,325.530995904,281.3498237630066,0.8133903985858247,19.9763989263999,13.659132630714602,8.600484419531778,0.6296508462178853,0.6837635091809923,0.43053227216872253,0.29438225723375183,0.271085009495145,20231108_P021N_A011,P021N_A011,20231108,40x,0.324,0.324,0.324,33,0.8844038197968884,"(134.87737624344618, 186.73645131138306, 224.02619361548034)",28.070220471609304,3,33
32,9732.0,11091.0,"(205.29675297986026, 232.20992601726263, 210.9865392519523)",0.8774682174736272,331.006963968,301.7305078593013,0.7669310505929672,21.789897106012646,13.947458305494074,7.9944259069757,0.5731815598134177,0.6400883050358898,0.366886813098798,0.23483995833642887,0.21029275580694287,20231108_P021N_A011,P021N_A011,20231108,40x,0.324,0.324,0.324,33,0.9017952623523089,"(134.87737624344618, 186.73645131138306, 224.02619361548034)",27.486121572768855,3,33
33,8475.0,9696.0,"(215.9646017699115, 210.53191740412979, 201.45156342182892)",0.8740717821782178,288.2535984,263.30842027481515,0.8014366554600203,17.39704580416074,11.952837728576316,10.231687609196108,0.8560048953676198,0.6870613472614777,0.5881278766736971,0.40407993130946257,0.5034403415348485,20231108_P021N_A011,P021N_A011,20231108,40x,0.324,0.324,0.324,33,0.9500660713570656,"(134.87737624344618, 186.73645131138306, 224.02619361548034)",28.34023439943772,2,33
1,3144.0,4501.0,"(47.00095419847328, 91.84319338422392, 68.04834605597965)",0.6985114419017996,106.93443225600001,168.63509427307667,0.6460724320480454,11.476691997619476,10.263571835817869,8.007722170658905,0.7802081281989485,0.8942970533623072,0.6977378300576409,0.6239848854399586,0.5443807263628679,20231108_P021N_B011,P021N_B011,20231108,40x,0.324,0.324,0.324,27,0.06250662637828669,"(112.45282971995586, 97.63374583447194, 93.62234674937983)",22.844890582844936,1,27
2,4329.0,6865.0,"(55.57126357126357, 106.58350658350659, 108.56202356202357)",0.6305899490167517,147.23891769600002,212.42051129922507,0.6347987831547953,16.505639009517107,10.428152550150298,7.567981647903502,0.7257260201659044,0.6317933249441269,0.45850885527908514,0.2896828341930987,0.3327518067525151,20231108_P021N_B011,P021N_B011,20231108,40x,0.324,0.324,0.324,27,0.12202266368933036,"(112.45282971995586, 97.63374583447194, 93.62234674937983)",19.274064572729444,1,27
3,24607.0,31105.0,"(74.5697972121754, 144.9843946844394, 74.40114601536148)",0.7910946793120077,836.938795968,640.6308518897673,0.6704073101618373,34.85502751596432,18.765753388607873,9.730376100579317,0.5185177434169169,0.5383944505570328,0.27916707557102355,0.1503020042656749,0.14475308206138707,20231108_P021N_B011,P021N_B011,20231108,40x,0.324,0.324,0.324,27,0.25395692508455137,"(112.45282971995586, 97.63374583447194, 93.62234674937983)",20.61073649806387,0,27
4,2044.0,3582.0,"(49.595401174168295, 145.68884540117418, 105.12573385518591)",0.5706309324399776,69.520985856,130.87105006065502,0.6247666211599711,15.533232554318205,8.455463351956618,6.214584371054886,0.7349785709397951,0.544346665923444,0.40008313461625505,0.21778392042055889,0.2940525305373689,20231108_P021N_B011,P021N_B011,20231108,40x,0.324,0.324,0.324,27,0.08052361926505763,"(112.45282971995586, 97.63374583447194, 93.62234674937983)",25.905166341588437,1,27
5,6980.0,8591.0,"(65.25816618911175, 67.47020057306591, 123.75702005730659)",0.8124781748341288,237.40532352,248.8123362602978,0.7451994359873431,18.562778609174035,11.03698617592223,8.73226900018993,0.7911823808604416,0.5945761897126526,0.470418205379786,0.2796994641261772,0.37218659573247526,20231108_P021N_B011,P021N_B011,20231108,40x,0.324,0.324,0.324,27,0.18929282075772047,"(112.45282971995586, 97.63374583447194, 93.62234674937983)",20.60720046797651,2,27
6,11158.0,12331.0,"(73.30883670908764, 142.83339308119736, 128.80050188205772)",0.9048738950612278,379.508395392,307.11926515534475,0.8253876941993282,20.555867768637665,13.141041968930308,10.082651574625858,0.7672642396595736,0.6392842236988776,0.49049992382268004,0.3135688630253406,0.37634305110488736,20231108_P021N_B011,P021N_B011,20231108,40x,0.324,0.324,0.324,27,0.2452002549242198,"(112.45282971995586, 97.63374583447194, 93.62234674937983)",22.477201739621645,1,27
7,11052.0,12144.0,"(75.88671733622874, 50.68666304741223, 97.04297864639884)",0.9100790513833992,375.903099648,300.673230540026,0.8377349451214797,17.896835494995422,15.179635396451474,10.007224325318148,0.6592532734783291,0.8481742708478395,0.559161664536533,0.4742665371043381,0.36862915774930083,20231108_P021N_B011,P021N_B011,20231108,40x,0.324,0.324,0.324,27,0.26310220372381066,"(112.45282971995586, 97.63374583447194, 93.62234674937983)",19.312166370608587,0,27
8,1925.0,2495.0,"(65.88675324675324, 101.25558441558442, 123.84571428571428)",0.7715430861723447,65.4735312,103.05551308896881,0.7622955846091707,9.887664339873428,8.4973326868314,6.300705546151698,0.7414921574055952,0.8593872521101555,0.6372289076140254,0.5476263998795735,0.47250023746793435,20231108_P021N_B011,P021N_B011,20231108,40x,0.324,0.324,0.324,27,0.19365800865800867,"(112.45282971995586, 97.63374583447194, 93.62234674937983)",18.024912766395346,1,27
9,10361.0,11352.0,"(75.62011388862079, 78.21349290609015, 75.28385290995078)",0.9127026074700493,352.400652864,290.8182422001231,0.8296347774320147,18.439134089481072,14.94432143940748,9.289111463587314,0.621581347888594,0.810467637302596,0.5037715664146317,0.4082905511722944,0.3131350092799552,20231108_P021N_B011,P021N_B011,20231108,40x,0.324,0.324,0.324,27,0.26125079089319997,"(112.45282971995586, 97.63374583447194, 93.62234674937983)",14.741450028627037,0,27
10,10904.0,12229.0,"(80.34831254585474, 114.63802274394718, 53.116379310344826)",0.891650993539946,370.869290496,308.76549818144144,0.8084799877570856,20.42498604861973,13.318041026988915,9.91215697300948,0.7442653880493809,0.652046517695855,0.485295654519153,0.3164353415821445,0.3611887586293757,20231108_P021N_B011,P021N_B011,20231108,40x,0.324,0.324,0.324,27,0.29408550379065784,"(112.45282971995586, 97.63374583447194, 93.62234674937983)",17.62922930295537,0,27
11,18615.0,20330.0,"(101.42712865968305, 57.8471125436476, 125.07590652699436)",0.9156419085095917,633.13754976,437.96863222125876,0.8141538825440362,23.95356117514902,16.965731938278044,11.181704978496995,0.6590758959988552,0.7082759767628788,0.4668076239994587,0.3306286258485753,0.3076616530465399,20231108_P021N_B011,P021N_B011,20231108,40x,0.324,0.324,0.324,27,0.44046617124779897,"(112.45282971995586, 97.63374583447194, 93.62234674937983)",16.81640746843633,1,27
12,9075.0,10307.0,"(99.36121212121212, 143.23823691460055, 142.02446280991737)",0.880469583778015,308.6609328,274.84250848589926,0.8036272666002757,18.650026576346594,13.639822872472013,8.98466882442732,0.6587086143589329,0.731356752583457,0.4817509930962979,0.35233184186476385,0.31733352912850227,20231108_P021N_B011,P021N_B011,20231108,40x,0.324,0.324,0.324,27,0.4261195286195286,"(112.45282971995586, 97.63374583447194, 93.62234674937983)",21.9602336054288,2,27
13,10532.0,11980.0,"(103.46439422711735, 66.01813520698822, 60.98290922901633)",0.8791318864774624,358.216743168,303.2143674148399,0.8044485426916578,18.697785393341825,14.67306127080468,9.713673061353717,0.662007258204614,0.7847486192685511,0.5195092818218301,0.4076841916068778,0.34391891527071794,20231108_P021N_B011,P021N_B011,20231108,40x,0.324,0.324,0.324,27,0.45461384879942607,"(112.45282971995586, 97.63374583447194, 93.62234674937983)",15.008132171852543,2,27
14,13364.0,14664.0,"(109.81076025142173, 93.68183178689016, 150.75882969170908)",0.9113475177304965,454.539361536,357.5692264473884,0.7995365488700391,21.298812315371546,17.552010725626413,8.834339026824571,0.5033234747245338,0.8240840130301054,0.4147808289032506,0.3418142500105442,0.2087689280527064,20231108_P021N_B011,P021N_B011,20231108,40x,0.324,0.324,0.324,27,0.4986858350793175,"(112.45282971995586, 97.63374583447194, 93.62234674937983)",18.57618289226981,0,27
15,10157.0,11126.0,"(117.95756621049523, 51.37796593482327, 99.40267795608939)",0.9129067050152795,345.462159168,291.7050292954111,0.8162199326411349,22.310123400727228,11.57691263113403,9.745992631512125,0.8418472991928804,0.5189084983168074,0.4368417178362376,0.22668087980453655,0.3677540203352149,20231108_P021N_B011,P021N_B011,20231108,40x,0.324,0.324,0.324,27,0.5552608764617725,"(112.45282971995586, 97.63374583447194, 93.62234674937983)",15.208380283214106,3,27
16,8680.0,10633.0,"(117.1647465437788, 46.0442396313364, 69.16981566820276)",0.8163265306122449,295.22610432,295.76969496256896,0.724937036748582,18.65808483718431,13.424830695480207,8.911532466199116,0.6638096724154144,0.7195181505834629,0.4776231078357533,0.3436584952259071,0.31705083875048357,20231108_P021N_B011,P021N_B011,20231108,40x,0.324,0.324,0.324,27,0.5497551843317973,"(112.45282971995586, 97.63374583447194, 93.62234674937983)",18.5604371734849,2,27
17,10713.0,11689.0,"(122.12433492019042, 117.02678988145244, 48.64025016335294)",0.9165026948413038,364.372955712,312.6437664147918,0.7890995108425877,23.746334409714244,12.832301702170001,8.610404279726355,0.670994532358158,0.5403908443620887,0.36259930190336986,0.19594534292066595,0.2433021490140462,20231108_P021N_B011,P021N_B011,20231108,40x,0.324,0.324,0.324,27,0.5841967702791001,"(112.45282971995586, 97.63374583447194, 93.62234674937983)",16.17735985435493,2,27
18,8844.0,9681.0,"(120.94651741293532, 148.37878787878788, 69.0871777476255)",0.9135419894638983,300.804109056,268.84427944023497,0.8075557262457819,17.72932691303551,15.376554026530448,7.844135830253053,0.5101361343197516,0.8672948556904784,0.4424384449973474,0.38372458730589404,0.2257038380053888,20231108_P021N_B011,P021N_B011,20231108,40x,0.324,0.324,0.324,27,0.576017482034273,"(112.45282971995586, 97.63374583447194, 93.62234674937983)",18.468501740294606,0,27
19,17976.0,19761.0,"(132.19286826880284, 139.1956497552292, 119.69147752558968)",0.9096705632306057,611.403738624,454.60394213421023,0.766307342928121,26.590491786600815,17.86904288986181,9.30422832053178,0.5206897973148094,0.6720087403146932,0.349908094788238,0.23514129800455807,0.1821935749540987,20231108_P021N_B011,P021N_B011,20231108,40x,0.324,0.324,0.324,27,0.6541171407555754,"(112.45282971995586, 97.63374583447194, 93.62234674937983)",17.134241705613928,0,27
20,7892.0,8470.0,"(127.8772174353776, 90.55562595032944, 54.01887987835783)",0.9317591499409681,268.424471808,233.35510567961114,0.8623460038658147,16.362531753736608,12.638062830991863,9.309295546005766,0.7366077911226171,0.7723782004643498,0.5689398001553067,0.43943669901650256,0.41908548947414365,20231108_P021N_B011,P021N_B011,20231108,40x,0.324,0.324,0.324,27,0.6241473433012333,"(112.45282971995586, 97.63374583447194, 93.62234674937983)",13.960024584195477,2,27
21,15537.0,17402.0,"(133.3830855377486, 67.20473707923023, 72.63937697110124)",0.8928284105275256,528.447924288,380.5274758320113,0.8306783694775488,20.14055530507626,14.525022160819553,13.117327260609029,0.9030848363173102,0.721182804585266,0.6512892550337436,0.46969861154148373,0.5881694502773712,20231108_P021N_B011,P021N_B011,20231108,40x,0.324,0.324,0.324,27,0.6623825384565875,"(112.45282971995586, 97.63374583447194, 93.62234674937983)",13.762508618886569,2,27
22,8158.0,9129.0,"(142.01556754106397, 72.05356705074773, 134.46469722971315)",0.8936356665571257,277.471723392,259.10493828799406,0.7940007669506017,18.63111683197919,13.767677759682966,7.754480177311134,0.5632380647387915,0.7389614849095667,0.416211236676968,0.3075640734908594,0.23442601146847458,20231108_P021N_B011,P021N_B011,20231108,40x,0.324,0.324,0.324,27,0.7223303301462777,"(112.45282971995586, 97.63374583447194, 93.62234674937983)",18.31789125833504,0,27
23,7545.0,8803.0,"(146.89715043074884, 115.5974817760106, 61.48151093439364)",0.8570941724412132,256.62223008,248.642547322565,0.7854252540621217,19.80958254935953,10.62722425989295,8.983528487382925,0.8453316000196478,0.5364688646725947,0.45349408373440836,0.2432854562367366,0.38335287940265156,20231108_P021N_B011,P021N_B011,20231108,40x,0.324,0.324,0.324,27,0.7562302113246447,"(112.45282971995586, 97.63374583447194, 93.62234674937983)",16.33596421904176,2,27
24,19453.0,21272.0,"(158.08903511026577, 72.59229938826917, 92.66149180075053)",0.9144885295223768,661.6397934720001,437.12683580464636,0.840022786400622,23.108509925233804,16.280808600626674,12.55596055694895,0.771212343621904,0.7045373610545316,0.5433479093880569,0.38280890221475833,0.4190366146012253,20231108_P021N_B011,P021N_B011,20231108,40x,0.324,0.324,0.324,27,0.8339516327101789,"(112.45282971995586, 97.63374583447194, 93.62234674937983)",16.86873733416285,1,27
25,9067.0,10252.0,"(158.75140619830154, 125.94893570089334, 75.85827726921805)",0.8844127975029262,308.388835008,274.63155975868494,0.8037718249945208,19.19585968014629,12.181683823695458,9.877483356818274,0.8108471291632836,0.6345995452495734,0.5145632194339419,0.32654158505493597,0.41723210925102855,20231108_P021N_B011,P021N_B011,20231108,40x,0.324,0.324,0.324,27,0.8385514319326496,"(112.45282971995586, 97.63374583447194, 93.62234674937983)",18.50170595645177,2,27
26,11429.0,12381.0,"(165.56417884329338, 96.49803132382536, 108.76752121795433)",0.9231079880461999,388.725708096,304.4283844122822,0.8461119402319075,19.261729492609597,12.361380610250723,11.977674970015496,0.9689593215892861,0.6417586029849282,0.621837980572364,0.39906987369508923,0.6025357077938494,20231108_P021N_B011,P021N_B011,20231108,40x,0.324,0.324,0.324,27,0.8858623530784262,"(112.45282971995586, 97.63374583447194, 93.62234674937983)",17.897830274647635,1,27
27,8236.0,8959.0,"(168.965274405051, 100.26117047110247, 80.48506556580864)",0.9192990289094765,280.124676864,250.4254994206673,0.8267480038029862,18.38641612690803,12.955636274023156,8.408416684193508,0.6490161120880569,0.7046308636005973,0.45731678355130956,0.3222395201328067,0.2968059608530864,20231108_P021N_B011,P021N_B011,20231108,40x,0.324,0.324,0.324,27,0.9094810722572986,"(112.45282971995586, 97.63374583447194, 93.62234674937983)",18.81753374375174,4,27
1,12080.0,13445.0,"(39.03634105960265, 221.48104304635763, 139.67185430463576)",0.898475269616958,410.86766592000004,341.3719458880018,0.7829324136684904,22.354509997208382,14.988700445808444,8.824567593879806,0.5887480122633031,0.6705000667731131,0.3947555815350823,0.26468364377833176,0.23241156395862397,20231108_P021N_B007,P021N_B007,20231108,40x,0.324,0.324,0.324,8,0.13723521273700445,"(84.76847525433264, 182.84803331718524, 133.8489084402494)",19.488119885011184,0,8
2,6618.0,7944.0,"(56.987911755817464, 213.4167422181928, 169.67271078875794)",0.8330815709969789,225.092898432,257.719927139337,0.6943482099602045,23.33875181372625,11.410388088166375,6.409908930781502,0.5617608166569873,0.4889030989847353,0.27464660415179676,0.13427557589544728,0.15428570064038163,20231108_P021N_B007,P021N_B007,20231108,40x,0.324,0.324,0.324,8,0.2601911764097087,"(84.76847525433264, 182.84803331718524, 133.8489084402494)",17.7152773591086,0,8
3,15653.0,18043.0,"(52.4065035456462, 152.28748482718967, 156.02862071168465)",0.8675386576511667,532.393342272,453.00490298586095,0.7012447656558736,24.972468028022185,20.53953203845385,7.912841736786954,0.38524936799789955,0.8224870691757805,0.3168626235864141,0.26061541060493826,0.12207112547882237,20231108_P021N_B007,P021N_B007,20231108,40x,0.324,0.324,0.324,8,0.2288116681208644,"(84.76847525433264, 182.84803331718524, 133.8489084402494)",16.112881827406266,0,8
4,21606.0,23810.0,"(65.85263352772378, 149.42312320651672, 110.77682125335555)",0.9074338513229735,734.868111744,529.5609228386897,0.743660068740115,27.332608382242228,21.59779485508402,9.03503644885317,0.4183314319575715,0.7901841841452619,0.3305588812637128,0.2612023999033374,0.13828317014534186,20231108_P021N_B007,P021N_B007,20231108,40x,0.324,0.324,0.324,8,0.3209084488200259,"(84.76847525433264, 182.84803331718524, 133.8489084402494)",14.516338624745256,0,8
5,17993.0,19192.0,"(74.71288834546768, 222.91418885121993, 113.31506697048853)",0.9375260525218841,611.981946432,432.5175736584846,0.8059463018910077,25.56865984473692,16.8330340387836,10.170727349079597,0.6042123675177075,0.658346356085946,0.3977810104573451,0.26187767875477874,0.24034420608201842,20231108_P021N_B007,P021N_B007,20231108,40x,0.324,0.324,0.324,8,0.38159512565388826,"(84.76847525433264, 182.84803331718524, 133.8489084402494)",14.94637773989873,0,8
6,17199.0,19309.0,"(92.0465724751439, 165.6812605384034, 171.1070992499564)",0.8907245326013776,584.976240576,456.9964377972559,0.7401676976567683,23.256648221909742,21.91210964609295,8.481025097005913,0.38704740136776955,0.9421869152000105,0.36467099713087914,0.3435882418496549,0.14114496179370012,20231108_P021N_B007,P021N_B007,20231108,40x,0.324,0.324,0.324,8,0.5003189895557801,"(84.76847525433264, 182.84803331718524, 133.8489084402494)",13.498951980395196,0,8
7,16093.0,18236.0,"(107.82358789535823, 178.81631765363824, 92.98564593301435)",0.8824851941215178,547.358720832,441.189255974011,0.7334557055739129,25.33061588557728,19.344077302560805,8.23245918357112,0.42558034972706044,0.7636639152376439,0.32500035612077277,0.24819104440881787,0.13831376521929764,20231108_P021N_B007,P021N_B007,20231108,40x,0.324,0.324,0.324,8,0.6083807390093029,"(84.76847525433264, 182.84803331718524, 133.8489084402494)",15.257610912776144,0,8
8,20740.0,23087.0,"(149.198649951784, 191.0821600771456, 144.9466730954677)",0.898341057738121,705.41352576,464.59569803260945,0.8248433210675188,22.950288165148095,17.40898288924253,12.952776111173357,0.7440283096134938,0.758551821396278,0.5643840294277096,0.4281145334893596,0.41991769538795104,20231108_P021N_B007,P021N_B007,20231108,40x,0.324,0.324,0.324,8,0.8917715750122193,"(84.76847525433264, 182.84803331718524, 133.8489084402494)",21.35012163216549,0,8
1,10162.0,10870.0,"(9.468805353276913, 225.95778390080693, 463.46624680181066)",0.9348666053357866,345.632220288,234.49059799116628,1.0157063582678094,17.79577019482769,14.09136274164446,10.126688382336585,0.7186450713108817,0.7918377562405302,0.5690503008001244,0.4505955133735693,0.40894519399798407,20231108_P021N_A007,P021N_A007,20231108,40x,0.324,0.324,0.324,11,0.049316694548317254,"(135.09175618085413, 257.8632525931917, 258.1394150951428)",78.67143839150972,0,11
2,14925.0,16197.0,"(107.30345058626466, 235.5417755443886, 265.6641206030151)",0.9214669383219115,507.6324432,366.11427370555464,0.8405567570602003,21.346822408284954,15.344896147154737,11.174036784344754,0.7281924020330794,0.7188374856765193,0.5234519953662039,0.3762769162213991,0.3811737658547244,20231108_P021N_A007,P021N_A007,20231108,40x,0.324,0.324,0.324,11,0.5588721384701284,"(135.09175618085413, 257.8632525931917, 258.1394150951428)",11.802940045135582,0,11
3,22169.0,28208.0,"(121.60949975190582, 265.78086517208715, 283.8677883531057)",0.785911798071469,754.016993856,559.3396627043751,0.7162466399765202,35.556419084780714,16.592954647951917,10.47818137690435,0.6314837591747219,0.46666551568052117,0.29469169411914564,0.13752245140287753,0.18609301879992537,20231108_P021N_A007,P021N_A007,20231108,40x,0.324,0.324,0.324,11,0.6333828112078428,"(135.09175618085413, 257.8632525931917, 258.1394150951428)",9.754547301620399,1,11
4,9053.0,10084.0,"(104.16083066386832, 274.7745498729703, 250.98365182812327)",0.8977588258627529,307.912663872,265.69794407806154,0.8299417863269559,19.04930493249671,12.485853459920145,9.431617975473406,0.7553843240070933,0.6554492935130772,0.4951161215013027,0.32452351204496377,0.37400295674527545,20231108_P021N_A007,P021N_A007,20231108,40x,0.324,0.324,0.324,11,0.5425043263743142,"(135.09175618085413, 257.8632525931917, 258.1394150951428)",11.65463208439171,0,11
5,44561.0,59737.0,"(142.9252485357151, 243.89080137339826, 227.81297547182513)",0.7459530943971073,1515.618713664,887.1557554551812,0.7192461668966553,48.88704103779584,16.93523326063537,15.73745434506184,0.9292729602752107,0.3464155919672517,0.32191464263289743,0.11151625149060145,0.2991465729154092,20231108_P021N_A007,P021N_A007,20231108,40x,0.324,0.324,0.324,11,0.7444023361235161,"(135.09175618085413, 257.8632525931917, 258.1394150951428)",11.112236156394491,0,11
6,25448.0,32088.0,"(146.36659069475007, 288.9357120402389, 264.7848160955674)",0.7930690600847669,865.5430763520001,599.810510474957,0.732255277946507,33.714455459085755,17.896870048168655,11.353361270974524,0.6343769184453729,0.530836693177128,0.33675054561543843,0.17875954606009295,0.21362677341231984,20231108_P021N_A007,P021N_A007,20231108,40x,0.324,0.324,0.324,11,0.7623259932018233,"(135.09175618085413, 257.8632525931917, 258.1394150951428)",10.92404323324235,0,11
7,13139.0,14173.0,"(138.51069335565873, 217.51191110434584, 244.38077479260218)",0.9270443801594581,446.886611136,353.389067224536,0.7998881145214649,24.50562743818682,14.576984574514324,9.066801347463716,0.6219943021216927,0.594842332084066,0.3699885412170688,0.2200848467019428,0.23013076448733386,20231108_P021N_A007,P021N_A007,20231108,40x,0.324,0.324,0.324,11,0.7214098612273893,"(135.09175618085413, 257.8632525931917, 258.1394150951428)",13.857279910675258,0,11
8,9981.0,10845.0,"(131.99879771565975, 293.9022142069933, 238.69802624987477)",0.9203319502074688,339.476007744,280.25091636449304,0.8397367126668903,18.226571796061876,14.110997470810611,9.466722194940434,0.6708754795345176,0.7741992091930038,0.5193912657226007,0.40211230718419083,0.3484468644576899,20231108_P021N_A007,P021N_A007,20231108,40x,0.324,0.324,0.324,11,0.6874937381023946,"(135.09175618085413, 257.8632525931917, 258.1394150951428)",13.30508572707182,2,11
9,42559.0,61493.0,"(161.31781761789514, 274.51486172137504, 227.1309006320637)",0.6920950352072593,1447.526241216,922.804629210198,0.6705924461147658,42.69200078205665,19.37064245543637,16.94752324253398,0.874907648598803,0.4537300220320854,0.3969718666747749,0.18011805381246365,0.34731372243230485,20231108_P021N_A007,P021N_A007,20231108,40x,0.324,0.324,0.324,11,0.8401969667598705,"(135.09175618085413, 257.8632525931917, 258.1394150951428)",14.221387012146252,1,11
10,9891.0,10690.0,"(154.12304114851887, 229.01011020119302, 268.3870185016682)",0.9252572497661365,336.414907584,285.5007721805776,0.8193327707138146,21.06450458120668,13.41384520983617,8.499942019363196,0.6336693085686063,0.6367985137330848,0.40351967389475996,0.2569607285982422,0.255698032750722,20231108_P021N_A007,P021N_A007,20231108,40x,0.324,0.324,0.324,11,0.8027241726485358,"(135.09175618085413, 257.8632525931917, 258.1394150951428)",11.680669628742304,2,11
11,9531.0,10384.0,"(168.2249501626272, 248.19210995698248, 265.587451474137)",0.9178543913713405,324.170506944,271.48142770694153,0.8406069960292497,20.411900829637133,11.828281726209022,9.567712413560372,0.8088843870162733,0.5794796782980106,0.4687320643684736,0.27162070586820547,0.37915004856156515,20231108_P021N_A007,P021N_A007,20231108,40x,0.324,0.324,0.324,11,0.87617161543035,"(135.09175618085413, 257.8632525931917, 258.1394150951428)",11.440516568837445,3,11
1,10323.0,11415.0,"(33.59711324227453, 72.68129419742323, 57.61542187348639)",0.9043363994743758,351.108188352,289.69226977666,0.8308217485292737,17.517011416052412,14.937428743957597,9.632019665303957,0.6448244761803632,0.8527384260461854,0.5498666088940989,0.46889238660370736,0.35456744804921,20231108_P021N_A001,P021N_A001,20231108,40x,0.324,0.324,0.324,5,0.1799587606039219,"(56.01248180382197, 77.78169232198718, 87.0369808281971)",12.097358824488042,0,5
2,7321.0,8436.0,"(34.856440376997675, 89.29367572735966, 99.90260893320584)",0.8678283546704599,249.00349190400001,239.18712397346675,0.8002332993837503,17.009826803412423,12.000562639460702,8.874843351871121,0.7395356049964297,0.7055076326264069,0.5217480139239687,0.36809720613102875,0.38585123313294784,20231108_P021N_A001,P021N_A001,20231108,40x,0.324,0.324,0.324,5,0.19794914824282397,"(56.01248180382197, 77.78169232198718, 87.0369808281971)",8.847206894858317,0,5
3,14334.0,16937.0,"(55.688572624529094, 49.91914329566067, 90.23531463652853)",0.8463128062821043,487.53121881600003,412.9375707940423,0.7254397459927348,28.456631997928604,16.110924992182664,8.263216844880148,0.5128952464796169,0.5661571261615007,0.29037929876879454,0.16440030928773253,0.1489341620145992,20231108_P021N_A001,P021N_A001,20231108,40x,0.324,0.324,0.324,5,0.4955510374932728,"(56.01248180382197, 77.78169232198718, 87.0369808281971)",9.087353255284082,0,5
4,17510.0,19310.0,"(63.59400342661336, 101.92786978869218, 78.71222158766419)",0.9067840497151735,595.5540422400001,410.0671861360212,0.8347886919788406,20.63378170314491,18.01879548002387,11.79682259674388,0.6546954045747487,0.8732667496078784,0.5717237279362057,0.49926732156854936,0.37430489736617784,20231108_P021N_A001,P021N_A001,20231108,40x,0.324,0.324,0.324,5,0.6084857632373337,"(56.01248180382197, 77.78169232198718, 87.0369808281971)",8.632146690534174,0,5
5,15086.0,16173.0,"(73.12554686464271, 74.1329046798356, 107.54944982102612)",0.9327892165955605,513.108411264,368.06597056474305,0.84210170581797,19.73982132668958,17.73988142674352,10.394837953188498,0.5859587053111809,0.8986850049528055,0.5265923019847181,0.47324060551724556,0.30856134349779984,20231108_P021N_A001,P021N_A001,20231108,40x,0.324,0.324,0.324,5,0.7446506694948959,"(56.01248180382197, 77.78169232198718, 87.0369808281971)",8.735583375415981,0,5
1,18077.0,23227.0,"(40.32964540576423, 256.6726226696908, 252.42457266139294)",0.7782752830757308,614.838973248,484.59110172282794,0.7215774430157649,30.705251541610878,14.826365458267476,10.942983962393525,0.7380759629320683,0.4828609020895077,0.3563880252719606,0.17208584337671717,0.26304143493006066,20240220_P013T_A010,P013T_A010,20240220,40x,0.324,0.324,0.324,7,0.13026950368876572,"(76.43449505922348, 251.97502977633334, 257.122259529923)",11.894356446993633,0,7
2,19965.0,23840.0,"(60.25735036313549, 282.7107938893063, 272.0621086902079)",0.8374580536912751,679.05405216,481.96708319026834,0.7751807444343088,27.170112559441993,16.985300098206924,11.759082015829733,0.6923093467786946,0.6251464752325546,0.43279474790925326,0.2705601111546317,0.29962784921430496,20240220_P013T_A010,P013T_A010,20240220,40x,0.324,0.324,0.324,7,0.31143045784668627,"(76.43449505922348, 251.97502977633334, 257.122259529923)",12.25039800700247,0,7
3,20346.0,24698.0,"(62.98761427307579, 271.3564336970412, 222.8682296274452)",0.8237914001133695,692.012709504,529.171858602653,0.7149847268071516,29.946453559078574,18.04820167994891,10.333428924466173,0.5725461798194746,0.6026824393193435,0.34506352827657244,0.20796372894186393,0.1975648049097808,20240220_P013T_A010,P013T_A010,20240220,40x,0.324,0.324,0.324,7,0.33625103884614355,"(76.43449505922348, 251.97502977633334, 257.122259529923)",13.475424422282838,0,7
4,46121.0,58039.0,"(77.90197523904511, 228.1747360204679, 268.2748639448407)",0.7946553179758439,1568.6777831040001,888.8460548418483,0.7345365415779344,36.673530410969256,24.496216291661394,14.555881971575543,0.5942093994544954,0.6679535898822122,0.3969043015073836,0.26511365303154877,0.23584426663960836,20240220_P013T_A010,P013T_A010,20240220,40x,0.324,0.324,0.324,7,0.4718361385367738,"(76.43449505922348, 251.97502977633334, 257.122259529923)",8.529191945034313,0,7
5,19972.0,21275.0,"(84.66082515521731, 236.29481273783296, 227.73022231123574)",0.9387544065804936,679.2921377280001,441.4840309281893,0.8464608002204094,23.881938856300703,16.922173885335486,12.01693968106962,0.7101297837084234,0.7085762168288509,0.5031810755976048,0.3565421429268228,0.35732386838029895,20240220_P013T_A010,P013T_A010,20240220,40x,0.324,0.324,0.324,7,0.5332802286837937,"(76.43449505922348, 251.97502977633334, 257.122259529923)",11.11765559498125,0,7
6,23513.0,26797.0,"(84.6678433207162, 265.9973206311402, 284.67141581252923)",0.8774489681680785,799.729422912,508.6165734358143,0.8191982196247152,22.150022114564248,18.175669797262024,14.945290556056673,0.8222690400277862,0.8205711806179653,0.6747302769612015,0.5536642199647398,0.5548098171145694,20240220_P013T_A010,P013T_A010,20240220,40x,0.324,0.324,0.324,7,0.5333440301883291,"(76.43449505922348, 251.97502977633334, 257.122259529923)",10.364803430976115,0,7
7,19085.0,21221.0,"(119.5922452187582, 251.3599161645271, 252.32601519517945)",0.8993449884548325,649.12329504,430.4991096680161,0.8421639821488417,23.718046017258466,15.376345257968463,13.006530264723557,0.84587917652169,0.6482973026858894,0.5483811885371729,0.3555140453723313,0.4638642281798094,20240220_P013T_A010,P013T_A010,20240220,40x,0.324,0.324,0.324,7,0.8508385928978017,"(76.43449505922348, 251.97502977633334, 257.122259529923)",14.070606866011694,0,7
1,6369.0,7042.0,"(7.335688491128906, 432.1463338043649, 29.020411367561625)",0.904430559500142,216.623854656,174.27171568063235,1.0009093295785232,14.60128123201518,12.33173836314598,9.169355034154224,0.7435573772435281,0.8445654985472825,0.6279829070101901,0.530372696938233,0.4669413232902634,20240220_P013T_A006,P013T_A006,20240220,40x,0.324,0.324,0.324,69,0.025649260458492678,"(199.0924684359624, 271.9923336283601, 284.5288858465987)",115.78390441439237,4,69
2,3049.0,3462.0,"(4.974089865529682, 452.65824860610036, 52.67759921285668)",0.8807047949162334,103.703270976,105.86015075743666,1.0083545284034359,13.75654972343441,8.093078323822967,7.081510657514224,0.8750082940219336,0.5883072780986887,0.5147737477698209,0.30284514238712423,0.4504312988433481,20240220_P013T_A006,P013T_A006,20240220,40x,0.324,0.324,0.324,69,0.01739192260674714,"(199.0924684359624, 271.9923336283601, 284.5288858465987)",114.12765448251363,4,69
3,5117.0,6259.0,"(11.704514363885089, 455.3943717021692, 6.889388313464921)",0.8175427384566225,174.040550208,198.6367335227859,0.7589121829521095,16.91813372068348,10.181778621266806,7.759417692320339,0.7620886272377939,0.6018263473599895,0.4586450148951101,0.27602465404919213,0.34952814979087204,20240220_P013T_A006,P013T_A006,20240220,40x,0.324,0.324,0.324,69,0.04092487539819961,"(199.0924684359624, 271.9923336283601, 284.5288858465987)",123.72992986643483,6,69
4,1100.0,1343.0,"(9.241818181818182, 502.4372727272727, 4.98)",0.8190618019359642,37.4134464,67.4871527771812,0.8015823802465749,9.078724436474829,7.2524079766948315,4.326116899382134,0.5965076583231177,0.7988355663222292,0.47651153305209454,0.3806543603647436,0.2842427787448638,20240220_P013T_A006,P013T_A006,20240220,40x,0.324,0.324,0.324,69,0.03231404958677686,"(199.0924684359624, 271.9923336283601, 284.5288858465987)",132.52182986608955,2,69
5,15447.0,17830.0,"(30.38920178675471, 450.36621997798926, 50.05651582831618)",0.8663488502523836,525.3868241280001,410.057769868504,0.7678773613259,28.059299179032728,13.383295182582888,10.477420683707924,0.7828730175019462,0.47696469883978915,0.3734027930226127,0.17809995071996662,0.2923269713172675,20240220_P013T_A006,P013T_A006,20240220,40x,0.324,0.324,0.324,69,0.10625595030333815,"(199.0924684359624, 271.9923336283601, 284.5288858465987)",109.99565124289163,6,69
6,11296.0,12660.0,"(27.546388101983002, 494.5311614730878, 69.26159702549575)",0.892259083728278,384.202082304,323.43820815015374,0.7901919694025216,19.516911275291385,17.01081951530503,8.382538164184867,0.4927768563203497,0.8715938334382299,0.4295012692298934,0.374350657714668,0.21164828523670698,20240220_P013T_A006,P013T_A006,20240220,40x,0.324,0.324,0.324,69,0.09631604231462589,"(199.0924684359624, 271.9923336283601, 284.5288858465987)",114.68483024843209,2,69
7,9544.0,10393.0,"(55.252829002514666, 437.4694048616932, 10.507229673093043)",0.9183104012315982,324.612665856,256.90502132528763,0.8891093400459255,21.151330999867735,13.825692360850223,8.13606755203449,0.5884745110540096,0.6536559028335701,0.3846598378175523,0.2514351735724468,0.22636250998179874,20240220_P013T_A006,P013T_A006,20240220,40x,0.324,0.324,0.324,69,0.19319170979900233,"(199.0924684359624, 271.9923336283601, 284.5288858465987)",113.70524662070298,4,69
8,1441.0,2225.0,"(49.16585704371964, 505.0700902151284, 4.600277585010409)",0.6476404494382022,49.011614784,94.67665892519693,0.684080496350435,13.472901853210097,7.562864744612204,4.469453569978287,0.5909736218887601,0.5613389622377641,0.3317365196209294,0.1862166336603802,0.1960475325131524,20240220_P013T_A006,P013T_A006,20240220,40x,0.324,0.324,0.324,69,0.17190859106195677,"(199.0924684359624, 271.9923336283601, 284.5288858465987)",127.62608617294293,2,69
9,12447.0,13567.0,"(52.38467100506146, 277.9864224311079, 390.31630111673496)",0.9174467457802019,423.350152128,324.4666482742825,0.8403248539693059,18.59949415138172,15.604625333420808,10.519237530609344,0.674110227310619,0.8389811683271812,0.5655657860903648,0.4744990439799749,0.38125368062048465,20240220_P013T_A006,P013T_A006,20240220,40x,0.324,0.324,0.324,69,0.18316318533238274,"(199.0924684359624, 271.9923336283601, 284.5288858465987)",58.63422920512977,0,69
10,17678.0,21856.0,"(66.81445864916846, 155.84387374137347, 270.211788663876)",0.8088396778916545,601.268095872,460.34687263129763,0.7483608061704717,24.53751556679265,16.508769079827182,11.20443328991385,0.678695863739778,0.6727970904344118,0.45662460241399266,0.3072157039249044,0.30990922894019746,20240220_P013T_A006,P013T_A006,20240220,40x,0.324,0.324,0.324,69,0.2336169882838058,"(199.0924684359624, 271.9923336283601, 284.5288858465987)",57.22331288308405,2,69
11,14300.0,17216.0,"(74.9895104895105, 472.7986013986014, 15.098671328671328)",0.8306226765799256,486.37480320000003,391.43841873395036,0.7640727681061712,26.102066243361257,13.832071586706858,10.510636354621486,0.7598743462781529,0.5299224765481881,0.4026744954451542,0.21338626586908824,0.3059820189892716,20240220_P013T_A006,P013T_A006,20240220,40x,0.324,0.324,0.324,69,0.2622010856276591,"(199.0924684359624, 271.9923336283601, 284.5288858465987)",116.06136858236223,3,69
12,11251.0,13266.0,"(101.18247266909609, 167.56377210914584, 339.29019642698427)",0.8481079451228705,382.67153222400003,347.0238333302895,0.734528963326526,20.34274925771578,16.578815694629956,8.39562724448638,0.5064069351591748,0.8149741947166651,0.4127085841802829,0.336346846044981,0.20899848922861933,20240220_P013T_A006,P013T_A006,20240220,40x,0.324,0.324,0.324,69,0.3537848694723639,"(199.0924684359624, 271.9923336283601, 284.5288858465987)",49.65821160055925,4,69
13,7170.0,14926.0,"(103.01785216178521, 190.30320781032077, 382.5454672245467)",0.48036982446737236,243.86764608000001,376.54887815111937,0.5013013690039118,21.903724965604468,12.48887049778127,9.139924674150919,0.7318455800926662,0.5701710790010652,0.41727718406359604,0.23791938228006665,0.30538246283045667,20240220_P013T_A006,P013T_A006,20240220,40x,0.324,0.324,0.324,69,0.3602022802859623,"(199.0924684359624, 271.9923336283601, 284.5288858465987)",51.74950009128536,4,69
14,6099.0,7836.0,"(102.05984587637317, 170.44482702082308, 290.75996064928677)",0.7783307810107197,207.440554176,246.85294749007863,0.6865016466758248,15.207489034087674,12.418394911496666,8.618845426401563,0.6940386006264331,0.8165973280441473,0.5667500668310443,0.46280659024307275,0.39334642328835545,20240220_P013T_A006,P013T_A006,20240220,40x,0.324,0.324,0.324,69,0.35685260795934676,"(199.0924684359624, 271.9923336283601, 284.5288858465987)",45.55174090116671,4,69
15,13357.0,14642.0,"(116.56786703601108, 225.95957176012578, 417.1066856330014)",0.9122387651960114,454.301275968,381.7605962691083,0.7486100650559805,25.06047681382238,15.94836892571027,8.265326713901956,0.5182552994856717,0.6363952706962771,0.3298152216059642,0.20989284723368024,0.1709284864483322,20240220_P013T_A006,P013T_A006,20240220,40x,0.324,0.324,0.324,69,0.40757995467136743,"(199.0924684359624, 271.9923336283601, 284.5288858465987)",52.74954635824326,3,69
16,7512.0,9316.0,"(107.6216719914803, 289.4294462193823, 204.25279552715654)",0.8063546586517819,255.499826688,286.22645105882543,0.680301505395232,19.418272759899743,11.524468440981172,9.009024968431737,0.7817301955893703,0.5934857638203591,0.46394574223079615,0.2753451931990475,0.36268039581693584,20240220_P013T_A006,P013T_A006,20240220,40x,0.324,0.324,0.324,69,0.3762995524177633,"(199.0924684359624, 271.9923336283601, 284.5288858465987)",39.833833650512396,2,69
17,8575.0,10631.0,"(121.1071720116618, 172.5134693877551, 259.865889212828)",0.8066033298843006,291.6548208,296.9396373023612,0.7162457483225325,23.371672114115846,11.886107186865807,8.252323086129953,0.6942830782519613,0.5085689688281622,0.3530908291814422,0.17957103889948675,0.24514498778662916,20240220_P013T_A006,P013T_A006,20240220,40x,0.324,0.324,0.324,69,0.42345165039042587,"(199.0924684359624, 271.9923336283601, 284.5288858465987)",41.7268910453574,6,69
18,22219.0,26683.0,"(136.04644673477654, 296.6083982177416, 194.3293127503488)",0.8327024697372859,755.717605056,556.5093196139569,0.720971408924118,30.689588384611728,17.51341902189003,10.777389034800613,0.6153789286563606,0.5706632100243987,0.3511741148084142,0.20040214763404637,0.21610515054264767,20240220_P013T_A006,P013T_A006,20240220,40x,0.324,0.324,0.324,69,0.47568687669502285,"(199.0924684359624, 271.9923336283601, 284.5288858465987)",36.5369651000665,3,69
19,17817.0,20051.0,"(134.57097154403098, 162.75921872369085, 318.60077454116856)",0.8885841105181786,605.995795008,428.30835976042897,0.808550804968129,21.406330691177438,17.912199933240526,11.347781666678646,0.6335224991331202,0.8367711492293722,0.530113349662285,0.4435835568187422,0.33583873410188037,20240220_P013T_A006,P013T_A006,20240220,40x,0.324,0.324,0.324,69,0.47052787253157685,"(199.0924684359624, 271.9923336283601, 284.5288858465987)",42.56106047791008,6,69
20,18297.0,21021.0,"(134.26911515548997, 167.9626714761983, 361.8238509045199)",0.8704152989867275,622.321662528,439.1065044844129,0.802769505216391,21.673446512905265,17.75928177408097,11.80725456931943,0.6648497793729299,0.8194027545875715,0.544779740605118,0.44639402009533635,0.36219669034815466,20240220_P013T_A006,P013T_A006,20240220,40x,0.324,0.324,0.324,69,0.4694724306136013,"(199.0924684359624, 271.9923336283601, 284.5288858465987)",46.95066254009899,6,69
21,13284.0,16583.0,"(129.71981330924422, 192.2956940680518, 231.0236374585968)",0.8010613278658868,451.818383616,424.6540509834183,0.6705401461945315,28.98832439142958,12.839704955524493,9.374349801314578,0.7301063251676286,0.44292677224629656,0.32338363800310277,0.1432352709779791,0.23610443956178406,20240220_P013T_A006,P013T_A006,20240220,40x,0.324,0.324,0.324,69,0.4535657808015532,"(199.0924684359624, 271.9923336283601, 284.5288858465987)",38.37305218532919,4,69
22,6644.0,7631.0,"(138.34632751354604, 325.9775737507526, 207.7259181216135)",0.8706591534530206,225.977216256,245.58910308515672,0.7305525613119325,21.062099739973842,11.893825394833012,6.527152667519008,0.5487849746267986,0.5647027381728553,0.3099003778398741,0.17500159192697937,0.17006867098969064,20240220_P013T_A006,P013T_A006,20240220,40x,0.324,0.324,0.324,69,0.48372841787953164,"(199.0924684359624, 271.9923336283601, 284.5288858465987)",36.22893133176893,5,69
23,11917.0,16381.0,"(149.10464042963832, 194.75866409331206, 393.93194595955356)",0.7274891642756852,405.323673408,407.2714781800263,0.6503314758794702,24.7511622407783,12.575786579875833,11.150484006324827,0.8866629483175374,0.5080887296337478,0.45050345102397105,0.22889572612638873,0.3994447181121395,20240220_P013T_A006,P013T_A006,20240220,40x,0.324,0.324,0.324,69,0.521344896607127,"(199.0924684359624, 271.9923336283601, 284.5288858465987)",46.31370309878121,5,69
24,1224.0,2174.0,"(137.4313725490196, 357.0375816993464, 232.94607843137254)",0.563017479300828,41.630962176000004,98.13894849346897,0.5919072911502544,14.293967746212848,6.0014606564159125,4.877137940718918,0.8126584876474984,0.4198596752819723,0.3412025287388174,0.1432571829216677,0.2772811309863894,20240220_P013T_A006,P013T_A006,20240220,40x,0.324,0.324,0.324,69,0.48052927464692174,"(199.0924684359624, 271.9923336283601, 284.5288858465987)",37.91709719710555,2,69
25,6857.0,7738.0,"(149.92912352340673, 386.62038792474846, 336.05439696660346)",0.8861462910312742,233.221819968,251.37208749655952,0.7289199882446272,18.060709740399027,16.286400672686888,5.725713032335917,0.351564053188144,0.9017586189460051,0.3170259150740006,0.28588085134722424,0.11145491566909596,20240220_P013T_A006,P013T_A006,20240220,40x,0.324,0.324,0.324,69,0.5242277046272963,"(199.0924684359624, 271.9923336283601, 284.5288858465987)",43.7238013336272,1,69
26,1694.0,2857.0,"(152.22550177095633, 361.7432113341204, 235.32408500590319)",0.5929296464823242,57.616707456,121.97851579346478,0.5914250803795714,14.024223154487574,8.56189317825918,4.49496814477201,0.5249969897061872,0.6105074829417187,0.3205145907375038,0.19567655603724857,0.16826919529410014,20240220_P013T_A006,P013T_A006,20240220,40x,0.324,0.324,0.324,69,0.532256999199148,"(199.0924684359624, 271.9923336283601, 284.5288858465987)",36.47388902797663,4,69
27,12062.0,13591.0,"(169.1492289835848, 204.23586469905487, 216.31752611507213)",0.8874990802737105,410.255445888,352.7109042250707,0.757009752806339,22.403478075036915,16.429234796196862,8.062644909029604,0.4907498741752716,0.7333341162996984,0.35988362530251095,0.26391494033194857,0.17661284383494782,20240220_P013T_A006,P013T_A006,20240220,40x,0.324,0.324,0.324,69,0.5914308705719749,"(199.0924684359624, 271.9923336283601, 284.5288858465987)",32.62653659545348,4,69
28,11084.0,12866.0,"(166.4926921688921, 172.25252616383978, 272.69325153374234)",0.8614954142701694,376.991490816,314.7097043368284,0.8019150324231763,17.197136853921485,14.152797527281644,11.526863844016615,0.8144583303616726,0.8229740594321294,0.67027807837606,0.5516214711095132,0.5459135645921962,20240220_P013T_A006,P013T_A006,20240220,40x,0.324,0.324,0.324,69,0.5821422803108115,"(199.0924684359624, 271.9923336283601, 284.5288858465987)",34.21362810625749,7,69
29,10161.0,11577.0,"(170.6248400747958, 178.81970278515894, 247.70071843322506)",0.8776885203420576,345.598208064,299.8222232321131,0.7943305983039072,21.225595943201775,11.585251378820054,10.374964221026115,0.8955320762390565,0.5458151285750179,0.4887949553354733,0.26679168139325143,0.4377315612067533,20240220_P013T_A006,P013T_A006,20240220,40x,0.324,0.324,0.324,69,0.5965903499118734,"(199.0924684359624, 271.9923336283601, 284.5288858465987)",33.74558990079913,6,69
30,7715.0,9989.0,"(172.8799740764744, 263.2246273493195, 424.28826960466625)",0.7723495845429973,262.40430816,277.95642746566773,0.7131070182674987,19.876817994779515,14.204769771326934,7.349407247424709,0.5173900996452523,0.7146400281502654,0.3697476753751517,0.2642364891385936,0.19130378660595013,20240220_P013T_A006,P013T_A006,20240220,40x,0.324,0.324,0.324,69,0.6044754338338266,"(199.0924684359624, 271.9923336283601, 284.5288858465987)",46.15908830317554,5,69
31,8156.0,9662.0,"(170.64872486512996, 286.4632172633644, 424.3205002452182)",0.8441316497619541,277.403698944,287.7568868405514,0.7148252694487063,19.69704431520351,15.410748245432174,7.053217153112332,0.4576816803949115,0.7823888700670241,0.35808505277455166,0.28016175982817215,0.1638889686781574,20240220_P013T_A006,P013T_A006,20240220,40x,0.324,0.324,0.324,69,0.5966738631647901,"(199.0924684359624, 271.9923336283601, 284.5288858465987)",46.45774581910155,4,69
32,27654.0,33611.0,"(177.73251609170464, 167.37481015404643, 330.7703767990164)",0.8227663562524173,940.5740424960001,624.593360535403,0.7432736792909834,27.956761433366538,20.25114662265617,12.916919969592707,0.637836474658762,0.7243738396138517,0.46203205619433074,0.33468393457017026,0.294700897902331,20240220_P013T_A006,P013T_A006,20240220,40x,0.324,0.324,0.324,69,0.6214423639570092,"(199.0924684359624, 271.9923336283601, 284.5288858465987)",37.700221865531965,6,69
33,20976.0,22619.0,"(181.88348588863462, 231.33748093058733, 412.62080472921434)",0.9273619523409523,713.440410624,487.4011001417365,0.7922022824632294,27.9143911854962,17.872420344127427,10.326116458521447,0.577768218276851,0.6402582891871776,0.3699208909806604,0.23684491679387404,0.2137285340852814,20240220_P013T_A006,P013T_A006,20240220,40x,0.324,0.324,0.324,69,0.6359562443658553,"(199.0924684359624, 271.9923336283601, 284.5288858465987)",43.8975233246579,6,69
34,21740.0,25433.0,"(176.87953081876725, 188.03054277828886, 385.3851425942962)",0.8547949514410411,739.42574976,518.1407794682905,0.7631901044000556,28.704684020975918,16.637992927041285,11.490592618690302,0.6906237230101805,0.5796264092258633,0.40030374869458807,0.2320266244554964,0.2764592652583881,20240220_P013T_A006,P013T_A006,20240220,40x,0.324,0.324,0.324,69,0.6184598979677176,"(199.0924684359624, 271.9923336283601, 284.5288858465987)",43.123634960682246,5,69
35,3650.0,5097.0,"(192.39671232876714, 383.53260273972603, 327.6471232876712)",0.7161075142240534,124.1446176,185.4124579752526,0.6490783795238831,15.347470238143949,10.395833132900718,6.263221355148784,0.6024742101070235,0.6773646061266408,0.40809470603060305,0.27642890981278667,0.24586653566464559,20240220_P013T_A006,P013T_A006,20240220,40x,0.324,0.324,0.324,69,0.6727157773733117,"(199.0924684359624, 271.9923336283601, 284.5288858465987)",38.80601330096803,3,69
36,12720.0,15861.0,"(195.2805031446541, 172.9688679245283, 283.6165094339623)",0.8019670890864384,432.63548928,373.53951089337346,0.7405635626248118,19.74501436328242,14.630781897611328,11.616785075244453,0.7939961894409108,0.7409861359644563,0.5883401683843229,0.43595190800377703,0.46713985179217615,20240220_P013T_A006,P013T_A006,20240220,40x,0.324,0.324,0.324,69,0.6827989620442451,"(199.0924684359624, 271.9923336283601, 284.5288858465987)",32.10872738234657,6,69
37,15676.0,18043.0,"(195.28227864251085, 296.74489665731056, 197.82450880326613)",0.8688133902344399,533.175623424,403.8576626912531,0.7873526990983684,21.41171820181811,17.320141078456377,10.974956306460424,0.633652824001047,0.808909444594955,0.5125677539287118,0.4146208971477578,0.324790004768802,20240220_P013T_A006,P013T_A006,20240220,40x,0.324,0.324,0.324,69,0.6828051700787092,"(199.0924684359624, 271.9923336283601, 284.5288858465987)",29.240629185907416,6,69
38,12090.0,13132.0,"(200.6268817204301, 232.73589743589744, 213.70165425971877)",0.9206518428266829,411.20778816,316.1403854034008,0.8458857336735353,18.914389641663,14.958245897887616,10.45589377930839,0.6990053413137804,0.7908394709675892,0.5528010143281092,0.4371768617215886,0.38641086169902406,20240220_P013T_A006,P013T_A006,20240220,40x,0.324,0.324,0.324,69,0.7014925934280772,"(199.0924684359624, 271.9923336283601, 284.5288858465987)",26.24183779277329,7,69
39,3206.0,4141.0,"(191.3565190268247, 368.7121023081722, 254.13755458515283)",0.7742091282298962,109.04319014400001,157.96877896565326,0.6987340311805849,14.253226842703933,8.901637405423322,6.669068546547354,0.7491957089247675,0.6245348862864671,0.46789885687963884,0.29221915937489323,0.35054781578502936,20240220_P013T_A006,P013T_A006,20240220,40x,0.324,0.324,0.324,69,0.6690787378560304,"(199.0924684359624, 271.9923336283601, 284.5288858465987)",32.94331494511325,4,69
40,18428.0,20739.0,"(207.35565443889732, 334.6343064901237, 223.28456696331668)",0.8885674333381551,626.777263872,459.9250105452035,0.7700860453161329,27.45123287091251,17.97950881589767,9.345146420485335,0.5197665028658769,0.6549617971784745,0.34042720283020544,0.2229668125741124,0.1769426566954684,20240220_P013T_A006,P013T_A006,20240220,40x,0.324,0.324,0.324,69,0.7250197707653753,"(199.0924684359624, 271.9923336283601, 284.5288858465987)",28.51046022649599,4,69
41,19501.0,20914.0,"(214.12117327316548, 259.3578790831239, 404.6666837598072)",0.9324376016065793,663.272380224,430.02456576145494,0.8553006468147772,24.008571765906147,15.330441836987188,12.896048503903662,0.8412052725571056,0.6385403507741134,0.5371435098116479,0.3429878051711681,0.4518479525733876,20240220_P013T_A006,P013T_A006,20240220,40x,0.324,0.324,0.324,69,0.7486754310250542,"(199.0924684359624, 271.9923336283601, 284.5288858465987)",39.44103768085658,6,69
42,19569.0,21032.0,"(208.59635137206806, 197.80944350758853, 240.3398742909704)",0.930439330543933,665.585211456,419.0968815322891,0.8796410152069,20.13910719687608,17.116775436855125,13.729029235803178,0.802080350148335,0.8499272221715087,0.6817099239599254,0.5794038219980099,0.5467861345093719,20240220_P013T_A006,P013T_A006,20240220,40x,0.324,0.324,0.324,69,0.7293578719303079,"(199.0924684359624, 271.9923336283601, 284.5288858465987)",28.1453146070429,8,69
43,24650.0,27812.0,"(218.88827586206895, 293.76807302231236, 398.9448681541582)",0.8863080684596577,838.4013216,577.4102399459139,0.7446764375566872,29.708220229919615,20.336987117692193,10.158565240038921,0.49951180975088794,0.6845575722914056,0.34194459181395426,0.23408075963033614,0.17080536189151696,20240220_P013T_A006,P013T_A006,20240220,40x,0.324,0.324,0.324,69,0.765343621895346,"(199.0924684359624, 271.9923336283601, 284.5288858465987)",38.277379506375524,5,69
44,20335.0,23073.0,"(221.51566265060242, 191.6477010081141, 345.1318416523236)",0.8813331599705283,691.63857504,470.6356715398628,0.8036225009355483,23.795192359268658,17.657846671101105,12.086085687536059,0.6844597709253071,0.742076231387264,0.507921327344442,0.3769163444369803,0.34765171536225464,20240220_P013T_A006,P013T_A006,20240220,40x,0.324,0.324,0.324,69,0.7745302889881204,"(199.0924684359624, 271.9923336283601, 284.5288858465987)",33.4062350310114,6,69
45,12226.0,13543.0,"(220.1659577948634, 294.09790610175037, 204.54106003598886)",0.9027541903566418,415.833450624,329.36940416292174,0.8179884127860405,17.968050124876108,15.765090728095908,10.966238375560149,0.6956026174982021,0.8773957451437492,0.6103187769037773,0.5354910980367114,0.4245393387225687,20240220_P013T_A006,P013T_A006,20240220,40x,0.324,0.324,0.324,69,0.7698110412407811,"(199.0924684359624, 271.9923336283601, 284.5288858465987)",27.740910587453435,4,69
46,15400.0,16878.0,"(229.47376623376624, 264.74142857142857, 218.18032467532467)",0.9124303827467709,523.7882496,371.2119381839771,0.8465111653647179,20.279578708695432,16.818555884005363,11.09970448096865,0.6599677497593355,0.8293345796574138,0.5473340763341077,0.453923076128726,0.3612228387248254,20240220_P013T_A006,P013T_A006,20240220,40x,0.324,0.324,0.324,69,0.8023558259921897,"(199.0924684359624, 271.9923336283601, 284.5288858465987)",23.759895447349876,7,69
47,17489.0,19511.0,"(229.32500428840987, 190.64886500085768, 279.3925324489679)",0.8963661524268361,594.839785536,404.3951465977847,0.8458204776130834,20.7948357781163,16.479017656772182,12.60200101411025,0.7647301117449412,0.7924572154647203,0.6060158949354204,0.4802416686278837,0.4634386030531746,20240220_P013T_A006,P013T_A006,20240220,40x,0.324,0.324,0.324,69,0.8018356793301045,"(199.0924684359624, 271.9923336283601, 284.5288858465987)",28.165922557238357,6,69
48,13963.0,16213.0,"(229.73479911193868, 214.34204683807204, 361.19981379359734)",0.8612224757910318,474.912683712,371.9442244122887,0.7914354225837833,20.61068159652412,14.163133378097232,12.554872245863283,0.8864473637789032,0.6871744300045743,0.6091439619338254,0.41858815483260453,0.5399740592180761,20240220_P013T_A006,P013T_A006,20240220,40x,0.324,0.324,0.324,69,0.803268528363422,"(199.0924684359624, 271.9923336283601, 284.5288858465987)",32.62752261899846,6,69
49,4261.0,5443.0,"(229.65641868106079, 369.2710631307205, 296.26519596338886)",0.7828403453977586,144.926086464,185.6798792958396,0.7185941145399634,15.485454610606057,9.562585798092426,7.614148591311498,0.7962436889016349,0.6175205080219581,0.4916968072798156,0.30363286222420655,0.39151047964963664,20240220_P013T_A006,P013T_A006,20240220,40x,0.324,0.324,0.324,69,0.8029944709128,"(199.0924684359624, 271.9923336283601, 284.5288858465987)",33.255482546738236,6,69
50,12730.0,13966.0,"(236.15066771406129, 197.54564021995287, 309.95396700706993)",0.9114993555778319,432.97561152000003,330.83075561087935,0.8366051566554972,18.69350959857414,16.58727818206054,10.160579640309415,0.6125525555662458,0.8873281977679434,0.5435351551687448,0.48229406965940175,0.33294384833871055,20240220_P013T_A006,P013T_A006,20240220,40x,0.324,0.324,0.324,69,0.8257016353638507,"(199.0924684359624, 271.9923336283601, 284.5288858465987)",28.175065047389392,8,69
51,10163.0,12010.0,"(237.61300797008758, 357.1792777723113, 326.2609465708944)",0.8462114904246462,345.666232512,302.5016491452028,0.7873980748966374,21.057840485830557,12.123931054539263,10.199906258932636,0.8413035518800429,0.5757442726711335,0.4843757015728165,0.27887653600161133,0.4075069981775983,20240220_P013T_A006,P013T_A006,20240220,40x,0.324,0.324,0.324,69,0.8308147131821244,"(199.0924684359624, 271.9923336283601, 284.5288858465987)",33.1719869701387,5,69
52,15721.0,19628.0,"(241.25838051014566, 310.8244386489409, 367.8577062527829)",0.8009476258406358,534.706173504,529.8546206676398,0.6012718392718656,24.938292512773224,22.71299390940448,7.621760875368801,0.3355683053396565,0.9107678040816564,0.3056248085736017,0.2783532357774558,0.10255799908280043,20240220_P013T_A006,P013T_A006,20240220,40x,0.324,0.324,0.324,69,0.8435607710144953,"(199.0924684359624, 271.9923336283601, 284.5288858465987)",32.76982327069653,5,69
53,14034.0,17996.0,"(244.05657688470856, 429.0529428530711, 268.0098332620778)",0.7798399644365415,477.327551616,402.27791426256226,0.734235879818985,21.65666580216921,19.673715706196198,9.192930680922412,0.46726967178991596,0.9084369628230402,0.4244850414601501,0.3856179018278711,0.1983489860028132,20240220_P013T_A006,P013T_A006,20240220,40x,0.324,0.324,0.324,69,0.8533446744220579,"(199.0924684359624, 271.9923336283601, 284.5288858465987)",53.20183110414152,2,69
54,18356.0,22154.0,"(243.1754194813685, 256.3287753323164, 372.0465242972325)",0.8285636905299268,624.328383744,460.0838633817344,0.767813675086388,22.923440120684756,19.54915994720343,10.569140735330375,0.5406442406668387,0.8528021904340364,0.46106259268622635,0.3931951889700098,0.24927083532272878,20240220_P013T_A006,P013T_A006,20240220,40x,0.324,0.324,0.324,69,0.8502637044803094,"(199.0924684359624, 271.9923336283601, 284.5288858465987)",32.15280187969163,7,69
55,4708.0,7556.0,"(238.9322429906542, 360.71898895497026, 273.71346644010197)",0.6230809952355744,160.12955059200002,233.21419876198237,0.6114723069610676,20.592617309226053,10.927988645574983,6.910590632593795,0.6323753489066871,0.5306750706564602,0.3355858329624599,0.1780870356186605,0.21221620820777684,20240220_P013T_A006,P013T_A006,20240220,40x,0.324,0.324,0.324,69,0.8354274230442454,"(199.0924684359624, 271.9923336283601, 284.5288858465987)",31.706674265570864,7,69
56,32714.0,41768.0,"(261.74518554747203, 425.6758574310693, 279.96790364981354)",0.7832311817659452,1112.675895936,713.1868039498466,0.7281037686255162,34.26810725400493,22.445023075466217,11.963232239193903,0.5330015566912225,0.6549828652366861,0.3491068867772309,0.22865902897521007,0.18607451410389042,20240220_P013T_A006,P013T_A006,20240220,40x,0.324,0.324,0.324,69,0.9151929564596925,"(199.0924684359624, 271.9923336283601, 284.5288858465987)",53.79257849281228,2,69
57,11193.0,12462.0,"(242.47047261681408, 222.407844188332, 242.8295363173412)",0.898170438131921,380.698823232,299.2539690662566,0.8488518408558507,17.795031945791806,13.655872314631404,11.214385010196576,0.8212133763275651,0.7673980218878317,0.6301975205416009,0.4836123306622407,0.5175266335972282,20240220_P013T_A006,P013T_A006,20240220,40x,0.324,0.324,0.324,69,0.8477988553035457,"(199.0924684359624, 271.9923336283601, 284.5288858465987)",25.26183887682939,7,69
58,31941.0,41977.0,"(256.91559437713283, 293.4519582981121, 242.9341911649604)",0.7609166924744503,1086.384446784,747.9756621325963,0.6832595079650478,32.96555157428677,22.909928633220325,12.579212346388651,0.54907252430932,0.6949657305625105,0.3815865879884283,0.26518960189423385,0.20951871110938677,20240220_P013T_A006,P013T_A006,20240220,40x,0.324,0.324,0.324,69,0.898306274045919,"(199.0924684359624, 271.9923336283601, 284.5288858465987)",24.102960845553877,7,69
59,18947.0,23499.0,"(256.9894442391935, 242.69683854963847, 244.2427824985486)",0.8062896293459296,644.429608128,475.0942165666136,0.7594305049228652,30.365887499104172,15.525103710480439,11.078655220468525,0.7135962134017645,0.5112679058347446,0.3648388416375236,0.1865303905311907,0.26034761589442285,20240220_P013T_A006,P013T_A006,20240220,40x,0.324,0.324,0.324,69,0.8985644903468305,"(199.0924684359624, 271.9923336283601, 284.5288858465987)",24.745744641671372,5,69
60,21677.0,24122.0,"(263.9249434884901, 402.73677169350003, 276.4337777367717)",0.8986402454191195,737.282979648,484.5549100423294,0.8145115828662096,29.079414096956867,18.691185047050876,10.377680666707377,0.5552179083661035,0.6427634678171487,0.3568737881755806,0.22938543366077874,0.19814271822153376,20240220_P013T_A006,P013T_A006,20240220,40x,0.324,0.324,0.324,69,0.9228144877219934,"(199.0924684359624, 271.9923336283601, 284.5288858465987)",47.35599858784292,4,69
61,36691.0,40419.0,"(263.1354828159494, 216.58466653947835, 284.0735875282767)",0.9077661495831169,1247.942510784,618.2520629465934,0.9066679618489921,28.3907346530944,18.607112229116872,17.539233578718946,0.9426091143403282,0.6553938267704821,0.6177801945962427,0.40488932583944454,0.5823252420853599,20240220_P013T_A006,P013T_A006,20240220,40x,0.324,0.324,0.324,69,0.9200541357201028,"(199.0924684359624, 271.9923336283601, 284.5288858465987)",27.438275408187064,7,69
62,29216.0,35391.0,"(265.28368017524645, 230.3577834063527, 328.20368975903614)",0.8255206125851206,993.701136384,632.7646285457711,0.7610487108479609,26.830239109891227,22.903124896919692,12.68400896822,0.553811282316585,0.85363103933264,0.4727505005180486,0.40355450110224755,0.2618145609077079,20240220_P013T_A006,P013T_A006,20240220,40x,0.324,0.324,0.324,69,0.9275653152980645,"(199.0924684359624, 271.9923336283601, 284.5288858465987)",29.01962351811409,8,69
63,28394.0,31120.0,"(268.21434105797, 337.22483623300695, 300.1711981404522)",0.9124035989717224,965.743088256,505.15891769177847,0.9353277929861586,23.851599445033862,20.298225237693195,14.892402276685518,0.7336800189324323,0.8510215545280543,0.6243775102380508,0.5313587193751422,0.45809330353243805,20240220_P013T_A006,P013T_A006,20240220,40x,0.324,0.324,0.324,69,0.9378123813215734,"(199.0924684359624, 271.9923336283601, 284.5288858465987)",31.208104178672002,6,69
64,28762.0,32563.0,"(270.13229260830263, 252.47187260969335, 270.4511160559071)",0.8832724257592973,978.259586688,535.562628878507,0.889835923931792,23.934652512127656,21.09281522157329,14.858553737995162,0.7044367279526607,0.8812668247799123,0.6207967185011921,0.5470875529473346,0.4373120091047287,20240220_P013T_A006,P013T_A006,20240220,40x,0.324,0.324,0.324,69,0.9445185056234358,"(199.0924684359624, 271.9923336283601, 284.5288858465987)",24.301919341451885,9,69
65,21088.0,23969.0,"(270.2096927162367, 251.39961115326253, 304.52878414264035)",0.8798030789770119,717.249779712,465.17079796514497,0.833013354047153,27.181576211393075,21.417702403602075,9.55430204526898,0.44609369694398765,0.7879492431577574,0.351499190884461,0.27696352142797515,0.15680157353446963,20240220_P013T_A006,P013T_A006,20240220,40x,0.324,0.324,0.324,69,0.944789135371457,"(199.0924684359624, 271.9923336283601, 284.5288858465987)",24.84831969238075,7,69
66,45289.0,50066.0,"(270.32237408642277, 278.9663715250944, 333.2789639868401)",0.9045859465505532,1540.3796127360001,659.760697285601,0.9776487708809224,28.541766000568643,20.950777752329046,19.69347408369984,0.9399877329857392,0.7340392935711,0.6899879314863517,0.5064782538008261,0.6485801915053754,20240220_P013T_A006,P013T_A006,20240220,40x,0.324,0.324,0.324,69,0.9451831261763034,"(199.0924684359624, 271.9923336283601, 284.5288858465987)",28.057178018686038,7,69
67,9145.0,11166.0,"(270.1544013121925, 301.76949152542375, 352.93231273920173)",0.8190041196489343,311.04178848,305.30797749668733,0.7271518820164194,19.47310091520867,13.956233297361784,9.007111496139052,0.6453826977685814,0.7166929066988935,0.46254120159693807,0.3314999982405084,0.2985160885157532,20240220_P013T_A006,P013T_A006,20240220,40x,0.324,0.324,0.324,69,0.9445958087838898,"(199.0924684359624, 271.9923336283601, 284.5288858465987)",33.38223155818685,5,69
68,21726.0,28571.0,"(271.8944122249839, 293.0924238239897, 279.16602227745557)",0.7604214063210948,738.949578624,481.0736236811275,0.8216416555517883,20.92789117810395,19.595271470618094,15.775305322712944,0.8050567376097364,0.9363232684963441,0.7537933558837521,0.7057942587519027,0.6068464199196684,20240220_P013T_A006,P013T_A006,20240220,40x,0.324,0.324,0.324,69,0.9506797630244193,"(199.0924684359624, 271.9923336283601, 284.5288858465987)",24.619943551199512,6,69
69,5257.0,6613.0,"(273.1008179570097, 294.54708008369795, 294.79627163781623)",0.7949493422047482,178.802261568,208.911727225758,0.7346886149193345,15.89802769535932,12.830376416045105,6.886227453361048,0.5367128157479023,0.8070420219352322,0.43314979601973885,0.34957008718060345,0.23247704666238359,20240220_P013T_A006,P013T_A006,20240220,40x,0.324,0.324,0.324,69,0.9548979648846494,"(199.0924684359624, 271.9923336283601, 284.5288858465987)",25.28730560611465,6,69
1,20370.0,21593.0,"(41.41369661266568, 243.12587137947963, 255.44285714285715)",0.9433612744871023,692.82900288,422.99652044537174,0.8951545757851577,19.221414300495056,17.139699168013106,14.889138985404067,0.868693133960651,0.8916981289754348,0.7746120422065191,0.6907201087173936,0.6729001625480412,20240220_P013T_C002,P013T_C002,20240220,40x,0.324,0.324,0.324,9,0.2110184414420183,"(75.23810241924726, 249.72509555765652, 241.77516834968011)",12.011820565990721,2,9
2,32968.0,37392.0,"(61.75561150206261, 214.52584324193157, 239.76013103615628)",0.8816859221223792,1121.3150008320001,675.982492738713,0.7721477867554208,30.849893513406613,20.20305471618945,13.244056253786766,0.6555472150047595,0.6548824781975242,0.42930638473780214,0.2811452291431117,0.281430604898628,20240220_P013T_C002,P013T_C002,20240220,40x,0.324,0.324,0.324,9,0.43212621197894135,"(75.23810241924726, 249.72509555765652, 241.77516834968011)",12.229982041015042,3,9
3,43823.0,52882.0,"(73.7110649658855, 254.88823220683201, 231.57599890468475)",0.8286940735978215,1490.517692352,799.6197102812584,0.7891484794336281,32.274176428051504,19.085368135717946,18.902495883091735,0.9904181962157718,0.5913510505299729,0.5856848407961975,0.3463453458843113,0.5800729235722915,20240220_P013T_C002,P013T_C002,20240220,40x,0.324,0.324,0.324,9,0.562076793107451,"(75.23810241924726, 249.72509555765652, 241.77516834968011)",3.736731215365232,1,9
4,32581.0,40394.0,"(84.52567447285227, 231.69693993431756, 261.9655013658267)",0.8065801851760163,1108.152270144,709.2025058013439,0.7302083980187978,31.066494528605176,20.448345571877883,14.107102945996994,0.689889697746411,0.6582121955552342,0.4540938126446021,0.2988900854088507,0.31327464315389986,20240220_P013T_C002,P013T_C002,20240220,40x,0.324,0.324,0.324,9,0.6796268964440465,"(75.23810241924726, 249.72509555765652, 241.77516834968011)",9.27185279480254,2,9
5,3005.0,3358.0,"(73.60066555740433, 507.0505823627288, 171.45457570715473)",0.8948779035139964,102.20673312,109.11937597488264,0.968802510233291,14.680259453670843,9.63921475149231,5.380535583698838,0.5581923136286431,0.6566106533683909,0.3665150197569171,0.24065766659191803,0.20458586685776137,20240220_P013T_C002,P013T_C002,20240220,40x,0.324,0.324,0.324,9,0.5608767995370035,"(75.23810241924726, 249.72509555765652, 241.77516834968011)",86.43216842496831,0,9
6,4671.0,5489.0,"(93.34467994005566, 340.9882252194391, 268.487047741383)",0.8509746766259793,158.87109830400001,181.7521121483322,0.7804910426928977,18.00338973920032,8.592608965868846,7.587133909539762,0.8829837293512385,0.4772772844637932,0.42142807657047204,0.20113804798235438,0.3721141347035147,20240220_P013T_C002,P013T_C002,20240220,40x,0.324,0.324,0.324,9,0.775485651522344,"(75.23810241924726, 249.72509555765652, 241.77516834968011)",31.363353106056003,0,9
7,12624.0,14771.0,"(96.19470849176173, 239.8167775665399, 201.30790557667933)",0.8546476203371471,429.370315776,368.0445908797443,0.7478336955213157,22.428071542413033,17.854606535537123,8.31390142084321,0.4656446169393619,0.7960830025788365,0.37069176478775934,0.2951014131434872,0.17261062481717224,20240220_P013T_C002,P013T_C002,20240220,40x,0.324,0.324,0.324,9,0.8064642227365405,"(75.23810241924726, 249.72509555765652, 241.77516834968011)",15.110192401130794,1,9
8,17110.0,18520.0,"(100.1865575686733, 264.4562244301578, 247.56545879602572)",0.923866090712743,581.94915264,402.7686663965375,0.8369223019413864,22.69955604240183,16.30000388148845,11.508190683707609,0.7060238002014958,0.7180758888429676,0.5069786678739789,0.364049157558031,0.35793900571347864,20240220_P013T_C002,P013T_C002,20240220,40x,0.324,0.324,0.324,9,0.849853886616014,"(75.23810241924726, 249.72509555765652, 241.77516834968011)",9.57286517855735,2,9
9,5257.0,6215.0,"(99.34601483735972, 312.39699448354577, 256.1344873501997)",0.8458567980691875,178.802261568,193.59273004941218,0.7928245418963964,16.518614922863808,10.78948664366603,7.458429347748573,0.6912682312023662,0.6531713884032763,0.4515166303335265,0.29491774432211837,0.31211910240910956,20240220_P013T_C002,P013T_C002,20240220,40x,0.324,0.324,0.324,9,0.8407175525799969,"(75.23810241924726, 249.72509555765652, 241.77516834968011)",22.24808796861901,0,9
1,6209.0,9501.0,"(19.08455467869222, 285.4448381381865, 361.3089064261556)",0.6535101568255973,211.181898816,274.3391808354819,0.6251257864759373,18.545638788920375,12.364724783631559,8.064082630509505,0.6521845630712905,0.6667187323317519,0.4348236651372283,0.28990508280813904,0.28358528206058037,20240220_P013T_B006,P013T_B006,20240220,40x,0.324,0.324,0.324,17,0.05820063916814967,"(159.9342822447395, 279.56256245894133, 317.31738100451895)",47.847353378007504,1,17
2,9209.0,11430.0,"(61.26919318058421, 309.8528613313063, 300.128026930177)",0.805686789151356,313.218570816,304.5482836326057,0.7323628464374362,18.83569409561465,15.287232006159265,8.592614671297413,0.5620778613051354,0.8116096985095154,0.4561878435527341,0.37024647816954054,0.25641308745752245,20240220_P013T_B006,P013T_B006,20240220,40x,0.324,0.324,0.324,17,0.23251732719249674,"(159.9342822447395, 279.56256245894133, 317.31738100451895)",33.90064487300729,0,17
3,12931.0,15278.0,"(64.88183435155827, 277.5281880751682, 364.13378702343203)",0.846380416284854,439.812068544,370.82055130595955,0.754220659093672,23.915057983289408,15.983419984951949,8.772274467749952,0.5488358859373564,0.6683412599760505,0.36680966752744476,0.24515403536668862,0.20131830884781232,20240220_P013T_B006,P013T_B006,20240220,40x,0.324,0.324,0.324,17,0.24744559649404244,"(159.9342822447395, 279.56256245894133, 317.31738100451895)",34.33617787476912,0,17
4,11028.0,12806.0,"(86.41884294523032, 315.70856002901706, 351.4805948494741)",0.8611588317975949,375.086806272,325.9586310615811,0.7716306997750504,19.294741503176766,16.92054953455514,8.399912843464744,0.49643262627555007,0.8769513461359029,0.4353472598781252,0.38177836558669864,0.21612058356316208,20240220_P013T_B006,P013T_B006,20240220,40x,0.324,0.324,0.324,17,0.33644149977367904,"(159.9342822447395, 279.56256245894133, 317.31738100451895)",28.757948953283925,1,17
5,30608.0,38953.0,"(120.69485101934134, 272.5540054887611, 309.4232880292734)",0.7857674633532719,1041.046152192,670.3382367180558,0.7410317011064491,37.04362659667381,16.87784014990987,13.366586825530215,0.7919607430102125,0.4556206208877332,0.3608336454490235,0.16440324957666827,0.2857660819528922,20240220_P013T_B006,P013T_B006,20240220,40x,0.324,0.324,0.324,17,0.47807789677413776,"(159.9342822447395, 279.56256245894133, 317.31738100451895)",13.165605697383443,1,17
6,11781.0,13096.0,"(111.01952296069943, 241.42330871742635, 308.1678974620151)",0.8995876603543067,400.69801094400003,313.92441630983865,0.8372795554333626,17.368040658878282,14.591334140593762,11.68472956910725,0.8007992591026886,0.8401255171598697,0.6727718916948867,0.5652128334407907,0.5387552324143795,20240220_P013T_B006,P013T_B006,20240220,40x,0.324,0.324,0.324,17,0.4380972023169398,"(159.9342822447395, 279.56256245894133, 317.31738100451895)",20.313971640861073,1,17
7,13214.0,15489.0,"(155.76736794309065, 246.2846223702134, 333.59679128197365)",0.8531215701465557,449.437527936,350.1521985070324,0.8103515908432977,16.949243198770716,15.498160555921814,12.737227850863567,0.8218541681062079,0.9143865819947556,0.7514924236727788,0.6871545886771069,0.6176171806957096,20240220_P013T_B006,P013T_B006,20240220,40x,0.324,0.324,0.324,17,0.6230056526573994,"(159.9342822447395, 279.56256245894133, 317.31738100451895)",12.078742902154458,2,17
8,2121.0,2713.0,"(156.9005186232909, 297.8637435172089, 298.2079207920792)",0.7817913748617766,72.139927104,110.25355620658772,0.7601080245650155,10.14828533034875,8.195838791660842,7.068282115461596,0.8624232729728017,0.8076082337920615,0.6965001362667333,0.5624992448863068,0.6006779271451586,20240220_P013T_B006,P013T_B006,20240220,40x,0.324,0.324,0.324,17,0.6276880934846731,"(159.9342822447395, 279.56256245894133, 317.31738100451895)",8.62904169882683,4,17
9,25121.0,28439.0,"(176.16125950400064, 289.7204729111102, 317.5872775765296)",0.8833292309856183,854.421079104,556.7754348685154,0.7820815274848248,28.72803056624692,17.940769938628186,12.528200934062182,0.6983089899106154,0.6245039978378162,0.4360967559252666,0.27234416751943136,0.3045302851334691,20240220_P013T_B006,P013T_B006,20240220,40x,0.324,0.324,0.324,17,0.7072779318347134,"(159.9342822447395, 279.56256245894133, 317.31738100451895)",6.203316386366187,5,17
10,32962.0,40643.0,"(186.22504702384563, 311.0754505187792, 311.3720344639282)",0.8110129665625077,1121.110927488,685.4369665415109,0.7614048849344955,33.34970888013417,19.69530826608181,13.187820659351845,0.6695919901930752,0.5905691212139472,0.39544035322022236,0.23353486189379966,0.26478369311538136,20240220_P013T_B006,P013T_B006,20240220,40x,0.324,0.324,0.324,17,0.7488638306770481,"(159.9342822447395, 279.56256245894133, 317.31738100451895)",13.435704460035133,4,17
11,14833.0,15995.0,"(182.7320838670532, 278.7614777860177, 292.612216004854)",0.9273522975929979,504.503318592,349.99588468337583,0.8756499721262433,18.910601475388173,14.54280161374111,12.979002880658234,0.8924692246640232,0.769029035521071,0.6863347470756118,0.5278113485881559,0.6125326395825498,20240220_P013T_B006,P013T_B006,20240220,40x,0.324,0.324,0.324,17,0.7344300986241868,"(159.9342822447395, 279.56256245894133, 317.31738100451895)",10.894914558540115,4,17
12,29075.0,32130.0,"(187.82768701633705, 272.35673258813415, 338.3190369733448)",0.9049175225645814,988.9054128,582.4997656715813,0.824058807594704,23.528597587923596,20.41727427720108,14.77866762876566,0.7238315667468032,0.8677641836027045,0.6281151085839061,0.5450557944088373,0.4546495431436271,20240220_P013T_B006,P013T_B006,20240220,40x,0.324,0.324,0.324,17,0.7554863099848639,"(159.9342822447395, 279.56256245894133, 317.31738100451895)",11.55111378673748,4,17
13,2624.0,2892.0,"(194.20884146341464, 208.6356707317073, 29.18483231707317)",0.9073305670816044,89.24807577600001,117.43856602411674,0.8223801624760607,12.356725798987533,9.481285178256178,5.470406549286831,0.5769688862257133,0.7672975294987157,0.4427068009986154,0.3396878346985172,0.25542804989671963,20240220_P013T_B006,P013T_B006,20240220,40x,0.324,0.324,0.324,17,0.7818547167909696,"(159.9342822447395, 279.56256245894133, 317.31738100451895)",96.78099377774981,0,17
14,14505.0,15791.0,"(216.54022750775596, 240.33236814891416, 333.4235091347811)",0.9185612057501108,493.34730912000003,373.5139741959829,0.8083742028798215,23.911555414431756,15.503367828180572,9.595358550410248,0.6189209116853115,0.6483630010460781,0.4012854197104633,0.260178618999511,0.24836393781322283,20240220_P013T_B006,P013T_B006,20240220,40x,0.324,0.324,0.324,17,0.8741331715196528,"(159.9342822447395, 279.56256245894133, 317.31738100451895)",22.91632679951679,3,17
15,2656.0,3052.0,"(205.46837349397592, 503.50640060240966, 13.128765060240964)",0.8702490170380078,90.33646694400001,116.87192202849195,0.8330722580464691,12.913549074527992,8.48548085058955,6.070032368690215,0.715343358328183,0.6570990516717965,0.4700514423771671,0.3088703570229967,0.33624817737708906,20240220_P013T_B006,P013T_B006,20240220,40x,0.324,0.324,0.324,17,0.828381708652793,"(159.9342822447395, 279.56256245894133, 317.31738100451895)",123.27121095734203,0,17
16,20972.0,27413.0,"(222.8186629792104, 267.34264733930956, 330.8164695784856)",0.7650384853901434,713.304361728,529.5782985536844,0.7290162309467292,26.65481746196583,16.74706430741787,12.74431718557064,0.7609881321065765,0.6282940909767817,0.4781243467060205,0.30040270178752676,0.36384695351449164,20240220_P013T_B006,P013T_B006,20240220,40x,0.324,0.324,0.324,17,0.9000771197488032,"(159.9342822447395, 279.56256245894133, 317.31738100451895)",21.211478665650727,4,17
17,11316.0,13166.0,"(238.3759278897137, 254.91525273948392, 323.5145811240721)",0.8594865562813307,384.882326784,331.07727218524025,0.7728705087830051,21.09860815345673,14.541055850078031,9.561029660868197,0.6575196298979135,0.689195028615936,0.4531592601430321,0.31231510926185335,0.29796110901405876,20240220_P013T_B006,P013T_B006,20240220,40x,0.324,0.324,0.324,17,0.9643633383872466,"(159.9342822447395, 279.56256245894133, 317.31738100451895)",26.715734178974817,2,17
1,18056.0,24134.0,"(34.382089056269386, 269.27591936198496, 292.4468874612317)",0.7481561282837491,614.124716544,485.4942790306758,0.7196771694570843,27.4837447476245,15.612781456301473,12.33648815308347,0.7901531311132484,0.568073295676017,0.448864893280227,0.25498815923896223,0.3546720008721854,20240220_P013T_A007,P013T_A007,20240220,40x,0.324,0.324,0.324,11,0.1250662528623307,"(74.42304865653749, 263.8008235386099, 283.1907377967736)",13.433039322445687,0,11
2,21212.0,25958.0,"(45.63468791250236, 280.80855176315293, 263.885630775033)",0.8171661915401803,721.467295488,521.1330304117555,0.7464716012315182,33.881273443803416,14.37956346315329,11.704125995677364,0.8139416767183815,0.4244103601065557,0.345445280121782,0.14661055573359547,0.2811723105167742,20240220_P013T_A007,P013T_A007,20240220,40x,0.324,0.324,0.324,11,0.23023072815422765,"(74.42304865653749, 263.8008235386099, 283.1907377967736)",12.509587933357988,0,11
3,19614.0,21057.0,"(60.78392984602835, 227.42673600489445, 275.3408279800143)",0.9314717196181792,667.115761536,461.08906537862254,0.8007558173043468,28.96985863154798,15.828381093861836,10.331601370358499,0.6527263470024133,0.5463741226760712,0.3566327851910004,0.19485492512625663,0.23278361509901802,20240220_P013T_A007,P013T_A007,20240220,40x,0.324,0.324,0.324,11,0.3718124284675547,"(74.42304865653749, 263.8008235386099, 283.1907377967736)",12.840872094424434,0,11
4,8314.0,9759.0,"(53.21926870339187, 292.6086119797931, 332.2161414481597)",0.8519315503637668,282.777630336,267.02186512693936,0.7802503998938592,17.41628263914256,14.9632704502012,8.222909797197133,0.5495396093095788,0.8591540893216623,0.4721392025825532,0.40564032662786925,0.2594591929269524,20240220_P013T_A007,P013T_A007,20240220,40x,0.324,0.324,0.324,11,0.3011146607793633,"(74.42304865653749, 263.8008235386099, 283.1907377967736)",19.66276736747273,0,11
5,26067.0,27828.0,"(72.3515556067058, 256.6453370161507, 252.98177772662754)",0.9367184131090988,886.596643008,536.5037889389894,0.83188262349217,27.968328363002446,18.204864088825538,12.513274192751602,0.6873588361712882,0.6509099811952871,0.44740872712666774,0.2912228061606266,0.30753034197066387,20240220_P013T_A007,P013T_A007,20240220,40x,0.324,0.324,0.324,11,0.4799210804365028,"(74.42304865653749, 263.8008235386099, 283.1907377967736)",10.080896134343638,0,11
6,8878.0,10774.0,"(70.07006082451002, 261.248817301194, 324.33352106330256)",0.824020790792649,301.960524672,289.0726082202696,0.7529693488252902,18.006703984449143,15.528697182435229,8.414366662543028,0.5418591504289658,0.8623842095613968,0.4672907751362937,0.402984185751245,0.253205782418645,20240220_P013T_A007,P013T_A007,20240220,40x,0.324,0.324,0.324,11,0.4585986992944862,"(74.42304865653749, 263.8008235386099, 283.1907377967736)",13.43014140262178,0,11
7,21579.0,22990.0,"(77.85212475091524, 289.0022243848186, 300.7648639881366)",0.9386254893431927,733.9497816960001,452.33525193435247,0.8698971738377065,23.596474056746008,15.657968650235066,14.113376260515897,0.9013542290049239,0.6635723885094011,0.5981137786338471,0.39689178868844516,0.539112383797733,20240220_P013T_A007,P013T_A007,20240220,40x,0.324,0.324,0.324,11,0.5313282687001425,"(74.42304865653749, 263.8008235386099, 283.1907377967736)",10.016364910617318,0,11
8,16013.0,18868.0,"(88.4279023293574, 289.8511834134766, 276.5699743958034)",0.848685605257579,544.637742912,420.2614669494691,0.7674257639723492,26.20589815830501,13.849766925948975,11.713530703746327,0.8457565218516286,0.5284980824654465,0.44698070003123125,0.23622844286556863,0.3780368421932203,20240220_P013T_A007,P013T_A007,20240220,40x,0.324,0.324,0.324,11,0.6301673114893215,"(74.42304865653749, 263.8008235386099, 283.1907377967736)",9.819881904664445,1,11
9,19755.0,21746.0,"(95.43771197165275, 235.41214882308276, 294.89339407744876)",0.9084429320334774,671.9114851200001,469.7926632353421,0.789682664257302,26.039775346086635,18.283281289150164,10.393423187225695,0.5684659675062516,0.7021289948224477,0.39913643835593465,0.28024526625986423,0.22689548159700573,20240220_P013T_A007,P013T_A007,20240220,40x,0.324,0.324,0.324,11,0.6956795511369416,"(74.42304865653749, 263.8008235386099, 283.1907377967736)",12.055608937222381,0,11
10,12024.0,13395.0,"(106.35237857618097, 264.7319527611444, 301.16175981370594)",0.8976483762597984,408.962981376,312.1257365719401,0.8536448207644831,18.464658588404735,13.339346334134289,12.277672428359526,0.9204103500140763,0.7224258315022953,0.6649282124322378,0.48036131675569416,0.61200680873899,20240220_P013T_A007,P013T_A007,20240220,40x,0.324,0.324,0.324,11,0.7976857810858035,"(74.42304865653749, 263.8008235386099, 283.1907377967736)",11.87497236466344,0,11
11,20343.0,22797.0,"(112.41001818807452, 254.56633731504695, 267.9741925969621)",0.8923542571390972,691.910672832,462.87966448929376,0.8173022781089846,23.530818897191548,18.27932251342552,11.923158117261007,0.6522757125437153,0.7768247502685592,0.5067039175030181,0.39362014417438274,0.33051065883797315,20240220_P013T_A007,P013T_A007,20240220,40x,0.324,0.324,0.324,11,0.8542992354025656,"(74.42304865653749, 263.8008235386099, 283.1907377967736)",13.591901709440721,0,11
1,5788.0,8157.0,"(53.582757429163784, 307.0297166551486, 237.62404975812024)",0.7095745985043521,196.86275251200001,257.6738438350287,0.6351205384469124,14.981565984559863,12.83944541837047,8.426889456838438,0.6563281498733101,0.8570162446037296,0.562483886232138,0.4820578278287784,0.3691740083842886,20240220_P013T_A002,P013T_A002,20240220,40x,0.324,0.324,0.324,51,0.06913602983057027,"(156.61645290692923, 246.57410344769445, 249.60200612940753)",38.899293477736045,0,51
2,16925.0,20271.0,"(79.54576070901034, 255.05695716395863, 304.16413589364845)",0.8349366089487446,575.6568912,439.2589883707403,0.7618554981308268,27.794203028112374,14.039697566741818,11.340422900843127,0.8077398282215911,0.5051304242305995,0.4080139620975239,0.20610026576633003,0.32956912765666474,20240220_P013T_A002,P013T_A002,20240220,40x,0.324,0.324,0.324,51,0.21178989400555132,"(156.61645290692923, 246.57410344769445, 249.60200612940753)",30.718338004329528,3,51
3,12574.0,15069.0,"(82.87004930809607, 292.19651662160015, 223.19548274216638)",0.834428296502754,427.669704576,369.65584559994835,0.7426067125160927,22.7309450763445,12.701233577215726,10.926772338216264,0.8602922127042366,0.558763990434941,0.48070030971072425,0.2685980232572763,0.4135427330886508,20240220_P013T_A002,P013T_A002,20240220,40x,0.324,0.324,0.324,51,0.23005521597854983,"(156.61645290692923, 246.57410344769445, 249.60200612940753)",29.370275828389747,1,51
4,15852.0,19113.0,"(84.53595760787282, 325.62824880141306, 259.3204642947262)",0.8293831423638361,539.161774848,437.1050357048412,0.7328994191482588,19.247280851980747,16.078621796049173,13.517506519905663,0.8407130095707067,0.8353710801905047,0.7023073349352914,0.5866872370106089,0.5904389131970311,20240220_P013T_A002,P013T_A002,20240220,40x,0.324,0.324,0.324,51,0.23920855828501553,"(156.61645290692923, 246.57410344769445, 249.60200612940753)",34.80490602019771,1,51
5,10392.0,12454.0,"(93.80196304849885, 208.49682448036953, 265.3044649730562)",0.8344307049943793,353.455031808,323.6212973406078,0.7470273040975872,19.038050627908913,14.893938048012963,9.717878168797972,0.6524720418112964,0.7823247421234992,0.5104450218528155,0.39933377008922777,0.33305110564071827,20240220_P013T_A002,P013T_A002,20240220,40x,0.324,0.324,0.324,51,0.290120676090653,"(156.61645290692923, 246.57410344769445, 249.60200612940753)",24.336922040542696,4,51
6,17370.0,21402.0,"(101.25267702936097, 238.26689694876222, 285.2546344271733)",0.8116063919259883,590.79233088,478.82178860105597,0.7111045420266067,26.649155089379008,16.396979559712822,10.527262588554109,0.6420244990985696,0.6152907851944552,0.3950317581644357,0.24305940065774176,0.2536200666635491,20240220_P013T_A002,P013T_A002,20240220,40x,0.324,0.324,0.324,51,0.33105866499648884,"(156.61645290692923, 246.57410344769445, 249.60200612940753)",21.504588726180422,4,51
7,6621.0,8808.0,"(96.5639631475608, 210.34284851230933, 227.55641141821476)",0.7517029972752044,225.194935104,255.7309202515125,0.6999601174818085,16.768687098204293,13.377723007934849,8.527625415404,0.6374496923240175,0.7977799889513967,0.5085446084993259,0.4057067121498846,0.3241716042209332,20240220_P013T_A002,P013T_A002,20240220,40x,0.324,0.324,0.324,51,0.3052965008107736,"(156.61645290692923, 246.57410344769445, 249.60200612940753)",23.820090435868618,3,51
8,6240.0,7400.0,"(110.98141025641026, 227.75817307692307, 258.0407051282051)",0.8432432432432433,212.23627776,238.08903517136494,0.7226995920970749,19.12361234074237,12.56956512174802,6.737634406323237,0.5360276462282452,0.6572798537109478,0.35232017289792467,0.23157295170176379,0.1888533529972029,20240220_P013T_A002,P013T_A002,20240220,40x,0.324,0.324,0.324,51,0.38451324316708935,"(156.61645290692923, 246.57410344769445, 249.60200612940753)",16.22527817948688,4,51
9,16308.0,19910.0,"(112.84099828305126, 286.3560829040961, 306.9738778513613)",0.8190858864892014,554.671348992,430.71924018836086,0.7579612581370859,24.443232623226024,13.65807917875554,12.302328444327706,0.9007363541619647,0.5587673033794064,0.5033020236708791,0.2812287145519753,0.4533424298436464,20240220_P013T_A002,P013T_A002,20240220,40x,0.324,0.324,0.324,51,0.39473075979698496,"(156.61645290692923, 246.57410344769445, 249.60200612940753)",26.698913233042433,3,51
10,9906.0,12428.0,"(106.48960226125581, 231.8826973551383, 207.5912578235413)",0.797071129707113,336.92509094400003,327.77818843565314,0.7143751024432936,17.98108936095654,13.379006301966713,10.842463607554775,0.8104087376026524,0.7440598304915488,0.6029925879294996,0.44866256276248384,0.4886704619677021,20240220_P013T_A002,P013T_A002,20240220,40x,0.324,0.324,0.324,51,0.3598329794574495,"(156.61645290692923, 246.57410344769445, 249.60200612940753)",21.71873659532545,2,51
11,17625.0,20722.0,"(113.58910638297873, 332.9135319148936, 254.17560283687942)",0.850545314158865,599.465448,429.6846988743787,0.8001603122200386,22.376558379239082,15.734587293616167,12.63621096958225,0.8030849957347791,0.7031728037415567,0.5647075280936007,0.397086975823541,0.45350814279044693,20240220_P013T_A002,P013T_A002,20240220,40x,0.324,0.324,0.324,51,0.39884124386252046,"(156.61645290692923, 246.57410344769445, 249.60200612940753)",31.290361426208666,2,51
12,7009.0,8880.0,"(110.98059637608789, 330.30432301326863, 291.236267655871)",0.7893018018018018,238.39167801600001,255.00539207780744,0.7291140848078141,15.557480118296683,12.068808496262626,10.305377183286753,0.8538852187834484,0.7757559967612534,0.6624065790170549,0.5138658759665875,0.5656191866475735,20240220_P013T_A002,P013T_A002,20240220,40x,0.324,0.324,0.324,51,0.3845087712971862,"(156.61645290692923, 246.57410344769445, 249.60200612940753)",33.712807673815824,3,51
13,24341.0,33218.0,"(127.40314695369952, 241.58740396861262, 307.8191528696438)",0.7327653681738816,827.891544384,656.3359361085894,0.6496412183095329,25.552804644222654,19.814498934525254,13.864421214629791,0.6997109167606602,0.7754334293400236,0.5425792357303706,0.4207340774510903,0.379648614448196,20240220_P013T_A002,P013T_A002,20240220,40x,0.324,0.324,0.324,51,0.47474256567966766,"(156.61645290692923, 246.57410344769445, 249.60200612940753)",21.165709096539484,4,51
14,22223.0,25510.0,"(120.67358142465014, 193.93457228996985, 251.41263555775546)",0.8711485691885535,755.8536539520001,492.34345879887707,0.8150315676683606,24.740380792035594,15.942032775937935,14.403698504898513,0.9035045095778937,0.6443729750946268,0.5821938888481192,0.375150008238973,0.5260148040229666,20240220_P013T_A002,P013T_A002,20240220,40x,0.324,0.324,0.324,51,0.43776693090467106,"(156.61645290692923, 246.57410344769445, 249.60200612940753)",20.660148111868676,3,51
15,12626.0,14439.0,"(130.72992238238555, 225.8367654047204, 180.42032314272137)",0.8744372879008242,429.438340224,342.70734687493615,0.8032078051527411,21.774969683590022,14.323416729517803,10.151463113387177,0.7087319530728284,0.6577927288832078,0.46619872545850144,0.3066621318212211,0.3304099332142671,20240220_P013T_A002,P013T_A002,20240220,40x,0.324,0.324,0.324,51,0.49302155155156896,"(156.61645290692923, 246.57410344769445, 249.60200612940753)",24.857906100528428,3,51
16,24551.0,26263.0,"(137.98721029693291, 213.5998126349232, 278.3788847704778)",0.9348132353501123,835.034111424,505.1351244773632,0.8489446340555001,25.740781634618763,17.732779269423546,13.041593890585725,0.735451205501284,0.6888982440834175,0.5066510440788672,0.34903101462896174,0.37261712113628703,20240220_P013T_A002,P013T_A002,20240220,40x,0.324,0.324,0.324,51,0.5328967598732578,"(156.61645290692923, 246.57410344769445, 249.60200612940753)",15.411169171742655,4,51
17,13100.0,18551.0,"(136.88992366412214, 310.35603053435113, 242.40473282442747)",0.7061613929168239,445.5601344,416.13609286794116,0.6779322434866742,22.678460169185424,17.774430538083934,8.638109159002859,0.4859851425616496,0.7837582624871116,0.3808948709286697,0.29852950222930674,0.18510924814927066,20240220_P013T_A002,P013T_A002,20240220,40x,0.324,0.324,0.324,51,0.5268677124402316,"(156.61645290692923, 246.57410344769445, 249.60200612940753)",21.756475566953196,4,51
18,13375.0,16866.0,"(134.19835514018692, 298.2008971962617, 273.4527102803738)",0.7930155342108384,454.913496,402.41128431313524,0.7108312649981172,21.47661971144893,14.293561380150605,11.700828686213827,0.8186083492433668,0.6655405539695279,0.5448170542395112,0.36259784409061063,0.4459917894106401,20240220_P013T_A002,P013T_A002,20240220,40x,0.324,0.324,0.324,51,0.5120788743966315,"(156.61645290692923, 246.57410344769445, 249.60200612940753)",19.805791727277665,5,51
19,19179.0,22806.0,"(148.98675634808905, 204.44663433964232, 170.06277699567235)",0.840962904498816,652.320444096,475.93017764552025,0.764272455296603,22.293666488391036,19.172448767082773,12.716342966474544,0.6632612829461444,0.8599953164754854,0.5704015969332059,0.4905427018726947,0.3783252949764477,20240220_P013T_A002,P013T_A002,20240220,40x,0.324,0.324,0.324,51,0.5933338260884015,"(156.61645290692923, 246.57410344769445, 249.60200612940753)",29.266769341618513,3,51
20,20076.0,23248.0,"(142.67329149232916, 186.71807132895, 233.27351065949392)",0.8635581555402615,682.829409024,486.6764600960206,0.7705223888547019,23.595274931998336,18.12227142337314,12.09080523905012,0.667179348360054,0.7680466311836411,0.5124248509032364,0.3935661804710103,0.3418792781091191,20240220_P013T_A002,P013T_A002,20240220,40x,0.324,0.324,0.324,51,0.5586444587490613,"(156.61645290692923, 246.57410344769445, 249.60200612940753)",20.603384173623166,3,51
21,15863.0,17550.0,"(148.46315324970055, 273.9920569879594, 315.9832944588035)",0.9038746438746439,539.5359093120001,392.96018636074626,0.8156098773910394,22.50338996794748,16.053229399828055,11.010852032687865,0.685896386231533,0.7133693822438905,0.48929748132930556,0.3490498419893782,0.3356073742359617,20240220_P013T_A002,P013T_A002,20240220,40x,0.324,0.324,0.324,51,0.5904568859873658,"(156.61645290692923, 246.57410344769445, 249.60200612940753)",23.41938679915338,4,51
22,23172.0,26113.0,"(152.18600034524425, 191.7113326428448, 197.15423787329536)",0.8873741048519894,788.131254528,523.1293010374369,0.7887525544767949,25.378763938653286,20.4147907487107,11.328140320441525,0.5548986741956665,0.8044044539780688,0.44636296502951944,0.3590563571606024,0.24768621750492695,20240220_P013T_A002,P013T_A002,20240220,40x,0.324,0.324,0.324,51,0.6109120898090344,"(156.61645290692923, 246.57410344769445, 249.60200612940753)",24.63320867158449,2,51
23,15329.0,18776.0,"(155.33961771805076, 209.19159762541588, 311.97325331071823)",0.8164145717937793,521.373381696,427.44779144658906,0.7328812601591943,32.16739595135888,13.182354029088264,9.923141600532464,0.752759452419196,0.40980482377316557,0.30848445474223324,0.12641841761240197,0.2322145892315977,20240220_P013T_A002,P013T_A002,20240220,40x,0.324,0.324,0.324,51,0.6282396577914876,"(156.61645290692923, 246.57410344769445, 249.60200612940753)",23.563632635374212,4,51
24,13056.0,14889.0,"(150.8843443627451, 228.42907475490196, 327.07276348039215)",0.8768889784404594,444.063596544,351.98566380460085,0.7996917161331354,20.162570967851792,14.883862895127951,11.589178780921802,0.7786405224624433,0.7381927095934107,0.57478675707578,0.42430339364417957,0.4475522608339788,20240220_P013T_A002,P013T_A002,20240220,40x,0.324,0.324,0.324,51,0.6037601338612368,"(156.61645290692923, 246.57410344769445, 249.60200612940753)",25.84662634067877,3,51
25,12663.0,14225.0,"(156.66540314301508, 282.18802811340123, 210.72834241490958)",0.8901933216168717,430.696792512,349.1724711552405,0.7898753357660694,21.72710877326891,15.334756991680722,9.899630725270491,0.6455681515293104,0.7057891204810111,0.45563497787842394,0.32158221029719775,0.29414343044107233,20240220_P013T_A002,P013T_A002,20240220,40x,0.324,0.324,0.324,51,0.6355241930934895,"(156.61645290692923, 246.57410344769445, 249.60200612940753)",17.081640614609878,4,51
26,16304.0,18469.0,"(153.1561579980373, 302.92057163886165, 295.92179833169774)",0.8827765444799394,554.535300096,403.3665624327616,0.8092269950869174,24.161481746644178,14.094688952215932,12.021634126155726,0.8529194341862872,0.5833536659718134,0.4975536787111754,0.2902497624939259,0.4243732021236415,20240220_P013T_A002,P013T_A002,20240220,40x,0.324,0.324,0.324,51,0.6162426263628422,"(156.61645290692923, 246.57410344769445, 249.60200612940753)",23.65959118505773,3,51
27,4022.0,9393.0,"(146.9858279462954, 245.9985082048732, 202.33838886126304)",0.4281912062173959,136.797164928,246.15258947795118,0.5215922304326955,21.922402626695632,12.653437016789853,6.815260110345471,0.53860939927249,0.5771920729793251,0.3108810756922375,0.17943809252884502,0.16744346942378155,20240220_P013T_A002,P013T_A002,20240220,40x,0.324,0.324,0.324,51,0.5823397139906339,"(156.61645290692923, 246.57410344769445, 249.60200612940753)",15.629196362437956,0,51
28,13814.0,15076.0,"(154.52866657014624, 251.08744751701173, 330.6145214999276)",0.9162907933138763,469.844862336,347.69093055870053,0.8406084480653536,19.478111804348217,15.107086327068513,11.786058970975732,0.7801675793602738,0.7755929567924581,0.6050924796696494,0.46930546543986373,0.4720735351529761,20240220_P013T_A002,P013T_A002,20240220,40x,0.324,0.324,0.324,51,0.6237838822535507,"(156.61645290692923, 246.57410344769445, 249.60200612940753)",26.297459098106877,4,51
29,17943.0,24103.0,"(156.18725965557599, 305.0871649111074, 231.87599621022125)",0.7444301539227483,610.2813352320001,491.72423721012854,0.7075914355058353,24.948737455697376,17.931729385617114,11.597692326733158,0.6467693147341141,0.7187429591360811,0.4648608911504125,0.3341154924920832,0.3006577600160419,20240220_P013T_A002,P013T_A002,20240220,40x,0.324,0.324,0.324,51,0.6328970310745933,"(156.61645290692923, 246.57410344769445, 249.60200612940753)",19.809557123722584,5,51
30,10206.0,13343.0,"(157.34205369390554, 315.09719772682735, 262.04154418969233)",0.7648954507981713,347.128758144,342.6394850194908,0.6971193092173184,20.193812226911184,14.85095012539726,9.756381715518902,0.6569533688510668,0.7354208288421249,0.4831371910310777,0.3553091534725312,0.3173986052651079,20240220_P013T_A002,P013T_A002,20240220,40x,0.324,0.324,0.324,51,0.6392420532632173,"(156.61645290692923, 246.57410344769445, 249.60200612940753)",22.565577860918175,5,51
31,22078.0,24683.0,"(173.53646163601775, 169.74336443518433, 234.0214240420328)",0.8944617753109427,750.921881472,478.5911647193336,0.8348003466602368,24.056132216299876,16.058267657880847,14.471660334069636,0.9011968564969983,0.6675332307576918,0.6015788491661173,0.40157387273935236,0.5421409678035867,20240220_P013T_A002,P013T_A002,20240220,40x,0.324,0.324,0.324,51,0.7282223166814162,"(156.61645290692923, 246.57410344769445, 249.60200612940753)",25.984726657087673,1,51
32,13792.0,16295.0,"(171.19931844547563, 195.98810904872389, 152.66466067285384)",0.8463945995704204,469.096593408,389.5039155328865,0.7495727953154743,26.26650187906281,14.503486724807354,9.41029016476843,0.6488295086086221,0.5521666642777496,0.3582620254533943,0.19782034753199093,0.23245097392805547,20240220_P013T_A002,P013T_A002,20240220,40x,0.324,0.324,0.324,51,0.7153808705795364,"(156.61645290692923, 246.57410344769445, 249.60200612940753)",35.74066857157824,2,51
33,24823.0,27921.0,"(180.026588244773, 285.2937598195222, 261.6656729645893)",0.8890440886787723,844.285436352,514.7332568667829,0.8392565915010975,22.746003865337794,17.699125315868063,15.389285646401763,0.8694941344137823,0.7781202105060496,0.6765709589038277,0.5264535369645263,0.5882744802815864,20240220_P013T_A002,P013T_A002,20240220,40x,0.324,0.324,0.324,51,0.7638823529932582,"(156.61645290692923, 246.57410344769445, 249.60200612940753)",15.17198382213324,5,51
34,17036.0,18317.0,"(171.01978163888236, 250.1494482272834, 172.00228926978164)",0.9300649669705738,579.432248064,394.779759719029,0.8513948538159192,21.973852697853957,15.153769321392836,12.516545651356497,0.8259691292572782,0.6896273279775288,0.5696108836016228,0.39281923164510635,0.47048100554390127,20240220_P013T_A002,P013T_A002,20240220,40x,0.324,0.324,0.324,51,0.7143944046092437,"(156.61645290692923, 246.57410344769445, 249.60200612940753)",25.59795833190413,1,51
35,16331.0,18353.0,"(180.80019594635968, 206.9911211805768, 291.5856959157431)",0.8898272761946275,555.453630144,419.4248278742365,0.779103572556239,26.92843287602844,15.277623167769551,10.358312613803209,0.6780055051793417,0.5673417104554055,0.384660803006629,0.21823411792293068,0.26080214206520075,20240220_P013T_A002,P013T_A002,20240220,40x,0.324,0.324,0.324,51,0.768132944760218,"(156.61645290692923, 246.57410344769445, 249.60200612940753)",20.27084481612453,2,51
36,13642.0,15823.0,"(184.0911889752236, 266.6820114352734, 327.27422665298343)",0.8621626745876256,463.994759808,366.51537160999607,0.790801191051186,21.88641103613664,16.17817411267969,9.985375749930888,0.6172127757053141,0.7391880782083421,0.4562363255192476,0.3372444526694082,0.281594888851328,20240220_P013T_A002,P013T_A002,20240220,40x,0.324,0.324,0.324,51,0.7862153240396901,"(156.61645290692923, 246.57410344769445, 249.60200612940753)",27.477345130045016,4,51
37,16498.0,18160.0,"(184.36889319917566, 293.72942174809066, 296.23505879500544)",0.9084801762114537,561.133671552,402.68649018719316,0.8170110896895307,24.06071344824741,15.51261621901692,10.948085839424264,0.7057536707446551,0.6447280232310345,0.45501916902724787,0.29336360937916545,0.3211314488001629,20240220_P013T_A002,P013T_A002,20240220,40x,0.324,0.324,0.324,51,0.7877411714240421,"(156.61645290692923, 246.57410344769445, 249.60200612940753)",23.293016840231,3,51
38,2122.0,3720.0,"(181.1239396795476, 203.8114985862394, 254.60744580584355)",0.5704301075268817,72.173939328,158.736091228798,0.52811525921918,11.186993881703485,8.28561711482813,7.655729362409144,0.9239781728156706,0.7406473269266192,0.6843419638344682,0.506856046217712,0.6323170373248598,20240220_P013T_A002,P013T_A002,20240220,40x,0.324,0.324,0.324,51,0.7699117564810307,"(156.61645290692923, 246.57410344769445, 249.60200612940753)",16.051287360929663,2,51
39,17393.0,19347.0,"(191.0816420399011, 288.8682228482723, 233.6759040993503)",0.8990024293172068,591.574612032,415.8299457606954,0.8195486035294934,21.670749975487443,15.354851254221634,13.378476832748914,0.8712866449338388,0.7085519085213965,0.6173518151370758,0.4374258068445235,0.5378903917545983,20240220_P013T_A002,P013T_A002,20240220,40x,0.324,0.324,0.324,51,0.8246244068126435,"(156.61645290692923, 246.57410344769445, 249.60200612940753)",18.414726123658866,5,51
40,18934.0,22044.0,"(190.14513573465723, 263.8662194993134, 213.6216330410901)",0.8589185265831972,643.987449216,460.0278950938236,0.7839437335502167,21.90630201080468,17.080931216590955,12.894172000436669,0.7548869459712111,0.7797268205362209,0.5886055982464303,0.4589515716705093,0.44433068244180546,20240220_P013T_A002,P013T_A002,20240220,40x,0.324,0.324,0.324,51,0.8194787677728419,"(156.61645290692923, 246.57410344769445, 249.60200612940753)",16.890866424314023,4,51
41,11282.0,12218.0,"(194.4052472965786, 188.7798262719376, 192.98954086154936)",0.9233917171386479,383.725911168,304.1808953037306,0.8395236621543376,19.137303123681125,14.691388102975658,9.897116792832476,0.6736679150711341,0.7676833045924875,0.5171636112397394,0.3970178700915076,0.3483965317345338,20240220_P013T_A002,P013T_A002,20240220,40x,0.324,0.324,0.324,51,0.8428859741570253,"(156.61645290692923, 246.57410344769445, 249.60200612940753)",28.930755709318404,3,51
42,12458.0,16279.0,"(195.92165676673622, 211.35551452881683, 147.44678118478086)",0.7652804226303827,423.724286592,373.6485526453729,0.7301460245501836,27.295686916239024,11.840640132858981,11.125517407319691,0.9396043864592463,0.4337916158400333,0.4075925050525395,0.17681021137102804,0.38297570563527866,20240220_P013T_A002,P013T_A002,20240220,40x,0.324,0.324,0.324,51,0.8512178943227264,"(156.61645290692923, 246.57410344769445, 249.60200612940753)",37.25427749430253,3,51
43,25672.0,27755.0,"(199.6989326893113, 223.062870052976, 217.84134465565597)",0.9249504593766888,873.161814528,510.6695011428089,0.8651153670981525,22.006169132509417,19.68983707046271,14.53146654025158,0.7380186279982303,0.8947416950174748,0.6603360381696076,0.5908301860729986,0.48734029690772085,20240220_P013T_A002,P013T_A002,20240220,40x,0.324,0.324,0.324,51,0.8719721576335786,"(156.61645290692923, 246.57410344769445, 249.60200612940753)",18.941167962360538,2,51
44,11588.0,12816.0,"(198.0673110113911, 182.84000690369348, 222.3560579910252)",0.9041822721598003,394.133651712,307.8429546041688,0.844469400176956,18.078827877611303,14.938380104497822,10.770890232948688,0.7210212993379156,0.8262914059266757,0.5957737031330048,0.4922826907759124,0.42956552954432065,20240220_P013T_A002,P013T_A002,20240220,40x,0.324,0.324,0.324,51,0.8630072033592917,"(156.61645290692923, 246.57410344769445, 249.60200612940753)",26.16698778467616,3,51
45,29821.0,36123.0,"(207.560779316589, 257.75024311726634, 265.2603869756212)",0.8255405143537359,1014.278531904,661.447745646875,0.7380629523122533,30.17038469037279,19.48135716489793,14.191285298250614,0.7284546542692046,0.6457112617166704,0.47037137391154904,0.3037240933238301,0.34264421656086824,20240220_P013T_A002,P013T_A002,20240220,40x,0.324,0.324,0.324,51,0.9151691171241153,"(156.61645290692923, 246.57410344769445, 249.60200612940753)",17.643623356271736,3,51
46,12299.0,16135.0,"(207.15692332709978, 200.0133344174323, 181.27644523945037)",0.7622559652928417,418.316342976,363.0727287335074,0.7450070514475211,27.02961784456281,12.733940273755584,10.74488209133619,0.8437986876286199,0.4711106293468038,0.39752253077072625,0.187277089650931,0.33542898976714647,20240220_P013T_A002,P013T_A002,20240220,40x,0.324,0.324,0.324,51,0.9129501281708778,"(156.61645290692923, 246.57410344769445, 249.60200612940753)",31.397299589633654,3,51
47,14903.0,17093.0,"(204.10373750251628, 229.87069717506543, 310.9343085284842)",0.8718773767039139,506.884174272,407.52913730535136,0.7543935166914437,23.442185924588795,19.133776146501006,8.450889474918432,0.44167389699831133,0.8162112615287875,0.36049920865332746,0.2942435138750619,0.1592230903507225,20240220_P013T_A002,P013T_A002,20240220,40x,0.324,0.324,0.324,51,0.8961743818819576,"(156.61645290692923, 246.57410344769445, 249.60200612940753)",25.707919391577438,2,51
48,11540.0,14008.0,"(207.1921143847487, 233.7286828422877, 155.28336221837088)",0.8238149628783552,392.50106496,340.67054677414797,0.7609861685235741,22.34272990775037,14.247331148642665,9.37018542301959,0.6576800472495709,0.6376719052446886,0.41938408877105066,0.2674294509159435,0.2758205473186628,20240220_P013T_A002,P013T_A002,20240220,40x,0.324,0.324,0.324,51,0.9131434856304873,"(156.61645290692923, 246.57410344769445, 249.60200612940753)",34.924297935964496,2,51
49,16565.0,18993.0,"(209.8275882885602, 267.4001811047389, 298.0792635073951)",0.8721634286316011,563.41249056,417.69869128285325,0.7897785308902835,21.37359291350431,19.058713509627662,10.416692047426345,0.5465579847330341,0.8916944187509973,0.4873627045102392,0.4345786035191719,0.2663719776111575,20240220_P013T_A002,P013T_A002,20240220,40x,0.324,0.324,0.324,51,0.9276241114756055,"(156.61645290692923, 246.57410344769445, 249.60200612940753)",24.278811794223827,3,51
50,17529.0,20740.0,"(212.59581265331735, 254.09167665012265, 239.921102173541)",0.8451783992285439,596.200274496,466.26066685387235,0.7347114223908753,31.06205589505727,12.99943435434223,11.76725952653868,0.9052131966502094,0.41849883981474506,0.37883067258310926,0.15854019696227076,0.3429225241181052,20240220_P013T_A002,P013T_A002,20240220,40x,0.324,0.324,0.324,51,0.9428341354577876,"(156.61645290692923, 246.57410344769445, 249.60200612940753)",18.566988206921216,4,51
51,10278.0,11291.0,"(212.31990659661412, 233.4508659272232, 188.14934812220275)",0.9102825259055886,349.577638272,284.00544444879966,0.8449932145168211,17.441707512974574,13.738199639144263,10.770336676521357,0.7839700222315469,0.7876636865355449,0.6175047178442533,0.48638604251029594,0.4841051873764443,20240220_P013T_A002,P013T_A002,20240220,40x,0.324,0.324,0.324,51,0.9413181681132644,"(156.61645290692923, 246.57410344769445, 249.60200612940753)",27.207364979255775,3,51
1,25975.0,28740.0,"(32.65632338787295, 311.8066217516843, 222.86121270452358)",0.9037926235212248,883.4675184,526.0702206007634,0.8463840374783007,23.248046073858486,18.218411803958936,15.152976329486362,0.8317396978694684,0.7836534625782949,0.6517956941992338,0.510781952652853,0.5421243537658911,20240220_P013T_A008,P013T_A008,20240220,40x,0.324,0.324,0.324,23,0.0893678255358107,"(107.43531357240592, 308.7265055451084, 235.96931226997006)",24.61804527498704,0,23
2,14550.0,17338.0,"(47.72453608247422, 301.446529209622, 256.27560137457044)",0.8391971392317453,494.8778592,391.14608938009786,0.7735299753248831,18.856694935287763,16.173378966703048,11.963246513418614,0.7396875160130703,0.85769956093614,0.6344296577143543,0.5441500388664673,0.4692796975997531,20240220_P013T_A008,P013T_A008,20240220,40x,0.324,0.324,0.324,23,0.18124717123459894,"(107.43531357240592, 308.7265055451084, 235.96931226997006)",20.57009729500659,3,23
3,21830.0,23196.0,"(62.39583142464498, 331.3786074209803, 253.25574896930829)",0.9411105362993619,742.48684992,454.53191712936575,0.8723931576894456,23.336792182058314,16.761935918075938,13.494116581033573,0.8050452314688559,0.7182622096177714,0.5782335667970707,0.41532331936282924,0.46550417562520996,20240220_P013T_A008,P013T_A008,20240220,40x,0.324,0.324,0.324,23,0.27070628917466455,"(107.43531357240592, 308.7265055451084, 235.96931226997006)",17.26799503446359,0,23
4,15281.0,17596.0,"(66.09436555199267, 269.3908121196257, 233.19808913029252)",0.868436008183678,519.740794944,417.32364619157545,0.749092879413237,23.30102776817944,15.893968016378189,10.763120774006493,0.6771827376848542,0.6821144618386084,0.4619161386822998,0.31507967835184486,0.3128016353736966,20240220_P013T_A008,P013T_A008,20240220,40x,0.324,0.324,0.324,23,0.2932583265365407,"(107.43531357240592, 308.7265055451084, 235.96931226997006)",18.510725507077762,2,23
5,15472.0,17967.0,"(69.22964064115823, 274.9805455015512, 200.72608583247157)",0.8611343017754772,526.237129728,405.3969442694686,0.7775434106120593,24.951546767806352,15.088531336980374,10.921271683825651,0.7238127714298332,0.6047132659706812,0.4376991849626246,0.264682503651454,0.3168122601203765,20240220_P013T_A008,P013T_A008,20240220,40x,0.324,0.324,0.324,23,0.31237585756803793,"(107.43531357240592, 308.7265055451084, 235.96931226997006)",20.078978946116404,0,23
6,10336.0,11294.0,"(67.25996517027863, 293.11842105263156, 269.25386996904024)",0.9151761997520808,351.550347264,281.1504204553691,0.8567821462143205,15.833406248001545,14.647823750919553,11.210957668449902,0.7653667779656419,0.9251214502734285,0.7080572236226758,0.6550389255943871,0.5419234758593854,20240220_P013T_A008,P013T_A008,20240220,40x,0.324,0.324,0.324,23,0.30036564128218685,"(107.43531357240592, 308.7265055451084, 235.96931226997006)",17.643972368006676,2,23
7,13778.0,15290.0,"(76.10981274495573, 295.34264769923067, 242.60095804906373)",0.9011118378024853,468.620422272,357.92154391375925,0.8151616850819075,21.800539583865838,13.81170017066472,11.636667880651313,0.8425224799888826,0.633548546701408,0.5337788927602227,0.3381748417681258,0.4497207164940626,20240220_P013T_A008,P013T_A008,20240220,40x,0.324,0.324,0.324,23,0.3543281264936325,"(107.43531357240592, 308.7265055451084, 235.96931226997006)",11.244216260776767,3,23
8,15256.0,16556.0,"(85.42874934452018, 311.0228762454116, 283.98013896172)",0.9214786180236773,518.890489344,378.4261855033056,0.8251889773164907,23.034098790699687,14.922544756738109,10.986027865517388,0.7362033784858825,0.6478458259787997,0.4769462858235694,0.308987660486891,0.3511294669796052,20240220_P013T_A008,P013T_A008,20240220,40x,0.324,0.324,0.324,23,0.4111509106373182,"(107.43531357240592, 308.7265055451084, 235.96931226997006)",17.12793345996864,2,23
9,17045.0,18639.0,"(87.85022000586682, 312.9501320035201, 175.22992079788796)",0.9144803905788937,579.73835808,426.11217567719524,0.7890687996819228,25.15670011757064,17.926502965677063,9.270602811374033,0.5171450800596173,0.7125935787244344,0.3685142633194169,0.26260089770978184,0.19057533820743078,20240220_P013T_A008,P013T_A008,20240220,40x,0.324,0.324,0.324,23,0.42591597564552935,"(107.43531357240592, 308.7265055451084, 235.96931226997006)",20.72255112420219,0,23
10,18475.0,20266.0,"(94.702949932341, 340.34841677943166, 272.74809201623816)",0.9116253824138952,628.3758384,470.884902952495,0.7534405836681026,28.267962031183714,17.92447104466401,8.99955517980071,0.5020820506990534,0.6340913796647486,0.31836590023266903,0.2018730729167428,0.1598458040614687,20240220_P013T_A008,P013T_A008,20240220,40x,0.324,0.324,0.324,23,0.46770091422159144,"(107.43531357240592, 308.7265055451084, 235.96931226997006)",16.247677699906045,0,23
11,13634.0,16588.0,"(103.52053689306146, 265.7415285316121, 235.231553469268)",0.8219194598504943,463.722662016,391.0312568998612,0.7409317365283132,25.25985802063561,16.29165112068881,9.281848017411598,0.5697303452333664,0.6449621018209851,0.3674544809329075,0.23699421434602713,0.20934996827945285,20240220_P013T_A008,P013T_A008,20240220,40x,0.324,0.324,0.324,23,0.521466688372326,"(107.43531357240592, 308.7265055451084, 235.96931226997006)",13.986813987796332,1,23
12,27893.0,30813.0,"(112.2730434159108, 347.868031405729, 221.23486179328148)",0.9052348034920326,948.7029640320001,569.6370702519963,0.8196706514779138,25.950121319591183,19.66352016471836,13.814898195401936,0.7025648551061359,0.7577428992547052,0.5323635302225853,0.40339468484833163,0.37401990647462163,20240220_P013T_A008,P013T_A008,20240220,40x,0.324,0.324,0.324,23,0.574835630584822,"(107.43531357240592, 308.7265055451084, 235.96931226997006)",13.641002994486351,0,23
13,25204.0,32492.0,"(122.48472464688145, 276.5536422790033, 208.502380574512)",0.7756986335097871,857.244093696,610.537861772639,0.7147835089348623,32.809327067224935,17.6729133332357,12.574433448950913,0.7115088051330744,0.5386551603763358,0.3832578895381312,0.20644383995465804,0.27269136304309954,20240220_P013T_A008,P013T_A008,20240220,40x,0.324,0.324,0.324,23,0.6371019795541552,"(107.43531357240592, 308.7265055451084, 235.96931226997006)",14.5476008702214,1,23
14,14385.0,15441.0,"(119.28091762252346, 268.8034758428919, 252.92387904066737)",0.9316106469788226,489.26584224,341.3237429723267,0.8797262606042884,18.23018466055507,15.147895044184663,12.662938905160646,0.8359536997202788,0.8309238401166826,0.6946138583313223,0.5771712145629277,0.5806650247490465,20240220_P013T_A008,P013T_A008,20240220,40x,0.324,0.324,0.324,23,0.6175665708690455,"(107.43531357240592, 308.7265055451084, 235.96931226997006)",14.567841223257133,1,23
15,16389.0,18223.0,"(130.06321313075844, 319.9535053999634, 186.68814448715602)",0.8993579542336607,557.426339136,402.864063676617,0.8130499970785287,24.207478485187572,15.828321429976144,10.696340541779131,0.6757722598128494,0.6538608075046483,0.44186099549047064,0.28891558731620687,0.2985974034457506,20240220_P013T_A008,P013T_A008,20240220,40x,0.324,0.324,0.324,23,0.6833122751875514,"(107.43531357240592, 308.7265055451084, 235.96931226997006)",17.942407578429457,0,23
16,15236.0,16773.0,"(126.83729325282226, 359.78196377001836, 253.1446573903912)",0.9083646336373934,518.2102448640001,404.3844422975133,0.7715433790396612,23.35259931221101,18.616526381492264,8.514020352186389,0.4573366791267062,0.797192900567507,0.3645855537689302,0.29064501511406426,0.16673834641825372,20240220_P013T_A008,P013T_A008,20240220,40x,0.324,0.324,0.324,23,0.6636420320294041,"(107.43531357240592, 308.7265055451084, 235.96931226997006)",18.550490085703906,0,23
17,18996.0,21179.0,"(128.72299431459254, 292.54922088860815, 278.1769319856812)",0.8969262004816091,646.096207104,451.03435670632365,0.801319960216588,25.31340908298543,16.331168043529516,11.497318531064474,0.704010790925623,0.6451587769150626,0.4541987408085808,0.2930303040964255,0.31976081475407103,20240220_P013T_A008,P013T_A008,20240220,40x,0.324,0.324,0.324,23,0.6751402092353204,"(107.43531357240592, 308.7265055451084, 235.96931226997006)",16.18817957704781,0,23
18,14639.0,15929.0,"(140.92000819728125, 324.3308969191885, 276.96400027324273)",0.9190156318664072,497.90494713600003,371.182730575021,0.8184534614783349,22.485305132367746,15.95068687686847,10.267136550826152,0.6436799010652922,0.7093827183117631,0.4566153979403437,0.3239150722139285,0.2939141541711295,20240220_P013T_A008,P013T_A008,20240220,40x,0.324,0.324,0.324,23,0.7495122451053734,"(107.43531357240592, 308.7265055451084, 235.96931226997006)",17.87965238057133,1,23
19,15486.0,17342.0,"(142.7657238796332, 290.4433036290843, 202.19553144775927)",0.8929765886287625,526.713300864,388.0557361798243,0.812779748465163,21.74879709948132,15.18940211547029,11.88754658700394,0.7826210996742632,0.6984019413116204,0.5465840953239406,0.38173539326429584,0.42776824574688466,20240220_P013T_A008,P013T_A008,20240220,40x,0.324,0.324,0.324,23,0.7607666090221538,"(107.43531357240592, 308.7265055451084, 235.96931226997006)",16.90765256918764,1,23
20,23725.0,25384.0,"(147.0603582718651, 348.1632033719705, 214.63645943097998)",0.934643870154428,806.9400144,489.64562148274257,0.8560446491753612,23.782578543386425,18.626017329307437,13.077195429422465,0.702092948708145,0.7831790524870168,0.5498644903270606,0.43064235053060385,0.38605598140362724,20240220_P013T_A008,P013T_A008,20240220,40x,0.324,0.324,0.324,23,0.7869534040967385,"(107.43531357240592, 308.7265055451084, 235.96931226997006)",19.38724578616257,0,23
21,19099.0,20493.0,"(153.6961621027279, 283.2294360961307, 254.0009424577203)",0.9319767725564827,649.599466176,420.2050901820919,0.8632168749816753,22.55959957062588,15.359884030015605,13.346625584552774,0.8689274970091825,0.6808580082252528,0.5916162449058262,0.40280665814028416,0.5140716228759911,20240220_P013T_A008,P013T_A008,20240220,40x,0.324,0.324,0.324,23,0.8274156225776091,"(107.43531357240592, 308.7265055451084, 235.96931226997006)",18.084037127144644,2,23
22,20055.0,21576.0,"(167.0977312390925, 294.07584143605084, 229.1064572425829)",0.9295050055617352,682.11515232,432.398731119137,0.8666388987463609,22.714095684672063,15.695549454010354,13.710936982017065,0.8735557185934512,0.6910048135705457,0.6036312064701518,0.4171120692922707,0.5273054923334652,20240220_P013T_A008,P013T_A008,20240220,40x,0.324,0.324,0.324,23,0.9091325075554421,"(107.43531357240592, 308.7265055451084, 235.96931226997006)",20.02871672881376,0,23
23,17262.0,19412.0,"(165.90458811261732, 333.8599235314564, 252.14164059784497)",0.8892437667422213,587.119010688,421.3134396530224,0.8048153296824028,24.00296684226901,16.482822792129703,11.014518206269829,0.6682422267822411,0.6866993943058571,0.4588815323809622,0.31511367034415033,0.3066440170275012,20240220_P013T_A008,P013T_A008,20240220,40x,0.324,0.324,0.324,23,0.90185724458913,"(107.43531357240592, 308.7265055451084, 235.96931226997006)",21.27545196594241,0,23
1,5776.0,9254.0,"(50.35335872576177, 301.6428324099723, 194.49013157894737)",0.6241625243138103,196.454605824,276.4914090461682,0.5910768627104165,20.384691988364963,15.712598260412122,5.568151559224238,0.35437497140451885,0.7708038104956627,0.2731535783028946,0.21054781900639657,0.09679879150013028,20240220_P013T_A003,P013T_A003,20240220,40x,0.324,0.324,0.324,36,0.13109541946972694,"(115.57698466570923, 345.689380404416, 155.3396405415041)",28.480651818478407,4,36
2,19355.0,25970.0,"(65.48168431929734, 305.2522862309481, 253.04970291914233)",0.7452830188679245,658.30659552,592.3527832596086,0.6178112732006908,28.424687344506392,18.622725909257177,10.4373939862319,0.5604654247230032,0.6551602726021319,0.36719468044559245,0.24057136693878706,0.2057999225319664,20240220_P013T_A003,P013T_A003,20240220,40x,0.324,0.324,0.324,36,0.23915488799498097,"(115.57698466570923, 345.689380404416, 155.3396405415041)",37.912089921905775,4,36
3,4877.0,5497.0,"(62.01107238056182, 254.19868771785934, 193.11215911420956)",0.887211206112425,165.877616448,176.07410433529446,0.8291768353782314,13.867593375323684,11.00499851083899,7.961971319899894,0.723486814837642,0.7935766656110308,0.5741422541324012,0.455625895620792,0.415384350705955,20240220_P013T_A003,P013T_A003,20240220,40x,0.324,0.324,0.324,36,0.21436480271829872,"(115.57698466570923, 345.689380404416, 155.3396405415041)",36.464925376018584,4,36
4,6734.0,7931.0,"(69.06237006237006, 233.5063855063855, 211.26225126225125)",0.8490732568402471,229.03831641600001,226.83280648213395,0.7980872146878457,17.770623078240316,11.22882328887279,8.679261009059516,0.7729448389895168,0.6318756095064672,0.48840499125137904,0.3086112015329659,0.37751011732447354,20240220_P013T_A003,P013T_A003,20240220,40x,0.324,0.324,0.324,36,0.26473121473121475,"(115.57698466570923, 345.689380404416, 155.3396405415041)",43.31914181721308,3,36
5,14062.0,15919.0,"(70.4747546579434, 410.35080358412745, 53.92853079220595)",0.8833469439035115,478.279893888,355.8091178549306,0.8312311330458924,19.87527096797263,13.766323986224181,13.175528597473686,0.957084012453746,0.6926357888859722,0.6629106399960519,0.45915563409457016,0.6344611752257022,20240220_P013T_A003,P013T_A003,20240220,40x,0.324,0.324,0.324,36,0.2748196761281671,"(115.57698466570923, 345.689380404416, 155.3396405415041)",41.61795320906872,5,36
6,4177.0,5973.0,"(70.35360306440029, 318.89394302130717, 220.48838879578645)",0.6993135777666164,142.069059648,190.45224938632617,0.6913495566909241,15.200717670230306,8.982501241326815,8.42099604743666,0.9374889934546544,0.5909261283708009,0.553986741292398,0.32736524020067326,0.5193564724814342,20240220_P013T_A003,P013T_A003,20240220,40x,0.324,0.324,0.324,36,0.2739543076028592,"(115.57698466570923, 345.689380404416, 155.3396405415041)",27.122320623942457,5,36
7,7423.0,9275.0,"(80.2873501279806, 221.9830257308366, 239.06708877812204)",0.8003234501347709,252.472738752,272.7915881691796,0.7081568781423767,20.065646696747546,13.791470218341917,7.021451865861511,0.5091155442240927,0.6873175047269913,0.3499240254738275,0.24050890803269526,0.17815176066619295,20240220_P013T_A003,P013T_A003,20240220,40x,0.324,0.324,0.324,36,0.34490964377129,"(115.57698466570923, 345.689380404416, 155.3396405415041)",49.73047078725519,6,36
8,15972.0,17144.0,"(84.51477585775106, 412.0069496619083, 84.27404207362885)",0.9316378908072795,543.243241728,380.2707852384019,0.8466827617858012,22.51948258904661,15.527886025993228,11.047219059891257,0.7114438527819263,0.68953120768174,0.49056273900647174,0.3382583178707947,0.3490078450700188,20240220_P013T_A003,P013T_A003,20240220,40x,0.324,0.324,0.324,36,0.375105541841079,"(115.57698466570923, 345.689380404416, 155.3396405415041)",33.062608684915766,5,36
9,5687.0,7495.0,"(77.19975382451204, 241.38051696852472, 274.02338667135575)",0.7587725150100066,193.427517888,229.9477118557433,0.70339704259542,15.394208415537816,12.322911378774096,8.10102459883114,0.6573953467510081,0.8004900964141961,0.5262384645029583,0.4212486791868317,0.3459467178456403,20240220_P013T_A003,P013T_A003,20240220,40x,0.324,0.324,0.324,36,0.3228553844608003,"(115.57698466570923, 345.689380404416, 155.3396405415041)",52.6826216124862,4,36
10,25195.0,26948.0,"(96.29319309386783, 284.89168485810677, 175.57138321095456)",0.9349487902627283,856.93798368,527.9568086661141,0.8263905171561167,28.53162172102988,17.514736113763785,12.284191076675892,0.7013631833723422,0.613871033515566,0.4305465422465471,0.26430005086544117,0.30196949345999285,20240220_P013T_A003,P013T_A003,20240220,40x,0.324,0.324,0.324,36,0.4592370935276273,"(115.57698466570923, 345.689380404416, 155.3396405415041)",21.680291953117965,5,36
11,14154.0,15551.0,"(93.28345344072348, 277.78175780698035, 289.4600819556309)",0.9101665487749984,481.409018496,370.6698110880316,0.8013822564005272,20.550191674006484,18.18213174521831,9.318243984990675,0.5124945806996072,0.8847670150063133,0.4534383003725036,0.4011872515101161,0.23238467162254875,20240220_P013T_A003,P013T_A003,20240220,40x,0.324,0.324,0.324,36,0.4377389531480248,"(115.57698466570923, 345.689380404416, 155.3396405415041)",49.24026127699367,5,36
12,22977.0,24508.0,"(103.43016929973452, 314.6918657788223, 193.8918048483266)",0.9375306022523258,781.498870848,496.4302000090611,0.8265037608285513,26.178420180987754,18.773964560675,11.446126021817257,0.6096808154092799,0.7171542220989223,0.43723517090347874,0.3135650488635736,0.26657389552204874,20240220_P013T_A003,P013T_A003,20240220,40x,0.324,0.324,0.324,36,0.5102154949981037,"(115.57698466570923, 345.689380404416, 155.3396405415041)",16.503850190797763,5,36
13,1126.0,1262.0,"(84.81616341030195, 437.8454706927176, 401.6980461811723)",0.8922345483359746,38.297764224,64.71741254853313,0.8490082812474871,9.580189480629437,6.101043910556625,4.707223123836894,0.7715438854147556,0.6368395868257686,0.4913496892054811,0.31291093306058837,0.3790978483069295,20240220_P013T_A003,P013T_A003,20240220,40x,0.324,0.324,0.324,36,0.3772583100735854,"(115.57698466570923, 345.689380404416, 155.3396405415041)",85.80278401222374,0,36
14,12725.0,14725.0,"(98.27732809430256, 393.01524557956776, 75.6521021611002)",0.8641765704584041,432.8055504,353.1847998442297,0.7834488868577588,21.256305136129303,15.761517280658845,9.95764809837164,0.6317696400073611,0.7414984485647519,0.4684562079157701,0.3473595513900704,0.2959564098341596,20240220_P013T_A003,P013T_A003,20240220,40x,0.324,0.324,0.324,36,0.47340948638787544,"(115.57698466570923, 345.689380404416, 155.3396405415041)",30.54740903382157,6,36
15,22971.0,26116.0,"(110.6546950502808, 311.40707849027035, 271.6347568673545)",0.8795757390105682,781.294797504,551.8125668456934,0.7434227138648472,31.249416233854433,19.425127563336304,9.514487403758633,0.48980308483104246,0.6216156941290909,0.30446928456381844,0.1892628856651257,0.14912999481565878,20240220_P013T_A003,P013T_A003,20240220,40x,0.324,0.324,0.324,36,0.5618192503591485,"(115.57698466570923, 345.689380404416, 155.3396405415041)",39.31504601123819,5,36
16,18601.0,19846.0,"(104.76377614106768, 328.37084027740445, 236.7992043438525)",0.937266955557795,632.661378624,431.45234943157374,0.8260357340367943,24.395442325888673,17.602819990205482,10.475492033845816,0.5951030596049135,0.721561829257148,0.4294036522850469,0.3098412848324987,0.25553942728035584,20240220_P013T_A003,P013T_A003,20240220,40x,0.324,0.324,0.324,36,0.5197412581504834,"(115.57698466570923, 345.689380404416, 155.3396405415041)",27.20928358776481,5,36
17,13703.0,15129.0,"(99.45333138728745, 407.40253958987086, 34.92009049113333)",0.9057439354881354,466.069505472,344.3357274649399,0.8442462954626883,19.1602546946107,15.250740204771837,11.504752486122808,0.7543733833012944,0.7959570709183469,0.6004488285512617,0.4779314908100149,0.4529626142935142,20240220_P013T_A003,P013T_A003,20240220,40x,0.324,0.324,0.324,36,0.4818095099091961,"(115.57698466570923, 345.689380404416, 155.3396405415041)",44.1512913891633,6,36
18,13663.0,15232.0,"(103.56232159847764, 231.00021957110445, 196.732635585157)",0.8969931722689075,464.709016512,376.91857027861914,0.7697635138214259,22.425964407245733,18.039061273678538,8.470256121458814,0.46955082600767467,0.8043828548952033,0.37769863394245423,0.3038143054606497,0.17734870554964974,20240220_P013T_A003,P013T_A003,20240220,40x,0.324,0.324,0.324,36,0.5111594399891259,"(115.57698466570923, 345.689380404416, 155.3396405415041)",39.69672511475297,6,36
19,19696.0,21271.0,"(112.88312347684808, 437.37916328188464, 32.964358245329)",0.9259555263034178,669.904763904,450.487484165408,0.8218832048645726,25.41616981737944,14.484069353388774,13.179725072257614,0.9099462830985418,0.5698761637752611,0.5185566970537547,0.295513101216964,0.47185873905992065,20240220_P013T_A003,P013T_A003,20240220,40x,0.324,0.324,0.324,36,0.5777365962632006,"(115.57698466570923, 345.689380404416, 155.3396405415041)",49.55186014456152,8,36
20,7695.0,8810.0,"(107.30422352176738, 214.84392462638075, 251.36257309941521)",0.873439273552781,261.72406368000003,247.10000855990614,0.8007687821540131,16.68593555254456,13.105328849474851,8.80933034734247,0.6721945285406151,0.785411690474636,0.5279494409888855,0.41465766293221956,0.3548847255788052,20240220_P013T_A003,P013T_A003,20240220,40x,0.324,0.324,0.324,36,0.537887310869767,"(115.57698466570923, 345.689380404416, 155.3396405415041)",52.653115742760754,5,36
21,7352.0,9800.0,"(113.05617519042437, 241.38751360174103, 281.21177910772576)",0.7502040816326531,250.057870848,261.3245543069712,0.7345097957558077,14.807047479249809,14.371233878740588,10.113462141696498,0.7037295633089219,0.9705671504653471,0.6830167969589634,0.6629136663444297,0.48065911225658997,20240220_P013T_A003,P013T_A003,20240220,40x,0.324,0.324,0.324,36,0.5789726799316026,"(115.57698466570923, 345.689380404416, 155.3396405415041)",52.970808618970736,6,36
22,18012.0,20006.0,"(124.01543415500777, 390.3022984676882, 50.70092160781701)",0.9003299010296911,612.628178688,438.75766121663435,0.7950431942449443,22.677920902955734,19.293068982004645,10.426113824633502,0.5404072226330773,0.8507424055566786,0.4597473405630677,0.39112655845890976,0.24845078342663093,20240220_P013T_A003,P013T_A003,20240220,40x,0.324,0.324,0.324,36,0.6572531011071984,"(115.57698466570923, 345.689380404416, 155.3396405415041)",36.95699916098854,8,36
23,20954.0,22826.0,"(123.34733225159874, 427.3255702968407, 88.54610098310584)",0.9179882590028915,712.692141696,449.49318423127454,0.8584117634799742,20.661285082181685,17.518624206131243,14.397082182997625,0.8218158009211062,0.8478961563353735,0.6968144588166825,0.5908263013095785,0.572653132565839,20240220_P013T_A003,P013T_A003,20240220,40x,0.324,0.324,0.324,36,0.6524809446542768,"(115.57698466570923, 345.689380404416, 155.3396405415041)",34.267840859130416,8,36
24,15135.0,16811.0,"(126.15295672282788, 462.1042616451933, 80.6849686157912)",0.9003033727916245,514.77501024,363.1721927783972,0.855296129798081,17.383852832645154,16.11132310181259,13.671801071864119,0.8485833835910089,0.9267981762683312,0.7864655323237568,0.72889482105556,0.6673815824969976,20240220_P013T_A003,P013T_A003,20240220,40x,0.324,0.324,0.324,36,0.6725211194487706,"(115.57698466570923, 345.689380404416, 155.3396405415041)",44.93868997487667,6,36
25,12842.0,14250.0,"(132.2997975393241, 282.5313814047656, 286.23212895187663)",0.9011929824561403,436.784980608,353.00396486358176,0.788647635022393,23.455094660270948,15.262603393617859,8.843939334628155,0.5794515592488171,0.6507159154411849,0.377058351830416,0.24535787058607356,0.2184870498959236,20240220_P013T_A003,P013T_A003,20240220,40x,0.324,0.324,0.324,36,0.7164271252808864,"(115.57698466570923, 345.689380404416, 155.3396405415041)",47.39869610959912,5,36
26,8492.0,11234.0,"(128.40826660386247, 222.3573951954781, 228.43535091851155)",0.7559195299982197,288.831806208,300.8927262201654,0.7022672989743214,18.799262998360614,14.465779841846091,8.857443689820913,0.612303227800994,0.7694865401429607,0.471159092278954,0.3625505797746303,0.2884922330101899,20240220_P013T_A003,P013T_A003,20240220,40x,0.324,0.324,0.324,36,0.6886304757418747,"(115.57698466570923, 345.689380404416, 155.3396405415041)",46.63619945156095,5,36
27,17838.0,19468.0,"(136.19301491198564, 256.4248794707927, 187.57652203161788)",0.9162728580234231,606.710051712,422.28652938367287,0.8207250517056918,21.323484817887774,19.72740916821439,10.450544181189185,0.5297474236012466,0.9251493992044643,0.49009551067480617,0.45341156725360204,0.2596268340985159,20240220_P013T_A003,P013T_A003,20240220,40x,0.324,0.324,0.324,36,0.7442358207998975,"(115.57698466570923, 345.689380404416, 155.3396405415041)",31.467036725688793,4,36
28,16909.0,19255.0,"(141.12762434206635, 452.8706605949494, 31.992075226210893)",0.8781615164892236,575.112695616,425.88832961334936,0.785278465669008,26.13640428172296,14.240954455333819,11.45442949773321,0.8043301826194001,0.5448704535570885,0.4382557514134884,0.23879261004667002,0.35250232856841346,20240220_P013T_A003,P013T_A003,20240220,40x,0.324,0.324,0.324,36,0.7794830310147597,"(115.57698466570923, 345.689380404416, 155.3396405415041)",53.587762414799585,5,36
29,23363.0,26002.0,"(141.29178615759963, 303.93057398450543, 206.45597740016265)",0.8985078070917621,794.627589312,519.8712037539233,0.7980512622532066,26.85669519873244,17.9138847070509,12.169148756803517,0.6793137812265668,0.667017463410628,0.45311415521362686,0.302235054446043,0.30780669010545036,20240220_P013T_A003,P013T_A003,20240220,40x,0.324,0.324,0.324,36,0.7806556154114258,"(115.57698466570923, 345.689380404416, 155.3396405415041)",22.95129835428643,5,36
30,22495.0,23731.0,"(147.5370082240498, 415.86423649699935, 42.92047121582574)",0.9479162277190173,765.10497888,459.90748854237506,0.8796184472944367,23.032760288482553,16.623802170958648,14.135179918758118,0.8502976499234279,0.7217459810612156,0.6136989115380306,0.44293472298421604,0.5218267422413531,20240220_P013T_A003,P013T_A003,20240220,40x,0.324,0.324,0.324,36,0.8252643444574984,"(115.57698466570923, 345.689380404416, 155.3396405415041)",44.16872667176102,8,36
31,15713.0,17168.0,"(147.31648953096163, 463.70871253102524, 56.18016928657799)",0.9152493010251631,534.434075712,379.0671908132951,0.8401639093612663,21.529777430907142,15.924093718986837,11.557894316052954,0.7258117491654853,0.7396311350681662,0.536832967881079,0.3970583773758949,0.38963967542746475,20240220_P013T_A003,P013T_A003,20240220,40x,0.324,0.324,0.324,36,0.8236892109354401,"(115.57698466570923, 345.689380404416, 155.3396405415041)",50.99121806071348,7,36
32,21106.0,22356.0,"(153.2791623235099, 412.251871505733, 77.92864588268739)",0.9440865986759707,717.8619997440001,441.53097466441534,0.8781126995712839,22.328555151819355,17.003958547145295,13.421596621738031,0.7893218855200815,0.7615342072753774,0.6010956163746415,0.4577548737125669,0.4744579252946876,20240220_P013T_A003,P013T_A003,20240220,40x,0.324,0.324,0.324,36,0.8662797308822137,"(115.57698466570923, 345.689380404416, 155.3396405415041)",35.26168305122127,7,36
33,4935.0,6458.0,"(151.78662613981763, 253.82492401215805, 263.06342451874366)",0.7641684732115206,167.85032544,197.60283263890034,0.7446846758238534,15.10397944539017,11.24897152989584,7.986269146859639,0.7099554946543267,0.7447687260544503,0.52875264930906,0.39379843702382417,0.3753908486899994,20240220_P013T_A003,P013T_A003,20240220,40x,0.324,0.324,0.324,36,0.8556187581415545,"(115.57698466570923, 345.689380404416, 155.3396405415041)",47.346844153533915,4,36
34,13793.0,14971.0,"(159.40042050315378, 441.9240919306895, 76.16327122453418)",0.9213145414467971,469.130605632,312.9499711979888,0.9329786804819185,21.23459681966167,13.987260226243547,11.580436343163935,0.8279274250890237,0.6587014740629488,0.5453570153232815,0.3592274698840157,0.4515160294508397,20240220_P013T_A003,P013T_A003,20240220,40x,0.324,0.324,0.324,36,0.9100030035939555,"(115.57698466570923, 345.689380404416, 155.3396405415041)",42.800523479583184,6,36
35,1111.0,1237.0,"(151.03690369036903, 242.44194419441945, 421.7965796579658)",0.8981406628940987,37.787580864,61.7127050448774,0.882420524594546,7.729319381592439,6.3837914406838365,5.523655168153362,0.8652624728544803,0.8259189620093834,0.7146366834456447,0.5902319878052552,0.6183483039107031,20240220_P013T_A003,P013T_A003,20240220,40x,0.324,0.324,0.324,36,0.8502635977883503,"(115.57698466570923, 345.689380404416, 155.3396405415041)",93.29666462112576,0,36
36,19850.0,24093.0,"(158.64846347607053, 291.8986901763224, 246.78916876574309)",0.8238907566513095,675.1426464,513.88760573471,0.7242352779384,24.701985987800903,20.848653617434962,10.093575678886724,0.4841356120208088,0.8440071833791456,0.40861393427522164,0.3448730957571012,0.19782455715056493,20240220_P013T_A003,P013T_A003,20240220,40x,0.324,0.324,0.324,36,0.9046318819719323,"(115.57698466570923, 345.689380404416, 155.3396405415041)",37.09991969215703,4,36
1,4946.0,6275.0,"(37.92256368782855, 275.38131823695915, 226.81661949049737)",0.788207171314741,168.224459904,205.17676699257242,0.7182605889718311,16.174690729842258,12.535497568923343,6.475257796075282,0.5165537116075907,0.7750069400582347,0.4003327114087227,0.31026062967409046,0.2067933479561061,20240220_P013T_A009,P013T_A009,20240220,40x,0.324,0.324,0.324,23,0.1253996948557021,"(86.89422291527437, 243.02737432241776, 245.94756812950175)",20.001573353164215,4,23
2,16415.0,18393.0,"(50.41181845872678, 228.40560462991166, 237.30441669204995)",0.8924590876964063,558.31065696,417.64915796349135,0.7850966534296262,27.869811418887778,13.5804997696177,10.988669755856073,0.8091506161238579,0.48728351855348395,0.39428575926455284,0.19212895208996322,0.31903656503777605,20240220_P013T_A009,P013T_A009,20240220,40x,0.324,0.324,0.324,23,0.23035141561955272,"(86.89422291527437, 243.02737432241776, 245.94756812950175)",13.038599162956546,2,23
3,11283.0,14188.0,"(45.90534432331827, 255.32065939909597, 208.21714083133918)",0.7952495066253171,383.759923392,345.5012988977264,0.739164077573346,22.796585303940702,13.413360621055737,9.613317612402918,0.7166971711259541,0.5883934125317029,0.421699894270618,0.24812543985414723,0.30223112128786583,20240220_P013T_A009,P013T_A009,20240220,40x,0.324,0.324,0.324,23,0.1924818850699014,"(86.89422291527437, 243.02737432241776, 245.94756812950175)",18.484471664775494,1,23
4,1006.0,3967.0,"(38.42644135188867, 283.7445328031809, 235.65109343936382)",0.25359213511469625,34.216297344,140.22783919202092,0.36347277786652776,18.09564972331536,7.9882443219297175,5.531178855172044,0.6924148326294405,0.44144556531934054,0.3056634572255999,0.13493377767241901,0.21164591157579993,20240220_P013T_A009,P013T_A009,20240220,40x,0.324,0.324,0.324,23,0.1296339609402409,"(86.89422291527437, 243.02737432241776, 245.94756812950175)",20.779063068351295,3,23
5,1067.0,2232.0,"(38.11808809746954, 279.02717900656046, 247.35332708528585)",0.47804659498207885,36.291043008,110.56896191112084,0.4794211533126958,11.480661726161221,7.248987100359276,5.803769904186917,0.8006318432956336,0.6314084739419558,0.505525730364631,0.3191932299479243,0.404739997335206,20240220_P013T_A009,P013T_A009,20240220,40x,0.324,0.324,0.324,23,0.12704275712159277,"(86.89422291527437, 243.02737432241776, 245.94756812950175)",19.64699620004649,3,23
6,13414.0,16275.0,"(57.22111227076189, 234.1618458327121, 212.46406739227672)",0.8242089093701996,456.239972736,383.7746093531698,0.746798507414935,24.38796765663163,13.412904707329258,10.690301747413454,0.7970161557601999,0.5499804205161799,0.43834328050318383,0.24108022174158283,0.3493666763299626,20240220_P013T_A009,P013T_A009,20240220,40x,0.324,0.324,0.324,23,0.2875723720232092,"(86.89422291527437, 243.02737432241776, 245.94756812950175)",14.777511466215143,2,23
7,11087.0,13098.0,"(52.54252728420673, 255.5464958960945, 274.1199603138811)",0.8464651091769736,377.093527488,328.0665304734195,0.7694048464219969,23.779324607088544,12.78603776195417,9.65403396229323,0.7550450062817384,0.5376955810655232,0.405984363383281,0.21829599817288978,0.30653646620101693,20240220_P013T_A009,P013T_A009,20240220,40x,0.324,0.324,0.324,23,0.24825653180005652,"(86.89422291527437, 243.02737432241776, 245.94756812950175)",14.954806333725392,2,23
8,4691.0,8935.0,"(47.531869537412064, 292.4489447878917, 239.572798976764)",0.5250139899272523,159.551342784,292.4701250315303,0.48641047917614355,16.704329469271748,12.625877538257685,8.34127639834831,0.6606492398705277,0.7558446186950196,0.4993481728010936,0.37742962926689744,0.32989399079177945,20240220_P013T_A009,P013T_A009,20240220,40x,0.324,0.324,0.324,23,0.20615016417993334,"(86.89422291527437, 243.02737432241776, 245.94756812950175)",20.57469945173011,2,23
9,10095.0,14582.0,"(53.60911342248638, 233.05923724616147, 271.0469539375929)",0.692291866684954,343.35340128,363.64682374898473,0.6520765191300418,28.30557942938279,10.667251966605944,9.854432659160562,0.9238023710333336,0.3768603993152224,0.3481445304359714,0.13120188675951078,0.32161674267903695,20240220_P013T_A009,P013T_A009,20240220,40x,0.324,0.324,0.324,23,0.25721944052509566,"(86.89422291527437, 243.02737432241776, 245.94756812950175)",13.887629648896585,1,23
10,6570.0,9613.0,"(62.04353120243531, 272.4407914764079, 267.37823439878235)",0.6834494954748778,223.46031168000002,248.14461747721379,0.7176502909900043,21.914976351550848,10.221583010397174,8.902508332829454,0.8709520163143042,0.4664199881590941,0.4062294291364569,0.18947352552770177,0.35380634039260594,20240220_P013T_A009,P013T_A009,20240220,40x,0.324,0.324,0.324,23,0.32809690086080096,"(86.89422291527437, 243.02737432241776, 245.94756812950175)",14.277998253120955,2,23
11,4882.0,5251.0,"(61.789225727160996, 207.24170421958215, 263.3826300696436)",0.9297276709198248,166.047677568,163.786708399677,0.8919914124013338,11.960377542632635,11.506813429972876,8.516771256275439,0.7401502864460291,0.9620777763040477,0.7120821417147996,0.6850784034467983,0.5270478011633108,20240220_P013T_A009,P013T_A009,20240220,40x,0.324,0.324,0.324,23,0.32595988006017645,"(86.89422291527437, 243.02737432241776, 245.94756812950175)",15.248172711839842,3,23
12,3914.0,5163.0,"(66.38119570771589, 281.69979560551866, 276.29994890137965)",0.758086383885338,133.123844736,175.699298660249,0.7176036921339749,18.968659690082678,9.224472453971094,6.210508143822145,0.6732643167196569,0.48630069834580325,0.3274089073920792,0.15921918030940455,0.22043273432325758,20240220_P013T_A009,P013T_A009,20240220,40x,0.324,0.324,0.324,23,0.3645478630900495,"(86.89422291527437, 243.02737432241776, 245.94756812950175)",17.25922020088213,1,23
13,15261.0,17720.0,"(73.56641111329533, 193.82222659065593, 282.13583644584236)",0.8612302483069978,519.060550464,426.3120255207458,0.7326590012841792,23.355771708455016,20.087253787229837,8.516862597254576,0.42399337846117324,0.8600552376506598,0.36465772587473055,0.31362578708834055,0.15461246117559538,20240220_P013T_A009,P013T_A009,20240220,40x,0.324,0.324,0.324,23,0.42492782448147337,"(86.89422291527437, 243.02737432241776, 245.94756812950175)",20.255488838578334,1,23
14,21829.0,24970.0,"(91.15543542993265, 265.2680837418113, 204.31201612533786)",0.8742090508610333,742.452837696,530.846480131196,0.7469549852026723,29.04593172335257,19.818785449374968,9.580909097608487,0.4834256429124744,0.6823256915336239,0.32985373610534086,0.2250676785930262,0.15945975444380606,20240220_P013T_A009,P013T_A009,20240220,40x,0.324,0.324,0.324,23,0.5727347515120391,"(86.89422291527437, 243.02737432241776, 245.94756812950175)",15.35611758834522,0,23
15,12993.0,14353.0,"(90.13091664742554, 202.91787885784655, 245.16416531978757)",0.9052462899742214,441.920826432,354.7693478996222,0.7908625562642729,25.738281224898834,13.169895471453243,9.614942731090572,0.7300697831605192,0.5116851182243234,0.3735658433084964,0.19114808269787706,0.27272913422041045,20240220_P013T_A009,P013T_A009,20240220,40x,0.324,0.324,0.324,23,0.5641253499783658,"(86.89422291527437, 243.02737432241776, 245.94756812950175)",13.040191112739295,0,23
16,16021.0,17536.0,"(96.51881904999688, 296.1097933961675, 231.35840459397042)",0.9136062956204379,544.909840704,407.5590927731385,0.7916076302422455,27.401902259509615,14.042305502752102,10.380228191170927,0.7392111066901758,0.5124573239392105,0.3788141455605897,0.19412608330429834,0.28002362376973683,20240220_P013T_A009,P013T_A009,20240220,40x,0.324,0.324,0.324,23,0.6178052021008141,"(86.89422291527437, 243.02737432241776, 245.94756812950175)",18.106990841411054,0,23
17,17956.0,20884.0,"(102.32161951436845, 232.82200935620406, 211.30485631543775)",0.8597969737598161,610.723494144,465.1799041113519,0.748329612482662,28.076957405003274,16.54543593268803,10.021516182924701,0.6056967144108708,0.5892887784820893,0.35693027696579693,0.21033500691644827,0.21619149603194532,20240220_P013T_A009,P013T_A009,20240220,40x,0.324,0.324,0.324,23,0.6665682312131802,"(86.89422291527437, 243.02737432241776, 245.94756812950175)",12.724051841587306,0,23
18,18696.0,22244.0,"(102.41655969191271, 233.78091570389387, 295.8038083012409)",0.8404963136126596,635.892539904,505.55348898705154,0.7073583739390072,26.459177900627374,22.213310873839955,8.338673284264448,0.37539083352426716,0.8395314078640839,0.3151523949679,0.26458033383913887,0.11830532023416904,20240220_P013T_A009,P013T_A009,20240220,40x,0.324,0.324,0.324,23,0.6673660478311992,"(86.89422291527437, 243.02737432241776, 245.94756812950175)",17.181425874319796,0,23
19,16344.0,18157.0,"(115.17150024473813, 230.72772883015173, 236.53928046989722)",0.9001487029795671,555.895789056,444.9797039934453,0.734749858644654,30.126362066748275,15.859959706388054,8.500807235532006,0.5359917296705402,0.5264478887709232,0.28217171448373124,0.14854870336083204,0.15124170531023695,20240220_P013T_A009,P013T_A009,20240220,40x,0.324,0.324,0.324,23,0.7745504222246902,"(86.89422291527437, 243.02737432241776, 245.94756812950175)",10.445679447343503,2,23
20,15638.0,17896.0,"(112.36622330221256, 200.52589845248752, 274.6355032612866)",0.8738265534197586,531.883158912,416.59390562680494,0.7620474925638622,23.555277559138773,19.67829469758331,8.69293363885833,0.44175238619258544,0.8354091624765719,0.36904399097117496,0.30830273141424086,0.16302606362155153,20240220_P013T_A009,P013T_A009,20240220,40x,0.324,0.324,0.324,23,0.7509766664051476,"(86.89422291527437, 243.02737432241776, 245.94756812950175)",18.55079217660923,0,23
21,8192.0,10638.0,"(104.5711669921875, 288.19287109375, 262.616455078125)",0.7700695619477346,278.628139008,304.767799638168,0.6769111915347139,18.888526480177916,13.233470501902072,9.298246731045227,0.7026310089789954,0.7006089392833053,0.49226956590833254,0.34488845841248994,0.3458838617838238,20240220_P013T_A009,P013T_A009,20240220,40x,0.324,0.324,0.324,23,0.6854719915309874,"(86.89422291527437, 243.02737432241776, 245.94756812950175)",16.6166464581683,0,23
22,18055.0,20181.0,"(121.89698144558294, 268.0026585433398, 233.0635281085572)",0.8946533868490164,614.09070432,427.6598340198202,0.8169723224721748,20.852342002470024,19.64764354505538,11.125910273130904,0.5662719932605303,0.9422271868899933,0.5335568672244588,0.5027317860507394,0.3021383107210384,20240220_P013T_A009,P013T_A009,20240220,40x,0.324,0.324,0.324,23,0.8310670709712852,"(86.89422291527437, 243.02737432241776, 245.94756812950175)",14.543798145822507,0,23
23,18985.0,20812.0,"(127.9611272056887, 236.59705030287068, 263.399947326837)",0.9122141072458197,645.72207264,436.1515667760933,0.8283434496580577,25.4728132228509,14.710176814477782,12.604593732569276,0.8568621500296184,0.5774853639362346,0.4948253505530387,0.2857543976489964,0.4239971137640364,20240220_P013T_A009,P013T_A009,20240220,40x,0.324,0.324,0.324,23,0.8820262790394008,"(86.89422291527437, 243.02737432241776, 245.94756812950175)",14.606706385485333,1,23
1,17895.0,22689.0,"(51.44336406817547, 97.15300363229953, 101.5251187482537)",0.7887081845828375,608.64874848,507.5535256266881,0.684300353767032,27.792503266962658,15.460455495427475,11.603130303436544,0.750503780879434,0.5562815032140533,0.41749137139544207,0.23224272765875315,0.3133288527168193,20240305_P013T_A005,P013T_A005,20240305,40x,0.324,0.324,0.324,5,0.24591152090900625,"(68.37101734680233, 74.34839478258755, 106.83764268261551)",9.361405404405236,0,5
2,15090.0,17061.0,"(51.52180251822399, 48.41961563949636, 117.85559973492379)",0.8844733602954106,513.24446016,386.1692055680268,0.8027666698928699,23.448049094888113,15.347684026500632,10.45189864450315,0.6810081981396021,0.6545399135080524,0.4457470471085698,0.2917592336609131,0.3035573933774555,20240305_P013T_A005,P013T_A005,20240305,40x,0.324,0.324,0.324,5,0.2469573669096532,"(68.37101734680233, 74.34839478258755, 106.83764268261551)",10.63585461430236,0,5
3,13494.0,14821.0,"(58.93582332888691, 87.1559211501408, 144.2837557432933)",0.9104648809122191,458.960950656,340.0083738285096,0.8462753069671485,18.87783863984354,15.50292709039571,11.268552414779707,0.7268661168999976,0.8212236255518814,0.5969196278114337,0.49020450091438533,0.4338806519686886,20240305_P013T_A005,P013T_A005,20240305,40x,0.324,0.324,0.324,5,0.3458109777184922,"(68.37101734680233, 74.34839478258755, 106.83764268261551)",13.181931145102684,0,5
4,16240.0,17434.0,"(85.18528325123152, 51.469088669950736, 92.57900246305418)",0.931513135252954,552.35851776,379.0806711981943,0.858815460238439,21.132772381573066,15.730610013516184,11.857978825369289,0.7538155745505469,0.7443703897190814,0.5611179930045039,0.41767961913115137,0.4229794822873399,20240305_P013T_A005,P013T_A005,20240305,40x,0.324,0.324,0.324,5,0.695803776683087,"(68.37101734680233, 74.34839478258755, 106.83764268261551)",10.294286179820208,0,5
5,19544.0,21074.0,"(89.42248260335653, 83.65621162505117, 89.18870241506345)",0.9273986903293158,664.7349058560001,436.77161103356525,0.843325783014275,21.85777419760933,18.464146592045903,11.821992483705246,0.6402674732228347,0.844740476551606,0.54085985045075,0.4568862078173969,0.346294969815782,20240305_P013T_A005,P013T_A005,20240305,40x,0.324,0.324,0.324,5,0.7522997680447537,"(68.37101734680233, 74.34839478258755, 106.83764268261551)",9.397590461767656,0,5
1,2201.0,3720.0,"(39.724670604270784, 208.373920945025, 121.17855520218083)",0.5916666666666667,74.860905024,139.41432227018134,0.6161410079942375,14.77696619576509,8.108381848446042,5.743732619407382,0.70836977423654,0.5487176285731649,0.38869498267198244,0.21328378913005763,0.275339777122228,20240305_P013T_B009,P013T_B009,20240305,40x,0.324,0.324,0.324,13,0.07219318321748398,"(84.99758763251181, 212.09910915015618, 95.48778660020376)",16.90873286025931,0,13
2,16290.0,18288.0,"(51.58870472682627, 238.89404542664212, 104.18483732351136)",0.890748031496063,554.0591289600001,415.05521301352104,0.7859875403365717,20.261097216174445,17.090700966351722,11.603772541500451,0.6789524060099132,0.843522973312038,0.572711952254844,0.4830956888173479,0.3888441579340609,20240305_P013T_B009,P013T_B009,20240305,40x,0.324,0.324,0.324,13,0.18307200679276894,"(84.99758763251181, 212.09910915015618, 95.48778660020376)",14.15906230541436,0,13
3,5235.0,5857.0,"(49.59063992359121, 220.67297039159504, 152.76466093600763)",0.8938022878606795,178.05399264,184.11788877361366,0.8312964947467176,14.902090537307355,11.395747658838648,7.567310156175964,0.664046834198429,0.7647079871316991,0.5078019179410578,0.3883201825303225,0.3372042560086499,20240305_P013T_B009,P013T_B009,20240305,40x,0.324,0.324,0.324,13,0.16439850395879638,"(84.99758763251181, 212.09910915015618, 95.48778660020376)",21.99338007750353,0,13
4,14739.0,16134.0,"(54.64882285093968, 220.57324106113035, 65.2684035551937)",0.9135366307177389,501.306169536,360.6777965100451,0.8461228359698993,18.841494766050282,16.535625055739253,11.766201034370924,0.711566753280189,0.8776174746779708,0.6244834170785621,0.5480575594747578,0.4443616375679106,20240305_P013T_B009,P013T_B009,20240305,40x,0.324,0.324,0.324,13,0.21167124159756714,"(84.99758763251181, 212.09910915015618, 95.48778660020376)",14.145372273974194,0,13
5,12927.0,13939.0,"(59.945927129264334, 177.51829504138624, 85.49029163765762)",0.927397948202884,439.676019648,335.0818728604383,0.8344911014081786,22.128794712013168,13.950498953560595,10.179065128302483,0.7296559902400103,0.630422900800251,0.4599918459533869,0.28998939387039635,0.3356358058614487,20240305_P013T_B009,P013T_B009,20240305,40x,0.324,0.324,0.324,13,0.26117688905854514,"(84.99758763251181, 212.09910915015618, 95.48778660020376)",14.209416281904534,0,13
6,15594.0,16827.0,"(68.84859561369758, 190.74894190073104, 59.64069513915609)",0.9267249064004279,530.386621056,370.51476843525677,0.8552117153004974,20.940784093499822,15.007120989130227,12.342115143618287,0.8224172479556722,0.7166456099315093,0.589381710279386,0.42237781524564666,0.4847176841633799,20240305_P013T_B009,P013T_B009,20240305,40x,0.324,0.324,0.324,13,0.34437939825885583,"(84.99758763251181, 212.09910915015618, 95.48778660020376)",14.49563671080911,0,13
7,24905.0,26483.0,"(76.97008632804658, 168.00176671351133, 116.84332463360771)",0.9404146055960427,847.07443872,513.1754164769421,0.8436571642159321,23.81461266331907,20.193114637585342,12.555054982751386,0.6217493045566496,0.8479295852116959,0.5271996299183802,0.4470281635204518,0.3277860032642759,20240305_P013T_B009,P013T_B009,20240305,40x,0.324,0.324,0.324,13,0.4202811806359493,"(84.99758763251181, 212.09910915015618, 95.48778660020376)",16.08644629296113,0,13
8,14757.0,17070.0,"(79.58026699193603, 235.9185471301755, 130.96503354340314)",0.8644991212653779,501.918389568,393.7309894310873,0.7757228747105991,23.079371368967387,14.364746423931777,11.549349910201325,0.8040065288559511,0.6224063122987255,0.5004187386893313,0.3114637817528062,0.4023399330680825,20240305_P013T_B009,P013T_B009,20240305,40x,0.324,0.324,0.324,13,0.44467539244800025,"(84.99758763251181, 212.09910915015618, 95.48778660020376)",13.955895376900388,0,13
9,17043.0,18228.0,"(78.31115413952942, 255.0109135715543, 77.25752508361204)",0.934990125082291,579.670333632,387.3683931317742,0.8679219237718157,21.302407441890917,15.762690428461681,12.199318475293117,0.7739363105974338,0.7399487814445117,0.5726732299422322,0.4237488586616474,0.4432126067594071,20240305_P013T_B009,P013T_B009,20240305,40x,0.324,0.324,0.324,13,0.43281452466849935,"(84.99758763251181, 212.09910915015618, 95.48778660020376)",15.26061939154813,0,13
10,17672.0,18959.0,"(85.74858533272975, 227.18600045269352, 49.5389316432775)",0.9321166728202964,601.064022528,404.3727585951158,0.8517576759008214,20.081589918124095,18.59124946922133,11.479034391083522,0.6174428679518066,0.9257857343477721,0.5716197989245577,0.5291974553150975,0.352942568026014,20240305_P013T_B009,P013T_B009,20240305,40x,0.324,0.324,0.324,13,0.5023232274086892,"(84.99758763251181, 212.09910915015618, 95.48778660020376)",15.671272642537833,0,13
11,45968.0,49412.0,"(102.53058649495301, 211.26398799164636, 83.04242081447964)",0.9303003319031814,1563.473912832,756.6574489226415,0.8609512722775241,27.539251625919743,21.962409239125126,18.702381443440242,0.8515632888819283,0.7974947735491209,0.6791172722296381,0.5415924752300719,0.5783113378763945,20240305_P013T_B009,P013T_B009,20240305,40x,0.324,0.324,0.324,13,0.659164359765916,"(84.99758763251181, 212.09910915015618, 95.48778660020376)",6.971578146695332,0,13
12,26427.0,29577.0,"(110.26283724978242, 191.7422711620691, 124.08960532788436)",0.893498326402272,898.841043648,559.5982144371244,0.8048774028473457,25.772621418202622,20.705987396591446,12.434363456665437,0.6005201886055597,0.8034102181770021,0.4824640557472872,0.38761655229048936,0.2897294057527642,20240305_P013T_B009,P013T_B009,20240305,40x,0.324,0.324,0.324,13,0.7314283855119853,"(84.99758763251181, 212.09910915015618, 95.48778660020376)",14.013881048640785,0,13
13,23768.0,26455.0,"(116.93651127566476, 233.43133625042074, 117.32863513968361)",0.8984312984312984,808.402540032,513.4759667883382,0.8173017888697882,23.724554947379403,19.826432702929775,12.686703580961257,0.6398883637340633,0.8356925028479739,0.5347499082322141,0.4468864892083034,0.34218024378565204,20240305_P013T_B009,P013T_B009,20240305,40x,0.324,0.324,0.324,13,0.7937991708006052,"(84.99758763251181, 212.09910915015618, 95.48778660020376)",14.315453080489663,0,13
1,4592.0,5993.0,"(38.704268292682926, 91.57317073170732, 91.89176829268293)",0.7662272651426665,156.184132608,191.21762397755433,0.7334673965053976,15.9551308307243,9.7151015737863,8.097423203472312,0.8334882699858871,0.6089014046239113,0.5075121783319605,0.3090248782500717,0.4230054475146748,20240305_P013T_A009a,P013T_A009a,20240305,40x,0.324,0.324,0.324,12,0.08632474429583006,"(92.44498026474774, 87.46486588083667, 90.47133689552399)",17.468858700139204,0,12
2,7359.0,8512.0,"(45.16496806631336, 72.05979073243647, 117.7431716265797)",0.8645441729323309,250.295956416,234.4897542244318,0.8190859480849499,15.337933067208638,11.637539550447551,10.26806563140232,0.8823227269725958,0.7587423611417203,0.6694556291521888,0.5079443447425477,0.5906759163007141,20240305_P013T_A009a,P013T_A009a,20240305,40x,0.324,0.324,0.324,12,0.13842716182510773,"(92.44498026474774, 87.46486588083667, 90.47133689552399)",18.375310484596604,0,12
3,21891.0,23767.0,"(58.78735553423781, 62.11493307752044, 86.68868484765429)",0.9210670257079143,744.561595584,471.05531656772166,0.8433592948030975,21.2408391424712,19.470951660797535,13.013561878467161,0.668357772397352,0.9166752561044181,0.612667032181721,0.5616167086319129,0.4094807728502718,20240305_P013T_A009a,P013T_A009a,20240305,40x,0.324,0.324,0.324,12,0.2482851252761114,"(92.44498026474774, 87.46486588083667, 90.47133689552399)",13.707012335204949,0,12
4,21544.0,23949.0,"(64.72261418492387, 125.890874489417, 109.62564983290011)",0.899578270491461,732.759353856,491.47114625395415,0.79976122789466,25.650611830850174,18.646524562643062,11.210107621708302,0.601190188769382,0.726942682131923,0.4370308082954117,0.3176963479565489,0.26273863413715415,20240305_P013T_A009a,P013T_A009a,20240305,40x,0.324,0.324,0.324,12,0.2961501143945474,"(92.44498026474774, 87.46486588083667, 90.47133689552399)",16.558826407054344,0,12
5,12014.0,13040.0,"(62.5839021142001, 76.85516896953554, 51.11062094223406)",0.9213190184049079,408.622859136,316.5800267212119,0.8411673075255145,20.065911301820442,13.787587335474472,10.73193605155277,0.7783766507096038,0.6871149347811389,0.5348342215874908,0.36749258128480994,0.41630247008414917,20240305_P013T_A009a,P013T_A009a,20240305,40x,0.324,0.324,0.324,12,0.2789024364048395,"(92.44498026474774, 87.46486588083667, 90.47133689552399)",16.37247248991778,0,12
6,14126.0,15314.0,"(66.483788758318, 114.10746141866062, 61.31919864080419)",0.9224239258195116,480.45667622400003,365.57380249442434,0.8114813570132612,23.006206814130486,15.71599344381537,9.496636504344584,0.6042657461200294,0.6831197150745666,0.41278584431883486,0.28198214835789687,0.24943234620510704,20240305_P013T_A009a,P013T_A009a,20240305,40x,0.324,0.324,0.324,12,0.3103531351477257,"(92.44498026474774, 87.46486588083667, 90.47133689552399)",15.312757343189338,0,12
7,10627.0,11938.0,"(80.40444151689094, 84.42815470029171, 137.8261033217277)",0.8901826101524544,361.44790444800003,305.31491886653936,0.8037109879420746,18.436748674871332,16.209655030094368,8.984334822466552,0.554258237191754,0.8792035578478966,0.48730581410549345,0.42844100552151554,0.2700932614994033,20240305_P013T_A009a,P013T_A009a,20240305,40x,0.324,0.324,0.324,12,0.4226164638458947,"(92.44498026474774, 87.46486588083667, 90.47133689552399)",15.86167833226266,0,12
8,13398.0,14520.0,"(96.45977011494253, 50.31109120764293, 114.9047619047619)",0.9227272727272727,455.695777152,338.6195959922477,0.845711117952238,18.958057405467308,15.866783794881767,11.146741866802818,0.7025205618796219,0.8369414363259576,0.5879685681080495,0.4920952579068677,0.4130600088348237,20240305_P013T_A009a,P013T_A009a,20240305,40x,0.324,0.324,0.324,12,0.5520949202817946,"(92.44498026474774, 87.46486588083667, 90.47133689552399)",14.466205489934024,0,12
9,22443.0,24514.0,"(115.48380341309094, 69.00160406362785, 75.19128458762198)",0.91551766337603,763.336343232,494.2604351401419,0.81721984448234,22.16467879989426,21.498366785169463,11.726761904176158,0.5454722222092612,0.9699381154700976,0.5290742992509371,0.5131693287591164,0.2885953337262163,20240305_P013T_A009a,P013T_A009a,20240305,40x,0.324,0.324,0.324,12,0.7055145436539592,"(92.44498026474774, 87.46486588083667, 90.47133689552399)",10.771035881669109,0,12
10,16476.0,18034.0,"(124.04873755765962, 124.0711944646759, 86.39615197863559)",0.9136076300321615,560.385402624,402.9950535457633,0.8156595990889702,20.634639490237927,19.76184265075928,10.0023524133482,0.5061447249689489,0.9577023461014883,0.4847359905696549,0.4642327954083874,0.245346564629429,20240305_P013T_A009a,P013T_A009a,20240305,40x,0.324,0.324,0.324,12,0.7745865932069325,"(92.44498026474774, 87.46486588083667, 90.47133689552399)",15.72461125689421,0,12
11,24463.0,26513.0,"(132.57862894984262, 85.50051097575931, 115.1371458937988)",0.9226794402745823,832.041035712,493.9617844972455,0.8660718791579979,21.89342242133175,18.475812326923222,14.964004330094385,0.809924027442551,0.8438978598851409,0.6834931534283228,0.5767984094243078,0.5535775275540766,20240305_P013T_A009a,P013T_A009a,20240305,40x,0.324,0.324,0.324,12,0.8433760399180856,"(92.44498026474774, 87.46486588083667, 90.47133689552399)",15.276078019561586,0,12
12,17282.0,18842.0,"(133.46169424835088, 85.26918180766116, 51.337403078347414)",0.9172062413756501,587.7992551680001,393.49614524845134,0.8623753412370535,18.501081187487625,17.89028314545927,12.906331126525917,0.7214156993262384,0.9669858190535676,0.6975987508910849,0.6745680995011614,0.5032586907232024,20240305_P013T_A009a,P013T_A009a,20240305,40x,0.324,0.324,0.324,12,0.8504975342608943,"(92.44498026474774, 87.46486588083667, 90.47133689552399)",18.38155865128465,1,12
1,17339.0,20473.0,"(30.38381682911356, 441.31772305207915, 201.09152776976757)",0.8469203340985688,589.7379519360001,443.2904501846548,0.7671879989396678,17.949400045319887,17.21388261646061,13.966741186187596,0.811364960327546,0.9590227290604593,0.7781174385173544,0.7462323094164474,0.631337224632805,20240305_P013T_C001,P013T_C001,20240305,40x,0.324,0.324,0.324,31,0.1005142136755433,"(116.6408805942461, 435.4804895465646, 189.96671977880953)",28.24216339855922,1,31
2,2639.0,4072.0,"(36.53164077302009, 405.946949602122, 168.02841985600605)",0.6480844793713163,89.758259136,151.5152587298806,0.6398488100440684,11.671603602871423,9.568711930605826,6.830485964563661,0.7138354685666873,0.8198283848717884,0.5852225792592236,0.4797820819445915,0.41775263408131325,20240305_P013T_C001,P013T_C001,20240305,40x,0.324,0.324,0.324,31,0.13823092498785328,"(116.6408805942461, 435.4804895465646, 189.96671977880953)",28.56167836831788,0,31
3,13011.0,14740.0,"(66.99039274460073, 423.25055722081316, 215.88509722542463)",0.8827001356852103,442.533046464,344.75415227041265,0.8145887799919154,21.375339668836496,14.246876134105925,10.756741840127994,0.7550245919789519,0.6665099294247337,0.5032313875138297,0.33540871657615345,0.3799520730286311,20240305_P013T_C001,P013T_C001,20240305,40x,0.324,0.324,0.324,31,0.3250944340159554,"(116.6408805942461, 435.4804895465646, 189.96671977880953)",18.574285829296464,2,31
4,16111.0,18369.0,"(69.35125069828068, 457.38942337533365, 174.5538451989324)",0.8770755076487561,547.970940864,412.20771252584245,0.7856088430802496,19.324660384573033,18.742632107304576,11.150057171824027,0.5949034856997758,0.9698815779586434,0.5769859314435958,0.5596080256484524,0.343250941815527,20240305_P013T_C001,P013T_C001,20240305,40x,0.324,0.324,0.324,31,0.33957822514282626,"(116.6408805942461, 435.4804895465646, 189.96671977880953)",17.60923510804451,2,31
5,15042.0,16044.0,"(73.00611620795107, 435.4235474006116, 153.76426007179896)",0.93754674644727,511.611873408,348.9361938132351,0.8865403665528755,17.591909417921084,16.451964288765225,12.533079074271873,0.7617983393527364,0.9352006026136889,0.7124342660327866,0.6662689549165031,0.5427312407617626,20240305_P013T_C001,P013T_C001,20240305,40x,0.324,0.324,0.324,31,0.3620007129322152,"(116.6408805942461, 435.4804895465646, 189.96671977880953)",18.37001139534002,3,31
6,7303.0,8259.0,"(69.59345474462549, 454.8189785019855, 219.21100917431193)",0.8842474875892965,248.391271872,227.86012704102694,0.8386356951297493,15.458016356015998,11.839540595092087,9.939310894416346,0.8395013991114272,0.7659159055349517,0.6429874742982876,0.4924743336248044,0.5397888842845353,20240305_P013T_C001,P013T_C001,20240305,40x,0.324,0.324,0.324,31,0.34106413953757975,"(116.6408805942461, 435.4804895465646, 189.96671977880953)",19.010452260289235,5,31
7,11364.0,13431.0,"(77.88991552270328, 482.96048926434355, 211.19975360788456)",0.8461023006477552,386.514913536,328.090778187484,0.7821095783490254,19.518028281556877,15.372815770919676,9.820327582432526,0.6388112450426527,0.7876213493063678,0.5031413747725749,0.3962848884902364,0.3214123680509406,20240305_P013T_C001,P013T_C001,20240305,40x,0.324,0.324,0.324,31,0.391962671918425,"(116.6408805942461, 435.4804895465646, 189.96671977880953)",21.014664459245463,4,31
8,21838.0,23203.0,"(91.37388955032512, 481.10605366791833, 177.50489971609122)",0.9411714002499677,742.758947712,454.67272838088326,0.8723360364332328,22.074590347137264,17.518047377882386,13.677017125251314,0.7807386765330587,0.7935842569397538,0.6195819224806142,0.49169045956508234,0.4837315701613229,20240305_P013T_C001,P013T_C001,20240305,40x,0.324,0.324,0.324,31,0.4746864389590498,"(116.6408805942461, 435.4804895465646, 189.96671977880953)",17.373802961814828,4,31
9,16185.0,17255.0,"(97.24102564102564, 394.32659870250234, 187.8637627432808)",0.9379889886989279,550.48784544,378.54759061397476,0.858082005012463,22.998872664626987,14.528858391533896,11.718994399788928,0.8066011853083858,0.6317204587979546,0.5095464708499874,0.3218909303442326,0.4110007873573047,20240305_P013T_C001,P013T_C001,20240305,40x,0.324,0.324,0.324,31,0.5106811389019978,"(116.6408805942461, 435.4804895465646, 189.96671977880953)",14.756837899840786,2,31
10,11660.0,12447.0,"(101.60668953687822, 443.02332761578043, 136.2640651801029)",0.9367719129107416,396.58253184,298.32115929428346,0.8750290146151561,18.67057951252751,12.759508625106685,11.910388282177843,0.9334519558803354,0.6834018524462704,0.6379227958182154,0.43595762037987235,0.595470281457165,20240305_P013T_C001,P013T_C001,20240305,40x,0.324,0.324,0.324,31,0.5374643529869829,"(116.6408805942461, 435.4804895465646, 189.96671977880953)",18.233159856665957,3,31
11,11385.0,12699.0,"(107.40289855072464, 467.9500219587176, 234.8516469038208)",0.8965272856130404,387.22917024000003,360.5891964264656,0.7124976847821798,21.41299458538705,19.56878098905312,6.691200528545144,0.3419324143025688,0.9138740922489896,0.3124831747312655,0.2855702776506177,0.10684812636479307,20240305_P013T_C001,P013T_C001,20240305,40x,0.324,0.324,0.324,31,0.5730239174891082,"(116.6408805942461, 435.4804895465646, 189.96671977880953)",18.196768621451636,4,31
12,10409.0,11296.0,"(107.0437121721587, 416.55922759150735, 138.05245460659046)",0.9214766288951841,354.033239616,284.9920569975209,0.8492079696572001,18.786936570025286,13.441363184983425,10.044135813437245,0.7472557414904515,0.7154632760313479,0.5346340408399923,0.3825110223372583,0.3995083566139248,20240305_P013T_C001,P013T_C001,20240305,40x,0.324,0.324,0.324,31,0.5708203200745933,"(116.6408805942461, 435.4804895465646, 189.96671977880953)",18.170625772644094,5,31
13,14189.0,15264.0,"(112.800408767355, 432.7467051941645, 237.56290083867785)",0.9295728511530398,482.599446336,360.9722274276508,0.8242675726895808,23.144543613319712,14.79049032363086,10.110049209640154,0.6835506456122867,0.639048692026008,0.4368221460120652,0.2791506210570041,0.2985900599242918,20240305_P013T_C001,P013T_C001,20240305,40x,0.324,0.324,0.324,31,0.6061374771003374,"(116.6408805942461, 435.4804895465646, 189.96671977880953)",15.496616360395977,3,31
14,21826.0,23928.0,"(122.59910198845414, 399.53482085586, 213.3094932649134)",0.912153126044801,742.350801024,476.28062315202163,0.8324548073072958,26.159960786538072,16.553329757926182,12.676624798297702,0.7658051270456804,0.6327734927815539,0.48458118503071684,0.30663012898811115,0.37109475596639446,20240305_P013T_C001,P013T_C001,20240305,40x,0.324,0.324,0.324,31,0.6662521594383689,"(116.6408805942461, 435.4804895465646, 189.96671977880953)",14.020167645722106,3,31
15,15492.0,16504.0,"(115.60276271624063, 483.0722308288149, 151.287115930803)",0.9386815317498788,526.917374208,358.77750942299247,0.8793341227398478,18.669841913022243,16.169618475639563,12.422154752990929,0.7682404363285134,0.8660822384554435,0.6653593967673854,0.5762559557296607,0.5111559932878527,20240305_P013T_C001,P013T_C001,20240305,40x,0.324,0.324,0.324,31,0.6233298326149732,"(116.6408805942461, 435.4804895465646, 189.96671977880953)",19.873018204839443,3,31
16,8538.0,9317.0,"(113.58233778402436, 395.51780276411336, 161.23401264933239)",0.9163893957282387,290.396368512,248.7163227698724,0.8526562054392526,15.702042874300146,14.42811017567608,9.193441604315428,0.6371895897921805,0.9188683466971589,0.5854933449049818,0.5379913018350302,0.37307026426605705,20240305_P013T_C001,P013T_C001,20240305,40x,0.324,0.324,0.324,31,0.6109345876320513,"(116.6408805942461, 435.4804895465646, 189.96671977880953)",15.977962280613209,5,31
17,15858.0,17061.0,"(126.78856097868584, 390.07895068735024, 137.0030268634128)",0.9294883066643221,539.365848192,385.37330808967437,0.8314920914129523,21.808119394015083,17.13041649446387,10.288700058658833,0.6006100354876888,0.7855063604964058,0.4717830030535515,0.37058854967265986,0.28335760620648187,20240305_P013T_C001,P013T_C001,20240305,40x,0.324,0.324,0.324,31,0.6919543618324284,"(116.6408805942461, 435.4804895465646, 189.96671977880953)",22.840110875971224,3,31
18,4215.0,4759.0,"(124.88018979833926, 135.11364175563463, 107.0870699881376)",0.8856902710653498,143.36152416000002,159.49907199907992,0.8305154263385408,14.863811101365716,9.787072348765632,7.248792483103226,0.7406497290292802,0.6584497261181136,0.48768061122878453,0.32111316489670744,0.36120051255943303,20240305_P013T_C001,P013T_C001,20240305,40x,0.324,0.324,0.324,31,0.6802465631799954,"(116.6408805942461, 435.4804895465646, 189.96671977880953)",100.99094335063954,0,31
19,1562.0,2296.0,"(122.89052496798976, 487.0608194622279, 465.3124199743918)",0.6803135888501742,53.127093888,100.5673789996165,0.6795754785555095,9.16655794458492,8.483698885249165,5.652375008331047,0.6662630398350162,0.9255054008861474,0.6166300417781299,0.5706944340143099,0.41083780608868986,20240305_P013T_C001,P013T_C001,20240305,40x,0.324,0.324,0.324,31,0.6680400304784648,"(116.6408805942461, 435.4804895465646, 189.96671977880953)",90.78642062451702,0,31
20,27259.0,29439.0,"(146.83322939212738, 488.8018269195495, 183.35481859202466)",0.9259485716226774,927.139214016,543.4724711826506,0.8460639831536885,27.560380289773097,16.128857312738692,15.076516316317642,0.9347541505255984,0.5852189680678561,0.5470358593677361,0.3201357611152994,0.5113440400303289,20240305_P013T_C001,P013T_C001,20240305,40x,0.324,0.324,0.324,31,0.8149277876817631,"(116.6408805942461, 435.4804895465646, 189.96671977880953)",19.96865433914021,4,31
21,16238.0,17530.0,"(143.0288212834093, 473.1912797142505, 220.6615346717576)",0.9262977752424415,552.290493312,408.9210738416419,0.7960793226028208,23.571859881917472,18.33642411640893,9.108481643188808,0.4967425265342654,0.7778946679754886,0.38641336274767774,0.30058889451589677,0.19194795009788304,20240305_P013T_C001,P013T_C001,20240305,40x,0.324,0.324,0.324,31,0.7915878606344128,"(116.6408805942461, 435.4804895465646, 189.96671977880953)",17.92454787436338,3,31
22,2611.0,2839.0,"(138.81080045959402, 224.81386441976255, 485.72041363462273)",0.9196900317013033,88.805916864,108.4684671238546,0.8874459055653776,11.165354028072752,7.9130538789161555,7.123083358981937,0.9001686918827829,0.7087149999024281,0.6379630543798753,0.45213398602258603,0.5742743681306771,20240305_P013T_C001,P013T_C001,20240305,40x,0.324,0.324,0.324,31,0.765710432267448,"(116.6408805942461, 435.4804895465646, 189.96671977880953)",117.86752164243705,0,31
23,16230.0,17512.0,"(144.31337030191006, 465.7729513247073, 153.38170055452866)",0.9267930561900412,552.01839552,377.0346675994961,0.8631213781874622,19.585035894981097,16.23922576320585,12.525393300140172,0.7713048320640801,0.8291649732113767,0.6395389504162183,0.5302832966894956,0.49327948274921934,20240305_P013T_C001,P013T_C001,20240305,40x,0.324,0.324,0.324,31,0.7994685294595709,"(116.6408805942461, 435.4804895465646, 189.96671977880953)",17.810759359246823,3,31
24,20889.0,22552.0,"(151.3588491550577, 423.22983388386234, 226.30298243094452)",0.9262593118126995,710.4813471360001,464.3394678700764,0.8292464967853788,24.449657152890506,18.021029976151805,11.492668991284472,0.6377365226345739,0.7370667761703689,0.47005440278436694,0.3464614832849614,0.29977086028077354,20240305_P013T_C001,P013T_C001,20240305,40x,0.324,0.324,0.324,31,0.8426923261046485,"(116.6408805942461, 435.4804895465646, 189.96671977880953)",16.7597276396166,4,31
25,15115.0,16302.0,"(148.37201455507773, 410.32523982798546, 140.94694012570295)",0.9271868482394798,514.09476576,360.5354161946541,0.8607921802426909,19.408713727743226,15.052079693441167,12.759912557569242,0.847717579061801,0.7755320576409659,0.6574321583882168,0.5098597145541552,0.5573167977062337,20240305_P013T_C001,P013T_C001,20240305,40x,0.324,0.324,0.324,31,0.8243681874544646,"(116.6408805942461, 435.4804895465646, 189.96671977880953)",20.60036295512308,5,31
26,1621.0,1757.0,"(146.2954966070327, 504.78901912399755, 388.91548426896975)",0.9225953329538987,55.133815104,79.1887842442857,0.8846384520789993,9.128607183916085,7.167230867877129,6.072451377191274,0.8472520962604182,0.7851395863002242,0.6652111603499025,0.5222836152394145,0.56360155006228,20240305_P013T_C001,P013T_C001,20240305,40x,0.324,0.324,0.324,31,0.811628813540078,"(116.6408805942461, 435.4804895465646, 189.96671977880953)",68.93185047778273,0,31
27,17595.0,19351.0,"(160.36140949133278, 406.0811025859619, 183.14606422279056)",0.9092553356415689,598.4450812800001,418.32422402266843,0.8209574434785133,25.893972248059296,14.08858913765033,12.181450483123516,0.8646323889572323,0.5440875970161837,0.47043575881010274,0.2559582615614737,0.40675399399088746,20240305_P013T_C001,P013T_C001,20240305,40x,0.324,0.324,0.324,31,0.8979227576155385,"(116.6408805942461, 435.4804895465646, 189.96671977880953)",17.212696130686524,4,31
28,18057.0,19252.0,"(160.11208949437892, 436.7863432463864, 148.9698731793764)",0.9379285269062955,614.1587287680001,395.4747269889348,0.8835256089201113,20.61975545990762,15.532919843772103,13.624726925332785,0.8771516921717456,0.753302815543754,0.6607608393719441,0.4977530006999396,0.5795874883759237,20240305_P013T_C001,P013T_C001,20240305,40x,0.324,0.324,0.324,31,0.8963931870820793,"(116.6408805942461, 435.4804895465646, 189.96671977880953)",19.364774711800013,2,31
29,3197.0,3475.0,"(154.8429777916797, 423.0090710040663, 332.5858617453863)",0.92,108.737080128,124.58668146859725,0.8842959129127085,12.038310234252485,8.413983334494958,7.640741175231252,0.9081003457549492,0.6989339176984104,0.6347021323217877,0.44361484791520195,0.576373225812819,20240305_P013T_C001,P013T_C001,20240305,40x,0.324,0.324,0.324,31,0.8640673484152128,"(116.6408805942461, 435.4804895465646, 189.96671977880953)",48.00796260710135,0,31
30,3599.0,3896.0,"(157.4837454848569, 306.67352042233955, 361.47902195054183)",0.9237679671457906,122.409994176,132.12420912571073,0.902359597729069,11.519559153387723,8.930524734620894,8.391437022770724,0.9396353822569582,0.7752488281632345,0.7284512289954197,0.5647309616527671,0.6844785490126623,20240305_P013T_C001,P013T_C001,20240305,40x,0.324,0.324,0.324,31,0.8802683772077111,"(116.6408805942461, 435.4804895465646, 189.96671977880953)",70.74474873525592,0,31
31,15130.0,16378.0,"(164.74487772637144, 459.15419695968274, 202.93536021150032)",0.9238002198070583,514.60494912,361.99500093863367,0.8578885217852119,21.379193224648827,13.799631656728621,12.611263773954779,0.913884086739779,0.6454701780242361,0.5898849241614416,0.38075312701229874,0.5390864451988427,20240305_P013T_C001,P013T_C001,20240305,40x,0.324,0.324,0.324,31,0.9248152007752849,"(116.6408805942461, 435.4804895465646, 189.96671977880953)",17.87183705557595,3,31
1,13376.0,15123.0,"(37.79403409090909, 242.77302631578948, 254.50306519138755)",0.8844805924750381,454.947508224,348.69471783047,0.8203760058384971,16.980005052734043,16.002760259292508,12.165525625639711,0.7602142023327141,0.9424473202212514,0.7164618377826026,0.6752275390590068,0.5446644645117317,20240305_P013T_B003,P013T_B003,20240305,40x,0.324,0.324,0.324,31,0.10322898098633393,"(102.99483469343298, 236.0620255709905, 281.25647653199724)",22.93756838360882,2,31
2,8675.0,11505.0,"(39.782593659942364, 191.29244956772334, 252.20887608069165)",0.7540199913081269,295.05604320000003,319.9203812991924,0.6699543712932935,16.273734113663775,12.684909430442419,11.281550128116747,0.8893678106240348,0.7794713457799398,0.6932367242404751,0.5403581623878001,0.6165424276819291,20240305_P013T_B003,P013T_B003,20240305,40x,0.324,0.324,0.324,31,0.11622610235256448,"(102.99483469343298, 236.0620255709905, 281.25647653199724)",26.803761281691273,1,31
3,20655.0,22688.0,"(48.69910433309126, 269.96456063907044, 265.6654563059792)",0.9103931593794076,702.52248672,471.2001211950553,0.8110585700480949,23.665815831754404,19.595833875233645,11.049242453669317,0.563856711789846,0.8280227486998473,0.4668861843690858,0.3865923817112741,0.26325690869846047,20240305_P013T_B003,P013T_B003,20240305,40x,0.324,0.324,0.324,31,0.17450394988948537,"(102.99483469343298, 236.0620255709905, 281.25647653199724)",21.345891455960878,3,31
4,21872.0,23779.0,"(56.45350219458668, 238.4378657644477, 316.9834948792977)",0.9198031876866143,743.915363328,472.94786706411924,0.839498398265038,22.12122959974491,19.8960595544517,12.261176382811724,0.6162615441140612,0.8994102007187308,0.5542719190868627,0.49851781799867134,0.34157646871553404,20240305_P013T_B003,P013T_B003,20240305,40x,0.324,0.324,0.324,31,0.22518628885350772,"(102.99483469343298, 236.0620255709905, 281.25647653199724)",19.02561571494982,1,31
5,3364.0,5981.0,"(53.38168846611177, 212.839774078478, 213.84542211652794)",0.5624477512121718,114.417121536,205.0756005284945,0.5557730424477709,15.087141299861674,9.217629414801284,7.933091559214943,0.8606433609140671,0.6109593084334536,0.5258180725919016,0.3212534459925597,0.4525418332248512,20240305_P013T_B003,P013T_B003,20240305,40x,0.324,0.324,0.324,31,0.205109074941907,"(102.99483469343298, 236.0620255709905, 281.25647653199724)",28.143251550555334,3,31
6,22399.0,24709.0,"(63.35443546586901, 258.5586410107594, 223.0939774097058)",0.9065117973208143,761.839805376,487.11254926490204,0.8281275758767827,23.377722702794735,18.77872376835014,12.674843581890013,0.6749576668917368,0.8032742969487443,0.5421761453426246,0.43551616197247695,0.36594594610481307,20240305_P013T_B003,P013T_B003,20240305,40x,0.324,0.324,0.324,31,0.2702904278814968,"(102.99483469343298, 236.0620255709905, 281.25647653199724)",23.941682363441263,3,31
7,17791.0,20199.0,"(70.05064358383453, 228.15906919228823, 194.67972570400764)",0.8807861775335413,605.111477184,455.9644022718305,0.7587699331403135,23.886395632060026,20.024175948898968,9.448704873770785,0.47186485465786787,0.8383088121517491,0.3955684658043949,0.33160853069317214,0.1866548566240266,20240305_P013T_B003,P013T_B003,20240305,40x,0.324,0.324,0.324,31,0.3140564940119903,"(102.99483469343298, 236.0620255709905, 281.25647653199724)",30.122087159477775,4,31
8,17197.0,19640.0,"(71.61150200616386, 208.08350293655872, 309.0416351689248)",0.8756109979633401,584.908216128,422.9557892549876,0.7996764355070697,24.34547220483364,14.298214556334115,12.218941406228224,0.8545781263867822,0.5873048769000789,0.5018979013190892,0.29476708515061567,0.42891096814672536,20240305_P013T_B003,P013T_B003,20240305,40x,0.324,0.324,0.324,31,0.3242581830468227,"(102.99483469343298, 236.0620255709905, 281.25647653199724)",16.328206032859573,3,31
9,20874.0,22251.0,"(78.07114113250934, 174.27613298840663, 250.40394749449075)",0.9381151408925441,709.971163776,446.08596481831637,0.8627653702898104,23.6546728121955,16.234502105130314,13.121882106176292,0.8082712990643308,0.6863126889990373,0.554726848701586,0.3807160751923476,0.4483697906258934,20240305_P013T_B003,P013T_B003,20240305,40x,0.324,0.324,0.324,31,0.3664780466177081,"(102.99483469343298, 236.0620255709905, 281.25647653199724)",23.788232624065095,2,31
10,15961.0,18069.0,"(86.34114403859407, 185.42409623457178, 309.24403232880144)",0.883336100503625,542.869107264,408.9149228969499,0.7870118109756615,22.735992330717753,16.891910075110985,10.285224778703103,0.6088846514674289,0.7429589977600826,0.45237633040573816,0.3360970650486312,0.2754450042712123,20240305_P013T_B003,P013T_B003,20240305,40x,0.324,0.324,0.324,31,0.42053035319342524,"(102.99483469343298, 236.0620255709905, 281.25647653199724)",19.506975789949355,2,31
11,17362.0,18707.0,"(90.17607418500172, 178.02131090888147, 216.124524824329)",0.9281017800823221,590.520233088,415.5287425016163,0.8191678700672198,24.4278613440391,16.511698449513062,10.584324826450041,0.6410197508641019,0.675937128386487,0.43328904963810244,0.292876155973689,0.2777468386511599,20240305_P013T_B003,P013T_B003,20240305,40x,0.324,0.324,0.324,31,0.4455952561111224,"(102.99483469343298, 236.0620255709905, 281.25647653199724)",28.569408598064115,3,31
12,33225.0,35239.0,"(94.53968397291196, 286.60018058690747, 286.79027840481564)",0.9428474133772241,1130.0561424,637.3651005530951,0.8231819865837481,28.704081484397978,22.079683587701595,12.704764533922072,0.5754051901811962,0.7692175623074002,0.4426117777302057,0.3404647527141737,0.25468111414128636,20240305_P013T_B003,P013T_B003,20240305,40x,0.324,0.324,0.324,31,0.4741155815223004,"(102.99483469343298, 236.0620255709905, 281.25647653199724)",16.69847609668535,0,31
13,15685.0,16860.0,"(93.5201147593242, 355.29818297736693, 505.0564233343959)",0.9303084223013048,533.48173344,312.3777076244162,1.0183188743251215,24.951421738026838,18.738069272792945,8.593110880606906,0.45859105095122144,0.7509820269774637,0.3443936369970736,0.25863343159020313,0.15793583993140145,20240305_P013T_B003,P013T_B003,20240305,40x,0.324,0.324,0.324,31,0.46745173045309935,"(102.99483469343298, 236.0620255709905, 281.25647653199724)",82.21779959300065,1,31
14,17211.0,19057.0,"(111.46946720120853, 284.1011562372901, 238.77793271744815)",0.9031327071417327,585.384387264,449.6184778902714,0.752663282632879,27.7251220937632,17.710342039729138,8.728782663207602,0.49286358465728985,0.6387831938064973,0.31483297471830257,0.2011100131061575,0.1551697084879805,20240305_P013T_B003,P013T_B003,20240305,40x,0.324,0.324,0.324,31,0.5847677594850231,"(102.99483469343298, 236.0620255709905, 281.25647653199724)",20.95757667937496,1,31
15,23838.0,25388.0,"(110.02819028441984, 244.81680510109908, 332.2405403137847)",0.9389475342681581,810.783395712,504.6393675118307,0.8332453419647192,24.50686638350937,20.366522580413747,11.504902460299203,0.5648928242351661,0.8310537243602204,0.4694562854449981,0.3901433944433804,0.26519248693997527,20240305_P013T_B003,P013T_B003,20240305,40x,0.324,0.324,0.324,31,0.5753476489177767,"(102.99483469343298, 236.0620255709905, 281.25647653199724)",16.91481406516659,2,31
16,7325.0,15026.0,"(106.44505119453925, 251.90389078498293, 217.3952218430034)",0.48748835352056435,249.1395408,388.587457710153,0.49274676909048454,22.46638201281224,15.77675810535802,8.038271679702072,0.5095008509366798,0.7022384866580107,0.35779110651274276,0.2512546851772036,0.1822948732258187,20240305_P013T_B003,P013T_B003,20240305,40x,0.324,0.324,0.324,31,0.5519284391799951,"(102.99483469343298, 236.0620255709905, 281.25647653199724)",21.34746611159516,1,31
17,26424.0,32082.0,"(117.6146684831971, 200.05619891008175, 196.83670148349984)",0.8236394239760614,898.739006976,597.7418579615065,0.7534588114873251,30.732909873126165,18.42188850116251,12.997367101757337,0.7055393425563911,0.5994189478709661,0.422913650396725,0.25350245536107446,0.29838221885902877,20240305_P013T_B003,P013T_B003,20240305,40x,0.324,0.324,0.324,31,0.6249324737463863,"(102.99483469343298, 236.0620255709905, 281.25647653199724)",30.110841141775328,3,31
18,21996.0,26133.0,"(118.05310056373887, 202.08801600290963, 314.30464629932715)",0.8416944093674664,748.132879104,515.9268384324498,0.7724703733176859,26.465528807803878,16.752307745495923,12.802906239689014,0.7642473165006918,0.6329859443638314,0.48375780936271434,0.30621189380283603,0.3697106076417077,20240305_P013T_B003,P013T_B003,20240305,40x,0.324,0.324,0.324,31,0.627798042900254,"(102.99483469343298, 236.0620255709905, 281.25647653199724)",16.11282400243972,4,31
19,17088.0,18401.0,"(121.94733146067416, 379.69721441947564, 499.73911516853934)",0.9286451823270474,581.2008837120001,399.65668050190897,0.8427159715235311,24.39359702665848,15.87310178964437,10.758642957199442,0.6777908375928385,0.6507077153196181,0.4410437273946063,0.2869905562089927,0.2989353974058578,20240305_P013T_B003,P013T_B003,20240305,40x,0.324,0.324,0.324,31,0.6532505324227069,"(102.99483469343298, 236.0620255709905, 281.25647653199724)",84.93802470734839,1,31
20,12511.0,14141.0,"(130.80776916313644, 184.58756294460875, 285.84949244664693)",0.8847323385899158,425.526934464,340.718886423007,0.8029822648687771,22.793482868634328,13.15982367754509,10.231603035594109,0.7774878513799944,0.5773502782961734,0.44888282736613366,0.25916262530221046,0.3490009449702723,20240305_P013T_B003,P013T_B003,20240305,40x,0.324,0.324,0.324,31,0.7111618899551402,"(102.99483469343298, 236.0620255709905, 281.25647653199724)",19.014895652266837,3,31
21,1318.0,1513.0,"(117.14795144157814, 218.4886191198786, 408.64036418816386)",0.8711169861202908,44.828111232,71.90054303624322,0.8487613234032673,9.23510260005802,6.5958128664444375,5.396099281557805,0.8181098207030615,0.714211108645723,0.5843031220382872,0.4173157805761223,0.47802412240698217,20240305_P013T_B003,P013T_B003,20240305,40x,0.324,0.324,0.324,31,0.6218820355658702,"(102.99483469343298, 236.0620255709905, 281.25647653199724)",41.91486977298342,0,31
22,15559.0,17433.0,"(129.34462369046855, 177.77453563853717, 230.60794395526705)",0.8925027247174898,529.196193216,388.15244183133825,0.8151288719247273,20.730787170573258,17.69778887955965,10.733120821115177,0.6064667679198937,0.853695941883053,0.5177382186601446,0.4419910162279262,0.3139910240994211,20240305_P013T_B003,P013T_B003,20240305,40x,0.324,0.324,0.324,31,0.7015988476501211,"(102.99483469343298, 236.0620255709905, 281.25647653199724)",26.43533594779563,3,31
23,5255.0,5949.0,"(130.48392007611798, 95.49400570884872, 462.1689819219791)",0.8833417381072449,178.73423712000002,181.56206072448416,0.845144277415655,14.820040077159081,10.807879258652672,8.385310577090792,0.7758516149574489,0.7292746309984663,0.5658089002076577,0.41263007691458775,0.43898374898340936,20240305_P013T_B003,P013T_B003,20240305,40x,0.324,0.324,0.324,31,0.709045229255673,"(102.99483469343298, 236.0620255709905, 281.25647653199724)",74.76215059538492,0,31
24,12298.0,15850.0,"(141.55155309806472, 227.2601235973329, 315.9055130915596)",0.7758990536277602,418.282330752,361.61275565156535,0.7479743916046075,21.47343172952908,16.82765847057267,9.650836935505314,0.5735103878167123,0.783650172106967,0.44943151411769994,0.3521970833886303,0.25775364195869427,20240305_P013T_B003,P013T_B003,20240305,40x,0.324,0.324,0.324,31,0.7813826999873512,"(102.99483469343298, 236.0620255709905, 281.25647653199724)",17.035899501946616,3,31
25,21191.0,22542.0,"(145.98891038648483, 227.98584304657638, 202.2300504931339)",0.9400674296868069,720.7530387840001,448.99086038616576,0.8658399331717128,21.836093352107817,18.555841604749485,12.6141108770198,0.6797919030409884,0.8497784519206733,0.5776725109943794,0.49089365210993186,0.39269709558333543,20240305_P013T_B003,P013T_B003,20240305,40x,0.324,0.324,0.324,31,0.8103850352057832,"(102.99483469343298, 236.0620255709905, 281.25647653199724)",29.265812326848398,1,31
26,21648.0,23170.0,"(153.5736788617886, 263.4621212121212, 284.9897450110865)",0.9343116098403107,736.296625152,480.78995955306345,0.8201575266137643,24.03169098084357,20.072398147167036,10.823837345242545,0.5392398688928055,0.8352470145845078,0.45039849063765725,0.37619399467847164,0.2428728230409678,20240305_P013T_B003,P013T_B003,20240305,40x,0.324,0.324,0.324,31,0.8599586853711674,"(102.99483469343298, 236.0620255709905, 281.25647653199724)",18.676912516281472,0,31
27,17503.0,19566.0,"(154.68114037593554, 258.56738844769467, 231.23910186825117)",0.8945619952979659,595.315956672,428.729798212225,0.7982375198358383,26.022332083363526,16.655446327759314,10.274158791125373,0.6168648134035069,0.6400443386243385,0.3948208315154736,0.25270283798243265,0.24355107856061003,20240305_P013T_B003,P013T_B003,20240305,40x,0.324,0.324,0.324,31,0.8671969959211473,"(102.99483469343298, 236.0620255709905, 281.25647653199724)",24.417873287516546,2,31
28,16006.0,17999.0,"(157.09633887292264, 199.3858553042609, 253.61295764088467)",0.8892716262014556,544.399657344,395.8487361620598,0.814516882903362,22.52677942468048,14.2296085530128,12.45466084577387,0.8752637712677538,0.6316752290574991,0.5528824432012889,0.34924214395104386,0.48391797230408984,20240305_P013T_B003,P013T_B003,20240305,40x,0.324,0.324,0.324,31,0.8829826070125663,"(102.99483469343298, 236.0620255709905, 281.25647653199724)",22.993224148920984,3,31
29,4316.0,5015.0,"(155.55885078776646, 198.05815569972196, 287.60287303058385)",0.8606181455633101,146.796758784,168.99863709841844,0.7963033938183126,13.921053178114441,10.541945938817022,7.777283221151909,0.7377464527222425,0.7572664082190435,0.558670606429313,0.4230624835082807,0.41215725813340964,20240305_P013T_B003,P013T_B003,20240305,40x,0.324,0.324,0.324,31,0.8729336652795193,"(102.99483469343298, 236.0620255709905, 281.25647653199724)",21.116118449089736,5,31
30,5946.0,6714.0,"(156.48318197107298, 221.87336024217961, 304.85519677093845)",0.8856121537086684,202.23668390400002,203.74169209561114,0.8177944761997815,15.919608866882722,10.072494319894204,9.479946751375236,0.9411717148007096,0.632709911664214,0.5954886725324138,0.3767715853950236,0.5604570950717301,20240305_P013T_B003,P013T_B003,20240305,40x,0.324,0.324,0.324,31,0.8789750455625684,"(102.99483469343298, 236.0620255709905, 281.25647653199724)",19.491827923300807,4,31
31,1547.0,1770.0,"(155.83516483516485, 127.38655462184875, 320.18552036199094)",0.8740112994350282,52.616910528,80.24738690598994,0.8461943501442017,8.812806114734164,7.945466755784398,5.6162805321172815,0.706853442943243,0.9015819311513438,0.6372862921297453,0.5745658059546151,0.45046800973244383,20240305_P013T_B003,P013T_B003,20240305,40x,0.324,0.324,0.324,31,0.8747396394455219,"(102.99483469343298, 236.0620255709905, 281.25647653199724)",41.133875422248636,0,31
1,55986.0,67758.0,"(53.7880720180045, 201.75200943092915, 156.27390776265494)",0.8262640573806783,1904.208372864,1005.6770121592142,0.7387575205051332,40.936705147990864,25.568463056838336,14.53991808194066,0.5686660965744647,0.6245852704658429,0.35518046773371714,0.2218404885036483,0.2019790901656255,20240305_P013T_D003,P013T_D003,20240305,40x,0.324,0.324,0.324,35,0.23324296983336745,"(91.9597815060476, 276.61681189578184, 275.63648155373477)",47.2965008864741,2,35
2,18319.0,20573.0,"(52.370107538621106, 334.8753752934112, 354.06670669796387)",0.8904389248043553,623.0699314560001,423.1925820417662,0.8336247627018046,19.81251062203565,16.767114826409163,13.689103733295608,0.8164257163513002,0.8462892536072955,0.6909323101167434,0.5847285890218632,0.5640949062373211,20240305_P013T_D003,P013T_D003,20240305,40x,0.324,0.324,0.324,35,0.2225008146865235,"(91.9597815060476, 276.61681189578184, 275.63648155373477)",34.155044718219315,7,35
3,20108.0,22212.0,"(54.826586433260395, 255.09623035607717, 216.48025661428287)",0.905276427156492,683.917800192,456.3317647958057,0.8226328131521723,22.646490975204742,15.55578997033959,13.943345732691755,0.8963444324767625,0.6868962607660216,0.6156956390267299,0.4229190322174069,0.5518753581418318,20240305_P013T_D003,P013T_D003,20240305,40x,0.324,0.324,0.324,35,0.24111050328227573,"(91.9597815060476, 276.61681189578184, 275.63648155373477)",23.67965377811702,4,35
4,31162.0,33577.0,"(61.23778961555741, 218.5544252615365, 230.88585456645916)",0.9280757661494475,1059.888924288,589.7176319899385,0.852472243824814,25.03014824710081,20.205068523915454,14.998276875270465,0.7423026978363354,0.8072292790457509,0.599208471608141,0.4836986225343459,0.4447940650411102,20240305_P013T_D003,P013T_D003,20240305,40x,0.324,0.324,0.324,35,0.2896802243602834,"(91.9597815060476, 276.61681189578184, 275.63648155373477)",25.75280354109194,2,35
5,20576.0,22360.0,"(57.125923405909795, 270.29840590979785, 180.35201205287714)",0.9202146690518783,699.8355210240001,450.6227603410434,0.8459310943126058,23.88548824237831,16.40415892946656,12.977060664448642,0.7910835733941914,0.6867834880746476,0.5433031358942193,0.3731316227513262,0.42979818617946897,20240305_P013T_D003,P013T_D003,20240305,40x,0.324,0.324,0.324,35,0.2585297227720439,"(91.9597815060476, 276.61681189578184, 275.63648155373477)",32.934165796345525,3,35
6,11335.0,12642.0,"(56.55809439788266, 370.18120864578736, 356.46872518747244)",0.8966144597373833,385.52855904,311.81693343194894,0.8215275492499021,16.767925141252714,14.820071839887518,11.72436048681556,0.7911136068355621,0.883834565996895,0.6992135513517473,0.6179891056981193,0.5531573545581833,20240305_P013T_D003,P013T_D003,20240305,40x,0.324,0.324,0.324,35,0.2542279878627474,"(91.9597815060476, 276.61681189578184, 275.63648155373477)",41.67076772462056,5,35
7,20011.0,22159.0,"(69.97601319274399, 337.0827544850332, 324.77192544100745)",0.9030642176993546,680.618614464,463.33517255969485,0.8075908753759514,25.810946229407232,17.00524195329286,11.29021082063548,0.6639253267695652,0.6588383781884852,0.4374194855271204,0.2881887444327296,0.29041387486396847,20240305_P013T_D003,P013T_D003,20240305,40x,0.324,0.324,0.324,35,0.3558788878238181,"(91.9597815060476, 276.61681189578184, 275.63648155373477)",26.2294122025849,7,35
8,15444.0,16649.0,"(64.15701890701891, 358.9230121730122, 395.47235172235173)",0.9276232806775182,525.284787456,380.49271480808756,0.8274358389284978,22.236639852350613,15.962053818039097,10.609822537047608,0.6646903122865803,0.7178267006177987,0.4771324538012902,0.3424984150698544,0.3171453197192419,20240305_P013T_D003,P013T_D003,20240305,40x,0.324,0.324,0.324,35,0.3117955977804463,"(91.9597815060476, 276.61681189578184, 275.63648155373477)",47.95631249924182,5,35
9,31530.0,39101.0,"(75.07986045036473, 324.74329210275926, 389.91084681255944)",0.8063732385360988,1072.40542272,697.386945524755,0.7265234644625229,25.24345543145904,22.32566416992061,16.17086538251697,0.7243173264383324,0.8844139515899158,0.6405963488803685,0.566552348287359,0.46399503474718573,20240305_P013T_D003,P013T_D003,20240305,40x,0.324,0.324,0.324,35,0.39454439735124797,"(91.9597815060476, 276.61681189578184, 275.63648155373477)",40.544972652273806,7,35
10,20714.0,22672.0,"(78.56053876605195, 369.8716327121753, 317.52143477841076)",0.9136379675370501,704.529207936,481.36722531275655,0.7954391131853737,26.190868745756124,18.223824922906996,10.820510725350967,0.593756292717112,0.6958083406782725,0.4131405808027763,0.28746666199523757,0.24530481962845094,20240305_P013T_D003,P013T_D003,20240305,40x,0.324,0.324,0.324,35,0.4209131724700905,"(91.9597815060476, 276.61681189578184, 275.63648155373477)",33.405563705608586,3,35
11,4783.0,7788.0,"(71.68241689316329, 318.4139661300439, 354.02487978256323)",0.6141499743194658,162.680467392,232.2779461824353,0.6204399509400303,17.736939696350024,11.763204606588275,7.7248814349069015,0.6566987222665829,0.6632037323219265,0.435525043618238,0.2888418344472853,0.28600873965919466,20240305_P013T_D003,P013T_D003,20240305,40x,0.324,0.324,0.324,35,0.36880618858457037,"(91.9597815060476, 276.61681189578184, 275.63648155373477)",29.522987018314446,8,35
12,30746.0,33338.0,"(89.09425616340337, 193.14772653353282, 203.71963832693683)",0.9222508848761174,1045.739839104,593.5626047283447,0.839395612475873,26.915459415244943,20.227062195809825,13.781084867733398,0.6813191522488246,0.7515035089593602,0.5120137336362083,0.38478011746299373,0.3488447629407768,20240305_P013T_D003,P013T_D003,20240305,40x,0.324,0.324,0.324,35,0.5007140618439649,"(91.9597815060476, 276.61681189578184, 275.63648155373477)",35.709638777365456,4,35
13,3427.0,5205.0,"(78.75488765684273, 326.6480887073242, 350.8039101254742)",0.6584053794428434,116.559891648,181.0541922355867,0.6373455570414921,15.498587839001047,11.186418997982505,6.389550915602061,0.5711882343003986,0.7217702099176231,0.4122666517734751,0.29756178779257675,0.2354818608874285,20240305_P013T_D003,P013T_D003,20240305,40x,0.324,0.324,0.324,35,0.42238551255183876,"(91.9597815060476, 276.61681189578184, 275.63648155373477)",29.56691322298321,9,35
14,2395.0,2793.0,"(80.17536534446764, 264.51899791231733, 220.5311064718163)",0.85750089509488,81.45927648,107.16999500085385,0.8479520210066657,9.362502993019552,8.69131929321071,7.287422087031558,0.8384713345791107,0.9283115102543349,0.778362590908102,0.7225629522913771,0.6526347203851708,20240305_P013T_D003,P013T_D003,20240305,40x,0.324,0.324,0.324,35,0.4331467071550579,"(91.9597815060476, 276.61681189578184, 275.63648155373477)",18.673848792420344,5,35
15,4099.0,4614.0,"(87.30836789460844, 375.624054647475, 384.6003903391071)",0.888383181621153,139.416106176,153.28891942211703,0.848233318871679,12.600999647874557,9.475974029264718,8.593304905255776,0.9068518844307732,0.7520017692297177,0.681954221521245,0.5128307811176511,0.618431470882062,20240305_P013T_D003,P013T_D003,20240305,40x,0.324,0.324,0.324,35,0.48718460526218516,"(91.9597815060476, 276.61681189578184, 275.63648155373477)",47.72510451961678,6,35
16,23933.0,25720.0,"(101.25700915054527, 268.20181339572974, 157.18973801863535)",0.9305209953343702,814.014556992,497.3349688802354,0.8477280928165623,22.355033589470313,20.987271392241677,12.442545971717161,0.5928615368416483,0.9388163658196031,0.5565881134519011,0.5225340299293028,0.32997968432888775,20240305_P013T_D003,P013T_D003,20240305,40x,0.324,0.324,0.324,35,0.5928561299283732,"(91.9597815060476, 276.61681189578184, 275.63648155373477)",38.59121782073882,3,35
17,24318.0,26332.0,"(106.75047290073196, 225.36799901307674, 137.00312525701128)",0.9235151146893513,827.109263232,527.820188200902,0.8073094765351511,27.49894880656252,19.441462327640526,11.1991554553028,0.5760449119807524,0.7069892912779595,0.40725758406554663,0.2879267507260748,0.23459865916653166,20240305_P013T_D003,P013T_D003,20240305,40x,0.324,0.324,0.324,35,0.6344732795509997,"(91.9597815060476, 276.61681189578184, 275.63648155373477)",48.12726673666895,2,35
18,6377.0,7743.0,"(97.45272071506979, 314.7831268621609, 336.77685432021326)",0.8235825907271084,216.895952448,231.17722425206492,0.7551618551755201,17.03714885559094,13.739617736576996,7.041786363515645,0.5125169053844428,0.8064505307217633,0.4133195303511597,0.3333217546093627,0.2118332466305277,20240305_P013T_D003,P013T_D003,20240305,40x,0.324,0.324,0.324,35,0.5640357629929529,"(91.9597815060476, 276.61681189578184, 275.63648155373477)",23.42003506170868,9,35
19,7786.0,8588.0,"(99.98240431543796, 362.5214487541742, 397.93989211405085)",0.9066138798323242,264.81917606400003,231.8060204102763,0.8603180471508595,14.92415020227929,12.779448471464864,10.061995863195516,0.7873575988559187,0.8562932092115452,0.6742089651214311,0.577320558423025,0.5308435519051439,20240305_P013T_D003,P013T_D003,20240305,40x,0.324,0.324,0.324,35,0.5832000326927118,"(91.9597815060476, 276.61681189578184, 275.63648155373477)",48.494145533307794,6,35
20,19432.0,21408.0,"(105.25566076574722, 258.36671469740634, 220.64054137505147)",0.9076980568011959,660.925536768,447.38539517538345,0.8201702465151336,22.946141890623572,18.3677816593164,11.615568606092118,0.6323882122259733,0.8004736372183763,0.5062100923745513,0.4052078338397073,0.32012129532748723,20240305_P013T_D003,P013T_D003,20240305,40x,0.324,0.324,0.324,35,0.6231489451950547,"(91.9597815060476, 276.61681189578184, 275.63648155373477)",19.26206538162866,6,35
21,7795.0,8528.0,"(99.65837075048108, 306.4383579217447, 381.99461193072483)",0.9140478424015009,265.12528608,230.47066950694568,0.8659694302096874,16.469309321928225,10.769762121361508,10.679508888256482,0.9916197561201457,0.6539291910087571,0.648449104907948,0.42403979858280716,0.6430149432651462,20240305_P013T_D003,P013T_D003,20240305,40x,0.324,0.324,0.324,35,0.58074523295819,"(91.9597815060476, 276.61681189578184, 275.63648155373477)",35.8758058659671,7,35
22,16448.0,18330.0,"(111.44692363813229, 369.1101653696498, 312.2722519455253)",0.8973267866884889,559.433060352,425.7594710442641,0.7711731355072368,25.694078942322435,16.744180013877006,9.638733729513552,0.5756468051302183,0.6516746543615755,0.37513443276758013,0.24446560181293847,0.21594493771699416,20240305_P013T_D003,P013T_D003,20240305,40x,0.324,0.324,0.324,35,0.6700524518040325,"(91.9597815060476, 276.61681189578184, 275.63648155373477)",32.84559299309063,4,35
23,24402.0,26667.0,"(116.42566183099746, 25.837472338332923, 422.841570363085)",0.9150635617054786,829.966290048,500.2679518572285,0.8537323628324314,22.891189442098973,19.08372847222171,13.772988368008408,0.7217137043244133,0.833671335449481,0.6016720276963256,0.5015967228321928,0.43423494789709605,20240305_P013T_D003,P013T_D003,20240305,40x,0.324,0.324,0.324,35,0.7077701653863444,"(91.9597815060476, 276.61681189578184, 275.63648155373477)",94.54928153329381,0,35
24,10094.0,10897.0,"(113.77402417277591, 389.4000396275015, 364.8110758866653)",0.9263099935762137,343.31938905600003,289.3397085266052,0.8194861893229792,18.93932816359332,15.532289236716334,8.309197418006868,0.5349628307439056,0.8201077199017932,0.43872714735359336,0.35980352047517355,0.23470271667247694,20240305_P013T_D003,P013T_D003,20240305,40x,0.324,0.324,0.324,35,0.6876820013089084,"(91.9597815060476, 276.61681189578184, 275.63648155373477)",47.11724916067201,5,35
25,7434.0,9487.0,"(114.2378262039279, 339.05945655098196, 368.2885391444714)",0.7835986086223253,252.846873216,268.02909083726286,0.7214516807488945,20.59091719707921,13.335974321446178,7.723898294703312,0.5791776520056854,0.6476629571089657,0.37511191078942974,0.24294608938867662,0.21725643573038805,20240305_P013T_D003,P013T_D003,20240305,40x,0.324,0.324,0.324,35,0.6911956530600598,"(91.9597815060476, 276.61681189578184, 275.63648155373477)",36.912970237162845,11,35
26,11027.0,12060.0,"(124.97596807835313, 220.35331459145732, 217.10356397932347)",0.9143449419568822,375.052794048,301.45755961269197,0.8342948233348043,19.03881107605499,12.454480482825357,11.65742289915546,0.936002341906671,0.6541627222977852,0.6122978400587701,0.4005424219098989,0.573112212239405,20240305_P013T_D003,P013T_D003,20240305,40x,0.324,0.324,0.324,35,0.7725452127147965,"(91.9597815060476, 276.61681189578184, 275.63648155373477)",28.397176146885396,4,35
27,17436.0,19993.0,"(124.84480385409498, 240.00751319109887, 208.28389538885065)",0.8721052368328915,593.037137664,418.7313637355395,0.8152107417420896,21.29782298865524,15.966119650818264,13.165000930393926,0.8245585789355662,0.7496597027462841,0.618138339181735,0.4633934036070612,0.5096912705412824,20240305_P013T_D003,P013T_D003,20240305,40x,0.324,0.324,0.324,35,0.7715515443492044,"(91.9597815060476, 276.61681189578184, 275.63648155373477)",27.02640966969723,5,35
28,22334.0,23844.0,"(128.16983075132086, 265.126623085878, 183.62559326587265)",0.9366716993792987,759.629010816,466.08703440142335,0.8638098079806548,22.567586400870155,17.832261271162146,13.627066438018725,0.7641805058148206,0.7901713969055447,0.6038335777676825,0.47713202164316265,0.46143784888648043,20240305_P013T_D003,P013T_D003,20240305,40x,0.324,0.324,0.324,35,0.7967411420554611,"(91.9597815060476, 276.61681189578184, 275.63648155373477)",32.25256151878636,3,35
29,14889.0,16138.0,"(126.49358586876217, 310.4887500839546, 359.1885956074955)",0.922605031602429,506.408003136,366.81917063868684,0.837591909169623,19.9956917536053,16.89922519018122,10.686303303405035,0.6323546306498115,0.8451433137907932,0.5344302880383347,0.45167018462288633,0.3379494674005535,20240305_P013T_D003,P013T_D003,20240305,40x,0.324,0.324,0.324,35,0.7840423171875922,"(91.9597815060476, 276.61681189578184, 275.63648155373477)",31.280429952248756,5,35
30,1922.0,2728.0,"(116.3095733610822, 213.67325702393342, 183.1077003121748)",0.7045454545454546,65.371494528,111.1511735742544,0.7060395258602792,12.850906996148456,7.302089379756075,5.506089220762298,0.7540429778943938,0.56821587627586,0.4284591914339219,0.24345731490907235,0.32307664461505853,20240305_P013T_D003,P013T_D003,20240305,40x,0.324,0.324,0.324,35,0.7068907072809257,"(91.9597815060476, 276.61681189578184, 275.63648155373477)",37.106670332282725,6,35
31,24168.0,27231.0,"(132.1308341608739, 309.15731545845745, 381.7617924528302)",0.8875179023906578,822.007429632,526.2649760587059,0.806362182961399,23.619012604182615,20.452993326639977,12.937919638996297,0.6325685161274016,0.8659546302548661,0.5477756354939732,0.4743488478968079,0.3465056209151671,20240305_P013T_D003,P013T_D003,20240305,40x,0.324,0.324,0.324,35,0.826748743642984,"(91.9597815060476, 276.61681189578184, 275.63648155373477)",38.24734498852996,4,35
32,17553.0,18922.0,"(136.86099242294765, 378.57773599954425, 332.3622172847946)",0.9276503540851918,597.016567872,409.28404486666216,0.8377547493570897,21.042056629638065,18.15686702889281,11.327113567331486,0.6238473603021261,0.8628846195251931,0.5383082921360961,0.46449794584711185,0.3358222070778493,20240305_P013T_D003,P013T_D003,20240305,40x,0.324,0.324,0.324,35,0.8625832759314216,"(91.9597815060476, 276.61681189578184, 275.63648155373477)",40.50642490302287,4,35
33,16594.0,20859.0,"(136.20260335060865, 350.63269856574664, 339.2273110762926)",0.7955319046934177,564.398845056,451.24279913229645,0.7319216340603287,26.514400941855442,15.482362863566564,10.920959348138702,0.7053806608446145,0.5839227858671405,0.4118878405771919,0.24051069533463454,0.2905377171802009,20240305_P013T_D003,P013T_D003,20240305,40x,0.324,0.324,0.324,35,0.8575954799288534,"(91.9597815060476, 276.61681189578184, 275.63648155373477)",34.71425627101099,5,35
34,9492.0,11509.0,"(136.18689422671724, 370.0319216182048, 371.7665402444164)",0.8247458510730733,322.844030208,287.63559506272304,0.7912310747631005,16.324948806822974,13.125138710906763,11.85069512963359,0.9029005628554514,0.8039926413380937,0.7259254083958058,0.5836386865105782,0.6554384598316464,20240305_P013T_D003,P013T_D003,20240305,40x,0.324,0.324,0.324,35,0.8574764714145244,"(91.9597815060476, 276.61681189578184, 275.63648155373477)",45.73269859773397,5,35
35,2606.0,2985.0,"(137.84036838066, 436.8829623944743, 58.391020721412126)",0.8730318257956449,88.635855744,112.74171642960471,0.8527186796235616,11.0238864871152,8.468201858715277,7.151814774597046,0.8445493971351856,0.7681684557086988,0.6487562061670482,0.4983540530227757,0.5479066628060908,20240305_P013T_D003,P013T_D003,20240305,40x,0.324,0.324,0.324,35,0.8700027907625758,"(91.9597815060476, 276.61681189578184, 275.63648155373477)",88.7226880617751,0,35
1,20501.0,21800.0,"(29.442075996292864, 390.67621091654064, 113.58489829764402)",0.9404128440366972,697.284604224,433.86175620540104,0.8764748769694932,22.294182640527026,15.98341873706204,13.866494447627536,0.8675549752991316,0.7169322596293307,0.6219781487938747,0.4459161996548607,0.5396002375134695,20240305_P013T_D005,P013T_D005,20240305,40x,0.324,0.324,0.324,52,0.11039288605248648,"(110.42513080729043, 326.2094644936586, 188.32408909122523)",41.3657579674927,3,52
2,28411.0,30486.0,"(46.71655344760832, 402.85442258280244, 78.50072155151175)",0.9319359706094601,966.321296064,550.6050028093914,0.8584697673069518,23.279866103675804,21.230085020181424,14.01138358215903,0.6599777423801996,0.9119504779638433,0.6018670176091213,0.548872914379311,0.39721883549477166,20240305_P013T_D005,P013T_D005,20240305,40x,0.324,0.324,0.324,52,0.21972502182030582,"(110.42513080729043, 326.2094644936586, 188.32408909122523)",48.05085436778355,2,52
3,15959.0,17250.0,"(51.9088288739896, 385.0862836017294, 142.76834388119556)",0.9251594202898551,542.801082816,394.08729055103646,0.8165551065016781,25.58409323918147,14.013303920624468,11.013657065198771,0.7859429244939957,0.5477350238531575,0.4304884664949391,0.23579361046411468,0.33833936431796796,20240305_P013T_D005,P013T_D005,20240305,40x,0.324,0.324,0.324,52,0.2525875245189215,"(110.42513080729043, 326.2094644936586, 188.32408909122523)",30.679161784127277,5,52
4,15449.0,17316.0,"(52.28972749045246, 292.9170820117807, 181.88484691565796)",0.8921806421806422,525.454848576,375.05705301266477,0.8396089450347078,20.254420427547917,15.175986629612318,12.55248768183431,0.827128277600161,0.749267878777294,0.6197406500341893,0.46435176224317826,0.5126050164215833,20240305_P013T_D005,P013T_D005,20240305,40x,0.324,0.324,0.324,52,0.2549982752560282,"(110.42513080729043, 326.2094644936586, 188.32408909122523)",21.80587805436282,3,52
5,14859.0,15983.0,"(66.95457298606905, 414.26361127935934, 137.25351638737465)",0.929675279984984,505.387636416,384.4524691647847,0.7981010438720454,23.217035848952047,17.19626571186091,9.105264573825245,0.5294908049452273,0.7406744695463396,0.39218032108247064,0.29047795128427206,0.20765587389363505,20240305_P013T_D005,P013T_D005,20240305,40x,0.324,0.324,0.324,52,0.34781375307638634,"(110.42513080729043, 326.2094644936586, 188.32408909122523)",35.862315172891584,4,52
6,26492.0,28640.0,"(66.69666314359051, 326.7108183602597, 172.30903669032162)",0.925,901.051838208,532.8419238487297,0.8466792598519366,25.283946050673645,18.328713467776137,13.996242341205326,0.7636238280342064,0.7249150678870319,0.5535624191395718,0.40128573865027234,0.4227134535592356,20240305_P013T_D005,P013T_D005,20240305,40x,0.324,0.324,0.324,52,0.3461814123012058,"(110.42513080729043, 326.2094644936586, 188.32408909122523)",15.08919219696675,4,52
7,12343.0,15753.0,"(61.44138378028032, 346.920278700478, 126.24710362148586)",0.7835332952453501,419.812880832,374.23828733422414,0.7245022645473842,24.021342549992504,14.41059633523844,10.034192527013808,0.6963065437116611,0.5999080320031045,0.4177198883089463,0.25059351612397657,0.2908610916680235,20240305_P013T_D005,P013T_D005,20240305,40x,0.324,0.324,0.324,52,0.3129201505081033,"(110.42513080729043, 326.2094644936586, 188.32408909122523)",26.48469112277984,5,52
8,27200.0,33052.0,"(73.45683823529411, 349.0318382352941, 73.08106617647059)",0.8229456613820646,925.1324928,614.6082511777306,0.7470592161955649,32.4978578261785,17.435115789274636,12.89720746458777,0.7397259427735834,0.5365004635853216,0.39686331122411656,0.21291735045174426,0.2935700870475057,20240305_P013T_D005,P013T_D005,20240305,40x,0.324,0.324,0.324,52,0.3889673306031273,"(110.42513080729043, 326.2094644936586, 188.32408909122523)",39.903950660502694,7,52
9,13887.0,15339.0,"(70.12990566717073, 324.63793475912723, 122.83725786706992)",0.9053393311167612,472.327754688,354.1734611675872,0.8281272703710639,19.35580323090314,16.515134357414297,10.858675807512013,0.657498484269801,0.8532394218105359,0.5610036265596687,0.4786704099593855,0.3688590341328436,20240305_P013T_D005,P013T_D005,20240305,40x,0.324,0.324,0.324,52,0.36791079536184007,"(110.42513080729043, 326.2094644936586, 188.32408909122523)",24.917895993691396,5,52
10,16327.0,19038.0,"(82.26649108838122, 369.97684816561525, 139.50787039872603)",0.8576005882970901,555.317581248,407.31961806659547,0.8021268960296258,20.25494224202696,18.188919823482323,11.428169302987932,0.6283039022599846,0.8979990960301112,0.5642163362616573,0.5066657599283896,0.354499325792031,20240305_P013T_D005,P013T_D005,20240305,40x,0.324,0.324,0.324,52,0.4447246271416533,"(110.42513080729043, 326.2094644936586, 188.32408909122523)",23.11897469930567,8,52
11,18568.0,21151.0,"(84.91792330891857, 306.1026497199483, 104.6824105988798)",0.8778781145099522,631.538975232,440.22621988928347,0.8086147472995366,21.026928029653487,18.383025427723314,12.179512993761426,0.6625412689357207,0.8742611094591861,0.5792340648422402,0.506401816165531,0.3837664723313734,20240305_P013T_D005,P013T_D005,20240305,40x,0.324,0.324,0.324,52,0.4615058437273328,"(110.42513080729043, 326.2094644936586, 188.32408909122523)",29.07136291409246,4,52
12,13443.0,14887.0,"(93.29003942572342, 256.1187234992189, 174.42847578665476)",0.9030026197353396,457.226327232,377.54045621351315,0.7602237754197123,24.41563291810783,16.504899610326373,8.558402070721778,0.5185370570425749,0.6759972049745854,0.35052960123652777,0.23695703069674875,0.18176258783149643,20240305_P013T_D005,P013T_D005,20240305,40x,0.324,0.324,0.324,52,0.514493920415971,"(110.42513080729043, 326.2094644936586, 188.32408909122523)",23.807742669401517,4,52
13,1785.0,2109.0,"(78.44089635854341, 60.226890756302524, 370.80728291316524)",0.8463726884779517,60.711819840000004,89.74478217590772,0.832384051894423,10.066962161630888,7.331678037498677,6.263387458904865,0.8542911222874324,0.7282910097191541,0.6221725440448235,0.45312267032193926,0.5315164809084791,20240305_P013T_D005,P013T_D005,20240305,40x,0.324,0.324,0.324,52,0.4205120022692621,"(110.42513080729043, 326.2094644936586, 188.32408909122523)",105.02290792606867,0,52
14,16909.0,18057.0,"(90.28274883198297, 335.2216571056834, 377.97699449997043)",0.9364235476546492,575.112695616,389.51429356004815,0.8586101705496202,22.640513494996718,15.1994647717414,11.981883358734864,0.7883095581767713,0.6713392244880091,0.5292231274428787,0.35528824395862096,0.41719164977142487,20240305_P013T_D005,P013T_D005,20240305,40x,0.324,0.324,0.324,52,0.4954604356454618,"(110.42513080729043, 326.2094644936586, 188.32408909122523)",61.86207921160687,4,52
15,14639.0,15851.0,"(91.8630370926976, 302.9629756130883, 213.45515404057653)",0.923537947132673,497.90494713600003,358.95582579168547,0.8463319685927297,22.087683753507363,13.94791472204655,11.752629758938873,0.8426083750255704,0.6314792840073927,0.5320897333597798,0.3360036438497182,0.4483432655940731,20240305_P013T_D005,P013T_D005,20240305,40x,0.324,0.324,0.324,52,0.5054622600803645,"(110.42513080729043, 326.2094644936586, 188.32408909122523)",12.617381180282276,5,52
16,22913.0,24225.0,"(93.4402304368699, 411.02094880635445, 113.5199668310566)",0.9458410732714139,779.322088512,464.4597527809331,0.8817538439580477,22.12755298179109,17.563015817389502,14.29017639302653,0.8136516268964202,0.7937170382934897,0.6458091595029062,0.5125897333834546,0.5254636732941493,20240305_P013T_D005,P013T_D005,20240305,40x,0.324,0.324,0.324,52,0.5154444964358854,"(110.42513080729043, 326.2094644936586, 188.32408909122523)",37.05111263975882,6,52
17,20695.0,22528.0,"(98.17637110413143, 329.0276395264557, 204.4877506644117)",0.9186345880681818,703.88297568,462.87485965341455,0.8267118675346306,25.40966438456761,16.27008180880332,12.65012003650327,0.7775080780269107,0.6403107716245495,0.4978467973857316,0.31877666698486856,0.387079906587233,20240305_P013T_D005,P013T_D005,20240305,40x,0.324,0.324,0.324,52,0.5454200702793128,"(110.42513080729043, 326.2094644936586, 188.32408909122523)",6.633999337369179,6,52
18,21696.0,22892.0,"(95.07923119469027, 406.84416482300884, 81.25271939528024)",0.947754674121964,737.929211904,450.64711029740715,0.8763091285696993,23.546378445890664,16.53549818190467,13.372580773024744,0.8087195575189134,0.7022522898756204,0.5679251611348555,0.398826744884933,0.45929218501683794,20240305_P013T_D005,P013T_D005,20240305,40x,0.324,0.324,0.324,52,0.5258179189537359,"(110.42513080729043, 326.2094644936586, 188.32408909122523)",43.712066769470624,4,52
19,22873.0,24247.0,"(96.85030385170288, 328.17177458138417, 409.3029335898221)",0.9433331958592815,777.961599552,466.9975379524539,0.8759412404003065,22.43853903164009,17.757510727889006,13.881586111375302,0.7817304082814726,0.7913844436506998,0.6186492842426676,0.4895894196252872,0.4836169575540613,20240305_P013T_D005,P013T_D005,20240305,40x,0.324,0.324,0.324,52,0.5370272395677397,"(110.42513080729043, 326.2094644936586, 188.32408909122523)",71.73492899038877,5,52
20,24048.0,26471.0,"(103.2627245508982, 278.17776946107784, 413.9684381237525)",0.9084658683087152,817.925962752,506.5558474049392,0.8349608657140922,24.400904668629654,17.613730067018746,14.52547918698869,0.8246679795659679,0.7218474194386468,0.5952844529433767,0.42970454618912307,0.490912027075847,20240305_P013T_D005,P013T_D005,20240305,40x,0.324,0.324,0.324,52,0.5776121807018874,"(110.42513080729043, 326.2094644936586, 188.32408909122523)",74.78276282113237,4,52
21,22496.0,24035.0,"(99.17114153627311, 287.67265291607396, 381.0020448079659)",0.9359683794466404,765.1389911040001,463.9500434324103,0.8719798731253618,21.346733498930494,18.53912787740435,13.702244854712395,0.7390986752625408,0.8684761009609827,0.6418895357174389,0.5574657212275368,0.4744197055136465,20240305_P013T_D005,P013T_D005,20240305,40x,0.324,0.324,0.324,52,0.5517160856726147,"(110.42513080729043, 326.2094644936586, 188.32408909122523)",63.76837978921534,5,52
22,17341.0,18678.0,"(96.93339484458797, 312.03829075601175, 69.06262614612767)",0.9284184602205804,589.805976384,417.81901221079,0.8140205567031608,22.03269348832181,19.462270040015202,9.900176962209242,0.5086856230981321,0.883335941215311,0.4493402936620855,0.39691843122796255,0.22857294726459565,20240305_P013T_D005,P013T_D005,20240305,40x,0.324,0.324,0.324,52,0.537553131927772,"(110.42513080729043, 326.2094644936586, 188.32408909122523)",39.157307690454026,5,52
23,14732.0,15875.0,"(104.826568015205, 263.7172142275319, 146.00237578061362)",0.928,501.068083968,376.67448549527165,0.8099329757912429,25.891153047316216,12.704248420416747,11.180025634505562,0.8800225927996153,0.49067912878193054,0.4318087191433308,0.2118795261096909,0.38000142861399483,20240305_P013T_D005,P013T_D005,20240305,40x,0.324,0.324,0.324,52,0.5875099241468671,"(110.42513080729043, 326.2094644936586, 188.32408909122523)",24.520941333638035,3,52
24,15466.0,16704.0,"(101.91562136298978, 275.017522306996, 204.3845208845209)",0.9258860153256705,526.033056384,373.7605665731669,0.8431393060826232,19.49980012106088,17.458207198041322,11.296740389483576,0.6470733369890915,0.8953018538474904,0.5793259581816155,0.518671604341974,0.37486638096498087,20240305_P013T_D005,P013T_D005,20240305,40x,0.324,0.324,0.324,52,0.5690862111581632,"(110.42513080729043, 326.2094644936586, 188.32408909122523)",17.60057993951709,5,52
25,17124.0,18214.0,"(102.3399906563887, 311.06604765241764, 356.1849451062836)",0.9401559240144943,582.425323776,379.4908663325423,0.8887432119184451,17.9334109801347,17.513234229197653,13.158377002827429,0.7513390633975586,0.9765701710955887,0.7337353176929532,0.7165440247382835,0.5512840063771336,20240305_P013T_D005,P013T_D005,20240305,40x,0.324,0.324,0.324,52,0.5717720927619537,"(110.42513080729043, 326.2094644936586, 188.32408909122523)",54.67058098653603,5,52
26,14575.0,15705.0,"(111.62716981132075, 289.01241852487135, 93.31389365351629)",0.9280483922317733,495.7281648,365.18873604142817,0.8294606994155997,21.953614823729247,16.399955285495192,9.842406509854358,0.6001483747068137,0.7470275586583031,0.4483273751899795,0.3349129045678555,0.2690629455568381,20240305_P013T_D005,P013T_D005,20240305,40x,0.324,0.324,0.324,52,0.6305517076665871,"(110.42513080729043, 326.2094644936586, 188.32408909122523)",33.060707193434006,4,52
27,26817.0,29387.0,"(111.34802550620874, 382.2075549091994, 114.84442704254764)",0.9125463640385204,912.105811008,539.0429509148184,0.8437703011412073,22.27475076053697,20.53104649612271,14.553622607057848,0.7088592688057231,0.9217183490329556,0.6533685949403193,0.602221822638373,0.4631463844700174,20240305_P013T_D005,P013T_D005,20240305,40x,0.324,0.324,0.324,52,0.6287849715582832,"(110.42513080729043, 326.2094644936586, 188.32408909122523)",29.9343363278967,9,52
28,25700.0,28505.0,"(118.78233463035019, 377.7743968871595, 80.60105058365758)",0.9015962111910191,874.1141568,539.634027646794,0.8192760010835006,23.612250543387493,18.379839105642834,14.993673359463372,0.8157673891095234,0.7784026800778644,0.634995522002975,0.49428221616455825,0.5180086390806058,20240305_P013T_D005,P013T_D005,20240305,40x,0.324,0.324,0.324,52,0.6758375609515835,"(110.42513080729043, 326.2094644936586, 188.32408909122523)",38.789496144351695,7,52
29,14149.0,15054.0,"(116.39614107004029, 349.7100855184112, 150.42794543784012)",0.9398830875514813,481.23895737600003,344.41907185916784,0.8622584330806957,20.579532624113362,14.64471479323316,11.407605992468186,0.7789571974279257,0.7116155192015253,0.5543180304834384,0.39446131306523896,0.4317900195091466,20240305_P013T_D005,P013T_D005,20240305,40x,0.324,0.324,0.324,52,0.6607350700635461,"(110.42513080729043, 326.2094644936586, 188.32408909122523)",14.576579079930712,8,52
30,18626.0,19679.0,"(119.68307741866208, 320.6923655105766, 445.64791152152907)",0.9464911834950963,633.511684224,401.7200265106696,0.8879674807761657,19.779267654375644,17.180321329254255,13.184210939651578,0.7674018830603481,0.8686024998227657,0.666567193994916,0.5789819310038304,0.511524919857951,20240305_P013T_D005,P013T_D005,20240305,40x,0.324,0.324,0.324,52,0.6815384646750765,"(110.42513080729043, 326.2094644936586, 188.32408909122523)",83.44600818296762,4,52
31,18134.0,19444.0,"(125.72830043013124, 340.4865997573619, 61.65093195103121)",0.9326270314750051,616.777670016,437.3545027016173,0.8011914088996236,23.911708358234765,19.174240813057054,9.598476119210723,0.500592237929674,0.8018766591578049,0.40141323135137597,0.32188390089778046,0.2009443478167673,20240305_P013T_D005,P013T_D005,20240305,40x,0.324,0.324,0.324,52,0.7197993698109573,"(110.42513080729043, 326.2094644936586, 188.32408909122523)",41.59851170574927,6,52
32,25777.0,28985.0,"(129.55875392792024, 328.76463513985334, 160.40443030608682)",0.8893220631361048,876.733098048,563.6899941403717,0.7858784864328012,25.36155863940913,22.828730926169253,11.188149364746659,0.4900907282551283,0.9001312281610274,0.44114596913462095,0.397089262995433,0.2162015492800007,20240305_P013T_D005,P013T_D005,20240305,40x,0.324,0.324,0.324,52,0.744042746379242,"(110.42513080729043, 326.2094644936586, 188.32408909122523)",10.997553612858859,7,52
33,29722.0,31702.0,"(133.54525267478635, 170.35657089024966, 12.812933180808828)",0.9375433726578765,1010.911321728,498.2503079893672,0.9776391594625146,28.29072305280078,18.106917413892685,15.029058763429889,0.8300175242362743,0.6400302099065687,0.5312362902630732,0.3400072743670616,0.4409354304286187,20240305_P013T_D005,P013T_D005,20240305,40x,0.324,0.324,0.324,52,0.7692737511062427,"(110.42513080729043, 326.2094644936586, 188.32408909122523)",76.41787809530676,0,52
34,17597.0,18754.0,"(135.61942376541455, 353.4858782747059, 366.94402454963915)",0.9383064946144822,598.513105728,403.99432785953076,0.8501416625555944,21.755190170360752,17.894752207188205,10.984798210220564,0.6138558434918167,0.822550943800436,0.5049277034216065,0.4153287590004291,0.3099528212862561,20240305_P013T_D005,P013T_D005,20240305,40x,0.324,0.324,0.324,52,0.7824014162368009,"(110.42513080729043, 326.2094644936586, 188.32408909122523)",59.11010082321318,4,52
35,14898.0,16040.0,"(130.35420861860652, 262.7926567324473, 176.85508121895558)",0.9288029925187032,506.714113152,365.5593922421066,0.8408170536450089,20.926193515066085,16.132315791957414,10.912694350225912,0.6764493387655054,0.7709149674231361,0.5214849199578115,0.402020530080933,0.3527581292816441,20240305_P013T_D005,P013T_D005,20240305,40x,0.324,0.324,0.324,52,0.7490772697380159,"(110.42513080729043, 326.2094644936586, 188.32408909122523)",21.85595018448445,6,52
36,26962.0,28812.0,"(139.18826496550702, 313.3432979749277, 120.23751947184927)",0.9357906427877274,917.037583488,527.0147168342709,0.8661360960772481,24.5693292099475,18.56782141954298,14.472230434760005,0.779425335248416,0.7557317198560447,0.5890364491066595,0.4451535287412733,0.4591099318184946,20240305_P013T_D005,P013T_D005,20240305,40x,0.324,0.324,0.324,52,0.8049890187690317,"(110.42513080729043, 326.2094644936586, 188.32408909122523)",24.307854844936593,9,52
37,18939.0,20357.0,"(133.34199271344843, 297.89899149902317, 207.0784624320186)",0.9303433708306725,644.157510336,413.11738542678944,0.8731161785066469,20.55401289088692,16.346578277056786,13.74381193157898,0.8407760754964289,0.7952986292182587,0.668668060321817,0.531790791775973,0.5622001075671867,20240305_P013T_D005,P013T_D005,20240305,40x,0.324,0.324,0.324,52,0.7679872956547369,"(110.42513080729043, 326.2094644936586, 188.32408909122523)",13.273691062217376,6,52
38,17874.0,19254.0,"(135.92710081682893, 333.6678975047555, 193.27940024616763)",0.9283265814895606,607.934491776,397.03401504584184,0.8740996205058357,19.354859182276847,16.995861510657214,13.274998178000509,0.7810723904567269,0.8781185825531732,0.6858741803792797,0.6022788630844725,0.5357173856213924,20240305_P013T_D005,P013T_D005,20240305,40x,0.324,0.324,0.324,52,0.7843487393470184,"(110.42513080729043, 326.2094644936586, 188.32408909122523)",8.757198000369844,7,52
39,18043.0,20127.0,"(142.01080751537992, 278.102477415064, 390.27789170315356)",0.8964574949073384,613.682557632,418.648144911743,0.8341883874824739,23.626658320855697,14.720228309238319,12.952705270477768,0.879925568976993,0.623034713980034,0.5482241751912995,0.3415626921872513,0.48239646928214697,20240305_P013T_D005,P013T_D005,20240305,40x,0.324,0.324,0.324,52,0.8228532121226577,"(110.42513080729043, 326.2094644936586, 188.32408909122523)",68.03789826308909,5,52
40,13972.0,14850.0,"(140.909604924134, 287.393429716576, 429.16139421700547)",0.9408754208754209,475.21879372800004,332.7819952587583,0.8849526652257793,19.3108984761765,14.25247401636108,12.258742005811673,0.8601132681764085,0.738053386482462,0.6348095103360963,0.46852330887482935,0.5460080826046454,20240305_P013T_D005,P013T_D005,20240305,40x,0.324,0.324,0.324,52,0.8158835754692024,"(110.42513080729043, 326.2094644936586, 188.32408909122523)",79.65300983534433,5,52
41,14468.0,15681.0,"(141.83999170583357, 301.153649433232, 74.52972076306331)",0.922645239461769,492.08885683200003,358.2541545897386,0.8413730094882278,21.392349713617335,15.974087898633606,10.281500012950062,0.6436361235892237,0.7467196503647878,0.4806157411686925,0.35888521820529945,0.30934165258177887,20240305_P013T_D005,P013T_D005,20240305,40x,0.324,0.324,0.324,52,0.82177209940401,"(110.42513080729043, 326.2094644936586, 188.32408909122523)",39.10056594822584,5,52
42,17887.0,19776.0,"(148.78414490971096, 279.75758931067253, 149.07966679711524)",0.9044801779935275,608.376650688,429.1281971274566,0.8091184372758025,23.671131586324123,17.836004198756445,10.602614512104878,0.5944501018251672,0.753491827533125,0.4479132936014975,0.3374990061721736,0.2662621029902562,20240305_P013T_D005,P013T_D005,20240305,40x,0.324,0.324,0.324,52,0.8657224361374112,"(110.42513080729043, 326.2094644936586, 188.32408909122523)",23.294936110763498,6,52
43,15350.0,16307.0,"(145.90527687296418, 338.7367426710098, 411.2811074918567)",0.941313546329797,522.0876384000001,350.8760307041558,0.8936333403226351,17.699475932598286,16.11201178886004,12.964767695696935,0.8046647349563676,0.9103101046729577,0.7324944391047687,0.6667970895338214,0.5894124436992518,20240305_P013T_D005,P013T_D005,20240305,40x,0.324,0.324,0.324,52,0.8475017523605328,"(110.42513080729043, 326.2094644936586, 188.32408909122523)",73.25954930793888,6,52
44,19022.0,20656.0,"(150.93444432762064, 348.58211544527387, 139.27284197245294)",0.9208946553059644,646.980524928,428.1120400073164,0.8449950300058858,21.605501962099805,17.781081174953925,12.304042357136883,0.6919738027217439,0.8229885705106669,0.5694865307327982,0.46868090585286454,0.39406976026998775,20240305_P013T_D005,P013T_D005,20240305,40x,0.324,0.324,0.324,52,0.8793319261241812,"(110.42513080729043, 326.2094644936586, 188.32408909122523)",21.849145664435614,7,52
45,19542.0,21218.0,"(152.67500767577525, 307.6460955889878, 153.61702998669531)",0.9210104628145914,664.666881408,446.66556872702876,0.824589261497415,23.04387247048866,19.054571738300403,10.922984694179188,0.5732474518030536,0.8268823637477949,0.47400820795930915,0.3919490274332499,0.2717239973464059,20240305_P013T_D005,P013T_D005,20240305,40x,0.324,0.324,0.324,52,0.8903481498466788,"(110.42513080729043, 326.2094644936586, 188.32408909122523)",18.708666527618572,7,52
46,14935.0,16623.0,"(152.06327418814865, 378.6233679276866, 142.14007365249415)",0.89845394934729,507.97256544,369.0351119144974,0.8342763652912735,20.838119443752316,16.360195732119543,10.960705591378787,0.6699617639573786,0.7851090294534546,0.525993030271502,0.41296187749574054,0.3523952183899824,20240305_P013T_D005,P013T_D005,20240305,40x,0.324,0.324,0.324,52,0.8864764189123332,"(110.42513080729043, 326.2094644936586, 188.32408909122523)",26.349618548821695,4,52
47,16234.0,17203.0,"(154.63853640507577, 320.6829493655291, 362.7611186398916)",0.9436726152415277,552.154444416,360.6426772973444,0.9025003677521931,17.292657180110727,15.959358111535037,14.18438894766558,0.8887819202085231,0.9228979644545783,0.8202550250044774,0.7570116929102715,0.7290278361841697,20240305_P013T_D005,P013T_D005,20240305,40x,0.324,0.324,0.324,52,0.9027755468675681,"(110.42513080729043, 326.2094644936586, 188.32408909122523)",58.332279100936304,5,52
48,13124.0,14673.0,"(156.92022249314235, 300.78588844864373, 381.1844711978055)",0.8944319498398419,446.376427776,348.31911654512237,0.8109130991054521,21.4216884181954,14.115071055195333,11.47287908000396,0.8128105792128576,0.6589149641074095,0.5355730536281628,0.35289709940829656,0.4353194439303059,20240305_P013T_D005,P013T_D005,20240305,40x,0.324,0.324,0.324,52,0.9172165980578629,"(110.42513080729043, 326.2094644936586, 188.32408909122523)",64.8026557380109,4,52
49,12719.0,13803.0,"(155.49846686060224, 370.0837329978772, 116.12296564195299)",0.9214663478953851,432.601477056,319.5723550793754,0.8655794156382027,17.53162018568324,15.10066824088599,11.968186423650033,0.7925600531535043,0.8613390023825391,0.6826628855114916,0.5880041687700537,0.5410513328269124,20240305_P013T_D005,P013T_D005,20240305,40x,0.324,0.324,0.324,52,0.908218144687356,"(110.42513080729043, 326.2094644936586, 188.32408909122523)",31.02553231971661,5,52
50,15999.0,17281.0,"(155.48059253703357, 359.77598599912494, 85.41371335708482)",0.9258144783288004,544.161571776,384.37798334027616,0.838579419957903,22.419257302842002,16.368294033685526,10.723882896162735,0.6551619169409629,0.7300997447230592,0.4783335483108671,0.34923120151423914,0.31338592444852037,20240305_P013T_D005,P013T_D005,20240305,40x,0.324,0.324,0.324,52,0.9081050160571745,"(110.42513080729043, 326.2094644936586, 188.32408909122523)",37.988570205557444,5,52
51,17775.0,19780.0,"(157.35521800281293, 303.07623066104077, 185.8795499296765)",0.8986349848331648,604.5672816,424.43630291547487,0.8146443095826433,24.963538719187827,15.374173598503283,11.634046122689785,0.7567266004998402,0.6158651532319082,0.46604154377149504,0.2870187467672668,0.3526660331099009,20240305_P013T_D005,P013T_D005,20240305,40x,0.324,0.324,0.324,52,0.9199697341950186,"(110.42513080729043, 326.2094644936586, 188.32408909122523)",16.97078277019463,6,52
52,13919.0,15251.0,"(158.89015015446512, 320.4102306200158, 84.02643868093972)",0.9126614648219789,473.416145856,355.0618944844059,0.8273236426867538,20.60453863611813,15.270474886566237,11.162474774106373,0.7309841283276816,0.7411219031033435,0.54174834832455,0.4015015669133835,0.39600944417298245,20240305_P013T_D005,P013T_D005,20240305,40x,0.324,0.324,0.324,52,0.9296844946485134,"(110.42513080729043, 326.2094644936586, 188.32408909122523)",37.30995983958444,4,52
1,11151.0,14417.0,"(24.792395300869877, 167.9008160703076, 212.03622993453502)",0.7734618852743289,379.270309824,349.8018558774071,0.7243713185990905,24.175499441180833,13.644683751645465,9.457203868692657,0.6931053911419659,0.5644013181544845,0.3911895963805051,0.22078792384547782,0.2711356182099778,20240305_P013T_A004,P013T_A004,20240305,40x,0.324,0.324,0.324,83,0.06157319330745481,"(135.0852148662318, 160.80668230492867, 203.96415291778575)",35.904099447666006,5,83
2,7198.0,8188.0,"(24.698666296193387, 196.02139483189774, 208.59822172825784)",0.8790913531998046,244.819988352,228.0675191171341,0.8298226181432509,13.721376352931335,12.229541052442677,10.598602582893552,0.8666394378533634,0.8912765554914648,0.7724154130230051,0.688435748727661,0.6694056593315305,20240305_P013T_A004,P013T_A004,20240305,40x,0.324,0.324,0.324,83,0.06115476025086334,"(135.0852148662318, 160.80668230492867, 203.96415291778575)",37.57106665162076,3,83
3,4042.0,4936.0,"(23.46585848589807, 145.33226125680358, 204.43072736269173)",0.8188816855753647,137.477409408,169.6180162688549,0.7594509061861858,15.906966132670297,9.727461055838187,6.8519101094599755,0.7043883362912694,0.611522082508215,0.43074902230333395,0.26341253915731233,0.3034145871793363,20240305_P013T_A004,P013T_A004,20240305,40x,0.324,0.324,0.324,83,0.055651153954902104,"(135.0852148662318, 160.80668230492867, 203.96415291778575)",36.510869983665785,1,83
4,4152.0,5154.0,"(27.802504816955683, 189.20183044315993, 241.63294797687863)",0.8055878928987195,141.218754048,174.7114487112738,0.7506272788188684,12.203360032904946,9.725129309185139,9.251296560512579,0.9512774860252977,0.7969222642749583,0.7580942081170702,0.604142152866387,0.7211579524679453,20240305_P013T_A004,P013T_A004,20240305,40x,0.324,0.324,0.324,83,0.07501118221855216,"(135.0852148662318, 160.80668230492867, 203.96415291778575)",37.97136579536541,3,83
5,1555.0,1851.0,"(28.704823151125403, 181.80450160771704, 187.24630225080386)",0.8400864397622907,52.88900832,87.18186082052233,0.7815707050516928,8.713093004769235,7.839408021147437,5.765887827149212,0.7355004117141579,0.8997273433046596,0.6617498314310627,0.5953944177657763,0.48671727346932114,20240305_P013T_A004,P013T_A004,20240305,40x,0.324,0.324,0.324,83,0.07903938906752413,"(135.0852148662318, 160.80668230492867, 203.96415291778575)",35.54736684819739,3,83
6,9178.0,10843.0,"(39.62301154935716, 161.65068642405754, 251.460557855742)",0.8464447108733745,312.164191872,276.65676136614127,0.8043867196681913,15.796556364551718,13.127773572936976,11.019605691950733,0.8394116207692484,0.8310528744351124,0.6975954402745205,0.579738695832968,0.5855697191620726,20240305_P013T_A004,P013T_A004,20240305,40x,0.324,0.324,0.324,83,0.12778130155963016,"(135.0852148662318, 160.80668230492867, 203.96415291778575)",34.54765842240197,3,83
7,21676.0,23214.0,"(50.42780033216461, 147.4949713969367, 89.6655748293043)",0.9337468768846385,737.248967424,459.7883109717214,0.8583590299663745,23.263427056076583,16.358427917266443,13.823632737930035,0.8450465294002419,0.7031822043172912,0.5942216812943387,0.4178461117056799,0.5021449694721576,20240305_P013T_A004,P013T_A004,20240305,40x,0.324,0.324,0.324,83,0.176016965768592,"(135.0852148662318, 160.80668230492867, 203.96415291778575)",46.28580633312105,4,83
8,8957.0,11176.0,"(55.328346544601985, 160.3045662610249, 288.06173942168135)",0.8014495347172512,304.647490368,294.87883473514853,0.7425156174798757,17.46358435287534,12.20894032217381,10.622865812587674,0.8700890930963504,0.6991085034707457,0.6082866837608079,0.4252583931652011,0.5292636090160279,20240305_P013T_A004,P013T_A004,20240305,40x,0.324,0.324,0.324,83,0.19789440421697316,"(135.0852148662318, 160.80668230492867, 203.96415291778575)",37.55300363007111,4,83
9,13263.0,14643.0,"(48.71718314106914, 141.95136846867226, 129.53110156073288)",0.9057570170047121,451.104126912,335.8767235279725,0.846880403012107,17.901437873353526,15.776358658338095,11.570646415998667,0.7334167957625233,0.8812900265302915,0.6463529073953156,0.5696243709063488,0.47404607827366324,20240305_P013T_A004,P013T_A004,20240305,40x,0.324,0.324,0.324,83,0.16838028187977297,"(135.0852148662318, 160.80668230492867, 203.96415291778575)",37.44301748769952,4,83
10,12126.0,13887.0,"(50.54865578096652, 172.6876133927099, 139.7969651987465)",0.8731907539425362,412.432228224,336.9919171409362,0.7951206571505179,18.419880728155928,15.170257527079366,10.8995660625904,0.7184825994637433,0.8235806599925856,0.5917283734595382,0.48733604435014555,0.42514653993966167,20240305_P013T_A004,P013T_A004,20240305,40x,0.324,0.324,0.324,83,0.17655649902217196,"(135.0852148662318, 160.80668230492867, 203.96415291778575)",34.60134078050227,2,83
11,18199.0,20955.0,"(55.70240123083686, 214.8761470410462, 276.60404417825157)",0.8684800763540921,618.988464576,442.77190565349883,0.7932786602065999,20.3603466849531,18.456454816263665,12.229595758740295,0.662618898400991,0.9064902038187558,0.6006575402656739,0.5444901761007032,0.39800703764708967,20240305_P013T_A004,P013T_A004,20240305,40x,0.324,0.324,0.324,83,0.19956429120909314,"(135.0852148662318, 160.80668230492867, 203.96415291778575)",39.01704257088991,2,83
12,7456.0,8478.0,"(51.67422210300429, 120.51850858369099, 153.7418186695279)",0.8794527011087521,253.595142144,240.72072976589402,0.8048802170900231,14.956588221342138,12.974223778948119,9.446383297905056,0.7280885129507855,0.8674587805014712,0.631586773541418,0.5478754923570973,0.45985107474715553,20240305_P013T_A004,P013T_A004,20240305,40x,0.324,0.324,0.324,83,0.18158134867412629,"(135.0852148662318, 160.80668230492867, 203.96415291778575)",34.13984404370447,3,83
13,1181.0,1942.0,"(43.151566469093986, 204.10499576629974, 151.5952582557155)",0.6081359423274975,40.168436544,92.36254060148522,0.614108166641142,9.24351947735575,7.954592954089059,5.056892415106551,0.6357198217800768,0.8605589000570367,0.5470743505755182,0.47078970138068565,0.3477860086483197,20240305_P013T_A004,P013T_A004,20240305,40x,0.324,0.324,0.324,83,0.14353377887988386,"(135.0852148662318, 160.80668230492867, 203.96415291778575)",37.039649368971105,1,83
14,4314.0,5367.0,"(49.403337969401946, 108.72276309689383, 175.4844691701437)",0.8038010061486864,146.728734336,181.99850412886124,0.7391962476125982,12.7416782525142,10.508294533996608,8.262480551029105,0.7862817819102987,0.824718245567306,0.6484609316985966,0.5347975619094072,0.5098730168751852,20240305_P013T_A004,P013T_A004,20240305,40x,0.324,0.324,0.324,83,0.17144347307768726,"(135.0852148662318, 160.80668230492867, 203.96415291778575)",33.77256868687223,3,83
15,9140.0,10343.0,"(60.91477024070022, 89.20951859956236, 218.34518599562364)",0.8836894518031518,310.87172736,281.05137567753707,0.7896219759285595,19.701885559095263,12.599006201181389,9.087963151541793,0.7213238097056917,0.6394822548020095,0.4612737762729713,0.2949763945320774,0.3327277576185505,20240305_P013T_A004,P013T_A004,20240305,40x,0.324,0.324,0.324,83,0.22283379571741171,"(135.0852148662318, 160.80668230492867, 203.96415291778575)",33.72437359901705,4,83
16,10399.0,11398.0,"(63.42850274064814, 97.62640638522934, 246.7697855563035)",0.9123530443937533,353.69311737600003,285.6213246049266,0.8467942521291847,18.453612357465236,13.118988179332675,10.606041026227697,0.8084496213615153,0.7109170781961024,0.5747406426870738,0.40859293841964467,0.4646488549614388,20240305_P013T_A004,P013T_A004,20240305,40x,0.324,0.324,0.324,83,0.23405581580646492,"(135.0852148662318, 160.80668230492867, 203.96415291778575)",33.91763764588491,3,83
17,9475.0,11066.0,"(60.9822691292876, 114.284327176781, 271.85604221635884)",0.8562262786914875,322.2658224,282.6764998148323,0.8041503442810342,17.042356461394007,13.366061236979988,10.303174449858277,0.7708459707899888,0.7842848063445969,0.6045627829225391,0.47414940512755416,0.4660247853054219,20240305_P013T_A004,P013T_A004,20240305,40x,0.324,0.324,0.324,83,0.22313513004146251,"(135.0852148662318, 160.80668230492867, 203.96415291778575)",35.88200856984181,3,83
18,20084.0,21418.0,"(66.77011551483768, 182.2431786496714, 89.57682732523402)",0.9377159398636661,683.101506816,437.8979885718819,0.856580144110528,21.891221756733383,18.048708985480086,12.321366109763252,0.6826729889476086,0.8244724385896186,0.5628450639568986,0.46405024242867404,0.384239122125864,20240305_P013T_A004,P013T_A004,20240305,40x,0.324,0.324,0.324,83,0.24897372997695394,"(135.0852148662318, 160.80668230492867, 203.96415291778575)",43.72312046041459,4,83
19,17795.0,18966.0,"(72.11930317504917, 117.51969654397303, 106.21056476538354)",0.9382579352525572,605.2475260800001,399.0292840269861,0.8671642613146676,21.23146469126359,16.429925428215927,12.364964300720626,0.7525879745921219,0.7738479500651965,0.5823886613818317,0.45068027175154424,0.4382987030947698,20240305_P013T_A004,P013T_A004,20240305,40x,0.324,0.324,0.324,83,0.2728540320314695,"(135.0852148662318, 160.80668230492867, 203.96415291778575)",40.19981369419783,4,83
20,4966.0,5945.0,"(62.38884414015304, 245.10088602496978, 233.9953685058397)",0.8353238015138772,168.904704384,188.02068966873077,0.7859102995543129,13.287020390223763,11.142482089368203,8.33962637323912,0.7484531997764236,0.8385990058061885,0.6276521092249694,0.5263484347882166,0.4697682294958497,20240305_P013T_A004,P013T_A004,20240305,40x,0.324,0.324,0.324,83,0.22941448276854035,"(135.0852148662318, 160.80668230492867, 203.96415291778575)",37.35447274669458,2,83
21,10383.0,11999.0,"(74.41905037079842, 285.1117210825388, 325.0472888375229)",0.865322110175848,353.148921792,307.62005860108854,0.785431045832109,18.120439571682702,13.149334576376171,10.949946053087288,0.8327376559996991,0.7256631123300668,0.6042869992071861,0.43850878458528325,0.503212539270884,20240305_P013T_A004,P013T_A004,20240305,40x,0.324,0.324,0.324,83,0.28312076058392155,"(135.0852148662318, 160.80668230492867, 203.96415291778575)",59.56072884290776,0,83
22,10892.0,12830.0,"(72.81775615130371, 83.49467499081895, 192.15736320235035)",0.8489477786438036,370.46114380800003,321.7104063533929,0.7753791598045813,16.714869602789094,15.136738739565846,11.040293346753977,0.7293706746682368,0.905585212405132,0.6605072973415096,0.5981456411581507,0.4817546530852706,20240305_P013T_A004,P013T_A004,20240305,40x,0.324,0.324,0.324,83,0.275972125675463,"(135.0852148662318, 160.80668230492867, 203.96415291778575)",32.38992717471286,4,83
23,9731.0,11374.0,"(79.17336347754599, 239.81564073579284, 183.33963621416092)",0.8555477404606998,330.972951744,296.9098880522405,0.7793295289135962,17.534138348808423,13.27090591367692,10.645782740407634,0.8021896025527655,0.7568610244585402,0.6071460443980754,0.45952517715907765,0.48704624404717584,20240305_P013T_A004,P013T_A004,20240305,40x,0.324,0.324,0.324,83,0.304345372667616,"(135.0852148662318, 160.80668230492867, 203.96415291778575)",32.064414625165064,3,83
24,22410.0,25409.0,"(86.08509593931281, 194.7797858099063, 295.3384203480589)",0.8819709551733638,762.21393984,515.4482207686638,0.7828592205208584,26.277701196230705,17.238141530649,12.560167544593739,0.7286265472563886,0.655998841067637,0.47797817057130476,0.31355312595040524,0.34826758408729497,20240305_P013T_A004,P013T_A004,20240305,40x,0.324,0.324,0.324,83,0.33520132115764645,"(135.0852148662318, 160.80668230492867, 203.96415291778575)",35.35082051048201,4,83
25,1479.0,2539.0,"(73.87694388100067, 151.5233265720081, 293.93847194050034)",0.5825128003150847,50.304079296,115.84130041098237,0.5688828438979782,12.559738689483716,7.810800349827921,5.471059833977726,0.7004480448790704,0.6218919471921748,0.4356029985367969,0.27089799696279865,0.3051172686685599,20240305_P013T_A004,P013T_A004,20240305,40x,0.324,0.324,0.324,83,0.28070064232589587,"(135.0852148662318, 160.80668230492867, 203.96415291778575)",35.385800898508094,4,83
26,10007.0,13160.0,"(90.00009993004896, 131.87948436094734, 280.3107824522834)",0.7604103343465045,340.360325568,366.5011144038389,0.6432326961315247,21.104214623552707,17.74063016464097,7.357156847421802,0.4147066242373637,0.8406202496084402,0.34861078598068623,0.29304928592727897,0.14457120222678446,20240305_P013T_A004,P013T_A004,20240305,40x,0.324,0.324,0.324,83,0.3526790175448614,"(135.0852148662318, 160.80668230492867, 203.96415291778575)",30.21768280254979,4,83
27,10083.0,11744.0,"(87.58276306654766, 102.45284141624516, 153.44411385500348)",0.858566076294278,342.945254592,300.54765584990935,0.7883528549064895,18.491947307042082,14.552305387035364,9.456049741026984,0.6497973681511227,0.7869536477369029,0.5113604091563652,0.4024169392938367,0.3322806480464873,20240305_P013T_A004,P013T_A004,20240305,40x,0.324,0.324,0.324,83,0.3418873351185163,"(135.0852148662318, 160.80668230492867, 203.96415291778575)",29.36435437505936,4,83
28,15908.0,18134.0,"(95.24981141563993, 141.01131506160422, 77.20172240382198)",0.8772471600308812,541.066459392,434.6844725467024,0.7387152638867303,24.575195880237704,19.27128388748037,8.359053226224427,0.4337569450499821,0.7841762068304607,0.3401418758556635,0.2667311659926917,0.14753890095472288,20240305_P013T_A004,P013T_A004,20240305,40x,0.324,0.324,0.324,83,0.3761152295341068,"(135.0852148662318, 160.80668230492867, 203.96415291778575)",43.52639409042809,4,83
29,12126.0,14325.0,"(97.14580240804882, 212.1243608774534, 129.30512947385782)",0.8464921465968587,412.432228224,349.9865376312287,0.7655986896668721,23.117104923185437,12.68044663064272,10.80861063910315,0.8523840645315902,0.5485309113220658,0.46755900771391967,0.25647056859815714,0.398539847403548,20240305_P013T_A004,P013T_A004,20240305,40x,0.324,0.324,0.324,83,0.38457947503593226,"(135.0852148662318, 160.80668230492867, 203.96415291778575)",31.82279266580697,2,83
30,17108.0,19775.0,"(97.1028173953706, 236.26800327332242, 271.5251928922142)",0.8651327433628319,581.881128192,424.64021003191317,0.7937538716361131,22.18477729911419,17.167678456088403,11.216689413302163,0.6533608747386714,0.7738494835724082,0.5056029755029378,0.39126060148562136,0.33034120234507447,20240305_P013T_A004,P013T_A004,20240305,40x,0.324,0.324,0.324,83,0.38438757765790443,"(135.0852148662318, 160.80668230492867, 203.96415291778575)",35.04830610207713,4,83
31,14103.0,17407.0,"(91.73289371055803, 246.09898603134084, 222.0097851520953)",0.8101913023496294,479.674395072,400.8145708589449,0.7393299750735546,22.33832599046848,12.892831730098457,12.255971564124174,0.9506035462723424,0.5771619473903142,0.5486521939626838,0.316661168707471,0.5215507212510284,20240305_P013T_A004,P013T_A004,20240305,40x,0.324,0.324,0.324,83,0.3604147040649912,"(135.0852148662318, 160.80668230492867, 203.96415291778575)",31.54609767892534,4,83
32,18079.0,21032.0,"(100.27899773217545, 77.5298965650755, 201.14746390840202)",0.8595949030049449,614.906997696,444.9846842035763,0.7858603030190369,20.945537109050395,16.61816836027023,13.6387366991811,0.8207123916127734,0.7933990078053265,0.6511523971991109,0.5166236658678344,0.5344088412096729,20240305_P013T_A004,P013T_A004,20240305,40x,0.324,0.324,0.324,83,0.39856695416149757,"(135.0852148662318, 160.80668230492867, 203.96415291778575)",29.2578091196155,6,83
33,15499.0,17051.0,"(103.1120717465643, 85.82450480676172, 266.3111168462481)",0.908978945516392,527.155459776,371.27014311233484,0.850001916608821,18.697776425867,17.4720776070058,11.748415249197569,0.672410889732243,0.9344468138379526,0.6283322135002373,0.587143034937045,0.4224974227271242,20240305_P013T_A004,P013T_A004,20240305,40x,0.324,0.324,0.324,83,0.41121460601144777,"(135.0852148662318, 160.80668230492867, 203.96415291778575)",33.25028233034842,4,83
34,14271.0,16082.0,"(104.92852638217364, 200.15948426879686, 105.55013664073996)",0.887389628155702,485.388448704,363.45162761283973,0.8217955733897474,20.54497718422714,16.62512287739806,10.55577615608425,0.6349292112863046,0.8092061981047881,0.5137886531306624,0.41576096262924306,0.3262194243001042,20240305_P013T_A004,P013T_A004,20240305,40x,0.324,0.324,0.324,83,0.4193237784918466,"(135.0852148662318, 160.80668230492867, 203.96415291778575)",35.70384075087765,3,83
35,12808.0,13959.0,"(103.14045908806996, 75.27443785134291, 228.5344316052467)",0.9175442366931729,435.628564992,330.0149528960938,0.8420956153756248,18.31905969691003,16.144044262228054,10.602352808958544,0.6567346221767175,0.881270356084442,0.5787607543386573,0.5100446960637287,0.38009222533131004,20240305_P013T_A004,P013T_A004,20240305,40x,0.324,0.324,0.324,83,0.41134133521459804,"(135.0852148662318, 160.80668230492867, 203.96415291778575)",30.634591260953172,4,83
36,17014.0,18421.0,"(106.79023157399789, 230.0903961443517, 156.24027271658633)",0.9236197817708051,578.6839791360001,393.93169350989524,0.8524930376852619,20.13836883117477,16.573189233532858,12.442782433537396,0.7507777928681144,0.822965820741007,0.6178644625018295,0.5084813344895193,0.4638789174487674,20240305_P013T_A004,P013T_A004,20240305,40x,0.324,0.324,0.324,83,0.4276349623839191,"(135.0852148662318, 160.80668230492867, 203.96415291778575)",28.758368169437066,4,83
37,15603.0,17773.0,"(114.45465615586747, 170.3164135102224, 80.73332051528553)",0.8779046868846002,530.692731072,403.7450061136369,0.7851254468846587,23.451321308676572,15.271732855236912,10.936200265556472,0.7161073579024977,0.6512099107007093,0.4663362085918064,0.3036827607535776,0.3339467902289465,20240305_P013T_A004,P013T_A004,20240305,40x,0.324,0.324,0.324,83,0.4618511435529798,"(135.0852148662318, 160.80668230492867, 203.96415291778575)",40.59953101987588,5,83
38,20307.0,22377.0,"(119.17772196779435, 129.6805042596149, 308.21756044713646)",0.9074943021852795,690.686232768,480.6938336703977,0.78608487428519,24.818860404375357,19.87037126569567,10.186738334202051,0.5126596880345411,0.8006157793688501,0.4104434356867656,0.32860749114918836,0.2104178036950025,20240305_P013T_A004,P013T_A004,20240305,40x,0.324,0.324,0.324,83,0.48293625878479624,"(135.0852148662318, 160.80668230492867, 203.96415291778575)",35.62624247182587,3,83
39,10678.0,11887.0,"(115.36130361490916, 120.42227008803147, 102.10067428357371)",0.8982922520400437,363.182527872,294.89636902524876,0.8347658309651509,19.133903148269763,13.038091778930887,10.471618443030385,0.8031557547364534,0.6814130748910943,0.5472808324514442,0.37292431486969635,0.43955175004033414,20240305_P013T_A004,P013T_A004,20240305,40x,0.324,0.324,0.324,83,0.46589867685227304,"(135.0852148662318, 160.80668230492867, 203.96415291778575)",36.07344137372901,4,83
40,13121.0,15033.0,"(125.79864339608261, 165.7685389833092, 302.7762365673348)",0.872813144415619,446.274391104,348.7040827452299,0.8098944128689162,21.123263074119578,13.731466355335428,11.409041098210297,0.8308683721733228,0.6500636907826685,0.540117360569578,0.35111068486765323,0.44876643215899703,20240305_P013T_A004,P013T_A004,20240305,40x,0.324,0.324,0.324,83,0.5124939437325117,"(135.0852148662318, 160.80668230492867, 203.96415291778575)",32.1963550680283,4,83
41,14507.0,16463.0,"(124.39594678431102, 247.28358723374922, 226.90156476183913)",0.8811881188118812,493.415333568,366.1536372415309,0.8246997564546307,18.22748870577484,15.696062221806102,12.568472658066728,0.8007404965944707,0.8611203921269347,0.6895339704193469,0.5937717629923502,0.552137773892345,20240305_P013T_A004,P013T_A004,20240305,40x,0.324,0.324,0.324,83,0.5062319052871028,"(135.0852148662318, 160.80668230492867, 203.96415291778575)",29.193533439133475,5,83
42,12003.0,13169.0,"(125.91760393235025, 241.87053236690826, 193.1553778222111)",0.911458728832865,408.248724672,315.7560424060532,0.8428475178970957,19.20704198154953,13.859361569339017,10.984551098676473,0.7925726624361638,0.7215770956637911,0.5719022798632053,0.4126715861071923,0.45327411260449274,20240305_P013T_A004,P013T_A004,20240305,40x,0.324,0.324,0.324,83,0.5130250175551351,"(135.0852148662318, 160.80668230492867, 203.96415291778575)",26.663098633846758,5,83
43,13424.0,16133.0,"(122.85235399284863, 232.55646603098927, 272.66701430274134)",0.8320833075063534,456.580094976,363.9472370841115,0.7878744442421055,21.877786203503266,13.289835480966062,11.911182982246956,0.8962626361557571,0.6074579647751551,0.5444418768631916,0.3307255544576799,0.4879629117909921,20240305_P013T_A004,P013T_A004,20240305,40x,0.324,0.324,0.324,83,0.49934086603950284,"(135.0852148662318, 160.80668230492867, 203.96415291778575)",32.4287544105223,4,83
44,5669.0,6969.0,"(118.64561651084847, 85.27994355265479, 179.92026812488976)",0.8134596068302482,192.815297856,209.85703193074562,0.7691096432820949,14.40506894057116,12.569721292020454,8.135571124993806,0.6472356018075319,0.8725901516943427,0.5647714119632135,0.4928139720376085,0.3655401647057,20240305_P013T_A004,P013T_A004,20240305,40x,0.324,0.324,0.324,83,0.48056078799485924,"(135.0852148662318, 160.80668230492867, 203.96415291778575)",26.227308805345928,4,83
45,12792.0,17426.0,"(137.74116635397124, 109.29119762351469, 143.02696998123827)",0.7340755193389189,435.084369408,446.2587677913848,0.6222234150527606,28.02132172478244,18.1828602695719,7.479371090979876,0.4113418340180629,0.6488937405650902,0.2669171413268853,0.17320086225654344,0.1097941864442595,20240305_P013T_A004,P013T_A004,20240305,40x,0.324,0.324,0.324,83,0.565808778365943,"(135.0852148662318, 160.80668230492867, 203.96415291778575)",25.86778239867658,2,83
46,13052.0,15428.0,"(136.1539993870671, 188.52911431198285, 297.38515170088874)",0.8459942960850402,443.92754764800003,375.06686414357,0.7503262795945839,27.443083127206123,11.72487497116984,10.403643640796991,0.8873138235058703,0.4272433573451594,0.37909893697341823,0.16196750259850418,0.33637972725289467,20240305_P013T_A004,P013T_A004,20240305,40x,0.324,0.324,0.324,83,0.5587232115494067,"(135.0852148662318, 160.80668230492867, 203.96415291778575)",31.57489059337605,3,83
47,23750.0,26156.0,"(135.38294736842104, 90.67208421052632, 232.8522947368421)",0.908013457715247,807.7903200000001,515.6025456395816,0.8135198757265307,22.255544501653464,20.258123094597288,13.257238552207873,0.6544159343045701,0.9102506161146595,0.5956825073959855,0.542220369365921,0.3898241246264329,20240305_P013T_A004,P013T_A004,20240305,40x,0.324,0.324,0.324,83,0.555281015037594,"(135.0852148662318, 160.80668230492867, 203.96415291778575)",24.575939778209055,6,83
48,8823.0,11405.0,"(138.63051116400317, 90.8158222826703, 288.13419471834976)",0.7736080666374398,300.089852352,310.2910969652511,0.6985792522171976,14.596888994358256,13.97751250869883,11.641657046155187,0.832884752484397,0.9575679114982092,0.7975437129551868,0.7637022675430254,0.6642619979601676,20240305_P013T_A004,P013T_A004,20240305,40x,0.324,0.324,0.324,83,0.5697790676964427,"(135.0852148662318, 160.80668230492867, 203.96415291778575)",35.48633654539645,5,83
49,11447.0,15617.0,"(139.4966366733642, 142.99895169039922, 110.92050318860836)",0.7329832874431709,389.337928128,404.1814067163045,0.6379582661276877,18.27106673217015,15.5345790163956,11.374701540817636,0.7322182035839194,0.8502283552521663,0.6225526789188516,0.5293119402550052,0.4558444041943181,20240305_P013T_A004,P013T_A004,20240305,40x,0.324,0.324,0.324,83,0.5736456994346616,"(135.0852148662318, 160.80668230492867, 203.96415291778575)",30.726573211264842,5,83
50,35047.0,54265.0,"(163.5912916940109, 81.56147459126316, 197.95503181442064)",0.6458490739887589,1192.026414528,996.3732956004571,0.5456564560914297,32.98544802147275,20.354565953589656,17.129235692219122,0.8415426657230327,0.6170771408149228,0.5192967420381374,0.3204461488113983,0.4370103645960602,20240305_P013T_A004,P013T_A004,20240305,40x,0.324,0.324,0.324,83,0.6812111236339772,"(135.0852148662318, 160.80668230492867, 203.96415291778575)",27.355481170871403,3,83
51,18170.0,21256.0,"(148.00599889928455, 171.44722069345073, 108.15393505778756)",0.8548174633044787,618.00211008,451.49496253001917,0.7771255492467433,20.42478850141429,16.49363336979795,13.699629120702642,0.8306010454790692,0.8075301914952935,0.6707354213119038,0.5416391032146781,0.5571135421815112,20240305_P013T_A004,P013T_A004,20240305,40x,0.324,0.324,0.324,83,0.6116339236575203,"(135.0852148662318, 160.80668230492867, 203.96415291778575)",31.5126696711843,5,83
52,19841.0,21512.0,"(149.2117332795726, 233.3035129277758, 169.54795625220504)",0.9223224246931945,674.836536384,434.6195837324303,0.8560659528678143,19.454242776076274,17.56271829259903,14.266588674152471,0.8123223544594714,0.902770593271133,0.7333407338627805,0.6620384493791904,0.5957090715524506,20240305_P013T_A004,P013T_A004,20240305,40x,0.324,0.324,0.324,83,0.6170166664266634,"(135.0852148662318, 160.80668230492867, 203.96415291778575)",26.401176463174135,4,83
53,15293.0,17540.0,"(148.9685477015628, 236.63094226116525, 257.8445694108416)",0.8718928164196124,520.1489416320001,386.56702277726674,0.809116643585744,19.44054830727289,14.78290698251751,13.299997868112849,0.8996875840348335,0.7604161543626362,0.6841369727795792,0.5202288058983432,0.6155095401889642,20240305_P013T_A004,P013T_A004,20240305,40x,0.324,0.324,0.324,83,0.615931016524834,"(135.0852148662318, 160.80668230492867, 203.96415291778575)",30.471790234552873,4,83
54,13286.0,15013.0,"(158.64767424356467, 197.32906819208188, 289.0645792563601)",0.8849663624858456,451.886408064,364.5742105835606,0.7811198953496746,24.9433735638693,11.651659848590533,11.369228055369607,0.9757603811910892,0.46712445767432464,0.45580153888397984,0.2129160466583017,0.4447530833289172,20240305_P013T_A004,P013T_A004,20240305,40x,0.324,0.324,0.324,83,0.6591414028730566,"(135.0852148662318, 160.80668230492867, 203.96415291778575)",30.960495933498546,3,83
55,9222.0,13280.0,"(155.33951420516158, 125.83680329646498, 293.9683365864238)",0.6944277108433735,313.660729728,350.95310341490233,0.6361240319912321,22.189116461561767,16.028682659667414,7.283277588734323,0.4543902791875129,0.7223668724004365,0.32823648482584483,0.23710716295135886,0.14914746797954348,20240305_P013T_A004,P013T_A004,20240305,40x,0.324,0.324,0.324,83,0.6443728312730428,"(135.0852148662318, 160.80668230492867, 203.96415291778575)",31.965982127238764,6,83
56,1103.0,1904.0,"(147.89936536718042, 145.26382592928377, 95.11514052583863)",0.5793067226890757,37.515483072,105.76069109018268,0.5124288111429869,10.359359054626847,9.14800381099165,4.491014178638886,0.49092832397410824,0.883066583825554,0.4335223979550206,0.38282914297400233,0.21282842423329465,20240305_P013T_A004,P013T_A004,20240305,40x,0.324,0.324,0.324,83,0.611157881103484,"(135.0852148662318, 160.80668230492867, 203.96415291778575)",35.86592243230382,5,83
57,6739.0,7904.0,"(151.18711975070485, 84.30138002671019, 163.01098085769402)",0.8526062753036437,229.208377536,225.98508511551046,0.8014775074912864,13.848096345499748,13.390715981311121,9.35975714712058,0.6989736142700371,0.9669716073041864,0.6758876392539142,0.6535641568863896,0.47242762604975136,20240305_P013T_A004,P013T_A004,20240305,40x,0.324,0.324,0.324,83,0.6258353560299323,"(135.0852148662318, 160.80668230492867, 203.96415291778575)",28.595629362826955,4,83
58,17664.0,19942.0,"(161.0951086956522, 194.46852355072463, 119.68166893115942)",0.8857687293150135,600.791924736,440.6470883955068,0.7814045650557407,24.148947988686793,16.58486429427399,11.660084096449628,0.7030557434512944,0.6867737800439011,0.48284025051162066,0.33160202400120986,0.3394636112916567,20240305_P013T_A004,P013T_A004,20240305,40x,0.324,0.324,0.324,83,0.6700674495341615,"(135.0852148662318, 160.80668230492867, 203.96415291778575)",30.588708114163218,3,83
59,21507.0,23321.0,"(160.32682382480124, 80.11201004324174, 253.66169154228857)",0.9222160284721924,731.500901568,455.32991683364463,0.8622526060917852,20.11613537652217,18.046165596698195,14.558872576794823,0.806757119609862,0.8970990331353672,0.7237410319770811,0.6492673800270323,0.583883230301299,20240305_P013T_A004,P013T_A004,20240305,40x,0.324,0.324,0.324,83,0.6666376063607198,"(135.0852148662318, 160.80668230492867, 203.96415291778575)",31.776149148565924,4,83
60,20180.0,21836.0,"(158.17760158572844, 211.52239841427155, 143.13201189296333)",0.9241619344202234,686.36668032,433.3369961389517,0.8683520175343952,18.291423113422628,17.72020506120711,15.16728995269974,0.855931965815893,0.9687712624286546,0.8292022910765028,0.8033073503349163,0.7097407470601533,20240305_P013T_A004,P013T_A004,20240305,40x,0.324,0.324,0.324,83,0.657042864222002,"(135.0852148662318, 160.80668230492867, 203.96415291778575)",26.729296157777263,4,83
61,13042.0,14432.0,"(162.50766753565404, 162.85523692685172, 284.2456678423555)",0.9036862527716186,443.587425408,344.00867350937506,0.8176502042074109,19.12607271102254,17.342034294439355,9.8261406370246,0.5666083038582912,0.9067221774413192,0.5137563150307225,0.46583424463888506,0.29109859425604356,20240305_P013T_A004,P013T_A004,20240305,40x,0.324,0.324,0.324,83,0.6763735157841698,"(135.0852148662318, 160.80668230492867, 203.96415291778575)",27.494810905134617,7,83
62,14341.0,16519.0,"(170.7933198521721, 231.77651488738582, 249.93522069590685)",0.8681518251710152,487.769304384,370.9007383784342,0.8079219440224085,20.926920082153366,14.555597908412075,12.08061232334511,0.8299633171622167,0.6955442010229301,0.5772761723139348,0.40152109404167113,0.47911804689238074,20240305_P013T_A004,P013T_A004,20240305,40x,0.324,0.324,0.324,83,0.7133630350543397,"(135.0852148662318, 160.80668230492867, 203.96415291778575)",29.739467361896274,4,83
63,19260.0,26904.0,"(176.31209761163032, 234.8573727933541, 219.05529595015577)",0.715878679750223,655.07543424,538.452858671767,0.6774293047675144,25.086226419651357,15.6873734751205,14.907046407201515,0.9502576343224982,0.6253381123448586,0.5942323152885219,0.3715961143368392,0.5646737941640517,20240305_P013T_A004,P013T_A004,20240305,40x,0.324,0.324,0.324,83,0.7380004357662068,"(135.0852148662318, 160.80668230492867, 203.96415291778575)",27.89205938076792,4,83
64,22157.0,23604.0,"(176.69431782280995, 138.90792977388637, 265.06417836349686)",0.9386968310455855,753.608847168,456.9996072583615,0.8763258508484624,20.6522952968359,17.861720741380243,14.702371165932721,0.8231217685467304,0.8648782367602891,0.7119001038197069,0.6157069065410548,0.5859804724846781,20240305_P013T_A004,P013T_A004,20240305,40x,0.324,0.324,0.324,83,0.7397067759946873,"(135.0852148662318, 160.80668230492867, 203.96415291778575)",24.97971904595645,6,83
65,20526.0,22703.0,"(179.811215044334, 103.02577219136705, 234.26015784858228)",0.9041095890410958,698.134909824,472.42344448230244,0.8055866356553174,23.323676721433916,18.618249060791857,11.725225091581532,0.6297705575479525,0.7982553215412268,0.5027176989126385,0.4012970783899739,0.3165968055334361,20240305_P013T_A004,P013T_A004,20240305,40x,0.324,0.324,0.324,83,0.7536214957336339,"(135.0852148662318, 160.80668230492867, 203.96415291778575)",25.628577319241053,6,83
66,15832.0,17436.0,"(181.48698837796866, 200.54693026781203, 269.04964628600305)",0.9080064234916265,538.481530368,378.85019421236797,0.8448841279027453,18.96996463323702,15.377513792051293,13.801474330282181,0.8975101252984229,0.810624273126401,0.7275434929436191,0.5897644151352641,0.6529776515118798,20240305_P013T_A004,P013T_A004,20240305,40x,0.324,0.324,0.324,83,0.7611026266873601,"(135.0852148662318, 160.80668230492867, 203.96415291778575)",28.922391946685718,6,83
67,16879.0,19106.0,"(184.93447479116062, 108.31151134545885, 288.4806564369927)",0.8834397571443525,574.092328896,411.2578270038851,0.8122526006832738,22.826410528502436,15.890201781322213,11.59442066134845,0.7296584914973738,0.6961323052295387,0.5079388477163747,0.3535926409764355,0.3706218933976442,20240305_P013T_A004,P013T_A004,20240305,40x,0.324,0.324,0.324,83,0.7764931910319671,"(135.0852148662318, 160.80668230492867, 203.96415291778575)",36.05543719551555,3,83
68,25227.0,27226.0,"(183.72509612716533, 142.75228921393744, 129.21207436476791)",0.9265775361786528,858.026374848,507.40754365417433,0.8605860397237923,21.595825974288587,17.109062045843913,16.731621283653062,0.9779391318367135,0.7922392996782575,0.774761812934281,0.613796756096512,0.7576698947211891,20240305_P013T_A004,P013T_A004,20240305,40x,0.324,0.324,0.324,83,0.7710941791391309,"(135.0852148662318, 160.80668230492867, 203.96415291778575)",29.481636497875314,3,83
69,19861.0,22544.0,"(187.54866320930466, 221.9594683047178, 189.38547907960324)",0.8809882895670689,675.516780864,460.844369032652,0.8078931649592325,20.95955829282142,16.849039450332533,14.213723188938372,0.8435924926662718,0.8038833268782803,0.678149939534104,0.5451534295149801,0.5720821978930563,20240305_P013T_A004,P013T_A004,20240305,40x,0.324,0.324,0.324,83,0.7881636750415387,"(135.0852148662318, 160.80668230492867, 203.96415291778575)",26.529673933040858,5,83
70,21636.0,23845.0,"(191.5181179515622, 116.07649288223331, 151.6539101497504)",0.9073600335500105,735.8884784640001,481.77501460492556,0.8181781053736932,23.579976238350167,18.312033484577913,12.582185178295529,0.6870992885029417,0.7765925334053332,0.5335961771595014,0.41438680703569813,0.36663355367418304,20240305_P013T_A004,P013T_A004,20240305,40x,0.324,0.324,0.324,83,0.8058844551409027,"(135.0852148662318, 160.80668230492867, 203.96415291778575)",28.837499634830493,4,83
71,15714.0,17232.0,"(191.89926180476007, 93.1801578210513, 259.7912689321624)",0.911908077994429,534.468087936,383.37774958552797,0.830752659649741,19.662015654944266,17.672687504165832,11.184324092973897,0.6328592688767631,0.8988237937712051,0.5688289689750835,0.5112770119011477,0.3599886854214943,20240305_P013T_A004,P013T_A004,20240305,40x,0.324,0.324,0.324,83,0.8075859901998218,"(135.0852148662318, 160.80668230492867, 203.96415291778575)",33.85427864120496,5,83
72,17707.0,19694.0,"(195.3521206302592, 180.28649686564634, 137.72575817473316)",0.8991063268000407,602.254450368,412.9540439732002,0.8351588347440804,21.049980444502577,15.34203971430519,13.547592246016091,0.8830372296184369,0.7288386682711587,0.6435916784689549,0.46907450184571287,0.5683154127607057,20240305_P013T_A004,P013T_A004,20240305,40x,0.324,0.324,0.324,83,0.8230005385279429,"(135.0852148662318, 160.80668230492867, 203.96415291778575)",29.693478517828414,4,83
73,16049.0,17166.0,"(196.9377531310362, 204.2478036014705, 162.12380833696804)",0.9349295118257019,545.862182976,369.9359807325688,0.873131297541523,19.787882257990198,15.153333290085083,13.034814781506707,0.8601945546882062,0.7657885312091081,0.6587271245887542,0.5044456772064212,0.5666334855966658,20240305_P013T_A004,P013T_A004,20240305,40x,0.324,0.324,0.324,83,0.8300792550492687,"(135.0852148662318, 160.80668230492867, 203.96415291778575)",27.99082850769524,5,83
74,16481.0,18142.0,"(198.33074449365935, 175.35113160609185, 252.05812754080458)",0.9084444934406349,560.555463744,389.69668480719963,0.8436645611977922,18.744844710000837,16.619170259713723,13.399961838611189,0.8062954786072463,0.886599516657878,0.7148611816166168,0.6337955780987721,0.5763893385693117,20240305_P013T_A004,P013T_A004,20240305,40x,0.324,0.324,0.324,83,0.8362979664895507,"(135.0852148662318, 160.80668230492867, 203.96415291778575)",26.17103540723115,6,83
75,13717.0,15284.0,"(202.18837938324705, 214.64307064226873, 232.15717722534083)",0.8974744831196022,466.545676608,349.40126320555794,0.8325732117028914,17.726580468869702,16.496861417603885,11.636476514451571,0.7053751753066331,0.9306285240164975,0.6564422582734901,0.6109038899191146,0.46303807300834515,20240305_P013T_A004,P013T_A004,20240305,40x,0.324,0.324,0.324,83,0.8535195508180672,"(135.0852148662318, 160.80668230492867, 203.96415291778575)",29.332359040383114,7,83
76,13314.0,15520.0,"(206.12663361874718, 116.90273396424816, 197.33603725401832)",0.857860824742268,452.83875033600003,360.2232751260388,0.7916649353942187,21.31072914099551,14.138206095818143,11.26878310419674,0.7970447613951438,0.6634313637171821,0.5287844929960163,0.3508122173008458,0.42146491004946185,20240305_P013T_A004,P013T_A004,20240305,40x,0.324,0.324,0.324,83,0.8711010429408356,"(135.0852148662318, 160.80668230492867, 203.96415291778575)",27.143334273949694,7,83
77,10751.0,12198.0,"(208.0880848293182, 139.14752116082224, 200.04687936005953)",0.881373995737006,365.665420224,311.1145341997533,0.7948522705210116,20.329911191702177,13.444980118018158,10.015584023870094,0.7449311145092589,0.6613398352426566,0.49265262053668185,0.3258108028975922,0.3669922656822974,20240305_P013T_A004,P013T_A004,20240305,40x,0.324,0.324,0.324,83,0.8798575215594563,"(135.0852148662318, 160.80668230492867, 203.96415291778575)",24.704619305437138,6,83
78,15404.0,16749.0,"(208.6797585042846, 176.54576733316023, 217.9981822903142)",0.9196966983103468,523.924298496,366.05993048507133,0.8585737876675384,19.20135321075774,15.332824877815515,12.84982385532364,0.8380597807463102,0.79852834899288,0.669214493076686,0.5343867442786333,0.5608417513401007,20240305_P013T_A004,P013T_A004,20240305,40x,0.324,0.324,0.324,83,0.8824989218941276,"(135.0852148662318, 160.80668230492867, 203.96415291778575)",24.804161976771272,6,83
79,15766.0,17692.0,"(210.17290371685905, 131.60338703539261, 240.92953190409742)",0.8911372371693421,536.2367235840001,386.55103356488996,0.8257495028417142,20.155045738889196,16.764995016298506,11.442383390934587,0.6825163610135637,0.8318013877760853,0.5677180562709658,0.47222866707173106,0.38747686184775315,20240305_P013T_A004,P013T_A004,20240305,40x,0.324,0.324,0.324,83,0.889164748735978,"(135.0852148662318, 160.80668230492867, 203.96415291778575)",28.720060179315148,7,83
80,14996.0,16863.0,"(214.60556148306216, 147.41217658042146, 224.20505468124833)",0.8892842317499852,510.047311104,388.5108226550191,0.7946111315759972,22.012140710482942,17.082643092930685,10.347098132117283,0.6057082663278979,0.7760555103482206,0.4700632377472327,0.3647951658658657,0.2847211888003548,20240305_P013T_A004,P013T_A004,20240305,40x,0.324,0.324,0.324,83,0.9089533994779561,"(135.0852148662318, 160.80668230492867, 203.96415291778575)",26.93800848685117,5,83
81,14271.0,16007.0,"(213.69231308247495, 202.3573680891318, 204.30733655665335)",0.8915474479915038,485.388448704,359.471582793091,0.8308944378656216,18.439040939739574,15.391428820020357,12.373494764599208,0.8039211244965393,0.8347195968771324,0.6710487169607622,0.5601375145064044,0.5394702391310559,20240305_P013T_A004,P013T_A004,20240305,40x,0.324,0.324,0.324,83,0.9048763976896204,"(135.0852148662318, 160.80668230492867, 203.96415291778575)",28.80805174786201,5,83
82,16320.0,17336.0,"(216.90582107843136, 177.24613970588234, 182.49136029411764)",0.9413936317489617,555.07949568,372.3438736496228,0.8772230510911011,19.432580971490832,16.524378386998514,12.293724956575947,0.74397503304867,0.8503439873087941,0.6326346960607978,0.5379571099582259,0.4706644189095673,20240305_P013T_A004,P013T_A004,20240305,40x,0.324,0.324,0.324,83,0.9192224155287114,"(135.0852148662318, 160.80668230492867, 203.96415291778575)",27.92035702716929,6,83
83,16073.0,18159.0,"(218.50183537609655, 141.94164126174329, 177.45778634977913)",0.885125832920315,546.678476352,389.7841212222414,0.8294966407373117,21.578736067918662,13.982694745031745,13.209092797149959,0.9446743305215428,0.6479848820163275,0.612134684606855,0.3966540213830749,0.5782679233699966,20240305_P013T_A004,P013T_A004,20240305,40x,0.324,0.324,0.324,83,0.9263474793575739,"(135.0852148662318, 160.80668230492867, 203.96415291778575)",29.009871209819234,4,83
1,21381.0,24461.0,"(72.44319723118657, 445.779290023853, 26.3828165193396)",0.8740852786067618,727.215361344,542.290737189557,0.7211528113046539,29.441232601213585,18.636373033018135,9.862371905902737,0.5292001769029593,0.6330024726019771,0.3349850204809769,0.21204634624908228,0.17727413209837442,20240305_P013T_B008,P013T_B008,20240305,40x,0.324,0.324,0.324,4,0.20986664469195687,"(131.56991691487693, 299.0986222152549, 308.25654491299576)",104.71968009577411,0,4
2,2009.0,2608.0,"(95.54106520657044, 335.1448481831757, 397.05923344947735)",0.7703220858895705,68.330558016,110.99151233005067,0.7282340819746136,13.505749267005099,7.326911300503701,5.333372472760468,0.727915523201955,0.5425031337138427,0.394896452416012,0.21423256292816592,0.2874512577709973,20240305_P013T_B008,P013T_B008,20240305,40x,0.324,0.324,0.324,4,0.3931830571950034,"(131.56991691487693, 299.0986222152549, 308.25654491299576)",33.17374919671723,1,4
3,46677.0,53056.0,"(140.79086059515393, 238.73053109668572, 373.9082845941256)",0.8797685464414958,1587.588579648,833.0589047939195,0.7900120656517733,35.24438648870861,21.056235126772034,16.288696721055953,0.7735806815884966,0.5974351442751857,0.46216428611331994,0.27611318695294956,0.357521363457403,20240305_P013T_B008,P013T_B008,20240305,40x,0.324,0.324,0.324,4,0.7523084174218566,"(131.56991691487693, 299.0986222152549, 308.25654491299576)",29.050865447346023,1,4
4,44755.0,57903.0,"(151.81713774997206, 290.36675231817674, 370.45990392134956)",0.7729305908156745,1522.21708512,883.4480082892335,0.7243595494073688,36.95695250195005,22.88915220828033,15.163638339267317,0.6624814323084344,0.6193463112812826,0.41030543139256953,0.2541211554316633,0.27181972987287956,20240305_P013T_B008,P013T_B008,20240305,40x,0.324,0.324,0.324,4,0.8398185535712069,"(131.56991691487693, 299.0986222152549, 308.25654491299576)",21.382658242896298,1,4
1,16943.0,19657.0,"(28.98996635778788, 122.83025438234078, 241.77034763619193)",0.8619321361347103,576.269111232,433.43463164462656,0.7726403949902422,21.050419346124695,14.578143269907564,14.08173833315159,0.9659486858123654,0.6925345775874696,0.6689528651002378,0.46327298985812077,0.6461741409139913,20240305_P013T_A002,P013T_A002,20240305,40x,0.324,0.324,0.324,13,0.15169612819453462,"(66.71634795281328, 116.43749466622027, 251.17934629195634)",12.766901281919614,0,13
2,12303.0,13499.0,"(34.77915955458018, 139.1329756969845, 269.33300820937984)",0.9114008445070005,418.452391872,313.4959988979258,0.8630106566966386,17.34118840791732,13.9342758248381,12.445381837275352,0.8931488075678273,0.8035363838430039,0.7176775630667429,0.57668003379191,0.6409928596712456,20240305_P013T_A002,P013T_A002,20240305,40x,0.324,0.324,0.324,13,0.20338535316589448,"(66.71634795281328, 116.43749466622027, 251.17934629195634)",13.990739824369934,0,13
3,22481.0,25241.0,"(46.73381966994351, 91.00128997820381, 258.76629153507406)",0.8906540945287429,764.628807744,511.62747741919276,0.7903704621578024,22.995555259057994,19.590398911751876,12.259257961017282,0.6257788836379031,0.8519211078425767,0.5331142398132933,0.4541712737883939,0.33361163384183207,20240305_P013T_A002,P013T_A002,20240305,40x,0.324,0.324,0.324,13,0.3101233899102099,"(66.71634795281328, 116.43749466622027, 251.17934629195634)",10.76471987803574,0,13
4,19031.0,20405.0,"(60.34233618832431, 109.57868740476066, 285.9611686196206)",0.9326635628522421,647.286634944,434.9775992892398,0.8319201798232533,24.90687545097221,14.744416177858797,12.754990856858948,0.8650726283766119,0.5919817685234086,0.5121072244475801,0.3031581404020926,0.4430099426635196,20240305_P013T_A002,P013T_A002,20240305,40x,0.324,0.324,0.324,13,0.43162800168146703,"(66.71634795281328, 116.43749466622027, 251.17934629195634)",11.670507108464285,0,13
5,9802.0,10903.0,"(72.28606406855744, 148.18475821260967, 253.26229340950826)",0.8990186187287902,333.387819648,276.85244232377505,0.8398510146741582,16.59035024416635,13.510960023395365,10.97812080673937,0.8125344748063668,0.8143866660166631,0.6617172419611573,0.5388936985264884,0.5376680716672265,20240305_P013T_A002,P013T_A002,20240305,40x,0.324,0.324,0.324,13,0.5382684291835486,"(66.71634795281328, 116.43749466622027, 251.17934629195634)",10.464995110567733,1,13
6,12654.0,13800.0,"(77.54788999525842, 117.71779674411253, 213.969100679627)",0.9169565217391304,430.390682496,329.36894485307937,0.8369703048609232,20.82185421327168,13.250370865033977,11.200410807504808,0.8452903636879515,0.6363684391079973,0.537916109333133,0.34231283486737274,0.45469530369181194,20240305_P013T_A002,P013T_A002,20240305,40x,0.324,0.324,0.324,13,0.5852490178148073,"(66.71634795281328, 116.43749466622027, 251.17934629195634)",12.563364168806405,0,13
7,14725.0,17881.0,"(76.75748726655348, 90.33915110356537, 237.73643463497453)",0.8234998042615066,500.8299984,409.541636303024,0.7446970258648923,24.265181544613693,15.109229033740949,10.542624102408242,0.6977605593816295,0.6226711721056482,0.4344753853592519,0.2705352974526985,0.30315978792582066,20240305_P013T_A002,P013T_A002,20240305,40x,0.324,0.324,0.324,13,0.5781918505942275,"(66.71634795281328, 116.43749466622027, 251.17934629195634)",10.05267051752316,1,13
8,9771.0,10673.0,"(78.5030191382663, 136.40313171630333, 279.01166717838504)",0.9154876791904807,332.333440704,274.8870569114076,0.844071420253232,16.47978370262332,15.07977161424203,9.602802550945373,0.6368002643936626,0.9150466951724355,0.5827019774183542,0.5331995187071081,0.3710647732827179,20240305_P013T_A002,P013T_A002,20240305,40x,0.324,0.324,0.324,13,0.5937769565916634,"(66.71634795281328, 116.43749466622027, 251.17934629195634)",11.736630517340068,1,13
9,3679.0,4803.0,"(75.00706713780919, 144.26338678988856, 223.3014406088611)",0.7659795960857797,125.13097209600001,166.6655425142855,0.7259078893658195,11.554338108198593,9.460456646278447,9.376651774366875,0.9911415616555319,0.8187796269840507,0.811526518140706,0.6644613798109127,0.8043376605148557,20240305_P013T_A002,P013T_A002,20240305,40x,0.324,0.324,0.324,13,0.5625630994447249,"(66.71634795281328, 116.43749466622027, 251.17934629195634)",13.041528943856903,0,13
10,7798.0,9046.0,"(95.69723005898949, 112.70877147986663, 265.1027186458066)",0.8620384700420075,265.227322752,245.80012228412443,0.8121711109829223,15.956187154363121,14.269518844000284,8.689303488664104,0.6089415896680763,0.8942937749447475,0.5445726729451195,0.4870079514198422,0.33161294915299444,20240305_P013T_A002,P013T_A002,20240305,40x,0.324,0.324,0.324,13,0.7472966969552634,"(66.71634795281328, 116.43749466622027, 251.17934629195634)",10.487070729263978,0,13
11,8847.0,10386.0,"(102.2452808861761, 142.44489657511022, 249.81722617836556)",0.8518197573656846,300.906145728,277.5993525011421,0.7822634655090251,16.14480192915989,14.399838912712552,9.558266815175585,0.6637759542391338,0.8919179669032868,0.5920336995842574,0.5280454936714222,0.3929777338832651,20240305_P013T_A002,P013T_A002,20240305,40x,0.324,0.324,0.324,13,0.8057614364837152,"(66.71634795281328, 116.43749466622027, 251.17934629195634)",14.27272552728984,1,13
12,1529.0,1938.0,"(96.0431654676259, 118.60627861347285, 78.9836494440811)",0.7889576883384933,52.004690496,81.87904797106447,0.8228860199618685,8.453765048278704,7.5353771840269435,6.139981310064033,0.8148206997626091,0.8913634506037335,0.726301390563748,0.6473985136711923,0.5918054072977091,20240305_P013T_A002,P013T_A002,20240305,40x,0.324,0.324,0.324,13,0.7503854059609455,"(66.71634795281328, 116.43749466622027, 251.17934629195634)",56.59912206533729,0,13
13,12768.0,13754.0,"(108.40750313283208, 106.25219298245614, 231.54761904761904)",0.9283117638505162,434.268076032,316.00819688419034,0.8775887481685617,16.967915790847226,14.91921058232482,12.21236731614654,0.8185665889463919,0.8792600556382115,0.7197329045405856,0.6328323936910069,0.5891493086222662,20240305_P013T_A002,P013T_A002,20240305,40x,0.324,0.324,0.324,13,0.860781277971715,"(66.71634795281328, 116.43749466622027, 251.17934629195634)",15.290937934247149,0,13
1,3587.0,5044.0,"(53.195985503206025, 111.16336771675495, 58.12824086980764)",0.7111419508326725,122.001847488,175.66391487403882,0.6771930704081326,13.989841964729546,10.419446949998619,6.986548590336869,0.6705296954688938,0.7447866084740329,0.49940153776940355,0.37194757758199065,0.33486356103721543,20240305_P013T_A008,P013T_A008,20240305,40x,0.324,0.324,0.324,12,0.08902179199420453,"(121.88558302469863, 93.84512632398386, 87.71430256422354)",24.873236142461938,0,12
2,15890.0,17931.0,"(61.50541220893644, 130.54751415984896, 92.18930144745123)",0.8861747811053483,540.45423936,391.8395668076761,0.8188703043139377,21.233243656013332,15.775662516249726,11.684791951705675,0.7406847059304008,0.7429699753754768,0.5503064977261022,0.40886120506452706,0.4076036064398467,20240305_P013T_A008,P013T_A008,20240305,40x,0.324,0.324,0.324,12,0.1496745416710689,"(121.88558302469863, 93.84512632398386, 87.71430256422354)",22.93969403884893,0,12
3,18844.0,20511.0,"(96.41477393334749, 81.72261727870941, 29.739174272978136)",0.9187265369801569,640.926349056,444.9679707797814,0.807905920554102,25.904186283176024,17.18403740433504,10.298338119704404,0.5992967704496749,0.6633691256110039,0.39755497459469935,0.2637256958791906,0.23825341235080588,20240305_P013T_A008,P013T_A008,20240305,40x,0.324,0.324,0.324,12,0.4044874009733393,"(121.88558302469863, 93.84512632398386, 87.71430256422354)",20.889415606738574,0,12
4,7231.0,8705.0,"(94.09293320425944, 142.72092380030423, 71.35582906928502)",0.8306720275703618,245.942391744,253.66106307218337,0.7483749538588217,21.804798015585142,11.072010386477736,7.553723937760758,0.6822359873312739,0.50777862645478,0.3464248525650949,0.1759071358053036,0.23634350132583856,20240305_P013T_A008,P013T_A008,20240305,40x,0.324,0.324,0.324,12,0.3875396584252514,"(121.88558302469863, 93.84512632398386, 87.71430256422354)",18.972336226906098,1,12
5,6257.0,7454.0,"(99.86718874860156, 134.8598369825795, 121.54131372862395)",0.8394150791521331,212.814485568,226.50053052216464,0.7610543827443406,15.259789846495607,13.95489562344457,7.443746113000141,0.5334146749542479,0.9144880607021789,0.48780135164899324,0.4460885120773895,0.2602003994320905,20240305_P013T_A008,P013T_A008,20240305,40x,0.324,0.324,0.324,12,0.42968750911388004,"(121.88558302469863, 93.84512632398386, 87.71430256422354)",18.64417414742976,0,12
6,21530.0,23398.0,"(112.72127264282396, 35.518207152810035, 76.34101254064096)",0.9201641165911616,732.28318272,479.319505214178,0.8196813663023383,24.45911902668502,19.4510044497527,11.083615104565474,0.5698222491901385,0.7952455044898206,0.45314858202673597,0.36036437272269845,0.25821414422779665,20240305_P013T_A008,P013T_A008,20240305,40x,0.324,0.324,0.324,12,0.5235129389987151,"(121.88558302469863, 93.84512632398386, 87.71430256422354)",19.481443512940082,0,12
7,16871.0,19028.0,"(119.25475668306562, 94.14925019263825, 143.34384446683657)",0.886640739962161,573.820231104,414.47847391410795,0.8056864287055714,20.868478453594868,18.35957439017067,10.941847350246533,0.5959750001669193,0.8797754197076114,0.5243241559070952,0.4612875043260038,0.31248408890425095,20240305_P013T_A008,P013T_A008,20240305,40x,0.324,0.324,0.324,12,0.5712026035260265,"(121.88558302469863, 93.84512632398386, 87.71430256422354)",18.044384877529026,0,12
8,3889.0,4465.0,"(112.72126510671124, 129.94908716893804, 53.85548984314734)",0.870996640537514,132.273539136,166.18799988403092,0.7554396567049352,15.865063690021481,11.183128897378392,5.59089916639759,0.4999405101829988,0.7048902617650475,0.3524031970898454,0.24840558184350076,0.1761806341432172,20240305_P013T_A008,P013T_A008,20240305,40x,0.324,0.324,0.324,12,0.523512883990593,"(121.88558302469863, 93.84512632398386, 87.71430256422354)",16.309465871150312,1,12
9,26074.0,34591.0,"(147.3414512541229, 132.5704533251515, 99.6924522512848)",0.7537798849411697,886.834728576,628.0569407580424,0.7107445959278704,28.175743800327155,20.784140702717394,12.792294457488303,0.6154834419407001,0.7376607641668032,0.454017986113991,0.33491125458231963,0.2794405527964242,20240305_P013T_A008,P013T_A008,20240305,40x,0.324,0.324,0.324,12,0.7762149726578313,"(121.88558302469863, 93.84512632398386, 87.71430256422354)",15.50849699434636,0,12
10,15814.0,16905.0,"(147.44403692930314, 69.42057670418616, 115.30770203617048)",0.9354628808044957,537.869310336,363.53524291168765,0.8798097719091302,18.522974985258912,16.68691373376806,12.296303134210477,0.7368830048738952,0.9008765463996987,0.663840616531427,0.5980384419806788,0.4891728682670172,20240305_P013T_A008,P013T_A008,20240305,40x,0.324,0.324,0.324,12,0.7769637732065924,"(121.88558302469863, 93.84512632398386, 87.71430256422354)",14.530194917608691,0,12
11,17457.0,19205.0,"(153.05333104198888, 66.11342155009451, 61.73695365755857)",0.9089820359281438,593.751394368,415.13047669484104,0.8229420763515529,21.260410651764758,18.60311113508118,10.842938966341187,0.5828562162322357,0.8750118443049449,0.5100060927299703,0.4462613718064101,0.29726022146397724,20240305_P013T_A008,P013T_A008,20240305,40x,0.324,0.324,0.324,12,0.8179075258539334,"(121.88558302469863, 93.84512632398386, 87.71430256422354)",15.923202824188367,0,12
12,16120.0,17529.0,"(164.6808312655087, 90.36761786600496, 98.69181141439206)",0.9196189172228878,548.27705088,380.2142421242941,0.8520317708235998,21.604367172893213,14.61764644656931,12.60766844168161,0.8624964687554452,0.6766060921659361,0.5835703652315412,0.3948472643231612,0.5033273792825297,20240305_P013T_A008,P013T_A008,20240305,40x,0.324,0.324,0.324,12,0.9027797902591875,"(121.88558302469863, 93.84512632398386, 87.71430256422354)",14.358837946768324,1,12
1,4718.0,6900.0,"(4.996608732513777, 89.33425180161085, 268.1464603645613)",0.683768115942029,160.46967283200001,209.7889340385067,0.6807121875521068,20.566399709642482,11.300331191455195,6.04011722560992,0.5345079824011871,0.5494559743559333,0.29368860427126836,0.1613689582171039,0.1569789033232563,20240305_P013T_B002,P013T_B002,20240305,40x,0.324,0.324,0.324,20,0.03445937056906053,"(89.1442932770966, 249.04091471797648, 241.10199752409036)",59.14083211597188,0,20
2,20755.0,22782.0,"(42.957118766562274, 232.42939050831126, 226.05160202360878)",0.9110262487929067,705.92370912,469.65243779122954,0.8163556241603768,27.00585354584755,15.116490813568161,12.58990958958569,0.8328592756650453,0.5597486777414776,0.4661918782982339,0.26095028745125226,0.38827223008039397,20240305_P013T_B002,P013T_B002,20240305,40x,0.324,0.324,0.324,20,0.29625599149353293,"(89.1442932770966, 249.04091471797648, 241.10199752409036)",16.63389693111093,1,20
3,21145.0,23512.0,"(45.249042326791205, 260.076708441712, 266.32158902813904)",0.8993280027220143,719.18847648,479.11705640469023,0.8102225122787453,26.529389081653196,16.349500535412666,12.277660341702187,0.7509501782705251,0.6162788176196418,0.4627946879558184,0.28521056309406284,0.3475357534230739,20240305_P013T_B002,P013T_B002,20240305,40x,0.324,0.324,0.324,20,0.31206236087442213,"(89.1442932770966, 249.04091471797648, 241.10199752409036)",16.787482742115284,1,20
4,15962.0,17076.0,"(59.355218644280164, 246.16564340308233, 197.49523869189323)",0.934762239400328,542.903119488,385.00679051660575,0.8359185441892665,23.73705049899412,13.732245366431286,12.131482233357534,0.8834303429367171,0.5785152357919617,0.5110779131498084,0.29566635943392516,0.451501736081317,20240305_P013T_B002,P013T_B002,20240305,40x,0.324,0.324,0.324,20,0.40934633547779425,"(89.1442932770966, 249.04091471797648, 241.10199752409036)",17.135911173759887,3,20
5,17094.0,19756.0,"(59.738387738387736, 227.37381537381538, 250.84994734994734)",0.8652561247216035,581.4049570560001,430.5665709109975,0.7824014315004952,24.32804269714851,14.785929665778283,11.966367085903569,0.809307724058736,0.6077730892634179,0.49187545561592366,0.2989486651925411,0.39807860550487695,20240305_P013T_B002,P013T_B002,20240305,40x,0.324,0.324,0.324,20,0.4119888809543982,"(89.1442932770966, 249.04091471797648, 241.10199752409036)",12.248712765209202,3,20
6,5698.0,6837.0,"(55.888381888381886, 294.11969111969114, 250.2843102843103)",0.8334064648237531,193.801652352,205.82962370296377,0.7868305759453755,14.345884811370889,11.170334262073537,9.12756902795646,0.817125863363566,0.7786437998735125,0.6362499872243316,0.4954121077218273,0.5198963201257396,20240305_P013T_B002,P013T_B002,20240305,40x,0.324,0.324,0.324,20,0.38543711647159923,"(89.1442932770966, 249.04091471797648, 241.10199752409036)",18.392149285507973,3,20
7,6636.0,7620.0,"(67.6496383363472, 300.24562989752866, 238.27848101265823)",0.8708661417322835,225.705118464,217.55266994609738,0.8240381381713803,15.711322092412622,11.126246865557613,9.674607423294624,0.8695301785225815,0.7081674476606108,0.6157729671882117,0.4360703705120769,0.5354331780885454,20240305_P013T_B002,P013T_B002,20240305,40x,0.324,0.324,0.324,20,0.46654922990584274,"(89.1442932770966, 249.04091471797648, 241.10199752409036)",18.016017867768355,3,20
8,19588.0,21761.0,"(82.14345517663875, 276.5111803144782, 195.0927098223402)",0.9001424566885713,666.231443712,473.12467923932354,0.7796959398844208,25.383014508846188,19.29106295321879,10.004310443537245,0.5185981958484037,0.7599988940043232,0.39413405527742423,0.29954144610028116,0.20439720998928723,20240305_P013T_B002,P013T_B002,20240305,40x,0.324,0.324,0.324,20,0.5665065874250949,"(89.1442932770966, 249.04091471797648, 241.10199752409036)",17.509440180342313,0,20
9,27630.0,31245.0,"(85.46891060441548, 217.63322475570033, 274.6131017010496)",0.884301488238118,939.75774912,574.9360790184935,0.8070030424112509,29.687657401981546,17.219691692392306,13.631783921391166,0.7916392560857356,0.580028644875259,0.45917344493746726,0.26633375102978346,0.3634997243646211,20240305_P013T_B002,P013T_B002,20240305,40x,0.324,0.324,0.324,20,0.5894407627890723,"(89.1442932770966, 249.04091471797648, 241.10199752409036)",14.92844030458237,0,20
10,15082.0,16856.0,"(89.67391592626973, 228.6465322901472, 206.7231136454051)",0.8947555766492643,512.9723623680001,407.835568926672,0.7598508196244566,24.978710272307758,17.4892133672981,8.620199970340433,0.492886660440587,0.7001647873984603,0.3451018838189207,0.2416281871148828,0.17009611502726327,20240305_P013T_B002,P013T_B002,20240305,40x,0.324,0.324,0.324,20,0.6184407994915153,"(89.1442932770966, 249.04091471797648, 241.10199752409036)",12.952379675274317,3,20
11,11249.0,13738.0,"(86.80922748688772, 290.72406436127653, 265.8770557382878)",0.8188237006842335,382.603507776,326.05347772195705,0.7816780543422649,20.960028436903645,14.39641907528397,10.016656828995803,0.6957741905549679,0.6868511232521355,0.47789328431252504,0.3282415391247099,0.33250581306420224,20240305_P013T_B002,P013T_B002,20240305,40x,0.324,0.324,0.324,20,0.5986843274957774,"(89.1442932770966, 249.04091471797648, 241.10199752409036)",15.728993732604625,1,20
12,17757.0,19569.0,"(93.1069437404967, 303.19530326068593, 213.73244354339133)",0.9074045684500996,603.955061568,427.2711098803321,0.8086929912989086,25.10863244800023,16.83187668141111,10.518478429421661,0.6249141809028415,0.6703621440263539,0.4189188101425015,0.28082731174009634,0.2617883051049943,20240305_P013T_B002,P013T_B002,20240305,40x,0.324,0.324,0.324,20,0.6421168533827358,"(89.1442932770966, 249.04091471797648, 241.10199752409036)",19.701472351202842,2,20
13,27702.0,29793.0,"(100.46234928886001, 228.252183957837, 241.35993791062018)",0.9298157285268351,942.206629248,534.9124291573573,0.8688914804792095,22.277329333162772,20.492256650602435,14.877047963098091,0.7259838785330035,0.9198704361791241,0.6678111070051662,0.6142996942861059,0.4848200975910292,20240305_P013T_B002,P013T_B002,20240305,40x,0.324,0.324,0.324,20,0.6928437881990346,"(89.1442932770966, 249.04091471797648, 241.10199752409036)",7.669540948667444,2,20
14,24722.0,27818.0,"(113.2791845319958, 255.15500364048216, 277.9590648005825)",0.8887051549356532,840.850201728,561.1896150762643,0.7676918332242325,27.291194027999808,21.132646285146624,10.943879323514524,0.5178660152565268,0.7743393808077899,0.40100404959513636,0.3105132274649141,0.2076663692655639,20240305_P013T_B002,P013T_B002,20240305,40x,0.324,0.324,0.324,20,0.7812357553930744,"(89.1442932770966, 249.04091471797648, 241.10199752409036)",14.41096663795629,2,20
15,11954.0,13793.0,"(109.80701020578886, 272.50677597456917, 267.8865651664715)",0.8666715000362503,406.582125696,350.2029204356388,0.7578731988478795,19.995919194648433,17.627630904414946,9.01536940120757,0.511433978286306,0.8815614192486175,0.4508604637500426,0.3974611903065774,0.2305853606276931,20240305_P013T_B002,P013T_B002,20240305,40x,0.324,0.324,0.324,20,0.7572897255571646,"(89.1442932770966, 249.04091471797648, 241.10199752409036)",13.339232197986965,3,20
16,17779.0,19875.0,"(117.12722875302323, 258.04302829180494, 205.4668991506834)",0.8945408805031446,604.703330496,453.0042759287577,0.763384604028329,22.684870349429023,21.569930833881003,8.97303762457884,0.415997514951899,0.9508509637316008,0.3955516380019642,0.3761106561997809,0.16454849844397024,20240305_P013T_B002,P013T_B002,20240305,40x,0.324,0.324,0.324,20,0.8077739914001603,"(89.1442932770966, 249.04091471797648, 241.10199752409036)",14.967057040559899,2,20
17,17603.0,18914.0,"(116.83707322615463, 287.8469579049026, 232.72771686644322)",0.9306862641429628,598.717179072,394.71546497044363,0.8703243380966719,21.33826379099581,14.543137806996764,13.850986896117831,0.952407044472484,0.68155206765855,0.6491149904127901,0.44240566386399693,0.6182216895418302,20240305_P013T_B002,P013T_B002,20240305,40x,0.324,0.324,0.324,20,0.8057729188010664,"(89.1442932770966, 249.04091471797648, 241.10199752409036)",15.682830434327492,2,20
18,1982.0,2156.0,"(120.12865792129162, 18.629162462159435, 28.525227043390515)",0.9192949907235621,67.412227968,89.43889320856249,0.8956056583501407,9.45572545115097,7.4541354080300355,6.761547556947469,0.9070867628274542,0.7883197800675042,0.7150744373742831,0.5637073232027892,0.6486345565785014,20240305_P013T_B002,P013T_B002,20240305,40x,0.324,0.324,0.324,20,0.8284735029054594,"(89.1442932770966, 249.04091471797648, 241.10199752409036)",102.06693736433857,0,20
19,12195.0,13909.0,"(130.67421074210742, 262.07281672816725, 241.05330053300534)",0.876770436408081,414.77907168,334.92625458899823,0.8030565988969653,23.836083784823547,12.351265921257749,10.396193258972062,0.8417107465137793,0.5181751345043437,0.4361535792885292,0.22600393961238457,0.36711515481760476,20240305_P013T_B002,P013T_B002,20240305,40x,0.324,0.324,0.324,20,0.9012014533938443,"(89.1442932770966, 249.04091471797648, 241.10199752409036)",14.102625763667746,4,20
20,24247.0,27697.0,"(133.29921227368334, 228.0133212356168, 274.6257681362643)",0.8754377730440119,824.694395328,534.0586616735309,0.7963253175198041,26.711233525703108,19.154174740207285,12.151261241642004,0.6343923142840924,0.7170831224164926,0.45491202156386196,0.326209732847813,0.28859269015555333,20240305_P013T_B002,P013T_B002,20240305,40x,0.324,0.324,0.324,20,0.9193049122322989,"(89.1442932770966, 249.04091471797648, 241.10199752409036)",19.210931744026638,1,20
1,1797.0,2664.0,"(39.1875347801892, 345.24318308291595, 397.1758486366166)",0.6745495495495496,61.119966528,110.83421118542283,0.6770161492026009,10.113130214970122,8.201326278359087,6.7003824522062265,0.8169876706267114,0.8109582398354709,0.6625428833387192,0.5372946104878855,0.5412893669492053,20240305_P013T_D002,P013T_D002,20240305,40x,0.324,0.324,0.324,32,0.04238037520677537,"(120.60545994549702, 286.43382190619474, 302.70160633555514)",44.67536120061838,3,32
2,4328.0,4772.0,"(47.47735674676525, 320.141404805915, 387.0593807763401)",0.9069572506286673,147.204905472,160.95939697490013,0.8376243809555801,12.548178508270187,10.743692192147533,8.09963120610981,0.7538964316224321,0.8561953581602809,0.645482625288726,0.5526592275453193,0.48662704787945005,20240305_P013T_D002,P013T_D002,20240305,40x,0.324,0.324,0.324,32,0.0991599777175702,"(120.60545994549702, 286.43382190619474, 302.70160633555514)",37.78478322076521,5,32
3,12680.0,16824.0,"(60.37657728706625, 312.0572555205047, 434.6581230283912)",0.7536852116024727,431.27500032,431.67208008493344,0.6394889147187659,24.219376557491604,17.88370945208804,8.034195652483923,0.44924659920293425,0.7384050291152603,0.33172594816437434,0.2449481084126022,0.14902675408021404,20240305_P013T_D002,P013T_D002,20240305,40x,0.324,0.324,0.324,32,0.18751080333607018,"(120.60545994549702, 286.43382190619474, 302.70160633555514)",47.72444218391298,5,32
4,2053.0,2848.0,"(54.78908913784705, 359.96492937165124, 347.6765708718948)",0.7208567415730337,69.827095872,121.59601887817689,0.6743946065223323,10.94166632013169,8.153082529903397,6.893106157906441,0.8454601229196824,0.7451408488762313,0.629986873683375,0.46942895383731315,0.5326287796621326,20240305_P013T_D002,P013T_D002,20240305,40x,0.324,0.324,0.324,32,0.14924033656059627,"(120.60545994549702, 286.43382190619474, 302.70160633555514)",35.137745277614556,1,32
5,5509.0,7494.0,"(67.69068796514794, 363.3871846070067, 439.5392993283718)",0.7351214304777155,187.373342016,231.8178022797996,0.6830867724567115,13.85417916990669,13.460874442674516,8.288915637272469,0.6157783933408089,0.9716111129783503,0.5982971301018836,0.581312140470044,0.36841844551455477,20240305_P013T_D002,P013T_D002,20240305,40x,0.324,0.324,0.324,32,0.23760745181608176,"(120.60545994549702, 286.43382190619474, 302.70160633555514)",53.67688291279811,4,32
6,13331.0,15495.0,"(71.68216937964144, 280.63198559747957, 397.7641587277774)",0.8603420458212326,453.41695814400003,377.9535825771818,0.7551690182667952,22.95802079370997,15.041701947357657,9.665010764073495,0.6425476849560449,0.6551828697480219,0.42098623617944936,0.2758229703444702,0.2705037314554639,20240305_P013T_D002,P013T_D002,20240305,40x,0.324,0.324,0.324,32,0.26494636561398244,"(120.60545994549702, 286.43382190619474, 302.70160633555514)",34.69076114616696,5,32
7,22563.0,30632.0,"(79.07064663386961, 190.53800469795684, 173.84988698311395)",0.736582658657613,767.417810112,609.3539848762582,0.6652257496684438,29.489720602873962,20.168930388561733,10.516562464405908,0.5214239060674281,0.6839308740889238,0.3566179078475569,0.2439019974299429,0.18594910248346724,20240305_P013T_D002,P013T_D002,20240305,40x,0.324,0.324,0.324,32,0.31555237420458637,"(120.60545994549702, 286.43382190619474, 302.70160633555514)",53.75267808986078,2,32
8,26592.0,29249.0,"(78.49405836341757, 336.25688176895306, 333.76203369434415)",0.9091592874970085,904.453060608,566.9482361227978,0.7977461884170458,25.351747775767276,21.00315168078271,12.45501987590353,0.5930071860262534,0.8284695740330292,0.49128841080569546,0.40701750042755835,0.2913375580191954,20240305_P013T_D002,P013T_D002,20240305,40x,0.324,0.324,0.324,32,0.3116031394754628,"(120.60545994549702, 286.43382190619474, 302.70160633555514)",23.409885848580426,3,32
9,15867.0,17550.0,"(85.03195311022877, 293.2683557068129, 355.2287767063717)",0.9041025641025641,539.671958208,402.9113527185691,0.7955995366194623,24.910270155177596,15.895166149310826,9.954915723873448,0.6262857292816073,0.6380968994030367,0.3996309819949632,0.2550032905163769,0.2502831810022404,20240305_P013T_D002,P013T_D002,20240305,40x,0.324,0.324,0.324,32,0.356383240481019,"(120.60545994549702, 286.43382190619474, 302.70160633555514)",20.67335532047692,5,32
10,13762.0,15535.0,"(91.11742479290801, 386.16305769510245, 434.7121784624328)",0.8858706147409077,468.076226688,370.14040245163034,0.7876416761976028,20.265962337793177,18.051919510465893,9.342496872805276,0.5175348176900972,0.8907506690072938,0.460994485092022,0.4106311460043916,0.23858069679823987,20240305_P013T_D002,P013T_D002,20240305,40x,0.324,0.324,0.324,32,0.39806455337608226,"(120.60545994549702, 286.43382190619474, 302.70160633555514)",54.44960100141852,3,32
11,12735.0,14243.0,"(95.0457008244994, 344.50412249705533, 438.55037298782884)",0.8941234290528681,433.14567264,345.3949537303808,0.8015380117080982,24.638650785150414,11.809363702347834,11.149575125094279,0.9441300485035969,0.479302369489537,0.45252376935404554,0.21689571490173074,0.4272412883092655,20240305_P013T_D002,P013T_D002,20240305,40x,0.324,0.324,0.324,32,0.4249705535924617,"(120.60545994549702, 286.43382190619474, 302.70160633555514)",48.57877174161542,6,32
12,57125.0,61311.0,"(107.5528227571116, 189.3209452954048, 137.11651641137857)",0.9317251390451958,1942.948296,865.7260671834458,0.8697834221746743,26.246059230088857,25.1745686132846,21.14641489361388,0.8399911521206737,0.9591751810277146,0.8056986653970257,0.7728061632359803,0.6767797502089368,20240305_P013T_D002,P013T_D002,20240305,40x,0.324,0.324,0.324,32,0.5106357723089836,"(120.60545994549702, 286.43382190619474, 302.70160633555514)",62.339236941685634,3,32
13,10754.0,12178.0,"(106.55179468104892, 274.4171471080528, 391.1015436116794)",0.8830678272294301,365.767456896,341.0671682008833,0.7251829492888333,21.72662723951094,17.47359668742002,7.005662804974202,0.40092849401851394,0.8042480084365522,0.32244594283985595,0.25932650735740054,0.12927776626516327,20240305_P013T_D002,P013T_D002,20240305,40x,0.324,0.324,0.324,32,0.5037794156236227,"(120.60545994549702, 286.43382190619474, 302.70160633555514)",29.2614423540056,4,32
14,28221.0,30719.0,"(118.9534034938521, 291.5047659544311, 415.7161688104603)",0.9186822487711188,959.858973504,587.9296219135065,0.8003815496396949,30.762567219608368,18.77555174228176,11.985743981922035,0.6383697345591522,0.610337609609969,0.38962105783818335,0.23780038509466425,0.24872229127081716,20240305_P013T_D002,P013T_D002,20240305,40x,0.324,0.324,0.324,32,0.588721941738713,"(120.60545994549702, 286.43382190619474, 302.70160633555514)",36.65746809833407,5,32
15,7284.0,8848.0,"(109.03239978034047, 399.02004393190555, 348.85447556287755)",0.8232368896925859,247.745039616,260.15565450920815,0.7332535369663518,17.71209667283464,14.908917493088211,7.317655049157347,0.4908240355176571,0.8417364566417642,0.4131444844912441,0.3477587744567481,0.2027812431298545,20240305_P013T_D002,P013T_D002,20240305,40x,0.324,0.324,0.324,32,0.5207698615091813,"(120.60545994549702, 286.43382190619474, 302.70160633555514)",39.60186731543298,3,32
16,28377.0,30995.0,"(115.75226415759242, 215.04228776826304, 187.5950241392677)",0.91553476367156,965.164880448,568.4299238126222,0.8308861745672922,26.3934421527404,20.12956207731437,13.116845533470604,0.6516210081019614,0.762672862479377,0.4969736595008203,0.37902832346834187,0.32383847700404544,20240305_P013T_D002,P013T_D002,20240305,40x,0.324,0.324,0.324,32,0.5667963298465234,"(120.60545994549702, 286.43382190619474, 302.70160633555514)",43.91345199104093,4,32
17,18064.0,19422.0,"(118.47115810451727, 247.15799379982286, 116.71434898139947)",0.9300792915250746,614.396814336,412.44043385131744,0.8474007803500292,22.095522268738307,16.74805320389111,11.847435071815738,0.7073917742907098,0.7579840385844591,0.5361916739382983,0.4064247304671127,0.37929757958711846,20240305_P013T_D002,P013T_D002,20240305,40x,0.324,0.324,0.324,32,0.5854188911268307,"(120.60545994549702, 286.43382190619474, 302.70160633555514)",61.5927373066909,3,32
18,16565.0,17797.0,"(120.62789012979172, 328.97386054935106, 444.9175973437972)",0.9307748496937686,563.41249056,385.55692171669847,0.8556180428231652,21.01659384024394,16.702853078982507,11.439829804927086,0.6849027379233806,0.7947459614982328,0.5443236849836893,0.43259905038862334,0.3728087821618725,20240305_P013T_D002,P013T_D002,20240305,40x,0.324,0.324,0.324,32,0.6001910282862447,"(120.60545994549702, 286.43382190619474, 302.70160633555514)",48.095225598140075,5,32
19,18227.0,19646.0,"(129.04751193284687, 410.62160531080264, 385.4713885993307)",0.9277715565509519,619.940806848,420.8526083480297,0.8354508735190027,20.673395132065107,19.80042660579493,10.891501498768719,0.550063981731643,0.957773335212068,0.5268366143631458,0.5045900612504242,0.28979384581861,20240305_P013T_D002,P013T_D002,20240305,40x,0.324,0.324,0.324,32,0.6578596707729238,"(120.60545994549702, 286.43382190619474, 302.70160633555514)",48.43199711593566,5,32
20,10698.0,11663.0,"(125.44999065245841, 386.88792297625724, 427.31884464385865)",0.9172597101946326,363.862772352,289.4783301823585,0.8514513044050922,17.91826828324911,14.15956975977016,10.410234095303165,0.7352083623953377,0.7902309272267808,0.5809843859205508,0.45911182999027866,0.42714457894990904,20240305_P013T_D002,P013T_D002,20240305,40x,0.324,0.324,0.324,32,0.6332191140579343,"(120.60545994549702, 286.43382190619474, 302.70160633555514)",51.884482298501595,7,32
21,3922.0,4987.0,"(125.20499745028047, 368.7817440081591, 334.7488526262111)",0.7864447563665531,133.395942528,178.9126466053543,0.7056751609264251,13.057792309044688,10.119732739745384,7.758917087866345,0.7667116600217213,0.7749956884163175,0.5941982307753515,0.4605010669155014,0.45557871189973953,20240305_P013T_D002,P013T_D002,20240305,40x,0.324,0.324,0.324,32,0.6315410784265786,"(120.60545994549702, 286.43382190619474, 302.70160633555514)",28.668713030808888,5,32
22,25987.0,28082.0,"(138.46754146303923, 306.42082579751417, 368.14430292069113)",0.925397051492059,883.875665088,530.0844231533524,0.8402332561500628,26.166649338747686,18.256366796650802,13.377737937088165,0.7327710976722028,0.6976960083925112,0.5112514699112948,0.3566981098419144,0.3746303007934267,20240305_P013T_D002,P013T_D002,20240305,40x,0.324,0.324,0.324,32,0.7223804209797207,"(120.60545994549702, 286.43382190619474, 302.70160633555514)",22.91319390761637,6,32
23,5815.0,10376.0,"(136.7573516766982, 333.17231298366295, 337.9829750644884)",0.5604279105628374,197.78108256000002,291.0608976651868,0.5640142713941476,15.917898446158427,13.055935445722085,9.218234826158904,0.7060570163265747,0.8202047204838753,0.5791112977218171,0.4749898200769773,0.40888559499047694,20240305_P013T_D002,P013T_D002,20240305,40x,0.324,0.324,0.324,32,0.710666792306152,"(120.60545994549702, 286.43382190619474, 302.70160633555514)",19.68188699275019,5,32
24,3305.0,4485.0,"(134.65446293494705, 8.90499243570348, 399.56701966717094)",0.7369007803790413,112.41040032000001,153.25611560592637,0.73497173949005,21.424456046361936,6.772339704662792,6.464922486978533,0.954606940719084,0.3161032275455505,0.3017543349986864,0.09538551921894604,0.2880567825818177,20240305_P013T_D002,P013T_D002,20240305,40x,0.324,0.324,0.324,32,0.6962634447599113,"(120.60545994549702, 286.43382190619474, 302.70160633555514)",95.34771946020429,0,32
25,52402.0,56581.0,"(146.7015190259914, 205.64501354910118, 142.39427884431893)",0.9261412841766671,1782.308562048,826.425966121367,0.8602052707106815,28.141346091250576,24.312500493708008,18.72767383838319,0.7702899108723863,0.8639423435848723,0.6654860708388718,0.5749415956636232,0.5126172061932892,20240305_P013T_D002,P013T_D002,20240305,40x,0.324,0.324,0.324,32,0.7787775275752834,"(120.60545994549702, 286.43382190619474, 302.70160633555514)",58.77388140303767,4,32
26,19815.0,21839.0,"(156.1329295987888, 348.17633106232654, 432.5867272268483)",0.9073217638170246,673.95221856,466.25204160928615,0.7972896313487429,27.366446661696067,15.56553044181669,11.611277005270042,0.7459608940840478,0.568781567963051,0.4242888069762441,0.2413276529011204,0.31650285780185305,20240305_P013T_D002,P013T_D002,20240305,40x,0.324,0.324,0.324,32,0.8433762301286903,"(120.60545994549702, 286.43382190619474, 302.70160633555514)",47.99629219860317,6,32
27,24839.0,26567.0,"(154.74568219332502, 229.15411248439952, 164.70139699665847)",0.9349569014190537,844.829631936,499.2178741744518,0.8657119716944686,23.345997900851774,18.834445905339457,13.735652239693788,0.7292835854438282,0.8067526599345872,0.5883514724034412,0.4746541153379071,0.4290750712955371,20240305_P013T_D002,P013T_D002,20240305,40x,0.324,0.324,0.324,32,0.8338745355707192,"(120.60545994549702, 286.43382190619474, 302.70160633555514)",49.6583012282177,3,32
28,11722.0,12534.0,"(150.55110049479612, 373.68145367684696, 344.8489165671387)",0.9352162119036221,398.691289728,306.7767337357241,0.8539246238242766,18.799624656461976,14.968983255329816,10.115343882362913,0.6757535705547183,0.7962384105463798,0.5380609489395298,0.428424794760688,0.3635966074219472,20240305_P013T_D002,P013T_D002,20240305,40x,0.324,0.324,0.324,32,0.8051445239369597,"(120.60545994549702, 286.43382190619474, 302.70160633555514)",32.85891393272118,6,32
29,16348.0,18363.0,"(156.96421580621484, 377.2480425740152, 416.97473697088327)",0.8902684746501116,556.031837952,406.16052566707447,0.805105608061493,20.69190184762643,17.04711377260017,11.595521854274688,0.6802044034522825,0.8238543705713376,0.5603893706660324,0.4616792322449321,0.3811793175748886,20240305_P013T_D002,P013T_D002,20240305,40x,0.324,0.324,0.324,32,0.849069971275444,"(120.60545994549702, 286.43382190619474, 302.70160633555514)",48.73753798728296,5,32
30,20340.0,22467.0,"(163.49075712881023, 319.2644542772861, 411.04916420845626)",0.9053278141273868,691.80863616,458.3969994796821,0.8252135384805166,23.010584692143773,18.454781092665907,11.868215875686785,0.6430970823275339,0.8020126971813412,0.5157720255469566,0.41365571333959816,0.33169148477541005,20240305_P013T_D002,P013T_D002,20240305,40x,0.324,0.324,0.324,32,0.8937723091014399,"(120.60545994549702, 286.43382190619474, 302.70160633555514)",39.22433500888818,7,32
31,14794.0,15984.0,"(165.52778153305394, 346.45417060970664, 362.5025686088955)",0.9255505505505506,503.176841856,360.7801022302052,0.8479859250461543,18.594711745774354,17.72139741665734,10.950245741435111,0.6179109628872923,0.9530342636628677,0.5888903195245042,0.5612326520462269,0.36388178437239166,20240305_P013T_D002,P013T_D002,20240305,40x,0.324,0.324,0.324,32,0.9077245310483146,"(120.60545994549702, 286.43382190619474, 302.70160633555514)",31.071266072326306,5,32
32,13232.0,15278.0,"(168.3403869407497, 371.32315598548973, 396.6461608222491)",0.8660819478989397,450.049747968,360.6208994042257,0.7875417400120953,22.831764411464242,12.880201651045061,11.476200284141859,0.890995389284974,0.5641351854777232,0.5026418491940751,0.28355795282396534,0.44785157009359405,20240305_P013T_D002,P013T_D002,20240305,40x,0.324,0.324,0.324,32,0.9269889516489707,"(120.60545994549702, 286.43382190619474, 302.70160633555514)",43.84236215996242,7,32
1,17236.0,18904.0,"(24.535971223021583, 275.75429333952195, 232.92161754467395)",0.9117647058823529,586.2346928640001,418.478227658992,0.8094541751329523,23.886649993400976,16.766496030509657,10.77447806599894,0.6426195459321279,0.7019191069129258,0.4510669377654691,0.3166125021142863,0.2898644307318411,20240305_P013T_D004,P013T_D004,20240305,40x,0.324,0.324,0.324,15,0.14054655556130635,"(62.14000830691419, 258.5700646151743, 248.32988964422222)",14.295620844222588,3,15
2,1377.0,1575.0,"(18.665214233841684, 265.40305010893246, 257.3493100944081)",0.8742857142857143,46.834832448,74.27205917302328,0.8460018387422626,7.984418959803945,7.691557005170367,5.584000608263224,0.7259909280409136,0.9633208181950451,0.6993621748025529,0.6737101424454615,0.507730594321617,20240305_P013T_D004,P013T_D004,20240305,40x,0.324,0.324,0.324,15,0.09831089376864521,"(62.14000830691419, 258.5700646151743, 248.32988964422222)",14.55512926817,2,15
3,25716.0,28236.0,"(36.834538808523874, 232.324933893296, 260.9029786903095)",0.9107522311942201,874.6583523840001,543.5656294179391,0.8136877327019753,28.848276674847167,18.021967871482815,12.266042951727439,0.6806161812737829,0.6247155791873066,0.4251915318887041,0.2656237741093899,0.2893922367440397,20240305_P013T_D004,P013T_D004,20240305,40x,0.324,0.324,0.324,15,0.2290254590541286,"(62.14000830691419, 258.5700646151743, 248.32988964422222)",12.495047466378573,1,15
4,23039.0,24739.0,"(40.87937844524502, 239.98710881548678, 232.1061243977603)",0.9312825902421278,783.607628736,493.4958105652312,0.8329132250704047,27.176144920903983,15.97024412655311,12.822592811047263,0.8029052473736222,0.5876567177954937,0.47183266237236177,0.27727563371845143,0.37883692050103596,20240305_P013T_D004,P013T_D004,20240305,40x,0.324,0.324,0.324,15,0.25812502478593535,"(62.14000830691419, 258.5700646151743, 248.32988964422222)",10.551417981543754,1,15
5,16759.0,18448.0,"(42.37520138433081, 257.81132525807027, 295.7444358255266)",0.9084453599306158,570.010862016,407.4431613580316,0.815966845267019,21.6429362369688,18.494522397504525,10.407921540091207,0.562756978330814,0.8545292651148508,0.4808923071312845,0.4109365498122817,0.2706255016637354,20240305_P013T_D004,P013T_D004,20240305,40x,0.324,0.324,0.324,15,0.2688863408944662,"(62.14000830691419, 258.5700646151743, 248.32988964422222)",16.645411211711544,0,15
6,13434.0,14842.0,"(50.08441268423403, 262.3544737233884, 210.23946702396904)",0.905134078965099,456.920217216,357.0140884263277,0.8035736481926965,21.53559213879189,16.574491422216997,9.516861141569407,0.5741872193322741,0.7696324909665009,0.4419131398958267,0.3401107106488529,0.253740876983179,20240305_P013T_D004,P013T_D004,20240305,40x,0.324,0.324,0.324,15,0.3243482926923312,"(62.14000830691419, 258.5700646151743, 248.32988964422222)",13.002614643665494,3,15
7,19073.0,20540.0,"(63.40947936874115, 307.26435274996066, 270.16363445708595)",0.9285783836416748,648.715148352,463.2589987150602,0.7822813080304697,23.407756282883046,21.492229067415284,9.22492665967144,0.42922149353309746,0.9181669873729634,0.39409700563300804,0.36184686039476477,0.16915490535472125,20240305_P013T_D004,P013T_D004,20240305,40x,0.324,0.324,0.324,15,0.4202120817895047,"(62.14000830691419, 258.5700646151743, 248.32988964422222)",17.29522095770372,0,15
8,2797.0,4559.0,"(71.24597783339293, 276.42152306042186, 274.2895959957097)",0.6135117350296118,95.132190528,173.91000066099105,0.5794881583699679,14.792476443199485,10.439194451724912,6.418847496500823,0.6148795796633724,0.7057097228993122,0.4339264977806841,0.3062261485074756,0.2668125425601863,20240305_P013T_D004,P013T_D004,20240305,40x,0.324,0.324,0.324,15,0.4765897685855606,"(62.14000830691419, 258.5700646151743, 248.32988964422222)",10.62551864035319,4,15
9,18750.0,22037.0,"(74.82741333333334, 296.80133333333333, 228.67621333333332)",0.8508417661206154,637.7292,463.8996891845042,0.7723560949399203,28.574367436625327,15.550466921294339,11.239806141082829,0.7227954117372115,0.5442103646137921,0.39335275456268387,0.2140666459823977,0.2843135661921014,20240305_P013T_D004,P013T_D004,20240305,40x,0.324,0.324,0.324,15,0.5023554916067147,"(62.14000830691419, 258.5700646151743, 248.32988964422222)",14.521805589713619,1,15
10,12228.0,31087.0,"(87.08153418384036, 258.4579653254825, 276.99623814196923)",0.39334770161160615,415.901475072,615.9424161393381,0.4374592989538938,23.90265536043592,19.354108808052594,16.64426950179305,0.8599863557069561,0.8097053869624813,0.696335584930155,0.563826674251617,0.5988391020331557,20240305_P013T_D004,P013T_D004,20240305,40x,0.324,0.324,0.324,15,0.5905146344161177,"(62.14000830691419, 258.5700646151743, 248.32988964422222)",12.311368249932281,3,15
11,1936.0,3092.0,"(77.13946280991736, 252.15599173553719, 267.3626033057851)",0.6261319534282018,65.847665664,132.21689300803357,0.5964271885448658,12.77415355819893,9.635042301808399,5.616083199941982,0.582881011211326,0.7542607232574144,0.4396442530892678,0.33160639231107686,0.25626028681392055,20240305_P013T_D004,P013T_D004,20240305,40x,0.324,0.324,0.324,15,0.5189889410785422,"(62.14000830691419, 258.5700646151743, 248.32988964422222)",8.121796322485894,2,15
12,3771.0,4107.0,"(97.08194112967382, 116.81384248210024, 427.1463802704853)",0.9181884587289992,128.260096704,140.38946526438792,0.876080431786633,11.93584501856814,10.023458604617778,7.701615490728207,0.7683590858728239,0.8397778782335616,0.645250962855759,0.541867484515172,0.4957844399784105,20240305_P013T_D004,P013T_D004,20240305,40x,0.324,0.324,0.324,15,0.6624600081271498,"(62.14000830691419, 258.5700646151743, 248.32988964422222)",74.7949649129269,0,15
13,25361.0,28677.0,"(103.03749852135168, 278.78916446512363, 233.94996254090927)",0.8843672629633504,862.584012864,550.0086591230883,0.7967380053465779,26.558745169369065,20.086983939748364,12.129903506941268,0.6038688308471473,0.7563227784916299,0.45671975199080644,0.34542755181769486,0.27579882265948735,20240305_P013T_D004,P013T_D004,20240305,40x,0.324,0.324,0.324,15,0.7053057447579257,"(62.14000830691419, 258.5700646151743, 248.32988964422222)",15.498579905013322,1,15
14,2937.0,3966.0,"(98.72488934286687, 274.1048689138577, 277.99761661559415)",0.7405446293494705,99.893901888,151.31327446236673,0.6880707235590456,14.457747502283597,9.163416346076602,6.411882727047428,0.6997262249022148,0.6338066385949294,0.4434911265419923,0.28108762016025857,0.31032237175285876,20240305_P013T_D004,P013T_D004,20240305,40x,0.324,0.324,0.324,15,0.6742797794450854,"(62.14000830691419, 258.5700646151743, 248.32988964422222)",16.0697392114771,2,15
15,5789.0,6890.0,"(138.79720158922095, 95.11660044912766, 95.62895145966488)",0.8402031930333818,196.896764736,187.37878400463822,0.8734862944349113,15.652640060164403,13.797373502233006,7.028354555054973,0.5093980063609559,0.8814726109589011,0.44902039068425065,0.39579917615023225,0.2287300918299748,20240305_P013T_D004,P013T_D004,20240305,40x,0.324,0.324,0.324,15,0.962569795605906,"(62.14000830691419, 258.5700646151743, 248.32988964422222)",76.61139925953437,0,15
1,14764.0,17147.0,"(31.923597940937416, 102.90144947168788, 227.78535627201302)",0.8610252522307109,502.156475136,383.6150063918987,0.7964305577703884,22.17825909815627,13.453459333541343,12.806463823389834,0.951908613679869,0.6066057427681399,0.5774332316486673,0.3502743143832472,0.5496636670313696,20240305_P013T_B001,P013T_B001,20240305,40x,0.324,0.324,0.324,12,0.1190051106063027,"(78.24707016245058, 111.27203140059504, 230.15117356464734)",15.271119919215188,0,12
2,17731.0,19523.0,"(35.31526704641588, 115.65236027296825, 198.36986069595625)",0.9082108282538545,603.070743744,412.5460796843146,0.8367399413125548,21.11857227052896,16.554190645057094,12.363928586786555,0.7468760540388178,0.783868835118107,0.5854528624570166,0.4589182533107429,0.4372607237376272,20240305_P013T_B001,P013T_B001,20240305,40x,0.324,0.324,0.324,12,0.147993735439452,"(78.24707016245058, 111.27203140059504, 230.15117356464734)",17.364643442732806,0,12
3,14963.0,17655.0,"(58.573481253759276, 104.33576154514469, 262.7178373320858)",0.8475219484565278,508.924907712,410.7702048967802,0.7504486734028356,21.978156647392105,17.427083794742106,10.307279213797152,0.5914517503443084,0.7929274540324098,0.468978330583525,0.3718657936659644,0.27737805449717756,20240305_P013T_B001,P013T_B001,20240305,40x,0.324,0.324,0.324,12,0.3467818910577716,"(78.24707016245058, 111.27203140059504, 230.15117356464734)",12.530674465327484,0,12
4,24727.0,28322.0,"(67.27641848990982, 127.07534274275083, 205.4922554292878)",0.8730668738083469,841.020262848,550.6980453081945,0.7824229172442081,28.202584066538595,18.87650245536031,11.921401951219867,0.6315471830341419,0.6693181876818386,0.4227060159839823,0.2829248245406093,0.26695879364626895,20240305_P013T_B001,P013T_B001,20240305,40x,0.324,0.324,0.324,12,0.4211659699992292,"(78.24707016245058, 111.27203140059504, 230.15117356464734)",10.133288887409726,0,12
5,20106.0,21932.0,"(66.19063961006664, 145.8196558241321, 255.11797473391027)",0.9167426591282145,683.849775744,464.40495099430626,0.8082786162635016,25.064022427156782,18.228748511169528,10.91360435557666,0.5987028867554693,0.7272874321808275,0.43542908514763407,0.31668210123386964,0.26069265025518157,20240305_P013T_B001,P013T_B001,20240305,40x,0.324,0.324,0.324,12,0.41188580863304824,"(78.24707016245058, 111.27203140059504, 230.15117356464734)",14.352274893870113,0,12
6,21390.0,22764.0,"(68.21290322580646, 87.92014960261804, 207.57508181393175)",0.9396415392725356,727.52147136,452.2648649517107,0.8649449841800072,20.895572667800444,19.215586373324214,12.858000971113986,0.669144345704898,0.919600849367242,0.6153457086595117,0.5658724363377743,0.4117551016032857,20240305_P013T_B001,P013T_B001,20240305,40x,0.324,0.324,0.324,12,0.42917011304108077,"(78.24707016245058, 111.27203140059504, 230.15117356464734)",11.014450448477437,0,12
7,18096.0,20061.0,"(80.45662024756852, 83.69175508399647, 242.73496905393458)",0.902048751308509,615.485205504,423.74531826030886,0.825767190964778,21.890734746064666,17.753848746622015,11.775191168769139,0.6632472393350528,0.8110211444507889,0.5379075350993408,0.43625438472497025,0.3567656876721608,20240305_P013T_B001,P013T_B001,20240305,40x,0.324,0.324,0.324,12,0.5338172670732353,"(78.24707016245058, 111.27203140059504, 230.15117356464734)",9.848244553957782,0,12
8,21707.0,23429.0,"(98.78642834108813, 134.72096558713778, 263.60100428433225)",0.9265013444876008,738.303346368,466.20283840390846,0.8473557270347757,25.29630469037126,15.506914325952284,13.608259216748614,0.8775607403707589,0.6130110510510576,0.5379544318158231,0.3297720116649922,0.4720876894700247,20240305_P013T_B001,P013T_B001,20240305,40x,0.324,0.324,0.324,12,0.6904822935135737,"(78.24707016245058, 111.27203140059504, 230.15117356464734)",14.814309380161873,0,12
9,8248.0,12292.0,"(101.77000484966052, 138.01127546071774, 223.89209505334625)",0.671005532053368,280.532823552,332.5607741371099,0.6231638100769881,18.699395150010172,16.10889247280181,8.324179261230272,0.516744355658515,0.8614659641968712,0.4451576745906535,0.38348818536087426,0.23003271572279008,20240305_P013T_B001,P013T_B001,20240305,40x,0.324,0.324,0.324,12,0.715982947432996,"(78.24707016245058, 111.27203140059504, 230.15117356464734)",11.715598489452718,0,12
10,21363.0,23313.0,"(104.39662032486073, 102.12540373543041, 203.3085240836961)",0.9163556813794879,726.603141312,462.4500252698461,0.8451831517417445,22.65221273863805,17.31374808579007,13.616674461594059,0.7864660149912708,0.7643292196465152,0.6011189555167825,0.45945278218487057,0.47275962948099887,20240305_P013T_B001,P013T_B001,20240305,40x,0.324,0.324,0.324,12,0.738432652349237,"(78.24707016245058, 111.27203140059504, 230.15117356464734)",12.498119320918287,0,12
11,19142.0,21273.0,"(111.87618848605162, 94.40262250548533, 252.7714972312193)",0.8998260706059324,651.061991808,435.5483063647005,0.8340575605714459,22.47661440229237,17.474328796078925,12.115597901709915,0.6933369540596341,0.7774448804129831,0.5390312653347942,0.41906709761706806,0.37373029565013666,20240305_P013T_B001,P013T_B001,20240305,40x,0.324,0.324,0.324,12,0.8023605853508685,"(78.24707016245058, 111.27203140059504, 230.15117356464734)",14.223465670270697,0,12
12,12536.0,13827.0,"(124.96194958519465, 99.43985322271857, 225.37005424377793)",0.906631951978014,426.37724006400003,325.8599898724075,0.840715576963281,19.80580330738471,14.31375354763009,10.84917282232647,0.7579544237802497,0.7227050236479489,0.5477774697621728,0.3958815292382847,0.41519035645339075,20240305_P013T_B001,P013T_B001,20240305,40x,0.324,0.324,0.324,12,0.9142046973093559,"(78.24707016245058, 111.27203140059504, 230.15117356464734)",15.690231494430602,0,12
1,11996.0,14320.0,"(54.32144048016006, 203.18506168722908, 260.17189063021004)",0.837709497206704,408.010639104,343.65685861539754,0.7741172891200967,17.179450561193594,13.939309401457315,12.462279143501695,0.8940384910459623,0.8113943662985715,0.7254177948887698,0.5885999119854805,0.6485514307202451,20240305_P013T_C005,P013T_C005,20240305,40x,0.324,0.324,0.324,98,0.07912398055337046,"(159.3835985571992, 212.4383940180757, 246.88258206747705)",34.44210971949132,2,98
2,6604.0,7659.0,"(67.56087219866747, 194.77983040581466, 226.37431859479105)",0.8622535579057318,224.616727296,221.35833111242022,0.8072653579875653,15.322867658768697,11.454816341064435,9.426635211733009,0.8229407553169938,0.7475634846006959,0.6152004586647005,0.45990139860733,0.5062735301248897,20240305_P013T_C005,P013T_C005,20240305,40x,0.324,0.324,0.324,98,0.15227001214733413,"(159.3835985571992, 212.4383940180757, 246.88258206747705)",31.015832791919085,4,98
3,12891.0,14492.0,"(73.79450779613684, 183.2874098208052, 199.99526801644558)",0.8895252553132763,438.451579584,353.0191814872784,0.7906183928819981,19.151074395546747,16.302947320048546,10.48926748024762,0.6433970051138205,0.851281081328759,0.5477116982369782,0.46625660673158575,0.3523960663114763,20240305_P013T_C005,P013T_C005,20240305,40x,0.324,0.324,0.324,98,0.18670998782396045,"(159.3835985571992, 212.4383940180757, 246.88258206747705)",32.999829541190465,3,98
4,8906.0,11593.0,"(72.55412081742645, 310.24893330339097, 294.9548618908601)",0.7682222030535668,302.91286694400003,318.71528850209603,0.6843732753051875,18.136248334440136,12.827104917872989,10.32347285376442,0.8048170588657098,0.7072634142042894,0.5692176608632165,0.40258682624749786,0.45811608367035284,20240305_P013T_C005,P013T_C005,20240305,40x,0.324,0.324,0.324,98,0.17985702109075388,"(159.3835985571992, 212.4383940180757, 246.88258206747705)",45.14798329127645,3,98
5,15955.0,17314.0,"(89.39498589783767, 290.4118458163585, 313.84782199937325)",0.9215086057525702,542.66503392,389.83884777838296,0.8253159452334138,21.632752328335485,16.029039626616218,11.511888799738568,0.7181895527055207,0.7409616392464639,0.5321509082623672,0.39430340931257823,0.38218522277678607,20240305_P013T_C005,P013T_C005,20240305,40x,0.324,0.324,0.324,98,0.27290047457368877,"(159.3835985571992, 212.4383940180757, 246.88258206747705)",40.28899085699893,6,98
6,7718.0,8966.0,"(87.30914744752526, 327.54457113241773, 327.67180616740086)",0.8608074949810395,262.506344832,276.2379110836933,0.717729361642004,18.66992893443017,16.177844968359253,6.518768065085767,0.40294415466554545,0.8665188295668796,0.34915869728160415,0.3025525857015521,0.14069145612025907,20240305_P013T_C005,P013T_C005,20240305,40x,0.324,0.324,0.324,98,0.2613765052349462,"(159.3835985571992, 212.4383940180757, 246.88258206747705)",51.19923539637453,3,98
7,1998.0,2724.0,"(85.35585585585585, 89.3943943943944, 255.4144144144144)",0.7334801762114538,67.956423552,133.76521056979936,0.6020436174862883,13.947529059983863,9.653516165038193,4.11289071151983,0.42605105136875876,0.692130923228158,0.29488310752618635,0.20409771745648753,0.12563525799241843,20240305_P013T_C005,P013T_C005,20240305,40x,0.324,0.324,0.324,98,0.25058483898262907,"(159.3835985571992, 212.4383940180757, 246.88258206747705)",46.607289855686986,2,98
8,10795.0,12861.0,"(90.07670217693376, 224.76174154701252, 249.46697545159796)",0.8393593033201151,367.16195808000003,326.7613280411406,0.7588546334470104,22.5831383990478,14.26429014124902,8.770635304803122,0.6148665806677949,0.6316345358734755,0.3883709673042135,0.24530851567992962,0.23879632869698567,20240305_P013T_C005,P013T_C005,20240305,40x,0.324,0.324,0.324,98,0.2766668628559876,"(159.3835985571992, 212.4383940180757, 246.88258206747705)",22.8230113816,4,98
9,8900.0,10387.0,"(95.36662921348315, 169.99898876404495, 178.761797752809)",0.8568402811206316,302.7087936,284.4360026889084,0.7665072188460109,19.102301714370547,12.975181917685852,9.215822333768982,0.710265366006725,0.6792470411000104,0.48244564825588393,0.3276997790693856,0.34266443493681714,20240305_P013T_C005,P013T_C005,20240305,40x,0.324,0.324,0.324,98,0.3058929790800174,"(159.3835985571992, 212.4383940180757, 246.88258206747705)",33.262851715982414,6,98
10,26798.0,30337.0,"(100.06384804836182, 302.6538920814986, 274.1109784312262)",0.8833437716320005,911.459578752,569.0616414746305,0.7988828311797004,23.45428585632245,22.494471954752512,12.822155111481147,0.5700136076664893,0.9590772489322583,0.5466870826947282,0.524315143297662,0.31161907627149044,20240305_P013T_C005,P013T_C005,20240305,40x,0.324,0.324,0.324,98,0.3318444643555902,"(159.3835985571992, 212.4383940180757, 246.88258206747705)",36.07773747025086,5,98
11,15917.0,25373.0,"(111.30363762015455, 146.79009863667775, 172.25519884400327)",0.6273203799314232,541.372569408,519.3822106019821,0.6184831686274399,30.945895070011964,14.133810384215792,12.955552259919711,0.9166354937369244,0.4567265012771313,0.41865172200090134,0.1912093362431179,0.3837510279001098,20240305_P013T_C005,P013T_C005,20240305,40x,0.324,0.324,0.324,98,0.3939427492826218,"(159.3835985571992, 212.4383940180757, 246.88258206747705)",35.77322083512368,5,98
12,6862.0,8836.0,"(99.4265520256485, 353.9280093267269, 261.3828329932964)",0.776595744680851,233.391881088,258.72376121270463,0.7085518525413506,15.52776483475195,13.883268671103362,8.668217249894964,0.624364294550965,0.8940931820420077,0.5582398588684857,0.4991184517584057,0.3485450356726523,20240305_P013T_C005,P013T_C005,20240305,40x,0.324,0.324,0.324,98,0.32832349185441156,"(159.3835985571992, 212.4383940180757, 246.88258206747705)",50.00991789970842,4,98
13,27701.0,30815.0,"(109.24926897945923, 306.469549835746, 349.05682105339156)",0.8989453188382281,942.172617024,567.8693627667029,0.818444694589165,25.714266792288107,20.625876941033127,12.856222334650374,0.6233054900601196,0.8021180268386643,0.49996456980472986,0.4010305942210115,0.311630661194834,20240305_P013T_C005,P013T_C005,20240305,40x,0.324,0.324,0.324,98,0.3825926462953549,"(159.3835985571992, 212.4383940180757, 246.88258206747705)",47.832413513918176,4,98
14,11359.0,12481.0,"(105.97658244563782, 68.51324940575755, 208.32722950963992)",0.9101033571027962,386.344852416,314.25197747463665,0.816312021143482,19.790405636056263,15.032590106312307,9.44810623718731,0.6285082058626725,0.7595897922842136,0.47740841754015123,0.3626345607140586,0.3000551079718981,20240305_P013T_C005,P013T_C005,20240305,40x,0.324,0.324,0.324,98,0.3645115052245183,"(159.3835985571992, 212.4383940180757, 246.88258206747705)",51.28345019483422,4,98
15,16975.0,18246.0,"(112.17991163475699, 199.4497201767305, 204.5135787923417)",0.9303408966348788,577.3575024,396.2931790959833,0.8461176141321024,23.145286950453432,15.212144785190754,11.867048729846568,0.7801035881146302,0.6572458927709574,0.5127198792242272,0.3369830347621447,0.3999746174805195,20240305_P013T_C005,P013T_C005,20240305,40x,0.324,0.324,0.324,98,0.39878404218097785,"(159.3835985571992, 212.4383940180757, 246.88258206747705)",20.977658036039436,7,98
16,2486.0,5953.0,"(100.44690265486726, 190.71037811745776, 276.47103781174576)",0.41760456912481103,84.554388864,161.70969423736415,0.5761101213402721,23.00954676172731,7.962226362162201,7.167288242936507,0.9001613263592492,0.34604012172052373,0.31149193494146266,0.1077887070821052,0.280392993307116,20240305_P013T_C005,P013T_C005,20240305,40x,0.324,0.324,0.324,98,0.3339607881484379,"(159.3835985571992, 212.4383940180757, 246.88258206747705)",22.496702690836006,6,98
17,2724.0,3317.0,"(106.25697503671071, 142.08847283406755, 296.6754772393539)",0.8212239975881821,92.649298176,125.81833902414328,0.7869882824065187,12.536824346897433,8.925041629972224,6.223451940642114,0.6973022870551566,0.7119060922458375,0.4964137462915217,0.3533999702595138,0.34615044061469635,20240305_P013T_C005,P013T_C005,20240305,40x,0.324,0.324,0.324,98,0.36606063556193763,"(159.3835985571992, 212.4383940180757, 246.88258206747705)",32.803911096938144,1,98
18,35691.0,50518.0,"(119.91983973550755, 279.219579165616, 284.3720825978538)",0.7065006532325112,1213.930286784,927.731377728242,0.5931862062682557,39.992752802198424,21.15102682449545,13.659797497735964,0.6458219551741226,0.5288714915201528,0.3415568206893994,0.18063966519688407,0.22058489374068513,20240305_P013T_C005,P013T_C005,20240305,40x,0.324,0.324,0.324,98,0.4415460758867821,"(159.3835985571992, 212.4383940180757, 246.88258206747705)",27.914019885073873,7,98
19,1329.0,2310.0,"(105.47103085026336, 184.09857035364936, 285.13694507148233)",0.5753246753246753,45.202245696,97.51175909981134,0.6293136344127277,12.525142938724303,6.763797946048097,4.9912379346596225,0.7379342160236864,0.5400176252788534,0.3984974829491235,0.21519566442178606,0.29406492766747383,20240305_P013T_C005,P013T_C005,20240305,40x,0.324,0.324,0.324,98,0.36171840248764286,"(159.3835985571992, 212.4383940180757, 246.88258206747705)",23.30347752553276,3,98
20,2377.0,2980.0,"(110.89608750525873, 163.46276819520403, 328.06647034076565)",0.7976510067114094,80.847056448,117.76503880911702,0.7677925371577502,11.745573319926333,9.245377830025754,5.722981695235508,0.6190100394436304,0.7871372114582944,0.487245836312348,0.3835293288895662,0.30161006435445126,20240305_P013T_C005,P013T_C005,20240305,40x,0.324,0.324,0.324,98,0.39169109118927475,"(159.3835985571992, 212.4383940180757, 246.88258206747705)",34.50329893281464,4,98
21,6473.0,8559.0,"(121.30387764560481, 197.08095164529584, 299.5505947783099)",0.756279939245239,220.161125952,254.33000626076233,0.69328789009531,20.28716837595539,13.622266892875745,6.47811216463603,0.47555316714753193,0.6714720674877934,0.31932066834492145,0.2144149093651484,0.15185395516709405,20240305_P013T_C005,P013T_C005,20240305,40x,0.324,0.324,0.324,98,0.4491926941746122,"(159.3835985571992, 212.4383940180757, 246.88258206747705)",21.63736853330468,4,98
22,23679.0,26832.0,"(119.03914861269479, 219.22644537353773, 242.33227754550447)",0.8824910554561717,805.375452096,525.942293204462,0.7959362555254346,26.5099165416718,17.280262821750775,13.000727568877755,0.7523454766274538,0.6518414644794286,0.4904099772793131,0.3196695577850708,0.36895772809906363,20240305_P013T_C005,P013T_C005,20240305,40x,0.324,0.324,0.324,98,0.4366803790756618,"(159.3835985571992, 212.4383940180757, 246.88258206747705)",13.33706774987432,7,98
23,1073.0,1301.0,"(113.46877912395153, 87.5004659832246, 227.73066169617894)",0.824750192159877,36.495116352000004,68.68613108563412,0.7746488940459856,9.567304660336294,5.625424639438385,5.2692913687547165,0.936692197743276,0.5879842692540167,0.5507602774060191,0.3238383792447177,0.5158928546731404,20240305_P013T_C005,P013T_C005,20240305,40x,0.324,0.324,0.324,98,0.4059048570384063,"(159.3835985571992, 212.4383940180757, 246.88258206747705)",43.571016649236704,6,98
24,4075.0,4977.0,"(124.29717791411043, 157.42871165644172, 349.0969325153374)",0.818766325095439,138.5998128,179.10940788146826,0.7231151970473758,15.573429612199646,9.617801564187603,7.115981256683252,0.7398760734656855,0.6175776180125009,0.45693090307538015,0.28219029871759416,0.33807224241254197,20240305_P013T_C005,P013T_C005,20240305,40x,0.324,0.324,0.324,98,0.46573026471884216,"(159.3835985571992, 212.4383940180757, 246.88258206747705)",39.289452916598414,3,98
25,23527.0,27392.0,"(137.20835635652654, 275.2143919751775, 323.229863561015)",0.8589004088785047,800.205594048,557.099994049869,0.748201703626678,24.10401719936148,20.376982053522703,12.462813524079584,0.6116123325497583,0.8453770126774758,0.5170430066076175,0.4370962723517281,0.31622987929982505,20240305_P013T_C005,P013T_C005,20240305,40x,0.324,0.324,0.324,98,0.5370627423012516,"(159.3835985571992, 212.4383940180757, 246.88258206747705)",32.82085565243621,6,98
26,6514.0,8393.0,"(131.0506601166718, 323.6007061713233, 248.68928461774638)",0.7761229596091982,221.555627136,257.44149294939075,0.6877977789759223,18.583048513519998,14.09912651932699,6.970579977413549,0.49439800173849946,0.7587090196244844,0.37510422320332104,0.2845949574435955,0.18545077839539403,20240305_P013T_C005,P013T_C005,20240305,40x,0.324,0.324,0.324,98,0.5030423210865844,"(159.3835985571992, 212.4383940180757, 246.88258206747705)",37.17267012191267,8,98
27,7767.0,9300.0,"(131.4094244882194, 157.73323033346207, 144.87768765289044)",0.8351612903225807,264.172943808,254.29487611562382,0.7829584919813005,15.259245532691017,14.994395466613842,8.858371589060923,0.5907788419202867,0.9826433052990879,0.5805248739253179,0.5704488809223106,0.3429618127235198,20240305_P013T_C005,P013T_C005,20240305,40x,0.324,0.324,0.324,98,0.5050244446862949,"(159.3835985571992, 212.4383940180757, 246.88258206747705)",38.58213961784599,5,98
28,20782.0,24429.0,"(137.98989510153018, 82.87850062554134, 256.9149263785969)",0.850710221458103,706.842039168,490.50530779304245,0.7823276152754376,24.142448549648773,15.995586810311526,13.780748814706374,0.8615344330989245,0.662550311639547,0.5708099071378929,0.3781902818611519,0.49177238975329435,20240305_P013T_C005,P013T_C005,20240305,40x,0.324,0.324,0.324,98,0.5413806359200561,"(159.3835985571992, 212.4383940180757, 246.88258206747705)",42.669833716024705,5,98
29,11613.0,14270.0,"(138.65228623094808, 179.9280117110135, 196.4670627744769)",0.8138051857042747,394.98395731200003,361.5408344741691,0.7200783267269186,20.578005922983614,14.377237540603407,10.538715022337664,0.7330139042757555,0.6986701041107896,0.5121349008149985,0.35781334447118385,0.3754020031622788,20240305_P013T_C005,P013T_C005,20240305,40x,0.324,0.324,0.324,98,0.5450402554196027,"(159.3835985571992, 212.4383940180757, 246.88258206747705)",20.564269673302142,8,98
30,3788.0,4332.0,"(136.16314677930305, 320.740232312566, 276.6385955649419)",0.8744228993536473,128.838304512,150.32123707181862,0.8206546802377782,13.466039867123243,10.090483283286174,6.958902535651682,0.689650073270363,0.7493281902366601,0.5167742413002611,0.38723350699444764,0.35639339337696124,20240305_P013T_C005,P013T_C005,20240305,40x,0.324,0.324,0.324,98,0.5312881037530556,"(159.3835985571992, 212.4383940180757, 246.88258206747705)",37.15970378972517,5,98
31,21016.0,24410.0,"(146.93971259992387, 213.40059954320517, 286.8246098210887)",0.8609586235149529,714.800899584,525.9060155056741,0.7351332161514235,30.719537827351598,16.70858906997375,10.568784514209478,0.6325360250317102,0.5439075667048939,0.3440411302281834,0.18712657398881277,0.21761840896195211,20240305_P013T_C005,P013T_C005,20240305,40x,0.324,0.324,0.324,98,0.5908271414360434,"(159.3835985571992, 212.4383940180757, 246.88258206747705)",13.55831305937871,6,98
32,8434.0,9221.0,"(143.4064500829974, 267.3419492530235, 284.95281005454115)",0.9146513393341286,286.859097216,247.56401801198973,0.8496544831038786,15.090023714859932,12.683424721706432,11.033187245871215,0.8698902298043368,0.8405172159680838,0.7311577141529778,0.614550646333449,0.6360269519877475,20240305_P013T_C005,P013T_C005,20240305,40x,0.324,0.324,0.324,98,0.5713063540497094,"(159.3835985571992, 212.4383940180757, 246.88258206747705)",22.25720095254988,5,98
33,1157.0,2877.0,"(133.03543647363873, 100.26361279170268, 278.86084701815037)",0.4021550225929788,39.352143168,98.79927089038252,0.5662948923589692,12.325582387589133,7.441237254597023,5.56309545231189,0.747603558652177,0.6037229739415598,0.45134544375878566,0.27248761358102713,0.3374274599355142,20240305_P013T_C005,P013T_C005,20240305,40x,0.324,0.324,0.324,98,0.514007936318446,"(159.3835985571992, 212.4383940180757, 246.88258206747705)",38.744787319734435,2,98
34,1325.0,1955.0,"(135.0822641509434, 365.21962264150943, 248.73962264150944)",0.6777493606138107,45.0661968,93.23750584411815,0.6568417503056082,10.248352899335107,6.7847675693457,5.644470889038725,0.8319328306161944,0.662034927562446,0.5507685912538128,0.36462804441438834,0.4582024731362784,20240305_P013T_C005,P013T_C005,20240305,40x,0.324,0.324,0.324,98,0.5253163765245492,"(159.3835985571992, 212.4383940180757, 246.88258206747705)",50.127006664296054,4,98
35,14466.0,16490.0,"(151.2225909028066, 168.95582745748652, 170.83167427070373)",0.8772589448150394,492.020832384,376.0457200947949,0.8014918954864996,23.51299969216497,14.288376553023882,10.829201291644397,0.7579028486166672,0.6076798681618267,0.46056230312684926,0.27987443964443104,0.34906148150529204,20240305_P013T_C005,P013T_C005,20240305,40x,0.324,0.324,0.324,98,0.6144894525016938,"(159.3835985571992, 212.4383940180757, 246.88258206747705)",28.506617073794462,9,98
36,22059.0,24560.0,"(149.26497121356363, 301.8668570651435, 353.369463710957)",0.8981677524429967,750.275649216,511.5317865281675,0.7805943427441457,26.063982881777655,19.65178675839652,11.038391995316799,0.5616991539255575,0.7539824917601464,0.4235113276963579,0.3193201261451479,0.23788595444493377,20240305_P013T_C005,P013T_C005,20240305,40x,0.324,0.324,0.324,98,0.6036738741080864,"(159.3835985571992, 212.4383940180757, 246.88258206747705)",45.173655800072254,5,98
37,1893.0,3620.0,"(133.84627575277338, 93.11780243000528, 201.32382461701005)",0.5229281767955801,64.385140032,147.54393696705085,0.5265260382296261,13.819981612738681,10.094279954027607,4.055449174678027,0.4017571528774479,0.7304119670262891,0.29344823230009826,0.21433810057470218,0.11789492632580743,20240305_P013T_C005,P013T_C005,20240305,40x,0.324,0.324,0.324,98,0.5184877113412893,"(159.3835985571992, 212.4383940180757, 246.88258206747705)",42.20111979074558,9,98
38,3991.0,5065.0,"(137.83563016787772, 374.7176146329241, 335.5712853921323)",0.7879565646594274,135.742785984,196.69704579695542,0.6493778328571961,13.843183267005363,10.464280381282194,7.482421368388789,0.7150440446696024,0.755915758640815,0.5405130614880193,0.40858234092998547,0.38649064568314284,20240305_P013T_C005,P013T_C005,20240305,40x,0.324,0.324,0.324,98,0.5405283434689377,"(159.3835985571992, 212.4383940180757, 246.88258206747705)",60.32367223192458,3,98
39,7019.0,10444.0,"(144.4043311012965, 93.31001567174812, 286.99059695113266)",0.6720605132133283,238.731800256,317.0221214385697,0.5870405103868506,18.97708930572707,13.793099748073471,8.344114797399504,0.6049484850977718,0.726829047693361,0.43969413132715485,0.3195824667488756,0.26599229865274304,20240305_P013T_C005,P013T_C005,20240305,40x,0.324,0.324,0.324,98,0.5768195088469419,"(159.3835985571992, 212.4383940180757, 246.88258206747705)",41.01461450062635,4,98
40,13177.0,15212.0,"(146.08150565379069, 139.63345222736586, 194.47264172421643)",0.8662240336576387,448.179075648,354.3609854743406,0.7992315289520363,19.010816762163394,15.367645400305378,11.494947760119222,0.7479966813843063,0.8083632382850114,0.6046530195902599,0.48877927295479284,0.4522784520425143,20240305_P013T_C005,P013T_C005,20240305,40x,0.324,0.324,0.324,98,0.5860856665955287,"(159.3835985571992, 212.4383940180757, 246.88258206747705)",29.38290079523074,8,98
41,18270.0,19847.0,"(158.90602079912424, 335.3121510673235, 354.5296661193213)",0.9205421474278228,621.40333248,432.44624788883857,0.8143311411936732,25.878280496447157,15.259897459031464,11.458960698377478,0.7509199016010145,0.5896797301167866,0.4428022449154102,0.2611115082768264,0.3325090181805882,20240305_P013T_C005,P013T_C005,20240305,40x,0.324,0.324,0.324,98,0.6569393414316257,"(159.3835985571992, 212.4383940180757, 246.88258206747705)",52.92823674061573,5,98
42,17255.0,18703.0,"(152.9257606490872, 69.32361634308896, 227.7950738916256)",0.9225792653584987,586.88092512,397.20491805785696,0.8534331407769927,21.181799678396203,16.362048091284432,12.112491794971797,0.7402796842666509,0.7724578808085157,0.5718348761142144,0.4417183565755861,0.42331774154248997,20240305_P013T_C005,P013T_C005,20240305,40x,0.324,0.324,0.324,98,0.6238992301054542,"(159.3835985571992, 212.4383940180757, 246.88258206747705)",46.82654903883634,9,98
43,5662.0,8429.0,"(145.25291416460615, 103.16707877075238, 194.94259978806076)",0.6717285561751097,192.577212288,269.2562287713704,0.5989468651569467,17.625872384963227,12.613699122872312,7.331462419336217,0.5812301647533465,0.7156354503980841,0.4159489107382138,0.29766778607873406,0.24176205391734704,20240305_P013T_C005,P013T_C005,20240305,40x,0.324,0.324,0.324,98,0.5815078130641224,"(159.3835985571992, 212.4383940180757, 246.88258206747705)",39.466416375561344,8,98
44,8392.0,9622.0,"(145.16241658722592, 219.9588894184938, 248.1962583412774)",0.8721679484514654,285.430583808,258.0661893386043,0.8123690193424763,15.70506407395252,13.073166542301303,10.777037877194006,0.8243632361235793,0.8324172687702481,0.686214193488593,0.5712165447351532,0.5656897532181886,20240305_P013T_C005,P013T_C005,20240305,40x,0.324,0.324,0.324,98,0.581007826448762,"(159.3835985571992, 212.4383940180757, 246.88258206747705)",5.229621090941257,5,98
45,6641.0,10313.0,"(147.16036741454602, 363.23987351302515, 264.0134015961452)",0.6439445360224959,225.875179584,280.22338510022547,0.6400669801589272,18.881588738710228,13.46064456144985,8.52595151775432,0.6333984586571676,0.7128978788661683,0.4515484176537951,0.32190790915076517,0.28601007175099674,20240305_P013T_C005,P013T_C005,20240305,40x,0.324,0.324,0.324,98,0.5920462288096464,"(159.3835985571992, 212.4383940180757, 246.88258206747705)",49.333145403324885,5,98
46,12301.0,15943.0,"(152.30062596536868, 169.8871636452321, 340.6752296561255)",0.7715611867277175,418.384367424,377.0832488712675,0.7174040933720853,21.498984754026235,13.6343039243224,11.366444386128352,0.8336651763975728,0.6341836175203123,0.5286967973685219,0.3352908475265728,0.4407561088390607,20240305_P013T_C005,P013T_C005,20240305,40x,0.324,0.324,0.324,98,0.6204454473224789,"(159.3835985571992, 212.4383940180757, 246.88258206747705)",33.4487225321888,4,98
47,16233.0,17696.0,"(165.1318302223865, 112.34232735785129, 149.7109591572722)",0.9173259493670886,552.1204321920001,405.47120886800025,0.802687775211205,27.181921164984086,14.264673909824282,10.339946858031604,0.7248638786555321,0.5247853462322641,0.38039794153150536,0.19962726545265158,0.2757367273311073,20240305_P013T_C005,P013T_C005,20240305,40x,0.324,0.324,0.324,98,0.691336078576721,"(159.3835985571992, 212.4383940180757, 246.88258206747705)",45.23786000367135,9,98
48,12312.0,15036.0,"(158.09795321637426, 214.1598440545809, 264.170159194282)",0.8188347964884277,418.758501888,355.2199998403402,0.7620131623737206,19.03144272836148,13.99689777549459,12.527298157684744,0.8950053332258535,0.7354617290593428,0.6582421698916195,0.4841119244082641,0.5891302526071578,20240305_P013T_C005,P013T_C005,20240305,40x,0.324,0.324,0.324,98,0.6524748796484766,"(159.3835985571992, 212.4383940180757, 246.88258206747705)",5.644267822816242,6,98
49,1110.0,1333.0,"(146.25315315315316, 213.9189189189189, 222.4945945945946)",0.832708177044261,37.75356864,69.9484538133882,0.7780568759783464,7.040338889945151,6.69515128840558,6.117151506964669,0.9136688990968926,0.9509700304295636,0.8688717407767179,0.8262709857658235,0.7938610868518645,20240305_P013T_C005,P013T_C005,20240305,40x,0.324,0.324,0.324,98,0.5870339953212881,"(159.3835985571992, 212.4383940180757, 246.88258206747705)",8.986982573508731,7,98
50,21647.0,25367.0,"(162.34374278190973, 307.65057513743244, 240.5948630295191)",0.8533527811723893,736.2626129280001,503.8318846567973,0.7826248645019703,25.247286273450992,19.330526373645384,11.667025103346454,0.6035544442935036,0.7656476884001815,0.46211006509697705,0.3538135031279579,0.2789085835420408,20240305_P013T_C005,P013T_C005,20240305,40x,0.324,0.324,0.324,98,0.6759322805630372,"(159.3835985571992, 212.4383940180757, 246.88258206747705)",30.93081454664082,7,98
51,5421.0,8575.0,"(152.6043165467626, 81.4220623501199, 194.63032650802435)",0.6321865889212828,184.380266304,241.5600446231849,0.6485378317525127,17.8355517281471,12.163548922671573,7.949223979829054,0.6535283436080517,0.6819833279099363,0.4456954346572874,0.30395685576184245,0.2912745991652476,20240305_P013T_C005,P013T_C005,20240305,40x,0.324,0.324,0.324,98,0.6221232958384674,"(159.3835985571992, 212.4383940180757, 246.88258206747705)",45.753499180580164,8,98
52,29543.0,32585.0,"(168.70842500761603, 391.16437057847884, 313.57729411366483)",0.9066441614239681,1004.823133632,599.7331200459212,0.8089453345340554,27.24318442549718,20.903310622870734,12.999351855415922,0.6218800500047619,0.7672858758503689,0.47715977884177496,0.3661179588291796,0.29673614712638413,20240305_P013T_C005,P013T_C005,20240305,40x,0.324,0.324,0.324,98,0.7110962707603096,"(159.3835985571992, 212.4383940180757, 246.88258206747705)",61.88155018981999,4,98
53,16870.0,18203.0,"(165.22181387077651, 131.20539419087137, 114.07836395969176)",0.9267703125858375,573.78621888,408.1399395483239,0.8181666461158121,24.96528031811331,15.6502539117251,10.617445153607758,0.6784199932790366,0.6268807604924113,0.425288441320019,0.2666051415233257,0.2885241815019792,20240305_P013T_C005,P013T_C005,20240305,40x,0.324,0.324,0.324,98,0.6918332258053952,"(159.3835985571992, 212.4383940180757, 246.88258206747705)",50.475254206012984,5,98
54,18195.0,21662.0,"(163.6066501786205, 270.5321791701017, 316.69200329760923)",0.8399501431077463,618.85241568,465.68921042011243,0.7541296374616545,25.275623292843225,17.298256848458145,10.73582633936061,0.6206305313542348,0.6843849763086212,0.424750211497275,0.2906926634326444,0.2636129494543774,20240305_P013T_C005,P013T_C005,20240305,40x,0.324,0.324,0.324,98,0.6829096694951409,"(159.3835985571992, 212.4383940180757, 246.88258206747705)",29.457422390209633,7,98
55,22819.0,25199.0,"(166.6330251106534, 363.82751216091856, 341.9566589245804)",0.9055518076114132,776.124939456,502.7500060949616,0.8123686076180554,25.63487114663433,17.576430552562314,12.692529270746796,0.7221334976285309,0.6856453637712148,0.49512748467289375,0.3394818643416728,0.3575481422788536,20240305_P013T_C005,P013T_C005,20240305,40x,0.324,0.324,0.324,98,0.6996299729870354,"(159.3835985571992, 212.4383940180757, 246.88258206747705)",57.96820841132345,4,98
56,8939.0,10428.0,"(163.60521311108624, 282.54715292538316, 262.91307752545026)",0.857211354046797,304.035270336,279.24001936436986,0.783049308359591,20.57336364346872,12.706686912430973,8.794811584398046,0.692140417483181,0.6176280715508995,0.42748535129257154,0.2640269531350897,0.2958798895115848,20240305_P013T_C005,P013T_C005,20240305,40x,0.324,0.324,0.324,98,0.6829017298955042,"(159.3835985571992, 212.4383940180757, 246.88258206747705)",23.341579049453326,7,98
57,13911.0,16897.0,"(169.44813456976493, 133.13651067500538, 189.2379411976134)",0.82328223945079,473.144048064,397.5063320469644,0.7387015226326414,26.07349634725296,13.341416896518012,10.522712503914459,0.7887252595082903,0.5116849968578776,0.4035788819332282,0.2065052589339096,0.31831285838485107,20240305_P013T_C005,P013T_C005,20240305,40x,0.324,0.324,0.324,98,0.7151830639213532,"(159.3835985571992, 212.4383940180757, 246.88258206747705)",31.931655925034498,12,98
58,18947.0,22152.0,"(169.67757428616667, 164.27096637990184, 101.14091940676624)",0.8553178042614662,644.429608128,462.0176845616792,0.7809247412583613,26.511359449139476,16.548091996373497,11.235929629005197,0.6789864131446419,0.6241887379679666,0.4238156723181504,0.2645409696353116,0.28776508318178584,20240305_P013T_C005,P013T_C005,20240305,40x,0.324,0.324,0.324,98,0.7164506866639043,"(159.3835985571992, 212.4383940180757, 246.88258206747705)",49.84411119852464,5,98
59,22912.0,25358.0,"(170.49026710893855, 357.484593226257, 239.2344622905028)",0.9035412887451691,779.2880762880001,501.6836023497527,0.816305844162024,24.989979900859403,17.8219638594065,13.165451580532755,0.7387205856993128,0.713164393493314,0.5268292184612761,0.37571584005849246,0.38917958882522496,20240305_P013T_C005,P013T_C005,20240305,40x,0.324,0.324,0.324,98,0.720940702259329,"(159.3835985571992, 212.4383940180757, 246.88258206747705)",47.1976391921514,5,98
60,21374.0,24161.0,"(172.83891644053523, 182.75853841115375, 303.54627117058106)",0.8846488142047101,726.977275776,479.1083186327142,0.8160766844976761,22.952267718596897,18.328022497960685,13.18685712055556,0.7194915393639892,0.7985277412527977,0.5745339537788248,0.4587813003840442,0.4133723188212056,20240305_P013T_C005,P013T_C005,20240305,40x,0.324,0.324,0.324,98,0.7339166654173217,"(159.3835985571992, 212.4383940180757, 246.88258206747705)",21.178581806565063,6,98
61,15374.0,16678.0,"(171.03213217119813, 148.28392090542474, 144.48373877975803)",0.9218131670464085,522.903931776,384.3493378557989,0.8166561911406792,25.11395874147074,15.027329591684616,9.948841612532025,0.66204987065947,0.5983656239296894,0.3961478839297239,0.2370412757360354,0.2622696553176964,20240305_P013T_C005,P013T_C005,20240305,40x,0.324,0.324,0.324,98,0.7239344318850726,"(159.3835985571992, 212.4383940180757, 246.88258206747705)",39.33232941692272,10,98
62,16985.0,18726.0,"(173.64297909920518, 192.09643803355902, 215.24186046511628)",0.9070276620741216,577.69762464,403.5863912170357,0.8311536800904742,24.032698802074695,15.015098433437027,11.64300284429494,0.7754196814565806,0.6247778727265039,0.4844650590507057,0.30268304900402,0.3756637417659417,20240305_P013T_C005,P013T_C005,20240305,40x,0.324,0.324,0.324,98,0.7383590005480949,"(159.3835985571992, 212.4383940180757, 246.88258206747705)",13.033744689300878,5,98
63,14351.0,15411.0,"(169.36220472440945, 207.67876803010242, 236.33056929830673)",0.9312179611965479,488.10942662400004,343.62751878561846,0.8724508798433355,18.93476625291129,14.544033641098512,12.72622401673772,0.8750133787353168,0.7681126583150881,0.6721088524016512,0.5162553172953355,0.5881042378178851,20240305_P013T_C005,P013T_C005,20240305,40x,0.324,0.324,0.324,98,0.7147083133945273,"(159.3835985571992, 212.4383940180757, 246.88258206747705)",4.951707953697947,5,98
64,22866.0,27966.0,"(182.92561007609552, 195.69491821919007, 123.08431732703578)",0.8176357004934564,777.723513984,567.073320636915,0.7212099820417871,32.208201065681365,19.374189482933836,9.894976218545526,0.5107298154207548,0.6015296987070015,0.3072191519907291,0.18480144393400377,0.15690598078994586,20240305_P013T_C005,P013T_C005,20240305,40x,0.324,0.324,0.324,98,0.7896442545640636,"(159.3835985571992, 212.4383940180757, 246.88258206747705)",41.18826426741079,3,98
65,12533.0,13880.0,"(172.90217824942152, 67.90768371499242, 264.86348041171306)",0.9029538904899136,426.275203392,330.88655302692797,0.8278120042375762,19.31531707153728,15.738332928104231,10.299338883531867,0.6544110440782548,0.8148110056808733,0.533221320954073,0.434474600777072,0.3489459213703412,20240305_P013T_C005,P013T_C005,20240305,40x,0.324,0.324,0.324,98,0.7342661781735996,"(159.3835985571992, 212.4383940180757, 246.88258206747705)",47.39178792069017,6,98
66,11995.0,16051.0,"(173.51096290120884, 101.67127969987494, 186.2466027511463)",0.7473054638340291,407.97662688,414.4653520058981,0.6418291176178502,20.332399580302763,14.377716776949224,11.018502168939788,0.766359661960025,0.7071332982693197,0.5419184354223534,0.3832085706331581,0.4153044289801804,20240305_P013T_C005,P013T_C005,20240305,40x,0.324,0.324,0.324,98,0.7376296292884467,"(159.3835985571992, 212.4383940180757, 246.88258206747705)",41.1692433361134,10,98
67,11310.0,12398.0,"(172.69566755083997, 170.03465959328028, 203.83642793987622)",0.9122439103081142,384.67825344,304.890781561382,0.8389542039387152,19.825940667448574,13.321712294364064,10.738059444635185,0.8060569998331274,0.6719334289260965,0.5416166438077553,0.3639303286371894,0.43657388696736693,20240305_P013T_C005,P013T_C005,20240305,40x,0.324,0.324,0.324,98,0.7331252350875137,"(159.3835985571992, 212.4383940180757, 246.88258206747705)",20.046828776584196,10,98
68,19673.0,22748.0,"(179.70726376251716, 156.52859248716516, 337.6728002846541)",0.8648232811675751,669.122482752,450.8144561811427,0.8206476033402856,22.192431976843103,15.949753582197594,13.839240307096649,0.8676773741848521,0.7187023756044634,0.6236017900848961,0.4481840879652107,0.5410851637578361,20240305_P013T_C005,P013T_C005,20240305,40x,0.324,0.324,0.324,98,0.7718633357045147,"(159.3835985571992, 212.4383940180757, 246.88258206747705)",35.16828743543387,3,98
69,1395.0,2162.0,"(169.6258064516129, 386.35770609318996, 275.9068100358423)",0.6452358926919519,47.44705248,93.94888823038033,0.67462946408301,11.195786967183135,7.3962590241352535,5.10429894104816,0.6901190080542019,0.660628774539478,0.45591247457724754,0.301188899377228,0.3146338647147866,20240305_P013T_C005,P013T_C005,20240305,40x,0.324,0.324,0.324,98,0.7161646765282481,"(159.3835985571992, 212.4383940180757, 246.88258206747705)",57.22544073664615,5,98
70,13201.0,14402.0,"(182.24111809711385, 269.3480796909325, 286.34414059540944)",0.9166088043327316,448.995369024,342.8336970080355,0.8271073184705027,19.93793730466927,15.984463207971931,10.307770901540371,0.6448618741478648,0.8017109776059195,0.5169928435438701,0.4144788380128203,0.3333889740087339,20240305_P013T_C005,P013T_C005,20240305,40x,0.324,0.324,0.324,98,0.785862530923281,"(159.3835985571992, 212.4383940180757, 246.88258206747705)",23.628449729557474,7,98
71,1942.0,3138.0,"(174.96240988671474, 179.81977342945416, 277.82234809474767)",0.6188655194391333,66.051739008,129.37736724504282,0.61077603177975,12.552565545001634,10.960587327256357,4.635996308399686,0.42296969769777504,0.8731750722959424,0.36932659636624765,0.3224867774829126,0.15621395881677994,20240305_P013T_C005,P013T_C005,20240305,40x,0.324,0.324,0.324,98,0.7456486734072637,"(159.3835985571992, 212.4383940180757, 246.88258206747705)",15.41621448910625,5,98
72,22010.0,26149.0,"(195.11935483870968, 146.15029532030894, 174.14706951385733)",0.8417147883284256,748.60905024,559.7770605734565,0.7122608538194163,25.204247459930038,23.642875011189133,9.359671237463205,0.3958770341184684,0.9380512173107652,0.3713529337602046,0.3483480715656839,0.1470100980281819,20240305_P013T_C005,P013T_C005,20240305,40x,0.324,0.324,0.324,98,0.8570130101586171,"(159.3835985571992, 212.4383940180757, 246.88258206747705)",33.92205898876524,11,98
73,17561.0,19040.0,"(194.33728147599794, 173.9514834007175, 163.77165309492625)",0.9223214285714286,597.2886656640001,410.66938593589873,0.8351823568864387,23.48135668427917,15.692179556329057,11.725416439722299,0.7472140117714329,0.6682824918219062,0.49935004171085634,0.3337068901659039,0.37312134794500135,20240305_P013T_C005,P013T_C005,20240305,40x,0.324,0.324,0.324,98,0.8526921628508174,"(159.3835985571992, 212.4383940180757, 246.88258206747705)",31.76262534472381,8,98
74,12963.0,14116.0,"(184.37645606726838, 294.3165933811618, 338.3553189848029)",0.9183196372910173,440.900459712,330.9378289429243,0.8465086730828204,19.243159280569724,14.725470721940335,11.315250871082988,0.7684135254313967,0.7652314522391858,0.5880141979861002,0.4499669586621636,0.4518380628782146,20240305_P013T_C005,P013T_C005,20240305,40x,0.324,0.324,0.324,98,0.797659978272201,"(159.3835985571992, 212.4383940180757, 246.88258206747705)",40.591839368108126,7,98
75,19331.0,23345.0,"(201.05783456624076, 95.21369820495578, 197.31172727743004)",0.8280573998714928,657.490302144,503.5896018742508,0.726106410933015,26.41694693260588,19.88735102756848,9.850856560885312,0.495332764390277,0.7528254903302979,0.3728991312287722,0.28072797131104255,0.1847091575102804,20240305_P013T_C005,P013T_C005,20240305,40x,0.324,0.324,0.324,98,0.8898222904212196,"(159.3835985571992, 212.4383940180757, 246.88258206747705)",43.39137977895759,6,98
76,2273.0,4518.0,"(182.74131104267488, 97.80158380994281, 299.10954685437747)",0.5030987162461266,77.309785152,184.79260851041772,0.47492223844830206,13.249018747184769,8.85149143801802,7.058118653094324,0.7973931514839426,0.6680865660257925,0.5327276523473918,0.35590818788375117,0.4247933815879289,20240305_P013T_C005,P013T_C005,20240305,40x,0.324,0.324,0.324,98,0.7886260278600822,"(159.3835985571992, 212.4383940180757, 246.88258206747705)",41.5110095265891,5,98
77,17519.0,19813.0,"(195.48130601061703, 62.62395113876363, 239.08328100919002)",0.8842174329985363,595.860152256,413.66924282486013,0.8278032400800959,21.911545190422625,15.975235774551932,12.85105902712407,0.8044362667620479,0.7290784668866981,0.5864971600789328,0.4276024503037507,0.4717995859204399,20240305_P013T_C005,P013T_C005,20240305,40x,0.324,0.324,0.324,98,0.8590127403901493,"(159.3835985571992, 212.4383940180757, 246.88258206747705)",49.99293844294442,5,98
78,19015.0,21757.0,"(198.11748619510914, 70.09555613988957, 198.03439389955298)",0.8739715953486235,646.74243936,468.9529581122182,0.7712155039235259,26.078227347512605,18.337197265316327,10.205691607976469,0.5565567878401954,0.703161185802967,0.3913491309044021,0.27518151894969994,0.21780801522020615,20240305_P013T_C005,P013T_C005,20240305,40x,0.324,0.324,0.324,98,0.873577271796183,"(159.3835985571992, 212.4383940180757, 246.88258206747705)",50.348331332254794,4,98
79,11460.0,13268.0,"(199.1696335078534, 133.9480802792321, 122.38944153577661)",0.86373228821224,389.78008704,338.7471551589529,0.7617659681591159,25.00931912221511,13.797799300789421,8.477714743991944,0.6144251383267261,0.551706315288416,0.33898222908681336,0.1870186365577395,0.20827920299696723,20240305_P013T_C005,P013T_C005,20240305,40x,0.324,0.324,0.324,98,0.8793902403748807,"(159.3835985571992, 212.4383940180757, 246.88258206747705)",49.39507246450646,5,98
80,5948.0,8059.0,"(195.53379287155346, 109.68846671149966, 297.52135171486213)",0.7380568308723167,202.304708352,238.01050659314268,0.7002051856005441,12.794229480068047,11.950127519162885,10.730245906956375,0.8979189460321371,0.9340247912373171,0.8386785561156986,0.78334656329118,0.7530653651671627,20240305_P013T_C005,P013T_C005,20240305,40x,0.324,0.324,0.324,98,0.8593027230472566,"(159.3835985571992, 212.4383940180757, 246.88258206747705)",38.91868404299196,5,98
81,19798.0,22660.0,"(194.86766340034347, 349.4935852106273, 245.53273057884635)",0.8736981465136805,673.374010752,475.43085099790983,0.781449645035114,29.35413329274701,15.656072676339054,10.89577054333824,0.6959453222138503,0.5333515563277573,0.3711835207217796,0.19797130846017752,0.2583234349291903,20240305_P013T_C005,P013T_C005,20240305,40x,0.324,0.324,0.324,98,0.8556224497256546,"(159.3835985571992, 212.4383940180757, 246.88258206747705)",45.87211450675695,6,98
82,22096.0,26353.0,"(197.96184829833453, 162.01104272266474, 213.72248370745837)",0.838462414146397,751.534101504,534.3085349307466,0.7481542387525719,25.568740431394282,18.00259983369236,12.589628236762373,0.6993227841014683,0.7040862995186137,0.4923835912270572,0.34668054069074444,0.34433506386278495,20240305_P013T_C005,P013T_C005,20240305,40x,0.324,0.324,0.324,98,0.8727173939134505,"(159.3835985571992, 212.4383940180757, 246.88258206747705)",23.20797149011568,7,98
83,14328.0,16540.0,"(199.98680904522612, 292.1917922948074, 310.92922948073704)",0.8662636033857316,487.327145472,381.8287517717109,0.784324712645403,23.465373626828843,15.673441022916117,10.223668744457653,0.652292545683468,0.6679391205173943,0.4356917092838679,0.291015537115787,0.2841984541819556,20240305_P013T_C005,P013T_C005,20240305,40x,0.324,0.324,0.324,98,0.8839050223493156,"(159.3835985571992, 212.4383940180757, 246.88258206747705)",35.656488203533776,6,98
84,10984.0,11845.0,"(194.31318281136197, 322.20429715950473, 336.2295156591406)",0.9273111017306881,373.590268416,296.47668697180904,0.8461043843377731,19.343386014132673,13.405981542005513,10.519157720843564,0.7846615100791728,0.6930524744846032,0.5438116011931962,0.3768899758603787,0.42670803219082615,20240305_P013T_C005,P013T_C005,20240305,40x,0.324,0.324,0.324,98,0.8525590210572485,"(159.3835985571992, 212.4383940180757, 246.88258206747705)",47.232381608875414,6,98
85,6358.0,7784.0,"(196.52170493865995, 371.38109468386284, 278.2689525007864)",0.8168036998972251,216.249720192,228.54449490038945,0.7623429633754606,16.900932762107995,13.151688467103552,7.39643362095101,0.562394223331231,0.7781634689766784,0.4376346397598755,0.3405512894199037,0.2461231933305982,20240305_P013T_C005,P013T_C005,20240305,40x,0.324,0.324,0.324,98,0.8647608007660771,"(159.3835985571992, 212.4383940180757, 246.88258206747705)",53.85336669505233,5,98
86,19001.0,23137.0,"(200.59333719277933, 149.7251723593495, 267.094416083364)",0.8212387085620435,646.266268224,516.3176063524611,0.7001238121828927,26.6762504326413,19.86769243998277,9.437668765130216,0.4750259142394093,0.7447708024090403,0.3537854313131728,0.2634890595597401,0.1680572479541237,20240305_P013T_C005,P013T_C005,20240305,40x,0.324,0.324,0.324,98,0.8872560065899411,"(159.3835985571992, 212.4383940180757, 246.88258206747705)",25.179842893750607,5,98
87,14749.0,16878.0,"(200.1499762695776, 91.064614550139, 271.9962709336226)",0.8738594620215665,501.646291776,375.3580136715326,0.8133987545355481,21.091866482279837,14.406685960923348,12.346496328131787,0.8569976718879266,0.6830446216330361,0.5853676505350817,0.39983222537595425,0.5016587137070705,20240305_P013T_C005,P013T_C005,20240305,40x,0.324,0.324,0.324,98,0.884806498726948,"(159.3835985571992, 212.4383940180757, 246.88258206747705)",42.27447565646609,5,98
88,2028.0,2153.0,"(193.56508875739644, 412.81163708086785, 181.2283037475345)",0.9419414770088249,68.976790272,89.33054663054463,0.9105129362532096,9.70002769353245,7.187073507417396,6.998124981212708,0.9737099493959976,0.7409332977687703,0.721454123876239,0.5345493831925006,0.7024870584510664,20240305_P013T_C005,P013T_C005,20240305,40x,0.324,0.324,0.324,98,0.8484259047369969,"(159.3835985571992, 212.4383940180757, 246.88258206747705)",69.20892936043637,1,98
89,9447.0,11145.0,"(196.20493278289405, 304.9033555626125, 269.0027521964645)",0.8476446837146703,321.313480128,283.0303452660402,0.8015619392548211,16.622337020762142,14.004837654724,10.363214429817726,0.7399739065395085,0.8425312058846627,0.6234511077999167,0.5252770136647926,0.4613375517750886,20240305_P013T_C005,P013T_C005,20240305,40x,0.324,0.324,0.324,98,0.8630106783585306,"(159.3835985571992, 212.4383940180757, 246.88258206747705)",33.03351481030768,7,98
90,19419.0,21532.0,"(203.7195530150883, 125.34229362995005, 200.77830990267265)",0.901866988668029,660.4833778560001,438.5583485842816,0.8363049549135193,21.558312876051875,16.503194083795645,14.254577715535513,0.8637465961532846,0.7655141744476801,0.6612102624862755,0.5061658282235151,0.5711181135641403,20240305_P013T_C005,P013T_C005,20240305,40x,0.324,0.324,0.324,98,0.9045279172104327,"(159.3835985571992, 212.4383940180757, 246.88258206747705)",35.01151176859022,6,98
91,14502.0,16643.0,"(204.76292925113776, 309.5594400772307, 294.285408909116)",0.871357327404915,493.24527244800004,370.07757744186034,0.8157679516703247,21.404808430029384,14.821741199841666,11.707946179561471,0.7899170564175376,0.6924491404953592,0.5469773867789481,0.3787540213454803,0.43206676729138366,20240305_P013T_C005,P013T_C005,20240305,40x,0.324,0.324,0.324,98,0.9102924268018661,"(159.3835985571992, 212.4383940180757, 246.88258206747705)",37.976904010119256,6,98
92,14470.0,16151.0,"(206.0054595715273, 144.45494125777472, 312.5138217000691)",0.8959197572905703,492.15688128,358.8265790915115,0.8401082074592223,16.77950037255917,15.153962865274435,14.405344165654022,0.9505991464888774,0.9031236049231177,0.8585085280138739,0.7753393166771292,0.816097473983411,20240305_P013T_C005,P013T_C005,20240305,40x,0.324,0.324,0.324,98,0.9171572352018083,"(159.3835985571992, 212.4383940180757, 246.88258206747705)",34.13983462914955,5,98
93,28832.0,31465.0,"(207.18659822419534, 165.6875346836848, 110.11431742508324)",0.9163197203241698,980.640442368,573.7722003652646,0.8319255998535784,24.04310356993673,22.554008355323163,13.044444146973317,0.5783647829453157,0.9380655991319059,0.5425441066303922,0.5089419624417235,0.31378840446954703,20240305_P013T_C005,P013T_C005,20240305,40x,0.324,0.324,0.324,98,0.9236828631171013,"(159.3835985571992, 212.4383940180757, 246.88258206747705)",49.32502601339942,3,98
94,1836.0,2031.0,"(200.00217864923746, 443.88398692810455, 269.8344226579521)",0.9039881831610044,62.446443264,88.01550866369057,0.8648286323308747,10.153081571682032,7.7265307675808375,5.682583902408142,0.7354638288960504,0.7610035153397083,0.5596905591950961,0.42592648304991537,0.411632161662597,20240305_P013T_C005,P013T_C005,20240305,40x,0.324,0.324,0.324,98,0.8839899372886048,"(159.3835985571992, 212.4383940180757, 246.88258206747705)",76.49674891513273,0,98
95,1975.0,2162.0,"(201.80303797468355, 396.7078481012658, 221.80253164556962)",0.9135060129509713,67.17414240000001,89.62315705016026,0.891658676587437,8.86249644802192,8.025711803801807,6.802125437572309,0.8475417014538349,0.9055813845311181,0.7675179874504233,0.6950500017278916,0.6505035009801549,20240305_P013T_C005,P013T_C005,20240305,40x,0.324,0.324,0.324,98,0.8939394363242185,"(159.3835985571992, 212.4383940180757, 246.88258206747705)",61.80137528873455,2,98
96,12963.0,15224.0,"(210.27609349687572, 128.2784849186145, 269.4353930417342)",0.8514844981607987,440.900459712,375.01345188878526,0.747017849734264,25.12161109837908,14.479066721296375,9.39238190943473,0.648686969279591,0.5763590027962262,0.3738765747408913,0.2154871297865288,0.2425288621533033,20240305_P013T_C005,P013T_C005,20240305,40x,0.324,0.324,0.324,98,0.940751897772794,"(159.3835985571992, 212.4383940180757, 246.88258206747705)",32.69281316908691,5,98
97,19299.0,22321.0,"(209.403285144308, 137.38333592414114, 226.32732265920515)",0.8646118005465705,656.4019109760001,494.2579286675394,0.738998750650767,27.59118602365396,16.300525039386383,11.717476353420741,0.7188404253917108,0.5907873994764821,0.424681865555737,0.25089669495649486,0.30527849289223136,20240305_P013T_C005,P013T_C005,20240305,40x,0.324,0.324,0.324,98,0.9359297521784973,"(159.3835985571992, 212.4383940180757, 246.88258206747705)",29.97262600320043,4,98
98,12487.0,16017.0,"(209.80747977897013, 342.4431809081445, 275.3751901978057)",0.7796091652619093,424.710641088,376.97688049768163,0.7248222276069934,25.85967448022514,12.747090269880749,10.769937652172018,0.8448938090302527,0.492933129519029,0.4164761493965353,0.2052948916920688,0.35187812023389137,20240305_P013T_C005,P013T_C005,20240305,40x,0.324,0.324,0.324,98,0.9381628717070173,"(159.3835985571992, 212.4383940180757, 246.88258206747705)",46.11242981289336,4,98
1,24563.0,26858.0,"(50.66160485282742, 354.4046736962097, 379.68806741847493)",0.9145505994489538,835.442258112,511.19617655615684,0.8391523597133205,22.395197547114016,18.536049073365422,14.58793055205328,0.7870032332302561,0.8276796413324826,0.6513865538075225,0.5391393892242121,0.5126433239292344,20240305_P013T_C003,P013T_C003,20240305,40x,0.324,0.324,0.324,53,0.12316089593927948,"(138.50117491321427, 285.62239798610045, 340.2714914958992)",38.33682402949726,1,53
2,27567.0,29534.0,"(64.01367577175608, 337.44023651467336, 346.705009612943)",0.9333987946096025,937.614979008,541.8613708634412,0.8549596613142099,23.52158040576767,20.491080618042524,13.944996218028235,0.6805398152476927,0.8711608771414848,0.592859662380884,0.5164761435015355,0.4034646051044962,20240305_P013T_C003,P013T_C003,20240305,40x,0.324,0.324,0.324,53,0.19572649875954393,"(138.50117491321427, 285.62239798610045, 340.2714914958992)",29.47307823981218,5,53
3,5281.0,6946.0,"(60.36034841886006, 296.3849649687559, 382.78583601590606)",0.7602936942124964,179.618554944,217.6820199870622,0.7072327515225987,14.439445683312181,12.449971075908218,8.145521735095654,0.6542602938940115,0.862219461118011,0.5641159580322062,0.48639175734259926,0.3690786724924531,20240305_P013T_C003,P013T_C003,20240305,40x,0.324,0.324,0.324,53,0.17587145879815252,"(138.50117491321427, 285.62239798610045, 340.2714914958992)",29.032445003030848,5,53
4,1503.0,2078.0,"(65.19161676646706, 302.17431803060543, 341.9767132401863)",0.7232916265640038,51.120372672,91.43993392289559,0.7284686980324391,10.145811268570963,6.947563280667717,6.127055655054427,0.881899942114031,0.684771586693065,0.6039000226659472,0.4135335767249386,0.5325793950317608,20240305_P013T_C003,P013T_C003,20240305,40x,0.324,0.324,0.324,53,0.20212835199166881,"(138.50117491321427, 285.62239798610045, 340.2714914958992)",24.35645116204869,5,53
5,19415.0,21227.0,"(81.22389904712851, 272.9978882307494, 389.5857841874839)",0.914637018891035,660.34732896,431.72079639631755,0.8494336054270876,21.256556645946976,15.860492958888154,14.130978625506568,0.8909545663010194,0.7461459173780294,0.6647821122148185,0.4960244589750298,0.5922906584730293,20240305_P013T_C003,P013T_C003,20240305,40x,0.324,0.324,0.324,53,0.2892603209083071,"(138.50117491321427, 285.62239798610045, 340.2714914958992)",24.827712281939736,4,53
6,5153.0,6413.0,"(82.58334950514264, 321.1403066175044, 413.9320784009315)",0.8035240916887572,175.264990272,200.82703501675712,0.754151727319498,14.611692057332993,11.046300855911866,8.349241071500186,0.7558404555885112,0.7559905322784429,0.5714082283379394,0.4319792106894808,0.43189345563397213,20240305_P013T_C003,P013T_C003,20240305,40x,0.324,0.324,0.324,53,0.29664863861490565,"(138.50117491321427, 285.62239798610045, 340.2714914958992)",32.09760433453381,6,53
7,13653.0,17101.0,"(92.7122244195415, 306.6144437120047, 336.3046216948656)",0.7983743640722765,464.36889427200003,385.16802931656554,0.7529092628194274,25.93502302413465,12.101558078192465,11.614674599645324,0.9597668766780928,0.4666106549020982,0.4478374508801062,0.2089657262448526,0.42981955149067824,20240305_P013T_C003,P013T_C003,20240305,40x,0.324,0.324,0.324,53,0.3516968718453342,"(138.50117491321427, 285.62239798610045, 340.2714914958992)",16.370915677617923,5,53
8,15869.0,17331.0,"(97.3474699098872, 293.97447854307137, 425.27456046379734)",0.9156424903352375,539.739982656,380.2710058880569,0.8430382987716006,22.015784458133584,15.79040199971334,11.281687753699682,0.7144648853084608,0.7172309499005692,0.5124363283603887,0.3675351945534816,0.3661177625698938,20240305_P013T_C003,P013T_C003,20240305,40x,0.324,0.324,0.324,53,0.3768884234233,"(138.50117491321427, 285.62239798610045, 340.2714914958992)",30.71838928476927,5,53
9,20282.0,21678.0,"(99.57622522433685, 355.19761364756926, 325.04235282516515)",0.9356029153980995,689.835927168,430.2270525151944,0.8775737321491147,19.89388789688792,17.685646740514127,13.990216423391464,0.7910491840449803,0.8889990147818597,0.7032419452599815,0.6251813964894021,0.556298966984113,20240305_P013T_C003,P013T_C003,20240305,40x,0.324,0.324,0.324,53,0.38900122404530896,"(138.50117491321427, 285.62239798610045, 340.2714914958992)",26.29752343525134,7,53
10,16513.0,18181.0,"(110.48561739235754, 321.1213589293284, 328.50814509780173)",0.9082558715142182,561.643854912,395.06186195228224,0.8332839672806668,20.660914346480794,16.566166911054612,12.004538399048542,0.7246418838770667,0.8018118962811708,0.5810264830362308,0.46587394615285976,0.4210361252498409,20240305_P013T_C003,P013T_C003,20240305,40x,0.324,0.324,0.324,53,0.4482913988715084,"(138.50117491321427, 285.62239798610045, 340.2714914958992)",15.139587803039076,7,53
11,4852.0,6678.0,"(96.10943940643034, 348.40416323165704, 392.28544929925806)",0.726564839772387,165.027310848,210.59502557075723,0.6908862738670044,15.693338479154827,11.745800313172019,7.403676709774432,0.6303254365283031,0.7484577184627573,0.47177193811301527,0.35310134843482055,0.2973698528328899,20240305_P013T_C003,P013T_C003,20240305,40x,0.324,0.324,0.324,53,0.37015999677407796,"(138.50117491321427, 285.62239798610045, 340.2714914958992)",29.77286948378057,6,53
12,12464.0,13715.0,"(105.09547496790758, 379.47649229781774, 368.48427471116815)",0.9087860007291287,423.928359936,321.3573425543859,0.8492278165434901,20.05925701833641,13.015277459372218,11.757421063467872,0.9033553913982393,0.6488414524762705,0.5861344242571034,0.38030831118132147,0.5294876922367573,20240305_P013T_C003,P013T_C003,20240305,40x,0.324,0.324,0.324,53,0.4189971465647151,"(138.50117491321427, 285.62239798610045, 340.2714914958992)",33.546899519309754,6,53
13,12966.0,14780.0,"(116.37528921795464, 283.8111985192041, 343.449483263921)",0.8772665764546684,441.002496384,359.8540830635067,0.7786071513890086,24.73163504647045,13.751994430779881,9.491514356536806,0.6901918412134304,0.5560487369694743,0.3837803015733639,0.21340055196363297,0.2648820329643656,20240305_P013T_C003,P013T_C003,20240305,40x,0.324,0.324,0.324,53,0.4803004848801883,"(138.50117491321427, 285.62239798610045, 340.2714914958992)",7.266092025712224,5,53
14,7925.0,9481.0,"(108.79608832807571, 362.9068769716088, 392.50561514195584)",0.8358822908975846,269.5468752,253.60343869258384,0.7957045732989232,14.378307270650375,13.694666200373991,10.159658716845225,0.7418697592328153,0.9524532994456266,0.7065962999402274,0.6729999772541413,0.5242024269114546,20240305_P013T_C003,P013T_C003,20240305,40x,0.324,0.324,0.324,53,0.43910917569606367,"(138.50117491321427, 285.62239798610045, 340.2714914958992)",31.718402822499712,6,53
15,11380.0,13445.0,"(115.18567662565906, 338.0447275922671, 412.07495606326887)",0.846411305317962,387.05910912,327.5435061825519,0.7841515272796376,17.251425070205936,15.72483695995088,10.842419689649352,0.6895091960103363,0.9115094489850841,0.62849414732553,0.5728783539190442,0.4333524942196281,20240305_P013T_C003,P013T_C003,20240305,40x,0.324,0.324,0.324,53,0.4738351990524949,"(138.50117491321427, 285.62239798610045, 340.2714914958992)",29.77884445162796,7,53
16,15076.0,16684.0,"(120.29059432210136, 264.00868930750863, 388.5943884319448)",0.9036202349556461,512.768289024,378.25132570419237,0.8190638754362046,23.09842538437487,14.606828611927703,11.242307169477398,0.7696610584105238,0.6323733487828403,0.4867131409348082,0.3077844188295592,0.3746041511941949,20240305_P013T_C003,P013T_C003,20240305,40x,0.324,0.324,0.324,53,0.5015793169679421,"(138.50117491321427, 285.62239798610045, 340.2714914958992)",18.137866154060575,6,53
17,13330.0,14462.0,"(129.76481620405102, 274.81620405101273, 423.1179294823706)",0.9217259023648181,453.38294592,352.6773039069594,0.8092512875804997,21.152722884944204,17.15921693177211,8.99306854506817,0.524095509767497,0.8112060572582579,0.425149452105248,0.3448838107878068,0.222818918828472,20240305_P013T_C003,P013T_C003,20240305,40x,0.324,0.324,0.324,53,0.5530696532828859,"(138.50117491321427, 285.62239798610045, 340.2714914958992)",27.217215123117672,5,53
18,14579.0,16025.0,"(126.41765553192948, 357.6905137526579, 309.2876054599081)",0.9097659906396256,495.86421369600004,364.8156233660707,0.8304609324505611,21.399132630455984,13.426931568615354,12.7270025136132,0.9478712577460218,0.6274521402566421,0.5947438493604966,0.37317330118571745,0.5637406005300444,20240305_P013T_C003,P013T_C003,20240305,40x,0.324,0.324,0.324,53,0.5348785626735298,"(138.50117491321427, 285.62239798610045, 340.2714914958992)",25.71634749274853,7,53
19,11568.0,12611.0,"(130.2813796680498, 315.31353734439836, 428.56785961272476)",0.9172944255015463,393.453407232,313.7053156414943,0.827734620966369,20.073264442306364,14.402554917855893,9.896523033881484,0.6871366289054761,0.7174993862732711,0.4930201095255636,0.3537416260049728,0.3387721760420044,20240305_P013T_C003,P013T_C003,20240305,40x,0.324,0.324,0.324,53,0.5558770634133141,"(138.50117491321427, 285.62239798610045, 340.2714914958992)",30.299418134600504,5,53
20,11789.0,14838.0,"(127.5100517431504, 380.39206039528375, 344.60776995504284)",0.7945140854562609,400.970108736,368.70680752840707,0.7131993968063283,20.996373056086703,16.695998783094133,9.151458319214623,0.5481228429700842,0.7951848987677459,0.4358590073994555,0.3465885006759462,0.2389042782699085,20240305_P013T_C003,P013T_C003,20240305,40x,0.324,0.324,0.324,53,0.5408154986040783,"(138.50117491321427, 285.62239798610045, 340.2714914958992)",30.94309753064578,5,53
21,20201.0,22276.0,"(139.00425721498937, 281.09534181476164, 360.2856294242859)",0.9068504219788113,687.080937024,456.60030807271505,0.8246820158001275,25.754809922591114,15.560819126448214,12.621387796493032,0.8111004757481483,0.6041907967178927,0.4900594426605355,0.29608940510019544,0.3974874470868328,20240305_P013T_C003,P013T_C003,20240305,40x,0.324,0.324,0.324,53,0.603284006603203,"(138.50117491321427, 285.62239798610045, 340.2714914958992)",6.6503953535562985,7,53
22,10012.0,10736.0,"(133.77027566919696, 392.5963843387934, 376.6796843787455)",0.9325633383010432,340.530386688,271.8003506946338,0.8676369242244767,17.158476005581672,13.70575657568473,10.420585575308431,0.7603072123574343,0.7987747030229393,0.6073141677570084,0.4851071939917279,0.46174534191250627,20240305_P013T_C003,P013T_C003,20240305,40x,0.324,0.324,0.324,53,0.5748384547238965,"(138.50117491321427, 285.62239798610045, 340.2714914958992)",36.64405862793876,5,53
23,11322.0,13777.0,"(135.92916445857622, 197.97809574280163, 175.79120296767357)",0.821804456703201,385.086400128,336.7772998172591,0.7600580586054575,16.192332078592635,15.151617996594,11.918207632356692,0.7865963644962432,0.9357279682168494,0.73604021795683,0.6887334176746315,0.5789665595678648,20240305_P013T_C003,P013T_C003,20240305,40x,0.324,0.324,0.324,53,0.586571545970523,"(138.50117491321427, 285.62239798610045, 340.2714914958992)",60.39094420870456,6,53
24,16914.0,20030.0,"(146.4252098853021, 389.28095069173463, 321.17884592645146)",0.8444333499750375,575.282756736,431.20716495737423,0.7757451348940634,22.37340541923545,16.321573673439087,11.74746395141264,0.7197506923324358,0.7295077958676186,0.5250637411376278,0.3830380924873167,0.3779149912024665,20240305_P013T_C003,P013T_C003,20240305,40x,0.324,0.324,0.324,53,0.6436152711157723,"(138.50117491321427, 285.62239798610045, 340.2714914958992)",34.246685042808,4,53
25,32379.0,38391.0,"(148.90228234349425, 215.7450508045338, 152.63572068315884)",0.8434007970618114,1101.281800896,701.9564657788437,0.73469359554833,34.76256789597933,20.483086319494337,12.198320943253107,0.595531393706212,0.5892282290763516,0.35090390847288283,0.20676248856544693,0.208974293669813,20240305_P013T_C003,P013T_C003,20240305,40x,0.324,0.324,0.324,53,0.6570776214320339,"(138.50117491321427, 285.62239798610045, 340.2714914958992)",64.96035103189412,7,53
26,19178.0,21685.0,"(148.55699238711023, 323.0413494629263, 320.44895192407967)",0.8843901314272539,652.286431872,465.46256063494474,0.7814327345928482,22.880753317010143,16.118162313374516,13.162204893416753,0.8166070447432477,0.7044419425383105,0.5752522528894025,0.4052318144749501,0.4697550422139103,20240305_P013T_C003,P013T_C003,20240305,40x,0.324,0.324,0.324,53,0.6552010455821208,"(138.50117491321427, 285.62239798610045, 340.2714914958992)",14.101373613749304,7,53
27,18460.0,19559.0,"(148.3118093174431, 110.62378114842903, 499.9253521126761)",0.9438110332839103,627.86565504,345.2497410000348,1.0270586577929601,19.402696512351113,17.4104486621555,13.331390751093728,0.7657120738118438,0.8973210837510438,0.6870895879141029,0.6165399736611409,0.526112793256233,20240305_P013T_C003,P013T_C003,20240305,40x,0.324,0.324,0.324,53,0.6538685288991474,"(138.50117491321427, 285.62239798610045, 340.2714914958992)",76.81610196192844,3,53
28,11148.0,12427.0,"(145.19007893792607, 343.17007534983856, 410.497308934338)",0.8970789410155307,379.168273152,301.90863435951485,0.8391312944218016,18.108773982711792,13.92007419548236,10.89559924177827,0.7827256585539135,0.7686922487834721,0.601675146654332,0.46250302151884387,0.47094657540053453,20240305_P013T_C003,P013T_C003,20240305,40x,0.324,0.324,0.324,53,0.6369026029235113,"(138.50117491321427, 285.62239798610045, 340.2714914958992)",29.49671166403986,8,53
29,12052.0,13435.0,"(148.8069200132758, 374.4388483239296, 393.72411218055095)",0.8970599181243022,409.915323648,324.77920178890224,0.8216597570758862,18.90037238681116,15.920457395009135,10.179114588188428,0.6393732501290731,0.8423356465779778,0.5385668800521359,0.45365408113420014,0.3443452565108089,20240305_P013T_C003,P013T_C003,20240305,40x,0.324,0.324,0.324,53,0.656559347898238,"(138.50117491321427, 285.62239798610045, 340.2714914958992)",33.75164605553311,8,53
30,22757.0,33059.0,"(154.69859823351058, 186.6652458584172, 187.80942127696972)",0.6883753289573188,774.016181568,601.4002245446693,0.6778816824286557,22.6414876237445,18.461330227724055,15.068654850847318,0.816228010927304,0.8153762038305008,0.6655328970100256,0.5426596870883502,0.5432265927331795,20240305_P013T_C003,P013T_C003,20240305,40x,0.324,0.324,0.324,53,0.6885793382256009,"(138.50117491321427, 285.62239798610045, 340.2714914958992)",59.12405881522661,6,53
31,13104.0,14427.0,"(146.80051892551893, 264.53617216117215, 389.6230921855922)",0.9082969432314411,445.696183296,328.3077672236596,0.859466414371507,16.738553246304768,15.408297645380326,12.544280671870382,0.8141250228010344,0.9205274445556929,0.7494244267878813,0.6898657524786633,0.6101251785463361,20240305_P013T_C003,P013T_C003,20240305,40x,0.324,0.324,0.324,53,0.6456549941604289,"(138.50117491321427, 285.62239798610045, 340.2714914958992)",17.594985552778194,4,53
32,10624.0,12228.0,"(155.26308358433735, 82.08574924698796, 493.73992846385545)",0.868825646058227,361.34586777600003,328.930726374035,0.7458676001200785,26.810535235772974,12.732356260059817,7.896195259931546,0.6201676342266007,0.4749012337161843,0.29451837460506003,0.13986713945202833,0.18265076361508384,20240305_P013T_C003,P013T_C003,20240305,40x,0.324,0.324,0.324,53,0.6916471933931377,"(138.50117491321427, 285.62239798610045, 340.2714914958992)",82.76959710388316,2,53
33,13886.0,15052.0,"(150.93072159009074, 219.927768975947, 188.8196744922944)",0.9225352112676056,472.293742464,345.77820031996333,0.8481929191765036,18.907304151194563,16.900388150392285,10.721678088664337,0.6344042511482477,0.8938549893335545,0.5670654051432785,0.506874241665773,0.35974870370199935,20240305_P013T_C003,P013T_C003,20240305,40x,0.324,0.324,0.324,53,0.6681017477722323,"(138.50117491321427, 285.62239798610045, 340.2714914958992)",53.63930407912906,7,53
34,12766.0,15242.0,"(159.39291869027105, 182.17562274792417, 164.7262259125803)",0.8375541267550191,434.200051584,358.66863584595757,0.7731266383460448,22.499931682757364,15.039402723623317,10.171331650343381,0.6763122071574454,0.6684199283657665,0.45206055706107307,0.30216628516775096,0.30573407311479867,20240305_P013T_C003,P013T_C003,20240305,40x,0.324,0.324,0.324,53,0.714091949403647,"(138.50117491321427, 285.62239798610045, 340.2714914958992)",66.36374284118617,6,53
35,14015.0,16832.0,"(160.12286835533357, 309.7078844095612, 337.7249375668926)",0.8326402091254753,476.68131936000003,400.97529266519456,0.7359561405652189,25.46610874541012,16.488920504696782,8.992044069071376,0.5453385542437444,0.647484885482108,0.3530984713434892,0.2286259232817465,0.19255820986813463,20240305_P013T_C003,P013T_C003,20240305,40x,0.324,0.324,0.324,53,0.7180590671485519,"(138.50117491321427, 285.62239798610045, 340.2714914958992)",10.519243789948844,7,53
36,12673.0,14162.0,"(161.26923380415056, 141.62558194586916, 496.9420026828691)",0.8948594831238526,431.03691475200003,328.1436582091275,0.8409362736295596,22.65076466215168,16.38320202826228,8.515498753964643,0.5197701120498152,0.723295759442409,0.375947517930537,0.27192124549205643,0.19540628351960507,20240305_P013T_C003,P013T_C003,20240305,40x,0.324,0.324,0.324,53,0.7242893141529921,"(138.50117491321427, 285.62239798610045, 340.2714914958992)",69.33835926349408,2,53
37,17029.0,18334.0,"(156.80263080627165, 347.59181396441363, 311.7193023665512)",0.9288207701538126,579.194162496,392.56296164551367,0.8559681143543025,19.85000025316892,17.682600156600838,11.949295933582563,0.6757657713094838,0.8908110796511416,0.6019796363314877,0.536250129768454,0.4067972332581502,20240305_P013T_C003,P013T_C003,20240305,40x,0.324,0.324,0.324,53,0.700014297860172,"(138.50117491321427, 285.62239798610045, 340.2714914958992)",22.888207843716348,7,53
38,22831.0,24404.0,"(159.14554772020497, 303.6609434540756, 397.72375279225616)",0.9355433535485986,776.533086144,466.7103826689718,0.8754069127444253,21.85741716271313,17.45115335264445,14.64374350286858,0.8391275468706799,0.7984087608674374,0.6699667849067521,0.5349073505597409,0.5621875847036394,20240305_P013T_C003,P013T_C003,20240305,40x,0.324,0.324,0.324,53,0.7127475419576357,"(138.50117491321427, 285.62239798610045, 340.2714914958992)",20.625193565741462,9,53
39,15784.0,17088.0,"(172.55974404460213, 237.97459452610238, 167.81462240243283)",0.923689138576779,536.848943616,379.6445922431932,0.8414112382484018,20.017841189018256,17.54979472113375,10.942540236643497,0.6235138593083548,0.8767076607022705,0.5466393770096722,0.4792429294658962,0.34083722760921553,20240305_P013T_C003,P013T_C003,20240305,40x,0.324,0.324,0.324,53,0.7856507828510985,"(138.50117491321427, 285.62239798610045, 340.2714914958992)",59.010417175688886,4,53
40,12431.0,14156.0,"(171.13948998471562, 306.09210843858096, 359.5648781272625)",0.8781435433738344,422.805956544,336.40071218862045,0.8098189763593305,18.905066644868803,14.970571764068534,11.010981466467896,0.7355084121032566,0.7918814593616804,0.582435474749119,0.4612198537283455,0.4283861911853309,20240305_P013T_C003,P013T_C003,20240305,40x,0.324,0.324,0.324,53,0.777932010786498,"(138.50117491321427, 285.62239798610045, 340.2714914958992)",13.960240094000891,7,53
41,16564.0,18208.0,"(174.53362714320212, 373.56339048539, 313.5874788698382)",0.9097100175746925,563.3784783360001,395.88578832723044,0.8332609853236618,20.482923826753574,17.237588677443657,11.672192171814071,0.6771360188613726,0.8415589894900135,0.5698499037802675,0.4795623091863033,0.3858658951943066,20240305_P013T_C003,P013T_C003,20240305,40x,0.324,0.324,0.324,53,0.796378408386968,"(138.50117491321427, 285.62239798610045, 340.2714914958992)",31.982578636510354,4,53
42,13233.0,15056.0,"(174.74261316405955, 351.9399229199728, 398.84924053502607)",0.8789187035069076,450.083760192,368.6205453140634,0.7704896620123587,21.99236173112699,17.048541667480226,8.818087962575708,0.5172341502614295,0.7752028579700239,0.4009613915223569,0.3108264166437688,0.2073909246317066,20240305_P013T_C003,P013T_C003,20240305,40x,0.324,0.324,0.324,53,0.7975142019785845,"(138.50117491321427, 285.62239798610045, 340.2714914958992)",30.980243382481927,5,53
43,10222.0,11254.0,"(175.37194286832323, 192.5006847974956, 195.24359225200547)",0.9082992713701795,347.672953728,285.294614916249,0.83811668864169,14.788607505696914,14.430365307871163,12.331867715807132,0.8545776529358278,0.9757757991962565,0.8338761922687183,0.8136762079417399,0.7126119592280664,20240305_P013T_C003,P013T_C003,20240305,40x,0.324,0.324,0.324,53,0.8009344721104523,"(138.50117491321427, 285.62239798610045, 340.2714914958992)",57.10512505547793,5,53
44,16815.0,19339.0,"(185.4504311626524, 324.0266428783824, 397.25483199524234)",0.869486529810228,571.91554656,445.1019007121537,0.7485933138095981,24.542083372605177,18.404184543157257,10.032786475109434,0.5451361592024278,0.7499031057689552,0.40879929885286015,0.30655986384593115,0.22285127966129362,20240305_P013T_C003,P013T_C003,20240305,40x,0.324,0.324,0.324,53,0.8557088650144152,"(138.50117491321427, 285.62239798610045, 340.2714914958992)",26.9645479824293,5,53
45,2029.0,2255.0,"(174.5317890586496, 258.94381468703796, 150.97782158698865)",0.8997782705099778,69.010802496,92.42263965970032,0.8803400799651575,9.225987315241625,7.938352867912782,6.848550101671741,0.8627167645008478,0.8604339672999951,0.74231080833568,0.6387094337859355,0.6404039788213668,20240305_P013T_C003,P013T_C003,20240305,40x,0.324,0.324,0.324,53,0.7963684187970087,"(138.50117491321427, 285.62239798610045, 340.2714914958992)",63.02782370566901,2,53
46,1058.0,2709.0,"(177.8960302457467, 342.5359168241966, 351.2164461247637)",0.3905500184569952,35.984932992,110.43706371045417,0.47729080989433104,13.744025953129158,10.05562322733867,4.665670474937078,0.4639862064692631,0.7316359312497707,0.3394689802571877,0.24836770350087753,0.15750892436352168,20240305_P013T_C003,P013T_C003,20240305,40x,0.324,0.324,0.324,53,0.8146523382921016,"(138.50117491321427, 285.62239798610045, 340.2714914958992)",22.705200801615135,8,53
47,11911.0,13562.0,"(191.00847955671227, 80.62286961632105, 501.715892872135)",0.8782627930983631,405.119600064,304.14305966760946,0.8705526677356268,23.766406913075826,13.445666020593533,9.706194296347022,0.7218827450779236,0.5657424813843435,0.408399735468926,0.2310490797408997,0.29481672212940613,20240305_P013T_C003,P013T_C003,20240305,40x,0.324,0.324,0.324,53,0.8859156497647406,"(138.50117491321427, 285.62239798610045, 340.2714914958992)",86.23886667883257,3,53
48,16797.0,18090.0,"(188.84991367506103, 205.97201881288325, 171.66696433887003)",0.9285240464344942,571.303326528,376.7414745688012,0.8837956502271814,17.827686790759312,16.39563425623482,13.952235501517938,0.8509725993803672,0.9196725547552937,0.7826161444988954,0.7197505890040372,0.665984894801266,20240305_P013T_C003,P013T_C003,20240305,40x,0.324,0.324,0.324,53,0.8741843134514187,"(138.50117491321427, 285.62239798610045, 340.2714914958992)",62.580384006777145,7,53
49,26956.0,28973.0,"(193.94535539397538, 346.8577311173765, 379.8819557797893)",0.9303834604631899,916.833510144,525.0540121278655,0.8692415187550075,22.326680270293394,19.768367986211313,14.857955858585518,0.7516025535820221,0.8854145688875195,0.6654798509545848,0.5892255553362845,0.5001763553348494,20240305_P013T_C003,P013T_C003,20240305,40x,0.324,0.324,0.324,53,0.9018769314889966,"(138.50117491321427, 285.62239798610045, 340.2714914958992)",29.682382622453606,4,53
50,4602.0,5682.0,"(192.62016514558889, 401.41720990873534, 346.12907431551497)",0.8099260823653643,156.524254848,190.70107862408807,0.7365214593284203,16.481016902317123,10.847362759721035,6.60739831758857,0.6091248595578909,0.6581731469613363,0.400909625707599,0.2638679499990618,0.24420401945454784,20240305_P013T_C003,P013T_C003,20240305,40x,0.324,0.324,0.324,53,0.8946748105738527,"(138.50117491321427, 285.62239798610045, 340.2714914958992)",41.456322079169325,1,53
51,12445.0,13334.0,"(193.0383286460426, 127.0388911209321, 497.80691040578546)",0.9333283335833208,423.28212768000003,312.1348866185601,0.8734306623219293,17.456899979189153,15.694130287301451,11.053501026974544,0.7043079689429005,0.89902160784623,0.633188082657959,0.5692497681402299,0.4459594124556765,20240305_P013T_C003,P013T_C003,20240305,40x,0.324,0.324,0.324,53,0.8969474382937098,"(138.50117491321427, 285.62239798610045, 340.2714914958992)",74.54847697493838,3,53
52,1780.0,1923.0,"(190.23876404494382, 296.0516853932584, 78.68033707865169)",0.9256370254810192,60.541758720000004,82.36660564497251,0.9052523151292202,8.974436481858673,7.4031336626943745,6.453025217117824,0.8716613141318379,0.8249134837222816,0.7190451712664364,0.5931500571830807,0.6267638589062543,20240305_P013T_C003,P013T_C003,20240305,40x,0.324,0.324,0.324,53,0.8817324132877381,"(138.50117491321427, 285.62239798610045, 340.2714914958992)",86.46338099495844,0,53
53,2475.0,2678.0,"(192.21939393939394, 295.9620202020202, 256.6371717171717)",0.9241971620612397,84.1802544,104.41598665853631,0.8895914847046406,10.317860058092132,8.736956257699653,6.629917192893731,0.758836029086326,0.8467798757211674,0.6425670784024633,0.5441128707921514,0.4876030501965271,20240305_P013T_C003,P013T_C003,20240305,40x,0.324,0.324,0.324,53,0.8924967061923583,"(138.50117491321427, 285.62239798610045, 340.2714914958992)",32.37934536262599,0,53
1,7102.0,9190.0,"(42.44452266967051, 325.8400450577302, 236.25471698113208)",0.7727965179542982,241.554814848,281.11110873606515,0.6672418054319729,19.96866437305744,12.378891937783852,7.702825574498331,0.6222548523092883,0.6199158695103301,0.3857456578263345,0.23912985488124638,0.24003210733967503,20240305_P013T_D001,P013T_D001,20240305,40x,0.324,0.324,0.324,17,0.08888944764050369,"(118.83937429101245, 317.2406811303616, 246.11421240116033)",25.112261761241914,1,17
2,9483.0,10859.0,"(60.33386059263946, 352.2691131498471, 238.539069914584)",0.8732848328575376,322.537920192,272.25454409870116,0.8354032775471246,15.762981874268347,12.841021543008083,11.684303199301091,0.9099200682879609,0.8146314983696009,0.7412495486259911,0.6038452304629814,0.674477839904182,20240305_P013T_D001,P013T_D001,20240305,40x,0.324,0.324,0.324,17,0.21667043280456758,"(118.83937429101245, 317.2406811303616, 246.11421240116033)",22.229490930566755,1,17
3,14486.0,16625.0,"(83.81989507110313, 361.2113074692807, 232.69632748860968)",0.8713383458646616,492.701076864,373.6534850417935,0.8073665674161489,20.208905757298332,13.895445103301968,12.839899228223807,0.9240365553437844,0.6875901778246309,0.6353584594052921,0.4368662360848684,0.5870944422373997,20240305_P013T_D001,P013T_D001,20240305,40x,0.324,0.324,0.324,17,0.384427821936451,"(118.83937429101245, 317.2406811303616, 246.11421240116033)",18.72433967155309,2,17
4,13851.0,15868.0,"(88.133347772724, 330.35759150963827, 282.9836112916035)",0.8728888328711873,471.103314624,360.483681054496,0.8122242564995117,23.447871831907193,13.5712335391433,11.085113618469837,0.8168095837786016,0.5787831678897167,0.47275563846206,0.2736230060667967,0.3861513362811823,20240305_P013T_D001,P013T_D001,20240305,40x,0.324,0.324,0.324,17,0.4152381983766,"(118.83937429101245, 317.2406811303616, 246.11421240116033)",16.116406088198033,1,17
5,7518.0,9544.0,"(94.05653099228518, 290.43229582335726, 267.58193668528867)",0.7877200335289187,255.703900032,264.3435317050324,0.7370104931564976,21.117180154731756,12.741749466835637,7.435096004428188,0.5835223823683189,0.603383092509185,0.3520875396217234,0.21244366849090568,0.2054509599222679,20240305_P013T_D001,P013T_D001,20240305,40x,0.324,0.324,0.324,17,0.45754664994489413,"(118.83937429101245, 317.2406811303616, 246.11421240116033)",13.722239737462472,0,17
6,21674.0,23782.0,"(96.85517209559842, 321.68741349081847, 234.07968072344744)",0.9113615339332268,737.180942976,476.5956840308623,0.8280376531332526,26.56277211832541,15.69524998711325,12.940678772602558,0.8244965058363287,0.5908739463335321,0.4871735041417196,0.2878581309413532,0.40167285190088803,20240305_P013T_D001,P013T_D001,20240305,40x,0.324,0.324,0.324,17,0.4775369435399887,"(118.83937429101245, 317.2406811303616, 246.11421240116033)",8.247111348147639,0,17
7,8278.0,9513.0,"(106.47209470886688, 287.5711524522832, 237.0346702101957)",0.8701776516346053,281.553190272,267.0749115430026,0.777841899059858,22.643846978753984,11.573180767251825,7.854778165903547,0.6787052171629345,0.5110960508658524,0.3468835561940266,0.17729081568107,0.23543167933691783,20240305_P013T_D001,P013T_D001,20240305,40x,0.324,0.324,0.324,17,0.5462292479204777,"(118.83937429101245, 317.2406811303616, 246.11421240116033)",10.822126839500342,1,17
8,19363.0,21340.0,"(114.00299540360481, 371.2607034033982, 250.11837008727986)",0.9073570759137769,658.578693312,457.00390287215544,0.8010064247764442,22.76035017031754,20.571546089470342,10.276656288874534,0.49955682689959297,0.9038325832217782,0.4515157373227338,0.40809463522969236,0.22555776903217503,20240305_P013T_D001,P013T_D001,20240305,40x,0.324,0.324,0.324,17,0.6000213957400344,"(118.83937429101245, 317.2406811303616, 246.11421240116033)",17.620318264427265,1,17
9,14823.0,16490.0,"(114.42015786278081, 339.40410173379206, 294.5486068946907)",0.8989084293511219,504.163196352,383.4515437483752,0.7988913645329456,22.391658360491345,16.536808984403663,10.053287575920766,0.6079339481638997,0.7385254239847554,0.4489746768224703,0.33157921355873343,0.2729469479062952,20240305_P013T_D001,P013T_D001,20240305,40x,0.324,0.324,0.324,17,0.6030011275912915,"(118.83937429101245, 317.2406811303616, 246.11421240116033)",17.31699606320161,2,17
10,9172.0,11127.0,"(121.56639773222852, 99.72895769733972, 56.10793720017445)",0.8243012492136245,311.960118528,300.3813192116738,0.7405321567166501,21.338664827394535,13.193527520923674,8.950006939752049,0.6783634570480255,0.6182920828291867,0.41942675477343117,0.2593282418031513,0.2845237833465392,20240305_P013T_D001,P013T_D001,20240305,40x,0.324,0.324,0.324,17,0.6540456980873466,"(118.83937429101245, 317.2406811303616, 246.11421240116033)",93.580023817859,0,17
11,15008.0,16333.0,"(127.02965085287846, 285.04151119402985, 288.68470149253733)",0.9188758954264373,510.455457792,380.3157805151195,0.8121663896643001,21.080372312001575,17.69878644047751,9.798906404910012,0.5536484909778729,0.8395860461345436,0.46483554748846884,0.3902694394186294,0.25735549941986413,20240305_P013T_D001,P013T_D001,20240305,40x,0.324,0.324,0.324,17,0.6930689346634176,"(118.83937429101245, 317.2406811303616, 246.11421240116033)",17.49634114535711,1,17
12,13017.0,15998.0,"(137.23277252823232, 342.0095260044557, 236.5244680033802)",0.8136642080260033,442.737119808,377.63803885349273,0.743884793945259,19.94228844172906,16.65818180045152,10.363943023170885,0.6221533146486593,0.8353194694343316,0.5196967766991288,0.4341128357790486,0.3233310722355871,20240305_P013T_D001,P013T_D001,20240305,40x,0.324,0.324,0.324,17,0.7659483752016594,"(118.83937429101245, 317.2406811303616, 246.11421240116033)",10.4676371026485,1,17
13,4374.0,4777.0,"(134.95770461819845, 170.32693187014175, 276.61614083219024)",0.9156374293489637,148.769467776,160.0713712724439,0.8482287699573914,15.01081371791682,9.009309577616033,7.942897312438812,0.881632187684308,0.600187954292083,0.5291450191642986,0.3175864665760655,0.46651128084807564,20240305_P013T_D001,P013T_D001,20240305,40x,0.324,0.324,0.324,17,0.7496978901299889,"(118.83937429101245, 317.2406811303616, 246.11421240116033)",48.89482908503834,0,17
14,18556.0,20248.0,"(146.09980599267084, 352.7017137314076, 212.09059064453547)",0.9164361912287633,631.130828544,439.35506667189804,0.809868949533155,21.341564904801807,20.49463771176838,10.43130875512624,0.5089774653170083,0.9603156002471558,0.48877900011817865,0.46938209888669336,0.2487774965803323,20240305_P013T_D001,P013T_D001,20240305,40x,0.324,0.324,0.324,17,0.8292843285190774,"(118.83937429101245, 317.2406811303616, 246.11421240116033)",18.208173917265697,1,17
15,23725.0,25664.0,"(148.17007376185458, 339.7958693361433, 274.3966701791359)",0.9244466957605985,806.9400144,500.5591372538644,0.8373806071386625,24.42141206231541,19.050143325155595,12.410517175335475,0.6514658164774784,0.7800590431276412,0.5081818014317893,0.39641180975976253,0.3310630721887564,20240305_P013T_D001,P013T_D001,20240305,40x,0.324,0.324,0.324,17,0.8440719554418185,"(118.83937429101245, 317.2406811303616, 246.11421240116033)",15.089232968918962,0,17
16,25601.0,27124.0,"(150.92058903949064, 301.27385648998086, 238.9707042693645)",0.9438504645332547,870.746946624,493.87957428367326,0.8928757601195753,20.81290750367714,18.883754737178155,15.685607825918975,0.8306403066672594,0.9073097900349507,0.7536480822368382,0.683792283254549,0.6260104741483992,20240305_P013T_D001,P013T_D001,20240305,40x,0.324,0.324,0.324,17,0.8637184931392189,"(118.83937429101245, 317.2406811303616, 246.11421240116033)",11.838968588850628,0,17
17,12866.0,15001.0,"(155.63485154671227, 300.02028602518266, 280.55798227887453)",0.8576761549230051,437.601273984,360.6070998110539,0.7729811498309231,23.23187096286626,16.071536624220375,8.862815175349091,0.551460347730068,0.6917883045196429,0.3814938189659965,0.2639129622072103,0.21037871406386002,20240305_P013T_D001,P013T_D001,20240305,40x,0.324,0.324,0.324,17,0.8973917967622305,"(118.83937429101245, 317.2406811303616, 246.11421240116033)",17.25683262342556,2,17
1,20284.0,23031.0,"(45.43852297377243, 98.67969828436206, 93.90213961743245)",0.8807259780296123,689.903951616,501.53695955661846,0.7528473684221735,23.97561617558231,19.262577925445633,11.219526417118445,0.5824519677762127,0.8034236861475695,0.46795570695467015,0.37596669903531293,0.2725617223478563,20240305_P013T_B004a,P013T_B004a,20240305,40x,0.324,0.324,0.324,8,0.22343129854910843,"(71.75429780115714, 88.58902168428183, 78.02023267227494)",10.481671551687318,0,8
2,6691.0,8652.0,"(45.33776714990285, 78.1521446719474, 56.13286504259453)",0.7733472029588534,227.575790784,263.5883580104162,0.6838727098558782,16.346497647947118,15.159082262452811,7.659504865406343,0.5052749719801969,0.92735964540738,0.46857161884877924,0.434534410303566,0.23675751158453243,20240305_P013T_B004a,P013T_B004a,20240305,40x,0.324,0.324,0.324,8,0.22227318563106732,"(71.75429780115714, 88.58902168428183, 78.02023267227494)",11.618092255312803,0,8
3,20263.0,22351.0,"(63.00157923308493, 68.07683955978878, 97.23209791245127)",0.9065813610129301,689.189694912,458.2859827931853,0.8233289766773964,23.62704609925284,16.052085557037543,13.274191938284542,0.8269450029479117,0.6793945163354618,0.5618219003138235,0.38169871823038015,0.46459581301121616,20240305_P013T_B004a,P013T_B004a,20240305,40x,0.324,0.324,0.324,8,0.4253055084262636,"(71.75429780115714, 88.58902168428183, 78.02023267227494)",9.537139443921157,0,8
4,16988.0,18774.0,"(66.16376265599247, 110.30268424770426, 64.93248175182482)",0.9048684350697773,577.799661312,416.2154137894976,0.8060292835644938,26.416397677707412,14.846044533160459,10.697556292609356,0.720566092113967,0.5620010992524131,0.40495893585206505,0.227587367100948,0.2917996778735532,20240305_P013T_B004a,P013T_B004a,20240305,40x,0.324,0.324,0.324,8,0.46165244432175245,"(71.75429780115714, 88.58902168428183, 78.02023267227494)",8.411694272853543,0,8
5,10939.0,13332.0,"(67.31959045616601, 89.40716701709479, 43.791937105768355)",0.8205070507050705,372.059718336,356.98596231338956,0.700768794589263,21.6409361925357,15.780729484495735,8.325637142375244,0.52758252719274,0.7292073385410542,0.3847170505149813,0.2805384964973939,0.20296999376483083,20240305_P013T_B004a,P013T_B004a,20240305,40x,0.324,0.324,0.324,8,0.4749378213352415,"(71.75429780115714, 88.58902168428183, 78.02023267227494)",11.185802429418782,0,8
6,24322.0,27680.0,"(79.9533344297344, 105.23904284187155, 102.21630622481703)",0.8786849710982659,827.245312128,547.9721963954361,0.7777054534131991,22.65065810071579,22.148763286878,11.854828571947344,0.5352365916958767,0.9778419323797957,0.5233767831042717,0.5117797649534023,0.2801304055614825,20240305_P013T_B004a,P013T_B004a,20240305,40x,0.324,0.324,0.324,8,0.620153269307292,"(71.75429780115714, 88.58902168428183, 78.02023267227494)",9.880126898226768,0,8
7,20867.0,23086.0,"(84.96161403172474, 62.390568840753346, 74.60487851631763)",0.9038811400849,709.733078208,482.3425360542243,0.7977349013943144,22.954602312423816,20.04732705483095,11.387270532334142,0.5680193923703194,0.8733467381388983,0.4960778835262575,0.4332480014405053,0.28178185796893884,20240305_P013T_B004a,P013T_B004a,20240305,40x,0.324,0.324,0.324,8,0.6777197015140775,"(71.75429780115714, 88.58902168428183, 78.02023267227494)",9.570110901467157,0,8
8,24313.0,26169.0,"(94.63784806482128, 90.42722000575823, 58.053099165055734)",0.9290763880927815,826.939202112,493.6584318331068,0.8630579399570474,23.57461750204513,16.597374740414487,15.141748723486739,0.9122978157874986,0.7040358020220113,0.6422903244208807,0.4521953836846326,0.5859600600706133,20240305_P013T_B004a,P013T_B004a,20240305,40x,0.324,0.324,0.324,8,0.7889407823542677,"(71.75429780115714, 88.58902168428183, 78.02023267227494)",9.857921719113182,0,8
1,1208.0,1350.0,"(17.063741721854306, 94.73344370860927, 287.19867549668874)",0.8948148148148148,41.086766592000004,64.43548007539307,0.8936354030741052,7.821412681146625,6.372820194876099,5.864346354599157,0.920212115715148,0.8147914519633606,0.7497809658778214,0.6109151218420811,0.6899575289333774,20240305_P013T_C004,P013T_C004,20240305,40x,0.324,0.324,0.324,20,0.08662488174077577,"(54.155898200712016, 279.3670499374579, 245.9029635331473)",62.46626937356252,0,20
2,1326.0,1543.0,"(31.800904977375566, 218.8657616892911, 236.50075414781298)",0.8593648736228127,45.100209024,71.56292770006729,0.8562128235448673,7.778235674751185,7.407376746896998,5.752850915194034,0.7766380881874199,0.952320944830969,0.7396087179343611,0.7043448730684723,0.5744083007032909,20240305_P013T_C004,P013T_C004,20240305,40x,0.324,0.324,0.324,20,0.2971557853910795,"(54.155898200712016, 279.3670499374579, 245.9029635331473)",21.1186200956075,0,20
3,1858.0,2081.0,"(36.70182992465016, 374.17222820236816, 456.0032292787944)",0.8928399807784719,63.194712192000004,88.42464533452528,0.8676900648824856,9.590001799159698,8.398609765067055,5.570978772553009,0.6633215411108615,0.8757672773119777,0.5809153000410442,0.5087466106658158,0.3853336320781039,20240305_P013T_C004,P013T_C004,20240305,40x,0.324,0.324,0.324,20,0.36716899892357374,"(54.155898200712016, 279.3670499374579, 245.9029635331473)",74.89572954587017,1,20
4,1186.0,1436.0,"(42.96795952782462, 390.6913996627319, 457.33136593591905)",0.8259052924791086,40.338497664,73.45232979429744,0.7743875499712347,11.099045298943386,5.675077076009866,4.918750156423254,0.8667283440459661,0.5113121825487211,0.4431687612709818,0.22659758656287887,0.3841069265893001,20240305_P013T_C004,P013T_C004,20240305,40x,0.324,0.324,0.324,20,0.4566851361117803,"(54.155898200712016, 279.3670499374579, 245.9029635331473)",77.50324496681343,1,20
5,4827.0,6114.0,"(49.17298529107106, 437.0163662730474, 181.3335405013466)",0.7894995093228655,164.177005248,193.5726791602092,0.7490571429779267,15.911069016067465,10.839574980029216,7.227226317839541,0.6667444370424994,0.6812600064196249,0.45422631945982234,0.30944622531116117,0.30285287165812574,20240305_P013T_C004,P013T_C004,20240305,40x,0.324,0.324,0.324,20,0.5453283613010151,"(54.155898200712016, 279.3670499374579, 245.9029635331473)",55.22023426899145,0,20
6,1859.0,2047.0,"(43.47606239913932, 369.6401291016676, 258.6648735879505)",0.9081582804103566,63.228724416,85.83984183086994,0.8941385702739207,8.778118997541922,7.740722518802818,6.617814514385427,0.8549349880854454,0.8818201850499408,0.7538989293991765,0.664803293431734,0.6445345722235151,20240305_P013T_C004,P013T_C004,20240305,40x,0.324,0.324,0.324,20,0.4639437485591332,"(54.155898200712016, 279.3670499374579, 245.9029635331473)",29.741283578465797,0,20
7,1099.0,1622.0,"(44.262056414922654, 209.46041856232938, 367.21292083712467)",0.6775585696670777,37.379434176000004,80.71015847116246,0.669850274718247,9.991434336195075,6.967647597660526,4.927359398899643,0.7071768957652315,0.6973620966931097,0.49315836276376646,0.3439099498586814,0.3487502000999443,20240305_P013T_C004,P013T_C004,20240305,40x,0.324,0.324,0.324,20,0.47517223449889506,"(54.155898200712016, 279.3670499374579, 245.9029635331473)",45.476641565745844,2,20
8,2908.0,3823.0,"(49.45116918844567, 209.53817056396147, 347.70116918844565)",0.760659168192519,98.907547392,152.4036975129186,0.6786433159244398,13.153485428931566,11.11094239800071,5.666816525169665,0.5100212315194205,0.8447146923933782,0.4308224276970192,0.363922034488256,0.2197285851402202,20240305_P013T_C004,P013T_C004,20240305,40x,0.324,0.324,0.324,20,0.5493024169777952,"(54.155898200712016, 279.3670499374579, 245.9029635331473)",40.02558302126123,2,20
9,4733.0,5131.0,"(56.461652229030214, 65.5499683076273, 217.00126769490808)",0.9224322744104463,160.979856192,159.40735420812894,0.8977528537392843,11.94386164916955,10.06511658478025,9.50590596312488,0.9444407208853428,0.8427020406318984,0.7958821227459395,0.6706914889404503,0.7516634857459321,20240305_P013T_C004,P013T_C004,20240305,40x,0.324,0.324,0.324,20,0.6494521747004316,"(54.155898200712016, 279.3670499374579, 245.9029635331473)",69.91073834408776,0,20
10,1046.0,1150.0,"(49.63193116634799, 502.0889101338432, 382.15009560229447)",0.9095652173913044,35.576786304,57.3992274397179,0.9113584419835853,7.00786430071026,6.469862830222515,5.546037543817959,0.8572109933940001,0.9232288972214805,0.7914019601172725,0.7306451588979876,0.6783984604060861,20240305_P013T_C004,P013T_C004,20240305,40x,0.324,0.324,0.324,20,0.5518847309478284,"(54.155898200712016, 279.3670499374579, 245.9029635331473)",84.60605633907795,0,20
11,1710.0,2907.0,"(53.880116959064324, 236.53508771929825, 322.5239766081871)",0.5882352941176471,58.16090304,119.4220927870301,0.6078832931445218,18.43160402834883,6.71349949468637,4.6868019900258515,0.6981160859154577,0.364238483224826,0.2542807442486986,0.09261883259842586,0.177517477898571,20240305_P013T_C004,P013T_C004,20240305,40x,0.324,0.324,0.324,20,0.6125730994152047,"(54.155898200712016, 279.3670499374579, 245.9029635331473)",28.440912464127056,3,20
12,2643.0,2859.0,"(55.46500189178963, 244.0510783200908, 34.39689746500189)",0.9244491080797481,89.894308032,107.05428213686909,0.9065008382694292,9.59262991574914,8.491200662447197,7.8279537919096995,0.9218900957704671,0.8851796365568507,0.8160383399194624,0.7223405211463655,0.752297663340726,20240305_P013T_C004,P013T_C004,20240305,40x,0.324,0.324,0.324,20,0.6352143127398518,"(54.155898200712016, 279.3670499374579, 245.9029635331473)",69.4779813087018,2,20
13,1001.0,1497.0,"(58.171828171828174, 320.83716283716285, 304.5214785214785)",0.6686706746826987,34.046236224,71.57668063697423,0.7097280596510988,7.629906509715524,6.512056437224773,6.394497025588307,0.9819474212532214,0.8534909869383931,0.8380832736870221,0.7152965203956959,0.8229537093924292,20240305_P013T_C004,P013T_C004,20240305,40x,0.324,0.324,0.324,20,0.6738832595975454,"(54.155898200712016, 279.3670499374579, 245.9029635331473)",23.301048008505887,1,20
14,1477.0,1687.0,"(60.744752877454296, 387.2024373730535, 96.38862559241706)",0.8755186721991701,50.236054848,77.16524517133644,0.853243001406908,8.901492466013917,7.13040039827339,5.835937620341511,0.8184586130331012,0.801034256389859,0.6556133864768455,0.5251687815157172,0.5365924229817736,20240305_P013T_C004,P013T_C004,20240305,40x,0.324,0.324,0.324,20,0.7106393268207757,"(54.155898200712016, 279.3670499374579, 245.9029635331473)",59.765856264343164,0,20
15,2668.0,2901.0,"(60.603073463268366, 497.81596701649175, 450.2192653673163)",0.9196828679765598,90.744613632,109.86862191217507,0.8888415565159864,10.176954327466014,9.220037440863354,6.930530283905297,0.751681360119979,0.9059721744038793,0.6810023962867628,0.6169692217381709,0.5118968074857988,20240305_P013T_C004,P013T_C004,20240305,40x,0.324,0.324,0.324,20,0.7086153351895481,"(54.155898200712016, 279.3670499374579, 245.9029635331473)",96.93322308358476,0,20
16,4214.0,4706.0,"(69.04508780256289, 297.1326530612245, 59.20953962980541)",0.8954526136846579,143.327511936,154.3439524017436,0.8581190600635493,12.025854441952399,9.911355310635923,8.719179408916634,0.8797161574421655,0.8241705700394968,0.7250361669520652,0.5975534710161353,0.6378260307976671,20240305_P013T_C004,P013T_C004,20240305,40x,0.324,0.324,0.324,20,0.8292155400366126,"(54.155898200712016, 279.3670499374579, 245.9029635331473)",60.95312304567596,2,20
17,1929.0,2130.0,"(67.59564541213064, 147.53499222395024, 253.39865215137377)",0.9056338028169014,65.609580096,87.86266711145504,0.8953467214368596,8.40085427728064,8.244394730016275,6.8108754019269755,0.8261219440561078,0.9813757575003418,0.8107360486357179,0.7956367038627115,0.6697668406153064,20240305_P013T_C004,P013T_C004,20240305,40x,0.324,0.324,0.324,20,0.8085092201732949,"(54.155898200712016, 279.3670499374579, 245.9029635331473)",43.003605445102636,0,20
18,1607.0,1812.0,"(67.01742377100187, 274.17548226509024, 339.7510889856876)",0.8868653421633554,54.657643968,79.1623057704392,0.8798317443406047,8.341262708237656,6.919221626513942,6.910237719159479,0.99870160144603,0.8295172887530163,0.8284402447048064,0.6872055056814163,0.8273645990890311,20240305_P013T_C004,P013T_C004,20240305,40x,0.324,0.324,0.324,20,0.8002489110143124,"(54.155898200712016, 279.3670499374579, 245.9029635331473)",30.73706882103809,3,20
19,1188.0,1280.0,"(69.9503367003367, 23.656565656565657, 332.8855218855219)",0.928125,40.406522112,63.05294694701037,0.90312191871592,7.277900217830794,6.446750898485568,6.171791810958997,0.957349199332153,0.8857981980422159,0.8480181956655793,0.7511729896275814,0.8118495406395394,20240305_P013T_C004,P013T_C004,20240305,40x,0.324,0.324,0.324,20,0.8421476671476671,"(54.155898200712016, 279.3670499374579, 245.9029635331473)",87.66178004378978,0,20
20,1085.0,1248.0,"(72.94562211981567, 279.1410138248848, 3.9566820276497694)",0.8693910256410257,36.90326304,56.002604474903805,0.957162654472085,8.123312975395343,6.552258221002181,5.074775072372364,0.7745077958170224,0.8065992583134836,0.6247174136640212,0.5038966025169171,0.4838485070654321,20240305_P013T_C004,P013T_C004,20240305,40x,0.324,0.324,0.324,20,0.8849374588545095,"(54.155898200712016, 279.3670499374579, 245.9029635331473)",78.62666817517469,2,20
1,17808.0,22596.0,"(43.18188454627134, 262.7155772686433, 306.12528077268644)",0.7881040892193308,605.689684992,478.86665056174434,0.722941213005228,23.848501745609244,19.62048655337822,10.246102820821857,0.5222145125171578,0.8227135927727852,0.4296329777910795,0.35346489073216925,0.22436057605846343,20240305_P013T_B006,P013T_B006,20240305,40x,0.324,0.324,0.324,10,0.11159920376738854,"(108.86638195098963, 287.8811910933082, 292.6073103204524)",23.207305674224898,0,10
2,6339.0,7366.0,"(55.81211547562707, 301.14702634484934, 296.21659567755165)",0.8605756177029595,215.603487936,215.50764492014602,0.8068484427737724,13.133100034624434,11.662046386017746,10.651841904243248,0.913376739524404,0.8879888491880542,0.8110683598054127,0.7202196594364512,0.740810974010474,20240305_P013T_B006,P013T_B006,20240305,40x,0.324,0.324,0.324,10,0.19870424465949704,"(108.86638195098963, 287.8811910933082, 292.6073103204524)",17.757341691008133,1,10
3,11506.0,12816.0,"(70.85598818007996, 298.66087258821483, 322.977750738745)",0.8977840199750312,391.344649344,309.2189422272095,0.8367408421035393,17.276129007942004,15.04176890744942,11.059998928358114,0.7352857896175138,0.8706677809904391,0.6401896468400835,0.5573924992273084,0.4707223499817681,20240305_P013T_B006,P013T_B006,20240305,40x,0.324,0.324,0.324,10,0.3024550908971032,"(108.86638195098963, 287.8811910933082, 292.6073103204524)",16.14598084554595,1,10
4,10308.0,12828.0,"(71.99233604967016, 309.5267753201397, 280.4031819945673)",0.80355472404116,350.598004992,312.68788006620355,0.7689758545352349,17.552118218841965,14.736448948595953,10.204877551620186,0.692492308507775,0.8395823663480441,0.5814043310547775,0.48813682407197173,0.4026180273885415,20240305_P013T_B006,P013T_B006,20240305,40x,0.324,0.324,0.324,10,0.3102919727563459,"(108.86638195098963, 287.8811910933082, 292.6073103204524)",14.406773309739926,1,10
5,11230.0,12842.0,"(96.14523597506678, 297.9977738201247, 332.52546749777383)",0.8744743809375487,381.95727552,309.4469570780346,0.8226992460267591,17.907396083370486,13.993039457743127,11.24861183229936,0.8038719440667966,0.7814111774038223,0.6281545222951351,0.4908469648581771,0.5049557970117402,20240305_P013T_B006,P013T_B006,20240305,40x,0.324,0.324,0.324,10,0.47686369637977094,"(108.86638195098963, 287.8811910933082, 292.6073103204524)",13.964482967217583,1,10
6,22920.0,28149.0,"(112.56474694589878, 287.90545375218153, 237.4878272251309)",0.814238516465949,779.56017408,589.274112372192,0.6951307887876718,28.514655995243867,22.59361489395744,10.237485059140436,0.45311408144247006,0.7923509544609609,0.35902537491064274,0.28447409848615207,0.16267945296717432,20240305_P013T_B006,P013T_B006,20240305,40x,0.324,0.324,0.324,10,0.590101703075164,"(108.86638195098963, 287.8811910933082, 292.6073103204524)",17.89886941636214,0,10
7,21008.0,22752.0,"(119.25138042650418, 321.6498476770754, 299.6004379284082)",0.9233473980309423,714.528801792,473.4480634045566,0.8163785894558924,24.68213366857882,18.853625554941456,10.94170413252821,0.5803501348132183,0.76385720165444,0.4433046299582019,0.33862143412032913,0.25727190175956627,20240305_P013T_B006,P013T_B006,20240305,40x,0.324,0.324,0.324,10,0.6362164167345116,"(108.86638195098963, 287.8811910933082, 292.6073103204524)",11.668832874245846,1,10
8,26864.0,30749.0,"(132.41393686718285, 241.28685229303156, 296.4967614651578)",0.8736544277862694,913.704385536,574.0237244186117,0.7932768037733577,26.330452857814436,21.24238137756877,12.475820394014386,0.5873079939704137,0.8067609582060183,0.4738171599776254,0.38225718599800335,0.27827660573521773,20240305_P013T_B006,P013T_B006,20240305,40x,0.324,0.324,0.324,10,0.7269926680495369,"(108.86638195098963, 287.8811910933082, 292.6073103204524)",16.961787065643684,0,10
9,18172.0,19427.0,"(134.2543473475677, 307.5024763372221, 276.0751705921197)",0.9353991866989242,618.070134528,402.2886179282569,0.8722444575948605,20.19474712053431,16.518398318772768,13.321136158234898,0.8064423620960722,0.8179551949911085,0.6596337195373828,0.5395508276869101,0.531956574901945,20240305_P013T_B006,P013T_B006,20240305,40x,0.324,0.324,0.324,10,0.7396851541211564,"(108.86638195098963, 287.8811910933082, 292.6073103204524)",11.694808008745383,0,10
10,23605.0,25794.0,"(154.17280237237873, 291.6294852785427, 308.5714043634823)",0.9151353027835931,802.85854752,484.4881799616908,0.8622376091584653,21.900473635781474,19.10655456931294,14.041738004945467,0.7349173266172185,0.8724265459764411,0.6411613848389,0.5593662123884732,0.4712006108759979,20240305_P013T_B006,P013T_B006,20240305,40x,0.324,0.324,0.324,10,0.8770538094646809,"(108.86638195098963, 287.8811910933082, 292.6073103204524)",15.611198700233315,0,10
1,1876.0,3365.0,"(37.1908315565032, 98.54211087420043, 101.40565031982942)",0.5575037147102526,63.806932224,139.29360443840864,0.5543680480497261,14.95270114640542,8.980247475725314,4.848247879647569,0.5398790949528912,0.6005769384272176,0.3242389339676645,0.19473042628120474,0.175049822218953,20240305_P013T_A007a,P013T_A007a,20240305,40x,0.324,0.324,0.324,10,0.06729164735329564,"(80.56925936385548, 94.7275402105595, 99.56008432888264)",14.121513376788688,2,10
2,16127.0,22490.0,"(49.79525020152539, 107.66807217709432, 91.22639052520617)",0.7170742552245443,548.515136448,539.1188926957585,0.6010703668536548,21.423256552504014,19.116572989659577,11.714407912338178,0.6127880723534843,0.89232806146016,0.546807992689093,0.4879321161071796,0.33507741578742745,20240305_P013T_A007a,P013T_A007a,20240305,40x,0.324,0.324,0.324,10,0.2042961978426673,"(80.56925936385548, 94.7275402105595, 99.56008432888264)",11.14836618307283,1,10
3,1019.0,1874.0,"(44.5053974484789, 103.14524043179588, 109.28753680078508)",0.5437566702241196,34.658456256,94.39309794117156,0.5446071781465475,10.766863487132447,7.105518961093231,4.584210639985903,0.6451619741059128,0.6599432573455664,0.425770294706952,0.2809842351698877,0.2746908038487934,20240305_P013T_A007a,P013T_A007a,20240305,40x,0.324,0.324,0.324,10,0.14679779835303153,"(80.56925936385548, 94.7275402105595, 99.56008432888264)",12.405786722925962,2,10
4,20830.0,25171.0,"(64.21929908785405, 77.1225156024964, 90.00672107537206)",0.8275396289380637,708.47462592,500.65351047584693,0.7676496551747114,19.840987922213912,17.209799430917784,15.586077072351069,0.9056512909935683,0.8673862157664912,0.7855494460989486,0.6813747613492304,0.7114338699987954,20240305_P013T_A007a,P013T_A007a,20240305,40x,0.324,0.324,0.324,10,0.36107933791145713,"(80.56925936385548, 94.7275402105595, 99.56008432888264)",8.377294539798259,0,10
5,24025.0,25655.0,"(73.42805411030177, 101.44399583766909, 125.3980437044745)",0.9364646267784058,817.1436816,495.07993348567123,0.8537703830042406,24.48918232731127,18.411534476925073,12.863709158804133,0.6986766461495126,0.7518231613797831,0.5252812848903508,0.3949186362198979,0.3670017664122969,20240305_P013T_A007a,P013T_A007a,20240305,40x,0.324,0.324,0.324,10,0.46117450119893233,"(80.56925936385548, 94.7275402105595, 99.56008432888264)",8.953825049502571,0,10
6,16385.0,17679.0,"(83.55916997253586, 108.65468416234361, 76.96386939273727)",0.9268058148085299,557.29029024,389.8354190031133,0.8400861285984411,21.086748367430435,15.965563517205288,12.066692082689306,0.755794937628455,0.757137290160152,0.5722405309927694,0.43326464495567196,0.43249649643015414,20240305_P013T_A007a,P013T_A007a,20240305,40x,0.324,0.324,0.324,10,0.5712953257884332,"(80.56925936385548, 94.7275402105595, 99.56008432888264)",8.654462933649612,0,10
7,16651.0,18760.0,"(84.50399375412889, 70.67467419374212, 112.22593237643385)",0.8875799573560768,566.337541824,407.1867980368738,0.8129690335930969,20.57799668850625,15.690188392171562,12.709756686296187,0.8100448744539978,0.7624740459276703,0.6176381928079114,0.4709330917897028,0.5003146523510787,20240305_P013T_A007a,P013T_A007a,20240305,40x,0.324,0.324,0.324,10,0.5815651495014008,"(80.56925936385548, 94.7275402105595, 99.56008432888264)",8.899367664473866,0,10
8,21390.0,24144.0,"(92.18550724637682, 122.45988779803646, 104.33796166432913)",0.885934393638171,727.52147136,533.2543858456204,0.7335790137768884,27.06572065980064,19.673924914838423,10.447773427019897,0.5310467266823815,0.7268945527860678,0.3860149729002949,0.280592181095086,0.20499198780908987,20240305_P013T_A007a,P013T_A007a,20240305,40x,0.324,0.324,0.324,10,0.6650598613736609,"(80.56925936385548, 94.7275402105595, 99.56008432888264)",9.863916094842883,0,10
9,20346.0,24249.0,"(97.97213211442053, 73.88990464956257, 83.11825420230021)",0.8390449090684152,692.012709504,542.9618601004565,0.6968257341078244,28.455556653818288,20.158599915209596,8.996806969672848,0.4463011820024657,0.7084240227823703,0.31617047872671356,0.22398276242460624,0.1411072583700177,20240305_P013T_A007a,P013T_A007a,20240305,40x,0.324,0.324,0.324,10,0.7279579577654406,"(80.56925936385548, 94.7275402105595, 99.56008432888264)",10.283623282405056,0,10
10,13612.0,16273.0,"(110.65295327652072, 93.55208639435791, 106.24015574493095)",0.8364776009340625,462.974393088,394.2200962578919,0.7341475360284864,22.84802333690935,14.713645102535306,10.58979409437875,0.7197260787915853,0.6439789073029554,0.4634884137776459,0.2984767622521084,0.33358469861351686,20240305_P013T_A007a,P013T_A007a,20240305,40x,0.324,0.324,0.324,10,0.8657929703969643,"(80.56925936385548, 94.7275402105595, 99.56008432888264)",9.991782230440315,0,10
1,1324.0,3355.0,"(36.394259818731115, 176.28851963746223, 232.4916918429003)",0.3946348733233979,45.032184576,149.73628729304363,0.40879515602434147,14.9012548775461,12.336926318065839,3.7087335271844726,0.30062054612043115,0.8279119053695062,0.24888732913178768,0.20605678288382573,0.07482064480605352,20240305_P013T_C002,P013T_C002,20240305,40x,0.324,0.324,0.324,34,0.029690944721156198,"(125.37956178809428, 184.24942400814876, 227.64596239817408)",28.988932118856678,2,34
2,6694.0,10371.0,"(45.119360621452046, 177.54690767851807, 236.29190319689275)",0.6454536688843892,227.67782745600002,291.03534293452174,0.6195631102149817,16.08538941108696,12.459910041297329,10.311020843652775,0.8275357373751303,0.7746104071754243,0.6410177944803647,0.49653905478912763,0.5304651332258883,20240305_P013T_C002,P013T_C002,20240305,40x,0.324,0.324,0.324,34,0.08864432852332463,"(125.37956178809428, 184.24942400814876, 227.64596239817408)",26.24475180673916,4,34
3,2505.0,3361.0,"(56.79800399201597, 132.9748502994012, 238.85269461077846)",0.7453138946742041,85.20062112000001,139.74455299456184,0.6700559626395086,11.566808815106006,11.136688758683988,5.5221531101642505,0.4958523336533289,0.9628142849685308,0.47741371007640726,0.4596607399013895,0.23672670225948034,20240305_P013T_C002,P013T_C002,20240305,40x,0.324,0.324,0.324,34,0.16755408102713493,"(125.37956178809428, 184.24942400814876, 227.64596239817408)",27.980739844112893,1,34
4,10055.0,11930.0,"(72.12531079065141, 161.33823968175037, 251.38915962207858)",0.8428331936295055,341.99291232,312.7899418078771,0.7560945057962272,20.47295353895637,13.28324836177352,9.46075919488459,0.7122323498904625,0.6488193477554605,0.4621101287062688,0.29982599229839324,0.32912978287664985,20240305_P013T_C002,P013T_C002,20240305,40x,0.324,0.324,0.324,34,0.2711169648016988,"(125.37956178809428, 184.24942400814876, 227.64596239817408)",20.29770666851344,4,34
5,3434.0,4166.0,"(63.64705882352941, 178.63191613278974, 233.17355853232382)",0.8242918867018723,116.797977216,147.1559553418552,0.7852292996413058,12.203078314027927,9.546167986364049,7.806353586813421,0.8177473513942122,0.7822754013952649,0.639703637551822,0.5004244198398626,0.5231159552852456,20240305_P013T_C002,P013T_C002,20240305,40x,0.324,0.324,0.324,34,0.2138314785373609,"(125.37956178809428, 184.24942400814876, 227.64596239817408)",20.163664708555466,5,34
6,14851.0,16978.0,"(77.17103225372028, 196.25277759073464, 209.5130294256279)",0.8747202261750501,505.115538624,382.97145594479747,0.8008998354561512,19.761461329529144,17.48647620796322,10.75050168242987,0.6147894838603426,0.8848776877564991,0.5440134969353515,0.48138540527648116,0.3344537769939449,20240305_P013T_C002,P013T_C002,20240305,40x,0.324,0.324,0.324,34,0.305209677390002,"(125.37956178809428, 184.24942400814876, 227.64596239817408)",17.13511631704925,4,34
7,13511.0,14623.0,"(79.98031233809489, 173.51928058618904, 190.9646954333506)",0.9239554127060111,459.539158464,328.96134548834317,0.8754290182182474,17.18218944257963,15.684645583985693,12.130047278007533,0.773370823908991,0.9128432459903605,0.7059663332513229,0.6444365992050501,0.5459737647985847,20240305_P013T_C002,P013T_C002,20240305,40x,0.324,0.324,0.324,34,0.32419129958172216,"(125.37956178809428, 184.24942400814876, 227.64596239817408)",19.227545644187202,3,34
8,6990.0,8208.0,"(76.74363376251789, 193.079113018598, 253.2901287553648)",0.8516081871345029,237.74544576,232.70200835604527,0.7975516120898547,14.46851858264811,11.146940901925587,11.094708546329025,0.9953141982131134,0.7704272443824315,0.7668171750240382,0.5907768430988904,0.7632240217350952,20240305_P013T_C002,P013T_C002,20240305,40x,0.324,0.324,0.324,34,0.3023218497467424,"(125.37956178809428, 184.24942400814876, 227.64596239817408)",18.042582769655752,6,34
9,10801.0,12516.0,"(85.57105823534857, 222.3754282010925, 243.38311267475234)",0.8629753914988815,367.366031424,306.7045236076633,0.8087791388698288,18.87456953417272,14.579018074632208,10.094760783406263,0.692417056603514,0.7724159244128271,0.5348339608556122,0.41311426828166153,0.370328156947242,20240305_P013T_C002,P013T_C002,20240305,40x,0.324,0.324,0.324,34,0.36196660969830124,"(125.37956178809428, 184.24942400814876, 227.64596239817408)",18.572767079915334,3,34
10,20027.0,21328.0,"(97.83392420232686, 220.76421830528787, 210.9185599440755)",0.9390003750937734,681.162810048,431.6846109839907,0.8672643806935225,21.36456665590099,17.165894897776376,13.276689618330517,0.7734341668403402,0.8034749861418358,0.6214350064836646,0.49930748322251406,0.48063906648511445,20240305_P013T_C002,P013T_C002,20240305,40x,0.324,0.324,0.324,34,0.44482381217788414,"(125.37956178809428, 184.24942400814876, 227.64596239817408)",15.77949304350053,3,34
11,15016.0,16025.0,"(105.15942994139584, 133.71537027171019, 225.77144379328715)",0.9370358814352574,510.727555584,354.97918534660977,0.8704438534671576,20.731982656991473,14.483304397597335,12.052638265947001,0.8321746153416784,0.6985971692732973,0.5813548306187916,0.40613283901364494,0.48378873254721944,20240305_P013T_C002,P013T_C002,20240305,40x,0.324,0.324,0.324,34,0.49432047257699896,"(125.37956178809428, 184.24942400814876, 227.64596239817408)",17.64553538980502,2,34
12,11094.0,11818.0,"(108.57481521543177, 181.69758427979087, 172.7079502433748)",0.9387375190387545,377.331613056,286.2934345215017,0.8820398309289388,17.973537552585725,12.879319123469898,11.716195055358925,0.9096905622913389,0.7165711861556737,0.6518580452557265,0.46710269269401483,0.5929891117228149,20240305_P013T_C002,P013T_C002,20240305,40x,0.324,0.324,0.324,34,0.5173974001042687,"(125.37956178809428, 184.24942400814876, 227.64596239817408)",18.63238497444327,3,34
13,10549.0,11698.0,"(112.1303441084463, 208.88577116314343, 270.1469333586122)",0.9017780817233715,358.794950976,338.3663060408599,0.721652127432891,20.472843563316978,19.111692891328826,6.649145396634321,0.3479098075948629,0.9335143323994793,0.32477879177214974,0.3031856569786879,0.11299372695634066,20240305_P013T_C002,P013T_C002,20240305,40x,0.324,0.324,0.324,34,0.5414212439759885,"(125.37956178809428, 184.24942400814876, 227.64596239817408)",16.48527761443416,3,34
14,9451.0,10323.0,"(113.2283356258597, 156.45169823299122, 175.19119669876204)",0.9155284316574639,321.449529024,264.0330706908151,0.8594771342884558,17.537378204502836,13.128998317516533,10.047746996446332,0.7653094892274274,0.7486294795276512,0.5729332445979016,0.42891471670741554,0.4384712487846328,20240305_P013T_C002,P013T_C002,20240305,40x,0.324,0.324,0.324,34,0.5488401055801331,"(125.37956178809428, 184.24942400814876, 227.64596239817408)",19.63308551071294,5,34
15,14010.0,15152.0,"(117.59107780157031, 171.95182012847965, 274.11777301927197)",0.9246304118268216,476.51125824,365.5491985187545,0.807087087358568,23.540354581640276,15.199478093300154,9.647226770619852,0.634707765056242,0.6456775338955436,0.40981654448586646,0.2646093357932276,0.2601137430336963,20240305_P013T_C002,P013T_C002,20240305,40x,0.324,0.324,0.324,34,0.5783180932538534,"(125.37956178809428, 184.24942400814876, 227.64596239817408)",15.7782369032097,3,34
16,20102.0,22083.0,"(127.8063874241369, 138.32693264351806, 250.9000099492588)",0.9102929855544989,683.713726848,449.78330923722547,0.8344436010257817,24.808991177041978,16.542162657642507,12.349621656661627,0.7465542391433373,0.6667809480681536,0.4977881433602934,0.33191565016686236,0.3716258486209184,20240305_P013T_C002,P013T_C002,20240305,40x,0.324,0.324,0.324,34,0.6473404555684926,"(125.37956178809428, 184.24942400814876, 227.64596239817408)",16.69626865732093,3,34
17,15465.0,16598.0,"(121.43465890720982, 221.281021661817, 186.5128354348529)",0.9317387637064707,525.99904416,363.5878281764172,0.8666919415443122,18.939623273226147,16.209841795674222,12.37054727502768,0.7631504015251339,0.855869283239078,0.6531569871569309,0.5590170024405982,0.49845701700775863,20240305_P013T_C002,P013T_C002,20240305,40x,0.324,0.324,0.324,34,0.6042882358595258,"(125.37956178809428, 184.24942400814876, 227.64596239817408)",17.977871057554335,2,34
18,8481.0,9261.0,"(120.24395708053295, 135.40231104822544, 201.853555005306)",0.9157758341431811,288.457671744,246.9695042064784,0.8548610382437242,16.028958186465637,13.2679237931467,9.696671158884893,0.7308356084991632,0.8277471086267933,0.6049470618166853,0.5007431812910355,0.44211685403257817,20240305_P013T_C002,P013T_C002,20240305,40x,0.324,0.324,0.324,34,0.5962429532468443,"(125.37956178809428, 184.24942400814876, 227.64596239817408)",17.97444763591038,4,34
19,15506.0,16782.0,"(132.22610602347478, 133.22197858893333, 175.89662066296918)",0.9239661542128471,527.393545344,374.30071955262406,0.8433736008184495,20.207062428573295,16.970424077257057,10.981805149393496,0.6471143619864386,0.839826379378155,0.5434637116706754,0.45641516129579696,0.35168317304055097,20240305_P013T_C002,P013T_C002,20240305,40x,0.324,0.324,0.324,34,0.6772034190775323,"(125.37956178809428, 184.24942400814876, 227.64596239817408)",23.651267047394192,3,34
20,3265.0,3674.0,"(126.55283307810107, 413.69617151607963, 483.07442572741195)",0.8886771910724006,111.04991136,136.75650618366836,0.8169866091553182,15.510566786037993,8.508823338143142,6.166671511903639,0.7247384587549065,0.5485823603688327,0.3975787343538365,0.21810468052428073,0.2881405991693259,20240305_P013T_C002,P013T_C002,20240305,40x,0.324,0.324,0.324,34,0.6388704937709532,"(125.37956178809428, 184.24942400814876, 227.64596239817408)",111.2461850549503,0,34
21,27125.0,29381.0,"(151.96210138248847, 229.008, 218.1249400921659)",0.9232156836050509,922.581576,540.6970961006243,0.8476175475878872,27.280668586875443,16.360084436609075,14.983810606543985,0.9158761169358397,0.5996951425332665,0.549246458488653,0.32938043320924465,0.5030417136413494,20240305_P013T_C002,P013T_C002,20240305,40x,0.324,0.324,0.324,34,0.8105547390708682,"(125.37956178809428, 184.24942400814876, 227.64596239817408)",17.146340207792992,4,34
22,15257.0,16592.0,"(147.12944877761026, 213.40558432195058, 257.44602477551285)",0.919539537126326,518.924501568,398.2951989554011,0.7840585665861057,23.89878015480879,17.951863127404014,8.668864274991,0.48289496268260534,0.7511623192111683,0.3627325001040564,0.27247098603142833,0.1751616971015164,20240305_P013T_C002,P013T_C002,20240305,40x,0.324,0.324,0.324,34,0.7779016809297992,"(125.37956178809428, 184.24942400814876, 227.64596239817408)",15.235522476689724,3,34
23,20256.0,21742.0,"(155.25083925750394, 163.0820003949447, 264.0279917061611)",0.9316530218011223,688.951609344,453.3172865690066,0.8321615715197977,23.938658733425644,18.323656929796773,11.15374725645412,0.6087074921336582,0.7654420882073638,0.46593033388625477,0.35664268772904917,0.28361528504890016,20240305_P013T_C002,P013T_C002,20240305,40x,0.324,0.324,0.324,34,0.8327759409290808,"(125.37956178809428, 184.24942400814876, 227.64596239817408)",16.722936315884986,3,34
24,15598.0,16976.0,"(148.87453519682012, 205.57494550583408, 188.0301961789973)",0.9188265786993403,530.522669952,371.66029555680836,0.852721580805813,20.14410645225965,15.93269667708868,11.986231519599526,0.7523040049356995,0.7909358856322685,0.59502423440852,0.4706260198145653,0.44763911457932803,20240305_P013T_C002,P013T_C002,20240305,40x,0.324,0.324,0.324,34,0.7896928053839196,"(125.37956178809428, 184.24942400814876, 227.64596239817408)",16.445036687119707,3,34
25,14169.0,15467.0,"(153.95864210600607, 150.08786788058438, 177.42536523396146)",0.9160793948406284,481.91920185600003,346.26645024064044,0.8584661929211178,19.34936897526336,14.408863554965532,12.572536917936011,0.8725557619430234,0.7446683958213896,0.6497646995108216,0.48385923644609075,0.5669559324653447,20240305_P013T_C002,P013T_C002,20240305,40x,0.324,0.324,0.324,34,0.8240448790946356,"(125.37956178809428, 184.24942400814876, 227.64596239817408)",21.74878599516284,5,34
26,17070.0,18861.0,"(164.15518453427066, 145.99888693614528, 220.40720562390158)",0.9050421504692222,580.58866368,407.5875827353875,0.8257378921828666,24.628896409093176,14.067580865700183,12.559790692748463,0.8928180909463943,0.5711819414087237,0.5099615705115919,0.2912808398886528,0.45530291584018456,20240305_P013T_C002,P013T_C002,20240305,40x,0.324,0.324,0.324,34,0.8929404360423693,"(125.37956178809428, 184.24942400814876, 227.64596239817408)",17.802472126215196,2,34
27,2377.0,2716.0,"(153.26966764829618, 247.470340765671, 431.15776188472864)",0.8751840942562592,80.847056448,105.57408037694438,0.8564518640645332,10.653487203771242,7.755096344677352,7.396244782769787,0.953727001450619,0.7279397061585727,0.6942557531914603,0.5053763289770902,0.6621304577311323,20240305_P013T_C002,P013T_C002,20240305,40x,0.324,0.324,0.324,34,0.8193896462722715,"(125.37956178809428, 184.24942400814876, 227.64596239817408)",69.63497581143167,0,34
28,17761.0,18950.0,"(164.5548674061145, 176.6798603682225, 184.24632622037046)",0.9372559366754617,604.091110464,394.1857488634461,0.876701000258843,20.40019805022442,15.833319496413367,13.293581035960928,0.8395953254762685,0.7761355775778453,0.6516398028701827,0.5057608347733626,0.5471137323840825,20240305_P013T_C002,P013T_C002,20240305,40x,0.324,0.324,0.324,34,0.8956409959872602,"(125.37956178809428, 184.24942400814876, 227.64596239817408)",19.100978302270693,2,34
29,2831.0,3080.0,"(159.05121865065348, 165.55068880254328, 365.3073119039209)",0.9191558441558442,96.288606144,114.05574929855503,0.890738469463897,10.777640326030943,8.480147358519151,7.5108787821998035,0.8857014465266785,0.7868278307671189,0.6968945478778859,0.548336025380189,0.617240509131999,20240305_P013T_C002,P013T_C002,20240305,40x,0.324,0.324,0.324,34,0.8584541800719829,"(125.37956178809428, 184.24942400814876, 227.64596239817408)",46.315083570172405,0,34
30,3285.0,3560.0,"(162.31750380517505, 45.67305936073059, 396.2879756468798)",0.922752808988764,111.73015584000001,124.35119435635535,0.9021548742966495,10.771376319652784,8.988072359041231,8.1708761135997,0.9090799213894287,0.8344404737435598,0.7585730802749531,0.6329840804737433,0.6896035561844912,20240305_P013T_C002,P013T_C002,20240305,40x,0.324,0.324,0.324,34,0.8805236743592909,"(125.37956178809428, 184.24942400814876, 227.64596239817408)",71.72627452737024,0,34
31,14856.0,15932.0,"(168.43302369413033, 199.34901723209478, 239.5632067851373)",0.9324629676123525,505.285599744,357.2683347702904,0.8587120284055026,21.49488827275943,13.989668165830762,12.05482426638735,0.8616947967236852,0.6508369798581337,0.5608228390591118,0.3650042428086965,0.48325812230104126,20240305_P013T_C002,P013T_C002,20240305,40x,0.324,0.324,0.324,34,0.9218447546900698,"(125.37956178809428, 184.24942400814876, 227.64596239817408)",15.27830584001083,2,34
32,3061.0,3391.0,"(167.58804312316238, 308.29336818033323, 404.34890558640967)",0.9026835741669124,104.111417664,123.21885245982017,0.8685720928762574,11.635262384011673,9.321346763555148,6.919248779139573,0.7423014028608653,0.801129055444754,0.5946792217292408,0.47641480319656804,0.44143122054182304,20240305_P013T_C002,P013T_C002,20240305,40x,0.324,0.324,0.324,34,0.916135426507854,"(125.37956178809428, 184.24942400814876, 227.64596239817408)",71.27439319055041,0,34
33,2500.0,2863.0,"(168.2048, 299.0288, 255.642)",0.8732099196646874,85.03056000000001,110.117667859568,0.8492009648920169,10.11114272413283,8.330998433826299,7.49363566687089,0.8994883058007226,0.8239423239415105,0.7411264850396594,0.6106454784181801,0.6666346064123678,20240305_P013T_C002,P013T_C002,20240305,40x,0.324,0.324,0.324,34,0.9203027027027028,"(125.37956178809428, 184.24942400814876, 227.64596239817408)",40.71596544019914,0,34
34,1822.0,1956.0,"(168.7047200878156, 261.1009879253568, 153.86443468715697)",0.9314928425357873,61.970272128,83.14586348950087,0.9108196931332695,8.485954700042736,7.928217409411327,6.508069906730455,0.8208742988057994,0.9342752453499898,0.7669225369182892,0.7165167413437713,0.6295469997311656,20240305_P013T_C002,P013T_C002,20240305,40x,0.324,0.324,0.324,34,0.9236805411338891,"(125.37956178809428, 184.24942400814876, 227.64596239817408)",37.26274129075277,0,34
1,8727.0,11265.0,"(30.252549558840382, 68.06932508307551, 79.3017073450212)",0.7747003994673768,296.824678848,311.2226467160497,0.691426897904436,18.47221200692104,12.351673942841778,10.314748362605213,0.8350891069775175,0.6686624178097317,0.5583927013581566,0.37337621377745234,0.4663076623199466,20240305_P013T_A011a,P013T_A011a,20240305,40x,0.324,0.324,0.324,8,0.09889962357343568,"(84.82592633722007, 80.46625948547103, 75.07176753655376)",18.18396370023598,0,8
2,15670.0,16894.0,"(51.495405232929166, 62.99412890874282, 49.225398851308235)",0.927548241979401,532.97155008,368.3875692984939,0.8629424672434736,19.274786718320474,16.53237913351951,11.973853118077372,0.7242667870954099,0.8577204705360326,0.6212184494210956,0.5328317807431266,0.4499278904466093,20240305_P013T_A011a,P013T_A011a,20240305,40x,0.324,0.324,0.324,8,0.2574283972606654,"(84.82592633722007, 80.46625948547103, 75.07176753655376)",14.791704533267525,0,8
3,17041.0,18204.0,"(56.338301742855464, 103.19277037732527, 58.67724898773546)",0.9361129422105032,579.602309184,386.2222885500663,0.8704293560902228,20.756137165122812,14.456197385715951,13.863798715179549,0.9590211274285901,0.6964782160915353,0.6679373240255573,0.4652037958982739,0.6405660055386255,20240305_P013T_A011a,P013T_A011a,20240305,40x,0.324,0.324,0.324,8,0.2935694159914587,"(84.82592633722007, 80.46625948547103, 75.07176753655376)",12.947111719238782,0,8
4,15499.0,17526.0,"(62.305116459126396, 97.71617523711207, 116.36763662171754)",0.8843432614401461,527.155459776,407.35710373670895,0.7747019269586322,22.830222724068044,17.823205614134075,9.743794954105722,0.5466914967517821,0.7806847015708052,0.42679368799296175,0.33319130294308863,0.23332448009308532,20240305_P013T_A011a,P013T_A011a,20240305,40x,0.324,0.324,0.324,8,0.3380978840233313,"(84.82592633722007, 80.46625948547103, 75.07176753655376)",16.232675735571778,0,8
5,15830.0,17151.0,"(68.69222994314593, 45.8481364497789, 98.44491471888819)",0.9229782519969681,538.41350592,396.936326417642,0.8063196470533242,24.001388834763148,16.12938527289493,10.009890624411025,0.6205996356992242,0.6720188312408588,0.4170546418510954,0.2802685729803481,0.25882395879946024,20240305_P013T_A011a,P013T_A011a,20240305,40x,0.324,0.324,0.324,8,0.38576291002347707,"(84.82592633722007, 80.46625948547103, 75.07176753655376)",14.507874200253358,0,8
6,21619.0,23558.0,"(105.81511633285535, 58.764512697164534, 58.03399787224201)",0.9176925036081162,735.3102706560001,490.65379055467054,0.802951636493686,25.341170789241204,19.60360761632649,10.62792903470465,0.5421414896028313,0.7735872892127524,0.4193937653116178,0.32443768602014367,0.22737076065618064,20240305_P013T_A011a,P013T_A011a,20240305,40x,0.324,0.324,0.324,8,0.6627993756183236,"(84.82592633722007, 80.46625948547103, 75.07176753655376)",11.23209218864863,0,8
7,24522.0,26249.0,"(116.14342223309681, 117.28048283174293, 67.75662670255281)",0.9342070174101871,834.047756928,495.3423421543059,0.8650461620710936,22.939003223143732,18.484529800401518,14.150605962948358,0.765537782986559,0.8058122500175603,0.6168797233818538,0.4970892378885418,0.472244735807106,20240305_P013T_A011a,P013T_A011a,20240305,40x,0.324,0.324,0.324,8,0.739876285321618,"(84.82592633722007, 80.46625948547103, 75.07176753655376)",15.83821192189511,0,8
8,16167.0,18368.0,"(138.43650646378424, 70.67804787530154, 86.52452526752026)",0.8801720383275261,549.875625408,394.43054870831105,0.8229179964228074,20.25086960966306,17.371882145861505,11.649839196572847,0.6706146805945367,0.8578338847025219,0.5752759965929523,0.493491242933447,0.3857885287088864,20240305_P013T_A011a,P013T_A011a,20240305,40x,0.324,0.324,0.324,8,0.9062425855506288,"(84.82592633722007, 80.46625948547103, 75.07176753655376)",18.042666774866753,0,8
1,10395.0,12467.0,"(32.656661856661856, 298.1296777296777, 111.05406445406446)",0.8338012352610893,353.55706848,310.753117514065,0.7781111640334322,17.095500949525047,15.100849023068367,10.286885246273263,0.681212376241813,0.8833229905139401,0.6017305533570256,0.5315224318749359,0.4099063001096405,20240305_P013T_A010,P013T_A010,20240305,40x,0.324,0.324,0.324,12,0.14245973694249556,"(72.66280130152546, 279.24808845192933, 129.77363601534634)",15.563565086380914,0,12
2,9657.0,12198.0,"(33.153153153153156, 254.31562597079838, 122.75996686341514)",0.7916871618298081,328.456047168,317.0608499978983,0.7260942756999323,18.81223673071848,14.506566746612108,9.451137579673572,0.6515075375695499,0.7711239739464022,0.5023930814266663,0.38740734943290933,0.3273128793722658,20240305_P013T_A010,P013T_A010,20240305,40x,0.324,0.324,0.324,12,0.14588381484933208,"(72.66280130152546, 279.24808845192933, 129.77363601534634)",15.30649363650184,0,12
3,8141.0,9276.0,"(39.81058837980592, 300.549686770667, 152.21840068787617)",0.8776412246658042,276.893515584,251.34553451248502,0.8173752331467622,15.102865359971885,11.961402419619198,11.356281315023882,0.9494105219967526,0.7919955673657323,0.7519289250318141,0.5955243755992767,0.7138892332189117,20240305_P013T_A010,P013T_A010,20240305,40x,0.324,0.324,0.324,12,0.19179716124004084,"(72.66280130152546, 279.24808845192933, 129.77363601534634)",14.622394769204712,0,12
4,25269.0,29189.0,"(55.23542680755075, 254.87423325022755, 92.05298982943528)",0.8657028332591045,859.454888256,577.4162354281373,0.7570836331281371,29.300521049607067,18.997539177092726,11.218692185194694,0.5905339676163015,0.6483686465823956,0.3828837093443136,0.24824979242601994,0.22610583601474424,20240305_P013T_A010,P013T_A010,20240305,40x,0.324,0.324,0.324,12,0.29817535729345346,"(72.66280130152546, 279.24808845192933, 129.77363601534634)",15.60807694861044,0,12
5,23340.0,26167.0,"(63.976392459297344, 253.16101113967437, 145.7630676949443)",0.8919631597049719,793.8453081600001,525.0308472416992,0.7896898555090537,29.407045842119967,15.984304559955994,12.236068846327875,0.7655052367421583,0.5435535635157727,0.4160930993211854,0.22616888689035267,0.3185214465026424,20240305_P013T_A010,P013T_A010,20240305,40x,0.324,0.324,0.324,12,0.35845787902963683,"(72.66280130152546, 279.24808845192933, 129.77363601534634)",10.305294715569032,0,12
6,25984.0,30466.0,"(81.06577124384236, 313.73568349753697, 100.4600138546798)",0.8528851834832272,883.7736284160001,588.687253789843,0.756531212650987,24.688935164402533,23.083587900732763,11.46148149192349,0.49652079829235113,0.9349770553902048,0.4642355539273763,0.43404959121845893,0.23050260783171272,20240305_P013T_A010,P013T_A010,20240305,40x,0.324,0.324,0.324,12,0.476315663750637,"(72.66280130152546, 279.24808845192933, 129.77363601534634)",14.915591030355413,0,12
7,12729.0,15913.0,"(77.04155864561238, 273.95215649304737, 177.2910676408202)",0.7999120216175454,432.941599296,365.3844984394649,0.7574492691926171,21.07103244615179,14.239179153923947,11.30422064235603,0.7938814815207155,0.6757703586814254,0.5364815735177952,0.36253834536209595,0.42590278639287193,20240305_P013T_A010,P013T_A010,20240305,40x,0.324,0.324,0.324,12,0.4485624734180164,"(72.66280130152546, 279.24808845192933, 129.77363601534634)",15.555802213431699,1,12
8,25155.0,27189.0,"(84.45978930630093, 317.32299741602066, 139.7349632279865)",0.925190334326382,855.57749472,531.664663833134,0.8197584386629132,26.583689469287155,19.624779172269434,11.840569871207357,0.6033479290273256,0.7382263171160822,0.445407319585458,0.32881140515411844,0.2687355838454983,20240305_P013T_A010,P013T_A010,20240305,40x,0.324,0.324,0.324,12,0.49972268487104093,"(72.66280130152546, 279.24808845192933, 129.77363601534634)",13.312006980204801,0,12
9,16049.0,18086.0,"(92.2683033210792, 246.9860427440962, 109.46787961866782)",0.8873714475284751,545.862182976,412.663121172734,0.7827272811449512,25.837291963802073,14.787454036983934,10.464296288011559,0.70764691892465,0.5723298733358391,0.4050074714746417,0.23179787484915018,0.2866022893304933,20240305_P013T_A010,P013T_A010,20240305,40x,0.324,0.324,0.324,12,0.5535745056626152,"(72.66280130152546, 279.24808845192933, 129.77363601534634)",13.888754402177598,0,12
10,11065.0,12035.0,"(90.50772706732941, 293.3906913691821, 172.83931314957073)",0.9194017449106772,376.34525856,306.23159778958535,0.8231742122683992,21.63774386123848,12.86061572990921,9.707819675435765,0.7548487474716188,0.5943602906284291,0.448652120927737,0.26666100498567086,0.3386644915327875,20240305_P013T_A010,P013T_A010,20240305,40x,0.324,0.324,0.324,12,0.5414326004643408,"(72.66280130152546, 279.24808845192933, 129.77363601534634)",15.783513395858328,1,12
11,12481.0,14174.0,"(97.02924445156638, 250.32064738402372, 163.72045509173944)",0.8805559475095245,424.506567744,339.56062205286725,0.804432756059133,19.59441151250898,16.240452286089987,9.66523353643002,0.5951332737640768,0.8288308263671077,0.4932648030924419,0.40883307436491734,0.29355829709699766,20240305_P013T_A010,P013T_A010,20240305,40x,0.324,0.324,0.324,12,0.5864085824245957,"(72.66280130152546, 279.24808845192933, 129.77363601534634)",16.466427579961866,0,12
12,5056.0,7758.0,"(136.13548259493672, 285.51760284810126, 128.09276107594937)",0.6517143593709719,171.965804544,247.48065463391515,0.604279135107589,19.83319819688226,12.961092075635099,5.603368475347822,0.4323222489778705,0.6535048935109495,0.2825247052806975,0.18463127743867466,0.12214171597876121,20240305_P013T_A010,P013T_A010,20240305,40x,0.324,0.324,0.324,12,0.8561067765168049,"(72.66280130152546, 279.24808845192933, 129.77363601534634)",20.672402070815178,0,12
1,3270.0,3762.0,"(15.542507645259938, 131.88562691131497, 112.02385321100917)",0.8692185007974481,111.21997248,135.43025691418327,0.8258292815886239,11.195108264604533,9.347415638185982,7.776712721177522,0.8319639376479807,0.8349553588275351,0.6946527480904388,0.5800040345423857,0.5779260355993123,20241009_P013T_A004,P013T_A004,20241009,40x,0.324,0.324,0.324,18,0.05372646317773546,"(108.62455617913183, 120.59024871589297, 120.92223553562461)",30.516318936493413,2,18
2,8005.0,12011.0,"(20.091692692067458, 105.1156777014366, 122.12292317301686)",0.6664724002997252,272.26785312,340.6324751387382,0.5963881223527538,18.92863504863612,17.015749603432212,8.008679694032592,0.4706627613053954,0.8989422406692902,0.42309863724746744,0.38034123699136163,0.19913677291144286,20241009_P013T_A004,P013T_A004,20241009,40x,0.324,0.324,0.324,18,0.08233768988721671,"(108.62455617913183, 120.59024871589297, 120.92223553562461)",29.1221248514742,3,18
3,9318.0,13368.0,"(23.176754668383772, 140.35576303927883, 139.5099806825499)",0.6970377019748654,316.925903232,364.76086583206387,0.6162842152520289,24.711509930343393,14.696242006409033,7.111515367744996,0.4839002627095868,0.5947124254177378,0.2877814988962989,0.17114723319896993,0.13925754291887768,20241009_P013T_A004,P013T_A004,20241009,40x,0.324,0.324,0.324,18,0.10174059539864008,"(108.62455617913183, 120.59024871589297, 120.92223553562461)",29.047294087411625,1,18
4,1422.0,1927.0,"(20.86849507735584, 102.24542897327707, 132.62165963431787)",0.737934613388687,48.365382528,92.74402855126854,0.6921835160487174,9.139928139568612,8.830891432153631,4.883698555034157,0.5530244135096503,0.9661882782122654,0.5343257058982368,0.5162592337863707,0.29549516012750227,20241009_P013T_A004,P013T_A004,20241009,40x,0.324,0.324,0.324,18,0.08722323948022538,"(108.62455617913183, 120.59024871589297, 120.92223553562461)",29.293856125591017,2,18
5,8275.0,12412.0,"(44.17679758308157, 118.0055589123867, 66.62549848942598)",0.6666935223976796,281.4511536,312.2075058014983,0.6652366074812189,26.46430781606958,11.729557226293068,8.324619775428804,0.7097130449876037,0.4432217652475565,0.31456026861862424,0.1394199575338922,0.22324752607344236,20241009_P013T_A004,P013T_A004,20241009,40x,0.324,0.324,0.324,18,0.23381633700051305,"(108.62455617913183, 120.59024871589297, 120.92223553562461)",27.316735451544943,0,18
6,2359.0,4016.0,"(41.79270877490462, 78.28401865197118, 97.24586689275117)",0.5874003984063745,80.23483641600001,149.38443859379504,0.6022184816009629,13.838823652372552,9.989440277203828,6.527483865495174,0.6534383993857061,0.7218417206646911,0.4716790985609598,0.34047765210681363,0.3082132351873663,20241009_P013T_A004,P013T_A004,20241009,40x,0.324,0.324,0.324,18,0.21882206776669572,"(108.62455617913183, 120.59024871589297, 120.92223553562461)",26.750871907060585,2,18
7,9924.0,12810.0,"(63.75574365175333, 64.84028617492946, 82.48659814590891)",0.7747072599531616,337.537310976,345.27084649641574,0.6790035930605911,20.928407107506285,16.712039759366522,7.6955500783750574,0.4604794022262882,0.7985337667371971,0.3677083515646508,0.2936275350356461,0.16932212192210422,20241009_P013T_A004,P013T_A004,20241009,40x,0.324,0.324,0.324,18,0.3569543625896436,"(108.62455617913183, 120.59024871589297, 120.92223553562461)",26.31902652181928,2,18
8,8945.0,11079.0,"(67.8581330352152, 97.00268306316377, 182.02638345444382)",0.8073833378463761,304.23934368,322.8446810310371,0.6775906519663147,22.904058296474627,15.268954613614452,6.719212120721949,0.4400571152874351,0.6666484347869756,0.2933633871232402,0.1955702428495137,0.12909664586840416,20241009_P013T_A004,P013T_A004,20241009,40x,0.324,0.324,0.324,18,0.38275555368059877,"(108.62455617913183, 120.59024871589297, 120.92223553562461)",24.996324718709847,0,18
9,20826.0,24575.0,"(81.92341304139057, 87.4765197349467, 58.638624795928166)",0.8474465920651069,708.338577024,549.6540302859119,0.699125759599142,30.930398131720228,18.02085775015922,9.94977730294583,0.5521256224808677,0.582626116657651,0.32168280733321625,0.18742080483208312,0.1776093202402451,20241009_P013T_A004,P013T_A004,20241009,40x,0.324,0.324,0.324,18,0.47121643422258225,"(108.62455617913183, 120.59024871589297, 120.92223553562461)",24.437243869165457,1,18
10,9221.0,11731.0,"(88.99793948595597, 134.0906626179373, 185.4895347576185)",0.7860369959935214,313.626717504,353.46879780595833,0.6315509752386472,25.283610767757537,17.3208255563293,5.724111021605097,0.33047564638242183,0.6850613907732422,0.2263961059274281,0.15509523119229016,0.07481839944483004,20241009_P013T_A004,P013T_A004,20241009,40x,0.324,0.324,0.324,18,0.5157103112324275,"(108.62455617913183, 120.59024871589297, 120.92223553562461)",22.298171943447347,0,18
11,16769.0,22183.0,"(111.99916512612559, 191.78895581131852, 104.9602838571173)",0.7559392327457963,570.3509842560001,507.5291571894659,0.6553167330597066,32.93801732280895,18.316171308433084,8.262973670167437,0.4511299622079326,0.5560799585756937,0.25086433069684144,0.1395006266220187,0.11317241602658439,20241009_P013T_A004,P013T_A004,20241009,40x,0.324,0.324,0.324,18,0.6603721077114817,"(108.62455617913183, 120.59024871589297, 120.92223553562461)",23.66626008746416,1,18
12,16063.0,19314.0,"(117.42046940173068, 183.31388906181908, 138.9881715744257)",0.8316765040902971,546.338354112,472.093143615421,0.6845905366307445,31.1431083378393,17.4187062320737,7.746512403012351,0.4447237527175477,0.5593117438091346,0.24873921764579396,0.1391227655751889,0.11062023831946435,20241009_P013T_A004,P013T_A004,20241009,40x,0.324,0.324,0.324,18,0.6944683610171741,"(108.62455617913183, 120.59024871589297, 120.92223553562461)",21.339775378310655,1,18
13,17698.0,23541.0,"(133.77703695332806, 77.13267035823257, 169.93858063057974)",0.7517947410900132,601.9483403520001,523.1949671241116,0.6589615094181018,32.18201307677508,17.99357906540932,8.936761838807604,0.4966639380815319,0.5591191272740741,0.2776943076086509,0.15526419891912716,0.13792074839973686,20241009_P013T_A004,P013T_A004,20241009,40x,0.324,0.324,0.324,18,0.7973398550523778,"(108.62455617913183, 120.59024871589297, 120.92223553562461)",22.735037502436413,1,18
14,20870.0,26246.0,"(142.47623382846191, 58.1379971250599, 145.2422616195496)",0.7951687876247809,709.83511488,544.9645003705712,0.7061347183471536,26.353019894974043,20.45288242408909,11.037827750722256,0.539671011735836,0.7761115236736035,0.4188448912007748,0.325070346692738,0.22603844619470825,20241009_P013T_A004,P013T_A004,20241009,40x,0.324,0.324,0.324,18,0.8520517850846662,"(108.62455617913183, 120.59024871589297, 120.92223553562461)",24.327380884479165,1,18
15,14637.0,20872.0,"(142.5022887203662, 67.80679100908657, 88.5259274441484)",0.701274434649291,497.836922688,478.4357387309005,0.6349193746708114,31.071579530354132,18.36959940296164,8.52182026630503,0.46390887897811744,0.5912026256990314,0.2742641473369572,0.1621456840407151,0.12723357313497705,20241009_P013T_A004,P013T_A004,20241009,40x,0.324,0.324,0.324,18,0.8522156523293473,"(108.62455617913183, 120.59024871589297, 120.92223553562461)",22.872001878652934,0,18
16,23110.0,25904.0,"(143.08398961488533, 161.50995240155777, 79.05473820856771)",0.8921402100061766,786.02249664,553.4570167651705,0.7442009339654327,28.455452306379946,21.816110987364286,9.398290466778198,0.4307958678896349,0.7666759520274058,0.3302808321437584,0.2532183714202198,0.1422836177306812,20241009_P013T_A004,P013T_A004,20241009,40x,0.324,0.324,0.324,18,0.8558741485212914,"(108.62455617913183, 120.59024871589297, 120.92223553562461)",22.009980903494277,1,18
17,14960.0,19652.0,"(146.3976604278075, 128.09411764705882, 175.4446524064171)",0.7612456747404844,508.82287104,487.2561398208134,0.6325641188347284,27.22308130668936,21.2313974515317,7.5611309712893515,0.35612968899246283,0.7799042735957534,0.2777470663995483,0.2166161240636912,0.09891397637544004,20241009_P013T_A004,P013T_A004,20241009,40x,0.324,0.324,0.324,18,0.8767148454579088,"(108.62455617913183, 120.59024871589297, 120.92223553562461)",21.627599197420462,0,18
18,21334.0,24015.0,"(153.86706665416705, 165.82975532014623, 125.60579356895097)",0.8883614407661878,725.6167868160001,519.6876614173611,0.7514151256059958,30.600926325924615,17.310352878439367,10.275469181435959,0.5936025252399334,0.5656806821489686,0.3357894814030759,0.18994962289854037,0.1993254841098735,20241009_P013T_A004,P013T_A004,20241009,40x,0.324,0.324,0.324,18,0.9236922431079688,"(108.62455617913183, 120.59024871589297, 120.92223553562461)",20.785132655567537,1,18
1,1286.0,2112.0,"(35.58631415241057, 121.04898911353033, 114.13919129082426)",0.6089015151515151,43.739720064000004,98.48724413099569,0.6095670343003262,11.278203553924339,6.351689969507724,5.645762563211867,0.8888599082000583,0.5631827745561131,0.5005905892918008,0.28192399699403603,0.44495490524372316,20241009_P013T_A006,P013T_A006,20241009,40x,0.324,0.324,0.324,30,0.03541029114199234,"(154.77355485607092, 127.59487988808246, 118.18238917359648)",38.69704207702893,0,30
2,1561.0,2165.0,"(50.005765534913515, 145.58424087123637, 85.64125560538116)",0.7210161662817552,53.093081664,102.91743495208229,0.6637743406837114,11.450321154435706,7.632247660764361,4.875352444634192,0.6387833127713168,0.6665531523373672,0.4257830307882276,0.2838070213836514,0.27198309492871564,20241009_P013T_A006,P013T_A006,20241009,40x,0.324,0.324,0.324,30,0.11293422330598665,"(154.77355485607092, 127.59487988808246, 118.18238917359648)",36.01917218662405,0,30
3,1639.0,2316.0,"(62.36363636363637, 135.07321537522878, 158.32763880414888)",0.707685664939551,55.746035136,121.48483445341695,0.5809044647323647,12.043283860684104,8.26414517770635,4.801028150862666,0.5809467340692525,0.6862036362594641,0.398647761391381,0.27355354345346083,0.23159311502434138,20241009_P013T_A006,P013T_A006,20241009,40x,0.324,0.324,0.324,30,0.1793743890518084,"(154.77355485607092, 127.59487988808246, 118.18238917359648)",32.7338782720557,0,30
4,11160.0,12089.0,"(92.91827956989248, 60.26424731182796, 153.61505376344087)",0.9231532798411779,379.57641984,304.4320151104016,0.8327729669965391,18.184477684566694,15.859649377215078,9.342085051128938,0.5890473886863058,0.8721531435942911,0.5137395317687699,0.44805954762079186,0.3026169296533194,20241009_P013T_A006,P013T_A006,20241009,40x,0.324,0.324,0.324,30,0.3436466643542606,"(154.77355485607092, 127.59487988808246, 118.18238917359648)",31.770117149423612,0,30
5,9271.0,11370.0,"(96.6633588609643, 132.09319383022327, 45.59076690756121)",0.815391380826737,315.327328704,306.95749219329184,0.7298724330944395,19.545189527552687,16.033056481436528,7.549835065392199,0.470891814928338,0.820307035592306,0.3862758687885457,0.3168648128467745,0.18189414491685882,20241009_P013T_A006,P013T_A006,20241009,40x,0.324,0.324,0.324,30,0.3637814992524962,"(154.77355485607092, 127.59487988808246, 118.18238917359648)",30.162596073669796,0,30
6,10660.0,12146.0,"(101.43058161350844, 165.57617260787993, 169.4779549718574)",0.8776551951259673,362.57030784,317.14163611632057,0.7753402899553833,19.34362682115264,15.540269163963833,8.783182992006157,0.5651886012613854,0.8033792890881373,0.4540608166820905,0.36478305610883693,0.25662999786815305,20241009_P013T_A006,P013T_A006,20241009,40x,0.324,0.324,0.324,30,0.3894117291048841,"(154.77355485607092, 127.59487988808246, 118.18238917359648)",26.951048506349398,2,30
7,7735.0,9340.0,"(97.8262443438914, 180.1935358758888, 146.8792501616031)",0.8281584582441114,263.08455264,253.82696242355593,0.7822458558582939,16.402229425052933,12.509044937543264,9.780725443416074,0.7818922621391571,0.7626429684270127,0.5963046357879188,0.45476753752408705,0.466245980600282,20241009_P013T_A006,P013T_A006,20241009,40x,0.324,0.324,0.324,30,0.37003357174135165,"(154.77355485607092, 127.59487988808246, 118.18238917359648)",26.782719984710432,1,30
8,12965.0,14318.0,"(103.29888160431932, 182.79143848823756, 84.78241419205554)",0.905503561949993,440.96848416,349.6113620290307,0.8013771479890428,20.27530628107663,15.762270317807218,9.878671751825319,0.6267289897106395,0.7774121929057356,0.4872267582485445,0.3787760225723536,0.3053591339571003,20241009_P013T_A006,P013T_A006,20241009,40x,0.324,0.324,0.324,30,0.3994563527113942,"(154.77355485607092, 127.59487988808246, 118.18238917359648)",26.741014509119672,1,30
9,10906.0,12952.0,"(109.32404181184668, 39.987071336878785, 104.0759215110948)",0.8420321185917233,370.937314944,378.8960211787069,0.6589175815220979,21.448061712400296,20.621845801610707,6.29442530878056,0.3052309366162035,0.9614782947816721,0.29347292045235995,0.28216784312113236,0.08957701438116641,20241009_P013T_A006,P013T_A006,20241009,40x,0.324,0.324,0.324,30,0.43184968716046607,"(154.77355485607092, 127.59487988808246, 118.18238917359648)",32.30229431070958,0,30
10,12885.0,14457.0,"(112.0441598758246, 103.48614668218859, 183.925572370974)",0.8912637476654908,438.24750624,340.28672640739126,0.8199463141592154,21.220183539791492,13.245210632504714,11.276526361601489,0.8513663296473422,0.6241798336789909,0.5314056940391709,0.33169271772143843,0.4524209152878274,20241009_P013T_A006,P013T_A006,20241009,40x,0.324,0.324,0.324,30,0.446473977827014,"(154.77355485607092, 127.59487988808246, 118.18238917359648)",26.57826792502809,0,30
11,13930.0,14963.0,"(126.65175879396985, 167.8259152907394, 58.066475233309404)",0.9309630421706877,473.79028032,354.7903062190303,0.8283931083933022,20.020007890016373,17.746054455510475,9.429609124837963,0.5313636982506778,0.8864159571265764,0.47100926116719183,0.41751012505299795,0.2502772229241184,20241009_P013T_A006,P013T_A006,20241009,40x,0.324,0.324,0.324,30,0.5250094558815583,"(154.77355485607092, 127.59487988808246, 118.18238917359648)",25.145603747133862,2,30
12,14300.0,15465.0,"(141.8111888111888, 188.7804195804196, 114.6637062937063)",0.9246686065308761,486.37480320000003,389.79211238109883,0.7672998674040251,25.03742686021332,16.596674465834468,8.390191120239955,0.5055344754463799,0.662874606024633,0.33510596624338856,0.22213323535009016,0.16940761886380373,20241009_P013T_A006,P013T_A006,20241009,40x,0.324,0.324,0.324,30,0.6065117678020904,"(154.77355485607092, 127.59487988808246, 118.18238917359648)",20.296148079871564,1,30
13,17935.0,19639.0,"(145.71614162252578, 153.90722051853916, 174.7849456370226)",0.9132338713783797,610.00923744,447.9625612545259,0.7764854934060919,27.76620441970146,16.812776868090634,9.363319456463438,0.5569168930228476,0.6055122484138005,0.3372200000738924,0.20419084045484456,0.1878035147063166,20241009_P013T_A006,P013T_A006,20241009,40x,0.324,0.324,0.324,30,0.627506137755515,"(154.77355485607092, 127.59487988808246, 118.18238917359648)",20.43570869371013,1,30
14,13553.0,15316.0,"(150.04257359994097, 90.93654541429942, 52.817900095919725)",0.884891616610081,460.967671872,409.8621973129185,0.7040874010191934,24.754029870928143,19.22486621410597,7.099660210007743,0.3692956887678349,0.7766358170507104,0.28680825897951234,0.2227455665494453,0.10591705354414258,20241009_P013T_A006,P013T_A006,20241009,40x,0.324,0.324,0.324,30,0.6507665247308655,"(154.77355485607092, 127.59487988808246, 118.18238917359648)",24.3296432605164,0,30
15,16374.0,17554.0,"(154.75125198485404, 56.954256748503724, 159.0576523757176)",0.9327788538224906,556.916155776,393.2163658050989,0.8324901121611863,22.522502257073924,16.823541597780807,10.509135251474493,0.6246684261095626,0.7469659190508828,0.46660602501099796,0.3485387983070193,0.2914740512568593,20241009_P013T_A006,P013T_A006,20241009,40x,0.324,0.324,0.324,30,0.6760819999185701,"(154.77355485607092, 127.59487988808246, 118.18238917359648)",26.44301595541388,1,30
16,13440.0,14431.0,"(165.93958333333333, 244.41041666666666, 7.557440476190476)",0.9313283902709445,457.12429056,271.6530119228731,1.0563936924838786,26.43356461911955,13.990986802340037,9.186551951642576,0.6566050044523017,0.5292886904939138,0.34753360297830926,0.183945605623021,0.2281923029308972,20241009_P013T_A006,P013T_A006,20241009,40x,0.324,0.324,0.324,30,0.7362343189964158,"(154.77355485607092, 127.59487988808246, 118.18238917359648)",52.25189808140953,0,30
17,13787.0,15088.0,"(163.4634800899398, 127.68963516355987, 185.4539058533401)",0.913772534464475,468.92653228800003,353.61840286593156,0.8254405571246719,20.463336512308935,16.691891584809532,9.896907092530745,0.5929170485109927,0.8156974584652491,0.4836409295511336,0.39450467704463027,0.2867589524885711,20241009_P013T_A006,P013T_A006,20241009,40x,0.324,0.324,0.324,30,0.7229219359674183,"(154.77355485607092, 127.59487988808246, 118.18238917359648)",21.97709156582198,2,30
18,11815.0,12913.0,"(164.81819720694034, 178.41743546339399, 84.89589504866694)",0.9149694106714163,401.85442656,322.0062648557268,0.8178349026160833,20.310471169928068,15.206011678023202,9.323537195584976,0.6131481017510994,0.7486784304904462,0.4590507584772095,0.3436814013721661,0.2814661011677034,20241009_P013T_A006,P013T_A006,20241009,40x,0.324,0.324,0.324,30,0.7302053613276362,"(154.77355485607092, 127.59487988808246, 118.18238917359648)",19.951186767611947,2,30
19,12752.0,13865.0,"(167.77948557089084, 160.46267252195733, 64.76999686323714)",0.9197259285971872,433.723880448,335.5093108943656,0.8258891688780228,19.470600879503806,16.5413957410154,9.654601467738118,0.5836630486869342,0.8495575377146216,0.4958553424974812,0.4212576438348006,0.2894124409097838,20241009_P013T_A006,P013T_A006,20241009,40x,0.324,0.324,0.324,30,0.7461262665101658,"(154.77355485607092, 127.59487988808246, 118.18238917359648)",20.752015814156064,3,30
20,4216.0,7034.0,"(161.5740037950664, 50.235056925996204, 110.98268500948767)",0.5993744668751777,143.395536384,216.74513770120254,0.6112588819782101,16.49561602691783,11.377365506786562,7.391203224551673,0.6496410104907717,0.6897205589788694,0.4480707608912926,0.30904361566402966,0.29108514187678824,20241009_P013T_A006,P013T_A006,20241009,40x,0.324,0.324,0.324,30,0.7127634612637979,"(154.77355485607092, 127.59487988808246, 118.18238917359648)",25.26914210554486,0,30
21,11672.0,12484.0,"(174.22027073337904, 128.29566483893078, 54.85889307745031)",0.9349567446331304,396.990678528,308.643964451236,0.8463432641177501,19.272541470476323,15.501103192584498,9.45857634194435,0.6101873024411059,0.8043102782438266,0.4907799190072558,0.39473933321320864,0.2994676748713019,20241009_P013T_A006,P013T_A006,20241009,40x,0.324,0.324,0.324,30,0.7807541437278442,"(154.77355485607092, 127.59487988808246, 118.18238917359648)",21.463700331361473,2,30
22,20518.0,22207.0,"(183.62228287357442, 72.2325762744907, 175.45949897650843)",0.9239429008871076,697.862812032,444.02209793676786,0.8568923074771059,21.73668901334784,16.622254767386153,13.887882135103139,0.8354992947377985,0.764709600306603,0.6389143317353905,0.4885839232515308,0.5338124735627905,20241009_P013T_A006,P013T_A006,20241009,40x,0.324,0.324,0.324,30,0.8313025960944861,"(154.77355485607092, 127.59487988808246, 118.18238917359648)",27.450088223169832,2,30
23,13189.0,14699.0,"(184.9165971643036, 107.28341799984835, 185.15679733110926)",0.8972719232600858,448.587222336,338.7638092375353,0.8365367974864154,19.800058077726284,14.082781298429417,11.856108298780827,0.8418868437659456,0.7112494944785837,0.5987915920366992,0.4258902171341286,0.5041147634933624,20241009_P013T_A006,P013T_A006,20241009,40x,0.324,0.324,0.324,30,0.8382612750769011,"(154.77355485607092, 127.59487988808246, 118.18238917359648)",24.689416169903076,2,30
24,18261.0,19610.0,"(183.51212967526422, 162.7480422758885, 125.29861453370572)",0.9312085670576237,621.097222464,416.90252499841347,0.8444150991598655,24.271815364856547,14.810599681495358,12.447458045076012,0.8404425420145614,0.6101974433663419,0.5128358904335947,0.31293114920908083,0.4310090993923114,20241009_P013T_A006,P013T_A006,20241009,40x,0.324,0.324,0.324,30,0.8307103745981947,"(154.77355485607092, 127.59487988808246, 118.18238917359648)",14.890932746441136,1,30
25,10294.0,11042.0,"(185.05187487857003, 79.13483582669517, 83.15241888478725)",0.932258648795508,350.121833856,272.5215296451509,0.8815144509773396,16.506152655226114,13.479379015067163,11.164117065258894,0.8282367498368965,0.8166275507454109,0.6763609484566444,0.5523349847579927,0.560186993666332,20241009_P013T_A006,P013T_A006,20241009,40x,0.324,0.324,0.324,30,0.8389885746159679,"(154.77355485607092, 127.59487988808246, 118.18238917359648)",21.715860055589214,4,30
26,15198.0,16445.0,"(190.68561652849058, 122.22338465587578, 84.46914067640479)",0.9241714806932199,516.917780352,369.43083249848024,0.8431379413813799,20.650798913046568,16.650735211307,10.760364822588981,0.6462396216163445,0.8062998086135813,0.5210628832277718,0.42013290302219325,0.3367314804954368,20241009_P013T_A006,P013T_A006,20241009,40x,0.324,0.324,0.324,30,0.8692775082176913,"(154.77355485607092, 127.59487988808246, 118.18238917359648)",16.053904960556814,1,30
27,12790.0,14139.0,"(198.58232994526975, 146.14894448788115, 139.6075840500391)",0.9045901407454559,435.01634496,334.19916337671833,0.8307732090322422,20.067168822605066,14.731041872992256,10.989619129421158,0.7460177782516126,0.734086706660791,0.5476417339471267,0.4020165169032513,0.4085504696370962,20241009_P013T_A006,P013T_A006,20241009,40x,0.324,0.324,0.324,30,0.9117329566949987,"(154.77355485607092, 127.59487988808246, 118.18238917359648)",16.90553967314256,2,30
28,3773.0,4599.0,"(196.8945136496157, 54.21627352239597, 102.30188179167772)",0.8203957382039574,128.328121152,157.29450686939032,0.7822011656892944,12.246429260511205,8.973053332280667,8.926801292632229,0.9948454513825248,0.7327077257706793,0.7289309481757947,0.5340933372817516,0.7251736381646404,20241009_P013T_A006,P013T_A006,20241009,40x,0.324,0.324,0.324,30,0.9026586755355683,"(154.77355485607092, 127.59487988808246, 118.18238917359648)",27.891837956398135,2,30
29,15255.0,16376.0,"(199.72671255326122, 88.67735168797115, 115.81658472631923)",0.9315461651196874,518.85647712,360.64916379949693,0.8658261332191908,20.5127995355175,15.406255368451074,11.660567808999133,0.7568722918145081,0.7510557172742536,0.5684532620137536,0.4269400724386289,0.4302465232097827,20241009_P013T_A006,P013T_A006,20241009,40x,0.324,0.324,0.324,30,0.9178855513616194,"(154.77355485607092, 127.59487988808246, 118.18238917359648)",19.279925985332614,2,30
30,12849.0,13837.0,"(204.37100163436844, 117.11969803097517, 136.6718810802397)",0.9285972392859724,437.023066176,323.3189932698251,0.8613688188658598,20.004763262306273,14.343727583047471,10.863098885084444,0.7573414108842458,0.7170156124803767,0.5430256155819201,0.389357844349004,0.4112557858510974,20241009_P013T_A006,P013T_A006,20241009,40x,0.324,0.324,0.324,30,0.9428548474966045,"(154.77355485607092, 127.59487988808246, 118.18238917359648)",17.48248720027971,2,30
1,3642.0,5199.0,"(79.87067545304778, 155.37781438769906, 129.73750686436023)",0.7005193306405078,64.011792,112.33193598191781,0.6888968584852906,16.44724291208109,8.593363027808282,7.353094708134772,0.8556713692113345,0.522480459110636,0.44707156983336455,0.23358615906184907,0.3825463422947758,20241023_P021N_A009,P021N_A009,20241023,25x,0.26,0.26,0.26,13,0.0609300953891838,"(162.2965047958014, 141.53296012547506, 137.94104602762863)",21.835349508853533,0,13
2,20971.0,23974.0,"(91.93901101521148, 184.44637833198226, 168.09241333269753)",0.8747393009093184,368.586296,311.0680108754862,0.7991989325456067,24.898075610507274,15.189223683109823,13.765891302131472,0.9062932766892442,0.6100561312738482,0.5528897701765396,0.33729379421478684,0.5010802814612592,20241023_P021N_A009,P021N_A009,20241023,25x,0.26,0.26,0.26,13,0.13542599392105853,"(162.2965047958014, 141.53296012547506, 137.94104602762863)",22.816156776033598,0,13
3,20333.0,22235.0,"(104.90567058476368, 225.47902424629913, 162.53381202970542)",0.9144591859680684,357.372808,289.66904453825356,0.8407425752973934,21.520932802613146,17.387836155556492,13.334451233661339,0.7668838787280702,0.8079499301928587,0.6196037762843729,0.5006088277961908,0.47516414723151934,20241023_P021N_A009,P021N_A009,20241023,25x,0.26,0.26,0.26,13,0.21546710237508446,"(162.2965047958014, 141.53296012547506, 137.94104602762863)",27.201335780758413,0,13
4,61551.0,66154.0,"(137.24894802683954, 191.60952705886174, 94.17341716625238)",0.9304199292559785,1081.8203760000001,661.0739255093702,0.7709109269288309,44.22132479754141,23.913835693979188,14.340134509230191,0.5996584861056239,0.5407761030105713,0.32428097925341814,0.17536340424111538,0.19445784109195394,20241023_P021N_A009,P021N_A009,20241023,25x,0.26,0.26,0.26,13,0.41511696312863905,"(162.2965047958014, 141.53296012547506, 137.94104602762863)",18.477656893240113,0,13
5,34772.0,37700.0,"(160.04103876682387, 75.0153571839411, 131.3069711261935)",0.9223342175066312,611.152672,432.71342028239997,0.8048536223715064,31.491079851230943,20.031384696764288,13.5557997961641,0.6767280445846461,0.63609710404965,0.4304647493894759,0.2738173804821039,0.29130756811695974,20241023_P021N_A009,P021N_A009,20241023,25x,0.26,0.26,0.26,13,0.5558088812766907,"(162.2965047958014, 141.53296012547506, 137.94104602762863)",17.390267837660996,0,13
6,33955.0,36783.0,"(158.7376822264762, 105.8501840671477, 210.01322338389045)",0.9231166571514015,596.79308,438.96502487524674,0.7809143288140864,32.14852056522352,22.053083850952415,11.583436862670462,0.5252524744819398,0.6859750764023714,0.3603101063132833,0.2471637527068011,0.18925377492190287,20241023_P021N_A009,P021N_A009,20241023,25x,0.26,0.26,0.26,13,0.5477634705338038,"(162.2965047958014, 141.53296012547506, 137.94104602762863)",20.930120268518404,0,13
7,29652.0,31754.0,"(159.8100296775934, 181.00870093079726, 222.50462026170243)",0.9338036152925616,521.1635520000001,377.0620100866253,0.8305912844723913,29.68016077947723,18.734846461443507,12.988733787522632,0.6932927800744763,0.6312245611013665,0.43762343081725746,0.27623865804529757,0.30340116497702657,20241023_P021N_A009,P021N_A009,20241023,25x,0.26,0.26,0.26,13,0.5543828992444039,"(162.2965047958014, 141.53296012547506, 137.94104602762863)",24.272799542553162,0,13
8,31775.0,34003.0,"(172.71644374508261, 78.3688434303698, 170.52789929189615)",0.9344763697320825,558.4774,409.9696025523582,0.7999623294370469,33.01197168750955,18.40379657508276,12.924226063338095,0.7022586894291388,0.5574885604923151,0.3915011858630704,0.21825743253783744,0.2749351096941535,20241023_P021N_A009,P021N_A009,20241023,25x,0.26,0.26,0.26,13,0.634052121883226,"(162.2965047958014, 141.53296012547506, 137.94104602762863)",18.67694897289879,0,13
9,39112.0,42713.0,"(167.0525414195132, 116.30844753528329, 68.06353548782982)",0.9156931145084635,687.4325120000001,469.50349150197206,0.8022911661671376,31.432814038101288,21.605373088110742,14.340207323901488,0.6637333808316778,0.6873509022107211,0.4562177381420259,0.313581673916456,0.30280694173238787,20241023_P021N_A009,P021N_A009,20241023,25x,0.26,0.26,0.26,13,0.5990897618488469,"(162.2965047958014, 141.53296012547506, 137.94104602762863)",19.35518375458245,0,13
10,41901.0,46197.0,"(172.87721056776687, 218.58170449392617, 179.0496885515859)",0.9070069485031496,736.4519760000001,525.8758378894154,0.7499469249050197,34.78655545939247,24.91211327675069,12.004637934335356,0.48187954995928517,0.7161419964627268,0.3450941829624028,0.24713643715436873,0.16629382957948988,20241023_P021N_A009,P021N_A009,20241023,25x,0.26,0.26,0.26,13,0.6350445096775733,"(162.2965047958014, 141.53296012547506, 137.94104602762863)",22.871697452266257,0,13
11,31873.0,34739.0,"(185.10218680387788, 76.20092241081794, 91.8009914347567)",0.9174990644520568,560.1998480000001,393.55049591534157,0.8350496883209545,27.7193906501545,17.234975054916593,16.650968090461713,0.9661150095898584,0.6217660147165078,0.600697479270487,0.3734932777362627,0.5803428509460102,20241023_P021N_A009,P021N_A009,20241023,25x,0.26,0.26,0.26,13,0.7105073259498634,"(162.2965047958014, 141.53296012547506, 137.94104602762863)",21.624246925675802,0,13
12,34715.0,36947.0,"(211.3106438139133, 92.2574679533343, 125.87711363963705)",0.9395891412022627,610.15084,401.85788171077667,0.8657047016496826,25.198004722414435,19.562356691462142,17.37541395377595,0.8882065810281096,0.7763454649272605,0.6895551510997203,0.5353330143734998,0.612467423188604,20241023_P021N_A009,P021N_A009,20241023,25x,0.26,0.26,0.26,13,0.8722879247772425,"(162.2965047958014, 141.53296012547506, 137.94104602762863)",18.34059685505666,0,13
13,30173.0,32893.0,"(207.6490571040334, 147.2550956152852, 95.91638219600306)",0.9173076338430669,530.320648,383.08384494818694,0.8270834130130921,29.272650956407894,17.449895435612916,14.61355383580554,0.8374579601194182,0.5961159944686549,0.4992220847222782,0.297594269494936,0.41807750871808247,20241023_P021N_A009,P021N_A009,20241023,25x,0.26,0.26,0.26,13,0.8496855376792185,"(162.2965047958014, 141.53296012547506, 137.94104602762863)",16.144449148183295,0,13
1,39151.0,42616.0,"(101.22579244463743, 143.6405966641976, 219.9812009910347)",0.9186925098554534,688.117976,457.81665609580733,0.8233183677522511,28.497692622692853,21.375300725533496,15.651876937494857,0.7322412507066242,0.7500712779992664,0.5492331307212989,0.41196399627966274,0.4021711545688786,20241023_P021N_A005,P021N_A005,20241023,25x,0.26,0.26,0.26,48,0.13070358779604888,"(176.7928542711329, 174.35971672524025, 154.1348493511646)",27.256368326712572,0,48
2,6558.0,9387.0,"(90.59179627935346, 107.04986276303751, 146.29094236047575)",0.6986257590284436,115.26340800000001,199.23342135565997,0.5748875484662045,15.214864160191752,14.883121015449593,8.377338462610327,0.562875115636978,0.9781961152430046,0.550602251483049,0.5385969834447705,0.3099203059735016,20241023_P021N_A005,P021N_A005,20241023,25x,0.26,0.26,0.26,48,0.07560516206918892,"(176.7928542711329, 174.35971672524025, 154.1348493511646)",28.508576997365164,0,48
3,4564.0,6386.0,"(94.82843996494303, 149.92418930762489, 85.93645924627519)",0.7146883808330724,80.216864,143.35149238923196,0.627469122143783,12.785604170615944,10.489315413100973,9.38918798704292,0.8951192348850514,0.8204004498440258,0.7343562229637364,0.602466175665209,0.6573363804323761,20241023_P021N_A005,P021N_A005,20241023,25x,0.26,0.26,0.26,48,0.09755668375618153,"(176.7928542711329, 174.35971672524025, 154.1348493511646)",28.441528972485884,1,48
4,30957.0,34450.0,"(109.04800206738379, 234.14500759117485, 199.09687631230418)",0.8986066763425254,544.100232,388.89175706749216,0.8287839408330335,24.38607691069789,19.476120281815586,16.129941359965247,0.8281906830810348,0.7986573795013184,0.6614406006769062,0.5282644168323959,0.547798942892137,20241023_P021N_A005,P021N_A005,20241023,25x,0.26,0.26,0.26,48,0.17123317133359478,"(176.7928542711329, 174.35971672524025, 154.1348493511646)",26.23969396506149,1,48
5,7098.0,9806.0,"(104.57664130741054, 185.12806424344885, 217.61749788672864)",0.7238425453803794,124.75444800000001,194.8419299936316,0.6196870126082048,15.821605235671369,13.794741659509304,8.842667866085383,0.6410172864665251,0.8718926716998159,0.5588982745030647,0.4872993097648942,0.3582634553327777,20241023_P021N_A005,P021N_A005,20241023,25x,0.26,0.26,0.26,48,0.14806549900212712,"(176.7928542711329, 174.35971672524025, 154.1348493511646)",25.155836941777082,0,48
6,15776.0,19647.0,"(106.66341277890467, 101.9017494929006, 193.6047794117647)",0.8029724639894131,277.278976,308.43882805472015,0.6666937357517654,21.986775570645776,16.126079881156713,11.671621353140024,0.7237730086391477,0.7334445121041945,0.5308473411955247,0.3893470691649604,0.3842129772651771,20241023_P021N_A005,P021N_A005,20241023,25x,0.26,0.26,0.26,48,0.15887778641919514,"(176.7928542711329, 174.35971672524025, 154.1348493511646)",28.154735956687098,0,48
7,1785.0,2587.0,"(101.34957983193277, 209.52941176470588, 78.34565826330532)",0.6899884035562428,31.373160000000002,74.82511771171426,0.6428982229718994,11.934818749245458,8.326115679639555,5.5424293891972445,0.665668074099732,0.6976323524113801,0.464391584459349,0.32397459350642377,0.30913065165517795,20241023_P021N_A005,P021N_A005,20241023,25x,0.26,0.26,0.26,48,0.1313449732224496,"(176.7928542711329, 174.35971672524025, 154.1348493511646)",29.268883301021177,1,48
8,21521.0,23744.0,"(115.50801542679244, 245.37335625667953, 89.28841596580085)",0.9063763477088949,378.253096,303.4564733663136,0.8335072448752209,20.331891839303314,17.20209998958463,15.392439291889684,0.894800012859439,0.8460648977254285,0.7570588813646333,0.6405209450338957,0.6774162967804264,20241023_P021N_A005,P021N_A005,20241023,25x,0.26,0.26,0.26,48,0.20470474314400225,"(176.7928542711329, 174.35971672524025, 154.1348493511646)",29.648925772561725,1,48
9,27485.0,29658.0,"(127.3488812079316, 99.02976168819356, 107.014080407495)",0.9267314046800189,483.07636,367.31305616757834,0.8105720336700045,27.778779836195632,19.146672646475693,12.633707641698235,0.659838284957763,0.68925535100457,0.45479706870481645,0.31347131322598787,0.30009251781800406,20241023_P021N_A005,P021N_A005,20241023,25x,0.26,0.26,0.26,48,0.26605637931570775,"(176.7928542711329, 174.35971672524025, 154.1348493511646)",26.437890637614238,0,48
10,26820.0,32092.0,"(130.9397091722595, 136.33627889634602, 71.93706189410888)",0.8357222983921226,471.38832,391.43929621595004,0.7482939733993451,23.42030224873914,19.14908828201686,15.233715837301322,0.7955321743232804,0.8176277179790783,0.6504491562708781,0.5318252593031749,0.5174532315749147,20241023_P021N_A005,P021N_A005,20241023,25x,0.26,0.26,0.26,48,0.2846617055557487,"(176.7928542711329, 174.35971672524025, 154.1348493511646)",26.393226111584173,1,48
11,35887.0,44284.0,"(134.44445063672083, 188.05129991361775, 71.02708501685848)",0.8103829825670671,630.749912,488.7969212934189,0.7276576983762465,28.332741038576717,24.456309967522863,13.383001725496648,0.5472208089964845,0.8631819256112262,0.47235111164411847,0.4077249421135734,0.25848035744428327,20241023_P021N_A005,P021N_A005,20241023,25x,0.26,0.26,0.26,48,0.30282098775503014,"(176.7928542711329, 174.35971672524025, 154.1348493511646)",24.511460849296856,1,48
12,18621.0,21202.0,"(131.0027388432415, 272.48805112507387, 123.15831587992052)",0.878266201301764,327.28269600000004,282.37504913021473,0.8133419407299726,20.292559087251462,15.799210500873405,15.071314807296634,0.9539283501832871,0.7785716149915787,0.742701536188454,0.578246334486971,0.7084840510948449,20241023_P021N_A005,P021N_A005,20241023,25x,0.26,0.26,0.26,48,0.28498828416187305,"(176.7928542711329, 174.35971672524025, 154.1348493511646)",29.283723138977873,0,48
13,21887.0,23846.0,"(141.073148444282, 84.69671494494449, 141.07040709096725)",0.9178478570829489,384.68591200000003,317.8513314454077,0.804756100175473,28.236651161691118,15.585780235544973,12.275788388323054,0.7876274528962532,0.5519698545800049,0.4347466106383646,0.2399670234532081,0.3424183655923743,20241023_P021N_A005,P021N_A005,20241023,25x,0.26,0.26,0.26,48,0.3371665722501658,"(176.7928542711329, 174.35971672524025, 154.1348493511646)",25.323026882159564,2,48
14,12871.0,14508.0,"(140.19143811669645, 104.64486053919664, 224.01336337502914)",0.8871657016818307,226.220696,221.70039509619545,0.8098524124196449,20.187088822769933,15.099533430408846,10.396616169465737,0.6885389020383944,0.7479797390784448,0.5150131482920371,0.3852194002814464,0.35460658766033604,20241023_P021N_A005,P021N_A005,20241023,25x,0.26,0.26,0.26,48,0.3325981249569764,"(176.7928542711329, 174.35971672524025, 154.1348493511646)",27.371507328571564,0,48
15,30717.0,35527.0,"(143.92144415144708, 238.6838558452974, 209.23863007455154)",0.8646100149182312,539.8819920000001,413.73914604606455,0.7749792453130222,24.574533069923632,20.942414734005204,14.900060640959973,0.7114776796376795,0.8521999044464565,0.606321210603017,0.5167068777397509,0.43138400803494326,20241023_P021N_A005,P021N_A005,20241023,25x,0.26,0.26,0.26,48,0.3519245810955807,"(176.7928542711329, 174.35971672524025, 154.1348493511646)",23.622185677281458,2,48
16,15279.0,16833.0,"(153.02172917075725, 74.82996269389358, 175.13116041625761)",0.9076813402245589,268.54370400000005,245.27374421629793,0.8206847816943083,22.109079656297087,15.662937928592118,10.867384834041394,0.6938279959727978,0.7084391649080253,0.49153492605677757,0.3482225925387914,0.34104069269661136,20241023_P021N_A005,P021N_A005,20241023,25x,0.26,0.26,0.26,48,0.3990763169469288,"(176.7928542711329, 174.35971672524025, 154.1348493511646)",27.15983869868905,1,48
17,8584.0,9918.0,"(143.31733457595527, 149.98392357875116, 213.9888164026095)",0.8654970760233918,150.872384,175.9638373584584,0.7788739917115635,20.89094967425541,11.033592901671183,9.39783824711885,0.85174777888492,0.5281518108900638,0.44985213183966016,0.23759021806387223,0.38316055412107675,20241023_P021N_A005,P021N_A005,20241023,25x,0.26,0.26,0.26,48,0.348794479668162,"(176.7928542711329, 174.35971672524025, 154.1348493511646)",18.92344066905487,1,48
18,11909.0,17125.0,"(152.7385170879167, 234.7025778822739, 83.03484759425645)",0.6954160583941605,209.31258400000002,254.22666052734218,0.6705944033644158,21.263441511910838,13.662086874281554,11.773411728943024,0.8617579318066041,0.642515317505337,0.5536926711674628,0.3557560224155405,0.47714905116174683,20241023_P021N_A005,P021N_A005,20241023,25x,0.26,0.26,0.26,48,0.39760889682858397,"(176.7928542711329, 174.35971672524025, 154.1348493511646)",25.039879434866922,2,48
19,20585.0,22994.0,"(155.18314306533884, 199.52295360699537, 233.1267913529269)",0.895233539184135,361.80196,300.55113455707453,0.8169830185693706,23.42498236576011,17.163610496563678,12.628300723899253,0.7357601552673059,0.7327053753368639,0.5390954207230406,0.39499811258326006,0.396644930455078,20241023_P021N_A005,P021N_A005,20241023,25x,0.26,0.26,0.26,48,0.4102753526701494,"(176.7928542711329, 174.35971672524025, 154.1348493511646)",22.275028679539442,2,48
20,34579.0,36659.0,"(174.073252552127, 269.57456837965236, 162.26290523149888)",0.9432608636351237,607.7605040000001,414.1272645758322,0.8378609498825044,31.760522606526784,17.17696617921104,15.357676362758236,0.8940854981332701,0.5408275673549897,0.4835460849627907,0.2615150528344553,0.43233154224434933,20241023_P021N_A005,P021N_A005,20241023,25x,0.26,0.26,0.26,48,0.5081515676276012,"(176.7928542711329, 174.35971672524025, 154.1348493511646)",24.85595852707652,1,48
21,13458.0,15404.0,"(162.3887650468123, 145.5609303016793, 74.9085302422351)",0.8736691768371851,236.537808,225.46549801598857,0.8203598744196399,18.797004260461396,13.60244562990348,13.07240561821295,0.9610334769120271,0.7236496540310723,0.695451543079667,0.5032632685449763,0.6683522144696867,20241023_P021N_A005,P021N_A005,20241023,25x,0.26,0.26,0.26,48,0.44761018158970106,"(176.7928542711329, 174.35971672524025, 154.1348493511646)",22.23518042915719,3,48
22,19282.0,23542.0,"(167.6520589150503, 184.7273104449746, 69.89150503059848)",0.8190468099566732,338.900432,310.18194967323865,0.7578484231878251,23.313592549569197,16.540221391771766,13.05523646006639,0.7893024011492951,0.709466863873685,0.5599838991913596,0.3972900207790517,0.4419966362366849,20241023_P021N_A005,P021N_A005,20241023,25x,0.26,0.26,0.26,48,0.47488113427487205,"(176.7928542711329, 174.35971672524025, 154.1348493511646)",22.19611670602918,1,48
23,23966.0,30068.0,"(176.06964032379204, 251.21075690561628, 88.83334724192606)",0.7970599973393641,421.22641600000003,383.6452969306274,0.7083229474648568,23.941990174149524,20.63954345529175,12.734604270515304,0.6170002886982605,0.8620646531538775,0.5318941398725082,0.45852713720377375,0.3281788378582505,20241023_P021N_A005,P021N_A005,20241023,25x,0.26,0.26,0.26,48,0.5184955457191298,"(176.7928542711329, 174.35971672524025, 154.1348493511646)",26.221217967190206,2,48
24,12986.0,16469.0,"(169.9589557985523, 99.06121977514246, 126.3816417680579)",0.7885117493472585,228.241936,256.5519567436862,0.7039996145853534,18.90384780316226,17.310263921856468,10.442869706657504,0.603276169202251,0.9157005548341742,0.5524203228567365,0.5058515961415871,0.3332620161624827,20241023_P021N_A005,P021N_A005,20241023,25x,0.26,0.26,0.26,48,0.48683396786814653,"(176.7928542711329, 174.35971672524025, 154.1348493511646)",20.940585205484645,3,48
25,19557.0,21428.0,"(181.70956690698983, 278.7395306028532, 128.12097970036305)",0.91268433824902,343.733832,287.89162652552784,0.8242708552135498,24.81776456283765,15.872819095375188,12.318395621705964,0.7760685450825263,0.6395748922182659,0.4963539560751432,0.31745552795886955,0.3852046925371926,20241023_P021N_A005,P021N_A005,20241023,25x,0.26,0.26,0.26,48,0.547717963248652,"(176.7928542711329, 174.35971672524025, 154.1348493511646)",27.99807802545537,2,48
26,16623.0,21371.0,"(178.63207603922277, 113.71419118089395, 88.367081754196)",0.7778297693135557,292.16584800000004,298.77391355076276,0.7126797426927491,26.003532130428013,15.948803372193126,11.447368438047294,0.717757199139208,0.6133321924189924,0.44022359657256577,0.27000330364042585,0.3159736556709134,20241023_P021N_A005,P021N_A005,20241023,25x,0.26,0.26,0.26,48,0.5317724147109988,"(176.7928542711329, 174.35971672524025, 154.1348493511646)",23.26478744739979,0,48
27,21035.0,23485.0,"(181.2900404088424, 240.45167577846448, 205.9450439743285)",0.8956780923994039,369.71116,315.04895649168185,0.7907049407624624,27.33636236200373,16.64494505391779,11.713839549893502,0.7037475649182973,0.6088939279299828,0.42850761907426255,0.26091568732605247,0.3015611934724496,20241023_P021N_A005,P021N_A005,20241023,25x,0.26,0.26,0.26,48,0.5455442508230176,"(176.7928542711329, 174.35971672524025, 154.1348493511646)",21.865780500684874,2,48
28,17576.0,19034.0,"(181.90122894856623, 90.91670459717797, 200.82629722348656)",0.9234002311652831,308.91577600000005,257.8491269680852,0.8570612324816671,18.74177349241242,18.052613110841378,12.653724553850674,0.7009358964354896,0.9632286463258107,0.6751615346847253,0.6503349311056249,0.4732449555529989,20241023_P021N_A005,P021N_A005,20241023,25x,0.26,0.26,0.26,48,0.5487110308215867,"(176.7928542711329, 174.35971672524025, 154.1348493511646)",24.896168369493367,3,48
29,21245.0,22765.0,"(190.23775005883738, 119.12064015062367, 227.16050835490702)",0.9332308368108939,373.40212,301.00907181811465,0.8330845100189932,25.56728372120988,16.215984344343244,12.540784184488128,0.773359416128373,0.6342474437709209,0.49050123279559243,0.3110991530670899,0.3793337470050466,20241023_P021N_A005,P021N_A005,20241023,25x,0.26,0.26,0.26,48,0.5919054407193647,"(176.7928542711329, 174.35971672524025, 154.1348493511646)",24.062108281085575,1,48
30,21360.0,24080.0,"(192.54620786516853, 207.4425561797753, 232.87752808988765)",0.8870431893687708,375.42336,312.88288066822224,0.8043588623902456,25.977133128463887,16.02623724413016,12.75541808784175,0.7959084776754821,0.6169363326151551,0.49102485731442297,0.3029310746944399,0.39081084668594324,20241023_P021N_A005,P021N_A005,20241023,25x,0.26,0.26,0.26,48,0.6038663619956919,"(176.7928542711329, 174.35971672524025, 154.1348493511646)",22.581193645707284,3,48
31,17310.0,20051.0,"(196.18278451761987, 146.34950895436165, 224.63535528596188)",0.8632985885990724,304.24056,279.9688202723552,0.7813624414880262,25.529104028311057,15.10844448414163,11.429519880488627,0.756498784006882,0.5918125629237435,0.4477054842118083,0.2649577300464058,0.33868865439944523,20241023_P021N_A005,P021N_A005,20241023,25x,0.26,0.26,0.26,48,0.6227087280705693,"(176.7928542711329, 174.35971672524025, 154.1348493511646)",20.35795429472768,2,48
32,46361.0,57491.0,"(211.04085330342315, 246.65429995038934, 119.28385927827269)",0.8064044807013272,814.840936,563.0552336119987,0.7492872642039048,35.777750449032006,22.627108885798915,15.806055549681195,0.6985450783595819,0.6324352034942182,0.4417844987822268,0.2794000693879289,0.30860638731987927,20241023_P021N_A005,P021N_A005,20241023,25x,0.26,0.26,0.26,48,0.6996935404322443,"(176.7928542711329, 174.35971672524025, 154.1348493511646)",22.68717705727359,0,48
33,24758.0,26996.0,"(203.35374424428468, 85.57310768236529, 170.19747152435576)",0.9170988294562157,435.146608,335.1349481110963,0.8286188475572512,24.162058268478084,19.100979663724548,13.231878199235295,0.6927329609362652,0.7905361145761228,0.5476304233773682,0.4329216271204219,0.3793616446849849,20241023_P021N_A005,P021N_A005,20241023,25x,0.26,0.26,0.26,48,0.6598639598149465,"(176.7928542711329, 174.35971672524025, 154.1348493511646)",24.45458697492554,2,48
34,27489.0,29601.0,"(209.39473971406744, 90.0336498235658, 140.83276947142494)",0.9286510590858417,483.14666400000004,362.07846980040404,0.8223702925420955,27.827562063862878,19.048316583974895,12.602564032821839,0.661610383115126,0.6845125900810122,0.45288063697062564,0.3100024978103016,0.29963053173155796,20241023_P021N_A005,P021N_A005,20241023,25x,0.26,0.26,0.26,48,0.6911644544770333,"(176.7928542711329, 174.35971672524025, 154.1348493511646)",23.75938245014548,3,48
35,16204.0,18193.0,"(207.0153048629968, 177.0514070599852, 233.19310046901998)",0.8906722365745067,284.801504,256.25608589978447,0.8169048134568481,20.3641821027262,15.047602875828243,13.37497082248751,0.8888439529443212,0.7389249811223101,0.656789001150062,0.48531780027615046,0.5837829320325734,20241023_P021N_A005,P021N_A005,20241023,25x,0.26,0.26,0.26,48,0.6788357764922114,"(176.7928542711329, 174.35971672524025, 154.1348493511646)",22.017024730058314,2,48
36,11267.0,14790.0,"(202.600781041981, 209.39744386260762, 91.46028224017041)",0.7617985125084517,198.028792,248.29741820576888,0.6617045884629399,24.3611870878913,12.340957487336837,10.21975903710543,0.8281171900634139,0.5065827639192055,0.4195098949913303,0.21251648209616378,0.34740335544401824,20241023_P021N_A005,P021N_A005,20241023,25x,0.26,0.26,0.26,48,0.6559625960724405,"(176.7928542711329, 174.35971672524025, 154.1348493511646)",19.838175098344365,2,48
37,14214.0,16344.0,"(203.78021668777262, 205.62783171521036, 201.0488251020121)",0.8696769456681351,249.82526400000003,237.2517842009752,0.8085350922932918,18.93830666466104,16.124696514761673,11.854599562512222,0.7351828018381428,0.8514328551269277,0.6259587920092642,0.5329618814722504,0.46019413854459,20241023_P021N_A005,P021N_A005,20241023,25x,0.26,0.26,0.26,48,0.6620736615946768,"(176.7928542711329, 174.35971672524025, 154.1348493511646)",16.251422378995912,1,48
38,21121.0,23389.0,"(224.86922967662517, 176.74797594810852, 92.48444675914966)",0.9030313395185771,371.22269600000004,301.3780674841261,0.8288236998932471,23.66773475067476,16.36779675320228,13.660658922449532,0.8346058500376289,0.6915658353292826,0.5771848918519787,0.39916135187305535,0.4817218872929976,20241023_P021N_A005,P021N_A005,20241023,25x,0.26,0.26,0.26,48,0.7713431589462444,"(176.7928542711329, 174.35971672524025, 154.1348493511646)",20.336278235572017,2,48
39,14050.0,15673.0,"(225.98135231316726, 113.69423487544483, 198.96868327402134)",0.8964461175269572,246.9428,235.50897663538663,0.8082410508162461,18.726304301919928,17.639646630926556,10.693014231188965,0.6061920884765079,0.9419715896167531,0.5710157251953155,0.5378805903583944,0.34614521500907597,20241023_P021N_A005,P021N_A005,20241023,25x,0.26,0.26,0.26,48,0.7771054523998304,"(176.7928542711329, 174.35971672524025, 154.1348493511646)",23.414269204352397,2,48
40,19897.0,21853.0,"(239.10277931346434, 119.45428959139569, 150.62351108207267)",0.9104928385118748,349.709672,307.94970317463833,0.7794879943231091,28.111031829708136,16.819108507688668,10.364690520305649,0.6162449404240151,0.5983098951890481,0.3687054457158736,0.22060011658189557,0.2272128654291885,20241023_P021N_A005,P021N_A005,20241023,25x,0.26,0.26,0.26,48,0.8450921207951521,"(176.7928542711329, 174.35971672524025, 154.1348493511646)",21.612025440398465,3,48
41,16257.0,18890.0,"(229.89493756535646, 246.62127083717783, 170.10561604232024)",0.8606140815246162,285.73303200000004,278.79733071271096,0.7524930263974794,22.323489684452497,19.05917117975875,9.816847175362195,0.515072092210804,0.8537720333677388,0.4397541474977935,0.37544979269108764,0.22650508881006698,20241023_P021N_A005,P021N_A005,20241023,25x,0.26,0.26,0.26,48,0.7973830961935567,"(176.7928542711329, 174.35971672524025, 154.1348493511646)",23.682316391975313,0,48
42,21374.0,23186.0,"(235.71353045756527, 145.99742678020024, 104.17661644989239)",0.921849391874407,375.66942400000005,298.32937008176486,0.8439667676492693,23.942365749763653,16.17055175465818,13.46862779636614,0.8329108369778595,0.6753949013922239,0.5625437326091761,0.3799391688143881,0.46854877116415805,20241023_P021N_A005,P021N_A005,20241023,25x,0.26,0.26,0.26,48,0.8275312458941205,"(176.7928542711329, 174.35971672524025, 154.1348493511646)",21.395789424276984,1,48
43,17545.0,19240.0,"(237.08526645768026, 134.516215445996, 173.40205186662868)",0.9119022869022869,308.37092,265.3322486336814,0.8319100378507189,21.809757483422793,16.497873977279216,11.962544977383565,0.7250961544413734,0.7564446321706675,0.5484950938347701,0.4149061695032584,0.3977116832695521,20241023_P021N_A005,P021N_A005,20241023,25x,0.26,0.26,0.26,48,0.8346386863092241,"(176.7928542711329, 174.35971672524025, 154.1348493511646)",19.446026705375807,3,48
44,12131.0,14532.0,"(233.6455362294947, 141.67001895969005, 211.4532190256368)",0.8347784200385356,213.214456,231.99393662056704,0.7439640007666364,18.861563717776782,14.839539444815193,10.790998364150301,0.7271787917865997,0.7867608257118744,0.5721157866661885,0.450118288720289,0.41603046650995895,20241023_P021N_A005,P021N_A005,20241023,25x,0.26,0.26,0.26,48,0.8168162498937549,"(176.7928542711329, 174.35971672524025, 154.1348493511646)",22.64574520453842,2,48
45,16136.0,17984.0,"(241.9851883986118, 150.52175260287555, 142.4967773921666)",0.8972419928825622,283.606336,260.31498993591975,0.8019160394421508,24.106704952889125,15.020998437333391,11.401701393086881,0.7590508341142583,0.6231045871548349,0.472968056620298,0.2947085656578154,0.35900679788703693,20241023_P021N_A005,P021N_A005,20241023,25x,0.26,0.26,0.26,48,0.8600268828943617,"(176.7928542711329, 174.35971672524025, 154.1348493511646)",18.299519033662353,5,48
46,18365.0,19841.0,"(245.4871766947999, 175.29817587802887, 158.53226245575823)",0.9256085882768006,322.78324000000003,272.08293515362413,0.8363539997877174,22.33091303432091,17.444979145060245,11.503780399106857,0.65943216689739,0.7812031294129641,0.5151504724158131,0.40243716116980005,0.3397067923033738,20241023_P021N_A005,P021N_A005,20241023,25x,0.26,0.26,0.26,48,0.8781718999730564,"(176.7928542711329, 174.35971672524025, 154.1348493511646)",17.898744222565615,3,48
47,18461.0,20466.0,"(248.47798060776773, 184.35106440604517, 127.49964790639727)",0.902032639499658,324.47053600000004,276.1728817991543,0.8268370653699358,20.275834176420574,18.806491104161246,11.878838237806194,0.6316350121888397,0.9275322998070248,0.5858618754941526,0.5434058127463481,0.37005087286872557,20241023_P021N_A005,P021N_A005,20241023,25x,0.26,0.26,0.26,48,0.893668293304496,"(176.7928542711329, 174.35971672524025, 154.1348493511646)",20.052083148465645,3,48
48,30027.0,33588.0,"(250.57884570553168, 189.066273687015, 188.09541412728544)",0.893979992854591,527.754552,387.5864405703139,0.8148359995013853,27.616967136284735,18.60827348895702,14.481578320619457,0.7782333126828489,0.6737985890024983,0.5243725080004437,0.35332145600240017,0.4080841539809989,20241023_P021N_A005,P021N_A005,20241023,25x,0.26,0.26,0.26,48,0.904553604691874,"(176.7928542711329, 174.35971672524025, 154.1348493511646)",21.46216976274573,1,48
1,11419.0,13310.0,"(124.44776250109467, 246.57815920833698, 167.31622734039757)",0.8579263711495116,200.700344,215.1985007717228,0.7703302651708791,18.367643730737417,14.44331072689758,11.166125386372789,0.773100129015314,0.7863453221671192,0.6079236700179885,0.4780379341533126,0.4699858677223701,20241023_P021N_A008,P021N_A008,20241023,25x,0.26,0.26,0.26,21,0.10486032051843418,"(219.69707121641224, 159.06094642733794, 169.49501179210372)",33.63604278312473,0,21
2,15136.0,19438.0,"(130.79479386892177, 242.2021009513742, 216.09209830866808)",0.7786809342524951,266.03033600000003,272.7259230747592,0.7334634542595624,21.44641854517731,15.439917925176026,12.024002183852962,0.778760757804733,0.7199298984420887,0.5606531532770453,0.40363096769998,0.436614674511645,20241023_P021N_A008,P021N_A008,20241023,25x,0.26,0.26,0.26,21,0.137409199327804,"(219.69707121641224, 159.06094642733794, 169.49501179210372)",33.88724237280835,0,21
3,18697.0,20473.0,"(154.4018826549714, 186.7165320639675, 68.27047119858801)",0.9132515996678552,328.618472,298.07992427615216,0.7725845967352943,26.309506348967165,17.861850764579685,9.750865302771443,0.5459045331465624,0.6789124253287592,0.3706213705964967,0.25161945359033644,0.20232388628961964,20241023_P021N_A008,P021N_A008,20241023,25x,0.26,0.26,0.26,21,0.2584711931024174,"(219.69707121641224, 159.06094642733794, 169.49501179210372)",32.1336236094749,0,21
4,16383.0,18504.0,"(154.10950375389123, 277.56979796130133, 149.26661783556125)",0.8853761348897535,287.947608,283.72989796480306,0.7432267621889178,23.246659749325193,19.20345948125668,9.160107840020325,0.4770030029725084,0.8260739258169819,0.39403974329198954,0.3255059576691296,0.18795814084079535,20241023_P021N_A008,P021N_A008,20241023,25x,0.26,0.26,0.26,21,0.2569718141225191,"(219.69707121641224, 159.06094642733794, 169.49501179210372)",35.60696423181413,0,21
5,23639.0,25990.0,"(169.78315495579338, 108.76200346884386, 109.18444096619993)",0.9095421315890727,415.47906400000005,377.2783567629989,0.7137098036495073,31.035505817810222,21.40244790223606,8.723964656013917,0.4076152735361858,0.6896116991898331,0.2810962613990177,0.19384727045928613,0.11457912948015982,20241023_P021N_A008,P021N_A008,20241023,25x,0.26,0.26,0.26,21,0.3373495125938123,"(219.69707121641224, 159.06094642733794, 169.49501179210372)",24.19362191390686,0,21
6,13463.0,15224.0,"(182.41900022283295, 155.95914729257967, 257.5792171135705)",0.8843273778244877,236.62568800000003,236.26536503156163,0.7830544995185702,21.22883137804665,16.336262991474403,9.665325679059181,0.591648511296821,0.7695319021831888,0.4552924043220945,0.35036202994753884,0.2693730732219175,20241023_P021N_A008,P021N_A008,20241023,25x,0.26,0.26,0.26,21,0.402148719091451,"(219.69707121641224, 159.06094642733794, 169.49501179210372)",24.881474237481573,0,21
7,19824.0,24155.0,"(185.62469733656175, 229.61370056497177, 86.99298829701372)",0.8206996481059822,348.426624,310.9581157149581,0.7700574327948777,23.503943268122004,17.550377523686844,12.698295693048978,0.7235340479662469,0.7466992803496987,0.5402623529249009,0.4034135101290584,0.39089820717552265,20241023_P021N_A008,P021N_A008,20241023,25x,0.26,0.26,0.26,21,0.4185881914695474,"(219.69707121641224, 159.06094642733794, 169.49501179210372)",29.582015349672712,0,21
8,27740.0,31554.0,"(214.97296322999279, 263.36798846431145, 128.97368421052633)",0.8791278443303543,487.55824,409.9336404938524,0.7307826571632051,29.951996034149015,22.635894173481617,10.60505573798176,0.46850615472508195,0.7557390882288403,0.3540684142015334,0.2675833405192982,0.16588323124716803,20241023_P021N_A008,P021N_A008,20241023,25x,0.26,0.26,0.26,21,0.5690921191281682,"(219.69707121641224, 159.06094642733794, 169.49501179210372)",29.120295056422112,0,21
9,18795.0,21506.0,"(214.2998137802607, 114.2316041500399, 252.50087789305667)",0.8739421556774853,330.34092000000004,295.4224899590793,0.7822558498055323,22.39127354651247,19.673130870735967,11.1113612143903,0.5647988257384385,0.8786070533178822,0.4962362319994496,0.43599665354660533,0.28027364112215647,20241023_P021N_A008,P021N_A008,20241023,25x,0.26,0.26,0.26,21,0.5656400706680036,"(219.69707121641224, 159.06094642733794, 169.49501179210372)",24.56796961052174,0,21
10,43311.0,50250.0,"(227.75807531573966, 80.55290803721918, 206.38893121839718)",0.8619104477611941,761.234136,514.8772485681502,0.7830555877173679,30.6535305707587,24.802584961304014,14.556342590131301,0.5868881252837765,0.8091265345129257,0.47486675495764985,0.38422729179428194,0.2786936595766856,20241023_P021N_A008,P021N_A008,20241023,25x,0.26,0.26,0.26,21,0.6346567964909725,"(219.69707121641224, 159.06094642733794, 169.49501179210372)",22.650840034403128,0,21
11,18669.0,20440.0,"(226.3596871819594, 119.22111521774065, 110.05179709679147)",0.9133561643835616,328.126344,297.7106814602789,0.7727703325858802,28.140174050863813,16.651178382458664,9.821864145751974,0.5898600039081262,0.591722650768307,0.34903352509472035,0.20653104267605435,0.20588091647643883,20241023_P021N_A008,P021N_A008,20241023,25x,0.26,0.26,0.26,21,0.6274855752920995,"(219.69707121641224, 159.06094642733794, 169.49501179210372)",18.68584090139791,1,21
12,19594.0,21496.0,"(230.13437787077677, 173.15224048178013, 101.9980095947739)",0.911518422032006,344.38414400000005,288.0892625413527,0.8247439739730263,23.050437780163005,17.492356629628585,12.079206661027438,0.6905419845241239,0.7588730763578966,0.524033720150109,0.3976750813255862,0.36186728507001564,20241023_P021N_A008,P021N_A008,20241023,25x,0.26,0.26,0.26,21,0.6468429634398809,"(219.69707121641224, 159.06094642733794, 169.49501179210372)",18.131802825179264,0,21
13,18457.0,21360.0,"(242.6274584168608, 140.5896407866934, 255.25963049249606)",0.8640917602996254,324.400232,288.85086912580107,0.7904320654251221,21.643515238307952,17.533218919188872,12.524637221392553,0.7143375827974874,0.8100910931582843,0.5786785133324629,0.46878230945270566,0.41337181043075516,20241023_P021N_A008,P021N_A008,20241023,25x,0.26,0.26,0.26,21,0.7109100431633888,"(219.69707121641224, 159.06094642733794, 169.49501179210372)",23.576368779771943,3,21
14,24115.0,26487.0,"(248.79079411154882, 146.03379639228694, 128.88820236367405)",0.9104466341979084,423.84524000000005,321.89087624774794,0.8477093971501833,23.668261263584217,16.29110299672255,15.46890494573614,0.9495308542858135,0.688310088151169,0.6535716660157231,0.44985997104838876,0.620586462368912,20241023_P021N_A008,P021N_A008,20241023,25x,0.26,0.26,0.26,21,0.7425168928797375,"(219.69707121641224, 159.06094642733794, 169.49501179210372)",13.422307855203863,2,21
15,17884.0,20235.0,"(258.18044061731155, 107.21930216953702, 172.39370386938046)",0.8838151717321473,314.329184,275.264399821847,0.8121892068577541,22.659549609411823,16.35366176039532,12.023582394926313,0.7352226413318986,0.721711686343611,0.5306187723136484,0.3829537689720598,0.39012293532072995,20241023_P021N_A008,P021N_A008,20241023,25x,0.26,0.26,0.26,21,0.7906689262426234,"(219.69707121641224, 159.06094642733794, 169.49501179210372)",16.803581385278406,0,21
16,16006.0,17994.0,"(256.80700987129825, 128.89647632137948, 225.502624015994)",0.8895187284650439,281.321456,249.54369018950817,0.8320308623140102,20.353048677538805,15.485940948389123,12.562921322803433,0.8112468828773528,0.7608659122148654,0.6172500995719431,0.469644560075523,0.5007422192334745,20241023_P021N_A008,P021N_A008,20241023,25x,0.26,0.26,0.26,21,0.7836256916476835,"(219.69707121641224, 159.06094642733794, 169.49501179210372)",19.148246163021522,3,21
17,18475.0,21609.0,"(265.34267929634643, 166.11707713125847, 244.50273342354532)",0.8549678374751261,324.7166,310.38723423722814,0.7360657343464353,27.273892987684658,17.05275277054291,10.236727124127444,0.600297632990403,0.6252408769896899,0.37533061850575455,0.23467204507562073,0.2253100818778284,20241023_P021N_A008,P021N_A008,20241023,25x,0.26,0.26,0.26,21,0.827398355365879,"(219.69707121641224, 159.06094642733794, 169.49501179210372)",22.902840268320904,1,21
18,16822.0,18893.0,"(268.92688146474853, 105.65010105813815, 213.05813815241945)",0.8903826814163976,295.663472,263.8745819459598,0.8133641278013927,20.331145541415957,17.63832112875846,11.847759037879193,0.671705597794224,0.8675517615487024,0.5827393746085032,0.5055565709653961,0.39142929997963694,20241023_P021N_A008,P021N_A008,20241023,25x,0.26,0.26,0.26,21,0.8457788793064027,"(219.69707121641224, 159.06094642733794, 169.49501179210372)",22.02192110724001,1,21
19,18837.0,21136.0,"(269.1005998832086, 143.6269575834793, 190.00690131124912)",0.8912282361847086,331.079112,288.7823214047522,0.8014345156769852,24.473812605582857,16.245111336376066,11.79410008996079,0.7260091879796128,0.6637752604459471,0.4819069378373181,0.31987790317367465,0.349868864621013,20241023_P021N_A008,P021N_A008,20241023,25x,0.26,0.26,0.26,21,0.8466697429908133,"(219.69707121641224, 159.06094642733794, 169.49501179210372)",14.475380081966929,1,21
20,19126.0,21460.0,"(274.9922095576702, 148.76968524521592, 158.5474746418488)",0.8912395153774464,336.15857600000004,286.50743022968334,0.816039219934672,21.414852854741213,18.174924664390822,12.249533324752578,0.6739798679194774,0.8487064929968419,0.5720110900524144,0.4854695261936853,0.38552395892200253,20241023_P021N_A008,P021N_A008,20241023,25x,0.26,0.26,0.26,21,0.8768831259367702,"(219.69707121641224, 159.06094642733794, 169.49501179210372)",14.898047531721447,1,21
21,8964.0,13733.0,"(283.69221329763496, 187.33668005354752, 166.1074297188755)",0.6527342896672249,157.551264,237.19415622594556,0.5947412581783686,23.778533869499114,15.106139956155275,7.394273227126477,0.48948793328990337,0.6352847504837976,0.310964219564906,0.19755082663568016,0.15221323316193358,20241023_P021N_A008,P021N_A008,20241023,25x,0.26,0.26,0.26,21,0.9214985297314615,"(219.69707121641224, 159.06094642733794, 169.49501179210372)",18.211828077526405,1,21
1,12681.0,13722.0,"(7.106773913729201, 405.9384906553111, 33.49215361564546)",0.9241364232619151,222.881256,165.03837348621153,1.0771633143442119,18.616891552961647,17.459373332110648,10.00704850903328,0.5731619525328941,0.9378243023246887,0.5375252082532178,0.504104203412007,0.3080889978980648,20241023_P021N_A002,P021N_A002,20241023,25x,0.26,0.26,0.26,8,0.05425018254755115,"(75.08317149169478, 255.60132081864035, 246.3599469382107)",70.02391935805115,0,8
2,27681.0,32336.0,"(52.82359741338824, 264.9399226906542, 254.33553701094613)",0.8560428005937655,486.52125600000005,379.72160781530135,0.78780734618594,27.26522309740033,17.28048183273774,14.719654482615113,0.8518081049527706,0.6337920570466702,0.5398692110470423,0.3421648178056679,0.45986496958432854,20241023_P021N_A002,P021N_A002,20241023,25x,0.26,0.26,0.26,8,0.40323356804113164,"(75.08317149169478, 255.60132081864035, 246.3599469382107)",6.609873797691008,0,8
3,20898.0,23936.0,"(56.85266532682553, 237.55837879222892, 224.73925734520049)",0.8730782085561497,367.30324800000005,308.52566577105017,0.8039135315944181,25.631616159608186,16.322638570167275,12.597724170235063,0.7717945916697438,0.6368165966799024,0.4914916052030812,0.31299001132216836,0.379330562746819,20241023_P021N_A002,P021N_A002,20241023,25x,0.26,0.26,0.26,8,0.4339898116551567,"(75.08317149169478, 255.60132081864035, 246.3599469382107)",8.722034461063553,0,8
4,20715.0,23035.0,"(69.44363987448709, 263.80463432295437, 299.4126478397297)",0.8992836987193401,364.08684000000005,318.75673548491034,0.7735613128473532,29.30085145022587,16.71828680131819,10.476829710004278,0.6266688587480274,0.5705734125070728,0.3575605892477748,0.2040145655851426,0.22407208639717516,20241023_P021N_A002,P021N_A002,20241023,25x,0.26,0.26,0.26,8,0.5301041211792907,"(75.08317149169478, 255.60132081864035, 246.3599469382107)",14.034432349639667,2,8
5,40493.0,44441.0,"(80.49008470599857, 235.8284641789939, 286.33260069641665)",0.9111631151414235,711.704968,472.4421700848295,0.8159598705404583,32.75689692518372,18.9399739544453,16.014965416263614,0.8455642787462666,0.5781980508625078,0.48890361785005354,0.28268311890052933,0.41339943500382087,20241023_P021N_A002,P021N_A002,20241023,25x,0.26,0.26,0.26,8,0.6144281275267066,"(75.08317149169478, 255.60132081864035, 246.3599469382107)",11.679799682454188,0,8
6,34657.0,39045.0,"(90.0661915341778, 202.07424185590213, 228.86066306950977)",0.8876168523498528,609.131432,449.44713130121914,0.7731780541500298,30.05417295501169,22.908269394741417,12.863695843844697,0.5615306692175338,0.762232566806379,0.42801696333818456,0.32624846860193624,0.24034465185974743,20241023_P021N_A002,P021N_A002,20241023,25x,0.26,0.26,0.26,8,0.6875281796502123,"(75.08317149169478, 255.60132081864035, 246.3599469382107)",15.15125100204194,0,8
7,18821.0,20212.0,"(88.56150045162319, 243.27910312948302, 204.79326284469477)",0.9311794973283198,330.79789600000004,277.08897835302844,0.834782556460442,22.820647445250234,17.635945077506104,11.358449752766653,0.6440510958073844,0.7728065174231835,0.49772688439348983,0.38464658015602443,0.32056154530642245,20241023_P021N_A002,P021N_A002,20241023,25x,0.26,0.26,0.26,8,0.6760419881803297,"(75.08317149169478, 255.60132081864035, 246.3599469382107)",11.804376899091944,0,8
8,33621.0,37534.0,"(104.35343981440171, 283.25870735552184, 293.99782873799114)",0.8957478552778814,590.9226960000001,430.9749153253598,0.7901676496198922,30.564017422361804,21.729825973601887,12.869551440494046,0.5922528535722469,0.7109610517923444,0.421068711702742,0.2993634541490289,0.24937914605593875,20241023_P021N_A002,P021N_A002,20241023,25x,0.26,0.26,0.26,8,0.796591143621387,"(75.08317149169478, 255.60132081864035, 246.3599469382107)",16.218347807313865,0,8
1,2405.0,3065.0,"(3.2282744282744282, 175.54760914760914, 83.36881496881497)",0.7846655791190864,42.27028000000001,63.85863793094816,0.9189415526149374,13.024416260563067,10.084626870923989,5.180554042500442,0.5137080537344444,0.774286284250563,0.3977571001156315,0.30797786708281144,0.20433102575945758,20241023_P021N_A007,P021N_A007,20241023,25x,0.26,0.26,0.26,25,0.013975213975213976,"(138.95884413954533, 137.9650400609471, 247.510833201453)",56.233281338618056,0,25
2,18483.0,20778.0,"(76.37629172753341, 74.03408537575069, 227.76724557701672)",0.889546635864857,324.857208,290.5728593458959,0.7864855523090272,24.66239222598681,18.07268252785582,10.340369749292368,0.5721546722991747,0.7328033048153618,0.41927683472638555,0.3072474501200196,0.23989119997551034,20241023_P021N_A007,P021N_A007,20241023,25x,0.26,0.26,0.26,25,0.33063329752178966,"(138.95884413954533, 137.9650400609471, 247.510833201453)",23.820246031259074,0,25
3,2183.0,3319.0,"(62.25973431058177, 130.99816765918462, 194.88273018781493)",0.6577282313949985,38.368408,93.4036952191023,0.5889827645650266,12.592790440810813,9.625965925061093,6.083735814284837,0.6320130220330304,0.7644029312093679,0.48311260660453925,0.369292692592708,0.30533345848238946,20241023_P021N_A007,P021N_A007,20241023,25x,0.26,0.26,0.26,25,0.2695226593531678,"(138.95884413954533, 137.9650400609471, 247.510833201453)",24.25259037469607,0,25
4,29356.0,31666.0,"(86.32671344869873, 118.87699277830767, 299.30729663441883)",0.9270510958125434,515.961056,379.3322260140343,0.8201167214549747,30.18812786429313,17.428116337633764,13.563232204818911,0.7782385624504276,0.5773168980858844,0.4492902728446987,0.2593828666588621,0.3496550160616187,20241023_P021N_A007,P021N_A007,20241023,25x,0.26,0.26,0.26,25,0.373708716228133,"(138.95884413954533, 137.9650400609471, 247.510833201453)",19.830635409630215,0,25
5,12602.0,15633.0,"(75.30963339152515, 89.99595302332963, 261.6761625138867)",0.806115268982281,221.49275200000002,242.65689539063467,0.729565855704892,20.735861376654473,14.668070528408922,10.696332305629877,0.7292255845725151,0.7073769573384113,0.51583737522823,0.3648914729703778,0.3761618114951579,20241023_P021N_A007,P021N_A007,20241023,25x,0.26,0.26,0.26,25,0.32601572896764136,"(138.95884413954533, 137.9650400609471, 247.510833201453)",21.047015087057634,0,25
6,28872.0,31019.0,"(99.07883070102521, 161.42307425879744, 305.6259351620948)",0.9307843579741448,507.45427200000006,370.5024433024511,0.830406978404763,29.55400418194329,17.133037417197183,13.750927204658732,0.8025971618351992,0.5797196654545043,0.46528135815383626,0.2697327532911593,0.3734334975090958,20241023_P021N_A007,P021N_A007,20241023,25x,0.26,0.26,0.26,25,0.42891268701742513,"(138.95884413954533, 137.9650400609471, 247.510833201453)",19.313747702964278,0,25
7,23102.0,25005.0,"(103.2827027962947, 96.47355207341356, 200.52367760367068)",0.9238952209558089,406.04075200000005,327.45562482894434,0.8098005832687766,26.283036413349667,18.524091300305304,11.760663695762332,0.6348847835558066,0.7047926658464985,0.44746213910767413,0.31536803388707435,0.2840869033367939,20241023_P021N_A007,P021N_A007,20241023,25x,0.26,0.26,0.26,25,0.44711126751642727,"(138.95884413954533, 137.9650400609471, 247.510833201453)",18.752694305479974,0,25
8,26405.0,28638.0,"(106.84059837152054, 201.55879568263586, 211.20321908729406)",0.9220266778406313,464.09428,356.72773231000684,0.8126148014874801,27.555854325247967,19.409952870180664,12.082471034114684,0.6224884271963832,0.7043858136670563,0.4384720172890505,0.3088534686683835,0.2729437564118864,20241023_P021N_A007,P021N_A007,20241023,25x,0.26,0.26,0.26,25,0.46251341286372527,"(138.95884413954533, 137.9650400609471, 247.510833201453)",20.790231956795274,0,25
9,20025.0,21823.0,"(105.76474406991261, 135.7050686641698, 178.28134831460673)",0.9176098611556615,351.9594,294.4823994965345,0.8186278092118237,24.33302745983372,16.87360431643441,11.910157466325568,0.7058454876013309,0.6934445105232999,0.4894646786547849,0.3394165945082116,0.3454864347687154,20241023_P021N_A007,P021N_A007,20241023,25x,0.26,0.26,0.26,25,0.45785603493468663,"(138.95884413954533, 137.9650400609471, 247.510833201453)",19.970432828617664,1,25
10,23564.0,25449.0,"(111.22827194024784, 216.32108300797827, 251.86797657443557)",0.9259302919564619,414.160864,327.1628074635439,0.8212957399436275,26.873279597731514,16.66934495561433,12.929651699593862,0.7756544563701695,0.6202944041493715,0.48113411883993895,0.2984448015617528,0.3731938233899334,20241023_P021N_A007,P021N_A007,20241023,25x,0.26,0.26,0.26,25,0.4815076707370036,"(138.95884413954533, 137.9650400609471, 247.510833201453)",21.640433979596054,0,25
11,24501.0,27112.0,"(114.0770988939227, 190.9798375576507, 292.35435288355575)",0.9036957804662142,430.62957600000004,344.6914529544753,0.8000605307363272,27.40667312338794,16.357001701770987,13.599562755243511,0.8314214917377599,0.5968255113683414,0.4962135569690178,0.2961529098859377,0.4125626157556807,20241023_P021N_A007,P021N_A007,20241023,25x,0.26,0.26,0.26,25,0.4938402549520463,"(138.95884413954533, 137.9650400609471, 247.510833201453)",19.177729819019394,0,25
12,33466.0,35952.0,"(122.46342556624634, 90.13539114324986, 286.80350206179406)",0.9308522474410325,588.1984160000001,398.3898692008926,0.8521677063055049,25.497647639081663,20.023552855954133,15.984258386879748,0.7982728390844348,0.7853098112965887,0.6268914926245897,0.49230403977645343,0.5004304516153102,20241023_P021N_A007,P021N_A007,20241023,25x,0.26,0.26,0.26,25,0.5301446994209799,"(138.95884413954533, 137.9650400609471, 247.510833201453)",16.65560887974632,0,25
13,16436.0,19000.0,"(126.34400097347286, 62.350389389145775, 260.66281333657827)",0.8650526315789474,288.879136,265.5057185289006,0.7959534986217124,20.96218248859903,17.760765473526437,11.580511106919376,0.6520277025323528,0.8472765411324041,0.5524477765241199,0.4680760412496436,0.3602112544961285,20241023_P021N_A007,P021N_A007,20241023,25x,0.26,0.26,0.26,25,0.5469437271578912,"(138.95884413954533, 137.9650400609471, 247.510833201453)",20.2227262013789,2,25
14,21101.0,22820.0,"(134.8022368608123, 145.91483815932895, 196.46286905833847)",0.9246713409290096,370.87117600000005,304.2699049512494,0.8204280745826457,23.120597087265434,19.881393548302,11.328673784382762,0.5698128633116014,0.8598996588739678,0.4899818867836449,0.4213352572996794,0.27919798187900957,20241023_P021N_A007,P021N_A007,20241023,25x,0.26,0.26,0.26,25,0.5835594669299233,"(138.95884413954533, 137.9650400609471, 247.510833201453)",13.475856226278163,1,25
15,24651.0,26790.0,"(153.0062472110665, 78.35730801995862, 239.81497708003732)",0.9201567749160134,433.265976,336.007615381076,0.824083833445463,25.599573286263862,19.428345968479583,12.08777242269598,0.6221719770847761,0.7589324146627234,0.4721864809044297,0.3583576261238928,0.2937811963770119,20241023_P021N_A007,P021N_A007,20241023,25x,0.26,0.26,0.26,25,0.6623647065414134,"(138.95884413954533, 137.9650400609471, 247.510833201453)",16.047787755981645,0,25
16,20958.0,22738.0,"(156.0668956961542, 119.82331329325318, 302.08622005916595)",0.9217169495997889,368.35780800000003,292.497978576124,0.8495869679913848,23.61931271117675,16.294299268682405,13.314885997921689,0.8171499601405297,0.6898718632473958,0.5637287655546824,0.38890061385936314,0.4606509383030787,20241023_P021N_A007,P021N_A007,20241023,25x,0.26,0.26,0.26,25,0.6756142670829186,"(138.95884413954533, 137.9650400609471, 247.510833201453)",15.600607800659827,0,25
17,24855.0,29300.0,"(156.12826393079862, 165.04602695634682, 301.26650573325287)",0.8482935153583617,436.85148000000004,360.56724452761006,0.7721832813248742,25.416491900536702,21.039820708507747,12.246101915363296,0.5820440242825554,0.8278019165998067,0.48181715884656384,0.39884916754385913,0.2804387981034413,20241023_P021N_A007,P021N_A007,20241023,25x,0.26,0.26,0.26,25,0.6758799304363576,"(138.95884413954533, 137.9650400609471, 247.510833201453)",16.274091746770996,0,25
18,17958.0,19652.0,"(158.2672903441363, 123.69311727363849, 185.07751419979954)",0.9138001221249745,315.629808,270.29556714428065,0.8293997025273718,23.970017205187663,14.975931551640098,12.390631145221949,0.827369643250338,0.6247776721828536,0.5169220797447042,0.32296137368281574,0.42768563670659865,20241023_P021N_A007,P021N_A007,20241023,25x,0.26,0.26,0.26,25,0.6851397850395511,"(138.95884413954533, 137.9650400609471, 247.510833201453)",17.39169365184605,1,25
19,22292.0,24782.0,"(161.69199712901488, 206.3152700520366, 254.76166337699624)",0.8995238479541603,391.80419200000006,331.5237442538488,0.7810560569860987,25.691394536519276,19.923035354957058,10.760559207127164,0.5401064152832428,0.7754750458032658,0.41883904713041037,0.32479922925765115,0.2262176563262551,20241023_P021N_A007,P021N_A007,20241023,25x,0.26,0.26,0.26,25,0.6999653555368609,"(138.95884413954533, 137.9650400609471, 247.510833201453)",18.822859274532465,0,25
20,21931.0,24285.0,"(167.33824267019287, 191.20350189229856, 198.09315580684876)",0.9030677372863908,385.45925600000004,318.0174708490257,0.8054133013100723,23.963110594119602,19.53859601641389,11.78681505384675,0.6032580357332195,0.8153614256242903,0.4918733320347468,0.4010545412344211,0.296726540112835,20241023_P021N_A007,P021N_A007,20241023,25x,0.26,0.26,0.26,25,0.7244079769272419,"(138.95884413954533, 137.9650400609471, 247.510833201453)",20.276384541401296,0,25
21,38729.0,41354.0,"(184.46729840687857, 107.40904748379766, 224.1908905471352)",0.9365236736470475,680.700904,439.9906223692388,0.8505077115398743,27.769302151471425,21.5796325397465,15.736464143212498,0.72922762304818,0.7771038833470667,0.5666856177146915,0.4403735941630181,0.41324280602167407,20241023_P021N_A007,P021N_A007,20241023,25x,0.26,0.26,0.26,25,0.7985597333631107,"(138.95884413954533, 137.9650400609471, 247.510833201453)",15.48803178161238,0,25
22,23394.0,25184.0,"(188.2888774899547, 154.85214157476275, 198.72886210139353)",0.928923125794155,411.17294400000003,328.5409989454733,0.8139122234780958,28.372600673761248,17.016946834695307,11.849931108223544,0.6963605882615264,0.5997669029484647,0.4176540333569867,0.2504950660904547,0.2908378083582704,20241023_P021N_A007,P021N_A007,20241023,25x,0.26,0.26,0.26,25,0.8151033657573796,"(138.95884413954533, 137.9650400609471, 247.510833201453)",18.564631950009346,0,25
23,21343.0,23600.0,"(184.61757953427355, 106.07613737525183, 276.0216932952256)",0.904364406779661,375.124568,306.6704631749906,0.820217782953116,25.015882869526806,16.100316911460265,13.097094991857613,0.8134681487253864,0.6436037854603536,0.5235511798710846,0.3369595212472645,0.42589220905272307,20241023_P021N_A007,P021N_A007,20241023,25x,0.26,0.26,0.26,25,0.7992103010141712,"(138.95884413954533, 137.9650400609471, 247.510833201453)",16.267133029289553,0,25
24,20819.0,23266.0,"(198.41880013449253, 158.94774004515105, 272.7326960949133)",0.8948250666208201,365.91474400000004,300.6078325042354,0.8230074597961761,25.05009921860551,15.082293141030238,13.491468378864075,0.8945236810284211,0.6020851657876124,0.5385794387929422,0.3242706906954478,0.4817720621152839,20241023_P021N_A007,P021N_A007,20241023,25x,0.26,0.26,0.26,25,0.8589558447380629,"(138.95884413954533, 137.9650400609471, 247.510833201453)",17.656857152263886,1,25
25,23991.0,26539.0,"(216.48447334417074, 147.24909341002876, 244.87207702888583)",0.903990353818908,421.665816,320.90036975163054,0.8474085406571179,22.096641018145874,18.12412561715748,14.715959758762331,0.8119541913145452,0.8202208472443325,0.665981754723603,0.5462521191086608,0.5407466770868449,20241023_P021N_A007,P021N_A007,20241023,25x,0.26,0.26,0.26,25,0.9371622222691374,"(138.95884413954533, 137.9650400609471, 247.510833201453)",20.31227409293885,1,25
1,40060.0,53543.0,"(91.87319021467798, 172.6911882176735, 81.01652521218173)",0.7481837028182956,704.09456,609.582671759047,0.6278735246110826,32.370502356504524,25.74697700360925,13.355317881773873,0.5187140175680316,0.795383918360342,0.41257678780169615,0.32815694210623636,0.21400936315593108,20241023_P021N_A001,P021N_A001,20241023,25x,0.26,0.26,0.26,15,0.1955410442618281,"(136.20495256903735, 163.74068996591873, 158.24411007626344)",23.268934464138688,1,15
2,22653.0,25259.0,"(101.35032887476272, 76.01108021012669, 203.3150576082638)",0.8968288530820697,398.149128,336.1944617589498,0.7784978464699093,24.336075500755257,21.13879700557632,11.001762561263062,0.5204535791871622,0.868619798821724,0.4520762832495991,0.3926824102083395,0.2352847196828832,20241023_P021N_A001,P021N_A001,20241023,25x,0.26,0.26,0.26,15,0.25368299923167315,"(136.20495256903735, 163.74068996591873, 158.24411007626344)",27.19793816407935,1,15
3,31298.0,40461.0,"(99.8496070036424, 236.52936289858778, 91.72308134705094)",0.7735350090210326,550.093648,481.01508991888363,0.6749679899014045,34.19273231588519,19.452587796814743,13.051544630913064,0.6709413044289245,0.5689100133064681,0.3817052264305185,0.2171559254477347,0.25610180252863013,20241023_P021N_A001,P021N_A001,20241023,25x,0.26,0.26,0.26,15,0.24447611658676321,"(136.20495256903735, 163.74068996591873, 158.24411007626344)",27.32468799721168,0,15
4,35660.0,42406.0,"(106.2668255748738, 118.25644980370163, 243.8551878855861)",0.840918737914446,626.76016,457.01321007356756,0.7749784497687001,26.892247583440795,20.01049254884512,17.55868167057059,0.8774737367263838,0.7440989261591808,0.652927265230986,0.4858424769184273,0.5729265272327719,20241023_P021N_A001,P021N_A001,20241023,25x,0.26,0.26,0.26,15,0.28384555567407244,"(136.20495256903735, 163.74068996591873, 158.24411007626344)",26.379898020339887,1,15
5,27002.0,30692.0,"(116.29586697281682, 116.26820235538108, 127.54940374787053)",0.8797732308093315,474.58715200000006,403.6445614439781,0.7289465257154603,31.35783973071281,21.80057349363938,9.940279118553853,0.4559641112860663,0.6952192396176846,0.3169950227412523,0.2203810386727641,0.1445383538263215,20241023_P021N_A001,P021N_A001,20241023,25x,0.26,0.26,0.26,15,0.3453734170111462,"(136.20495256903735, 163.74068996591873, 158.24411007626344)",15.583033933347131,1,15
6,22432.0,27201.0,"(115.79426711840229, 190.48154422253924, 78.95617867332382)",0.8246755633984044,394.264832,346.89071221106184,0.7495779672137602,26.59310877679451,18.07955756245045,12.504402145299672,0.6916320879040837,0.6798587451432871,0.47021212338330204,0.3196778241545322,0.32521379265340583,20241023_P021N_A001,P021N_A001,20241023,25x,0.26,0.26,0.26,15,0.34229611729081155,"(136.20495256903735, 163.74068996591873, 158.24411007626344)",22.393601570030647,1,15
7,25964.0,28923.0,"(134.9014019411493, 269.94461562162996, 202.74568633492527)",0.8976938768454171,456.34326400000003,388.9849853387939,0.7369064921475459,32.34340244301744,19.51422866356735,10.422233206641478,0.5340837901576692,0.6033449541354683,0.322236759877176,0.19441992310885664,0.17210143004332887,20241023_P021N_A001,P021N_A001,20241023,25x,0.26,0.26,0.26,15,0.4595178033199343,"(136.20495256903735, 163.74068996591873, 158.24411007626344)",29.941078187496636,1,15
8,23879.0,28257.0,"(130.20159973198207, 105.89149461870262, 239.65333556681603)",0.845064939660969,419.69730400000003,353.1630417541577,0.7675965169814908,22.440223794718637,19.841649280965637,14.300054046205691,0.7207089412634627,0.8842001515883018,0.6372509551161983,0.5634573911135327,0.4592724611809257,20241023_P021N_A001,P021N_A001,20241023,25x,0.26,0.26,0.26,15,0.43068466093240537,"(136.20495256903735, 163.74068996591873, 158.24411007626344)",26.013037866390874,1,15
9,27131.0,31306.0,"(136.752497143489, 91.97287236003096, 156.97567358372342)",0.8666389829425669,476.854456,419.74111674291225,0.703223174535577,29.292292750607363,24.54194661075749,9.742547942702416,0.39697535396120365,0.8378294870840598,0.3325976571943283,0.278660124532484,0.13203307269138553,20241023_P021N_A001,P021N_A001,20241023,25x,0.26,0.26,0.26,15,0.470874215604227,"(136.20495256903735, 163.74068996591873, 158.24411007626344)",18.66308973603623,1,15
10,18420.0,21313.0,"(133.57519001085777, 82.20358306188925, 198.54419109663408)",0.864261249002956,323.74992000000003,292.09279521888186,0.7806141024327831,21.325462668881062,18.367496931390715,12.202102651939486,0.6643312748339515,0.8612941822919169,0.5721846621290549,0.49281932068842116,0.38012016603262894,20241023_P021N_A001,P021N_A001,20241023,25x,0.26,0.26,0.26,15,0.45138153380894336,"(136.20495256903735, 163.74068996591873, 158.24411007626344)",23.657588425155726,2,15
11,23100.0,25156.0,"(150.84320346320345, 237.9, 228.122987012987)",0.9182699952297663,406.0056,340.52377807503507,0.7786782254671929,28.23971017624283,18.8196540510636,10.632860333908338,0.5649870239409325,0.6664251840267106,0.3765215814025395,0.2509234641762155,0.21272980772615435,20241023_P021N_A001,P021N_A001,20241023,25x,0.26,0.26,0.26,15,0.55732026664542,"(136.20495256903735, 163.74068996591873, 158.24411007626344)",26.764773170783062,1,15
12,28696.0,31932.0,"(147.79822971842765, 162.0549205464176, 85.92838723166992)",0.89865965175999,504.360896,377.0084963866413,0.8127567627145824,24.5713860332753,20.182003285034327,14.433520351202324,0.7151678724532412,0.8213620207546802,0.5874117288970196,0.4824776846618564,0.42009799640936163,20241023_P021N_A001,P021N_A001,20241023,25x,0.26,0.26,0.26,15,0.538639446125323,"(136.20495256903735, 163.74068996591873, 158.24411007626344)",19.047213268493717,1,15
13,34079.0,63209.0,"(195.14416502831656, 216.08870565450863, 95.19460664925614)",0.5391479061526049,598.9725040000001,621.7721850091256,0.5526592272953142,49.970406820002665,23.583343508718954,11.323840582201806,0.4801626443686956,0.47194619795007897,0.2266109344074618,0.10694816890751632,0.1088101055079479,20241023_P021N_A001,P021N_A001,20241023,25x,0.26,0.26,0.26,15,0.8291053069221875,"(136.20495256903735, 163.74068996591873, 158.24411007626344)",26.24504624973958,1,15
14,45309.0,52581.0,"(194.7332980202609, 149.67767993113952, 229.50526385486327)",0.8616990928282079,796.350984,601.3942760629852,0.6908671054152705,31.589741264650666,30.187068717243175,12.024557036473688,0.39833470248819264,0.955597213169419,0.38064753160638654,0.36374572040288133,0.1516251212552949,20241023_P021N_A001,P021N_A001,20241023,25x,0.26,0.26,0.26,15,0.8265846504310485,"(136.20495256903735, 163.74068996591873, 158.24411007626344)",24.253258661464113,0,15
15,11555.0,15250.0,"(192.10134141064475, 243.01955863262657, 96.17343141497187)",0.7577049180327868,203.09068000000002,262.25249351914533,0.6371247762984686,26.09872921074758,16.037927440632007,7.641898810274911,0.4764891747118271,0.6145098985902927,0.2928073144315371,0.17993299309781988,0.1395195156030696,20241023_P021N_A001,P021N_A001,20241023,25x,0.26,0.26,0.26,15,0.8104376773659188,"(136.20495256903735, 163.74068996591873, 158.24411007626344)",29.942151842519824,1,15
1,25675.0,28292.0,"(116.87080817916261, 181.7908081791626, 251.8007789678676)",0.9075003534568076,451.26380000000006,353.12640193938773,0.8057016739069601,23.895277035517843,19.94061045619285,13.31526338763405,0.6677460259747865,0.8345000740754421,0.5572341081395413,0.46501190451981017,0.3720908612477832,20241023_P021N_A006,P021N_A006,20241023,25x,0.26,0.26,0.26,17,0.08222108338031056,"(234.0543802036046, 166.35810651573397, 169.86470917766144)",37.3927344536568,0,17
2,32634.0,38280.0,"(130.89290310718883, 227.01470858613715, 222.46138996138995)",0.8525078369905956,573.575184,502.2706009777945,0.664670801903095,37.987469131158605,22.82834400881533,9.61271467015563,0.42108681498945394,0.6009440621062789,0.2530496210991576,0.15206866721778248,0.10655585898293238,20241023_P021N_A006,P021N_A006,20241023,25x,0.26,0.26,0.26,17,0.13493572596687528,"(234.0543802036046, 166.35810651573397, 169.86470917766144)",33.987405024763405,0,17
3,33067.0,38270.0,"(136.0625396921402, 133.67100130039012, 260.6207094686545)",0.8640449438202247,581.185592,470.35873768160343,0.7160304109077171,40.57555005533686,18.37995663283161,11.360913740265927,0.6181142843379858,0.4529810836270872,0.27999407832480233,0.1268320210087365,0.17306833934260912,20241023_P021N_A006,P021N_A006,20241023,25x,0.26,0.26,0.26,17,0.15437044997045188,"(234.0543802036046, 166.35810651573397, 169.86470917766144)",35.751181082964706,0,17
4,25186.0,29031.0,"(144.98773127928214, 238.34868577781307, 156.31088700071467)",0.867555371843891,442.66913600000004,399.2096063946352,0.7036164262510901,29.949276182388815,22.243942219040637,9.69808552058909,0.43598771409717146,0.7427205279879461,0.32381702521050887,0.24050555193583514,0.14118024460727588,20241023_P021N_A006,P021N_A006,20241023,25x,0.26,0.26,0.26,17,0.18792380180181256,"(234.0543802036046, 166.35810651573397, 169.86470917766144)",29.983780720454334,0,17
5,33104.0,37489.0,"(184.29549299178348, 142.63315611406478, 73.01051232479459)",0.8830323561578063,581.835904,480.05142534996054,0.7020963346792554,33.302264129411,26.148163713266648,9.596887953115747,0.367019575766486,0.7851767559003238,0.2881752398522425,0.22626849995798146,0.10576595427697538,20241023_P021N_A006,P021N_A006,20241023,25x,0.26,0.26,0.26,17,0.33569734207437396,"(234.0543802036046, 166.35810651573397, 169.86470917766144)",28.97519554630611,0,17
6,15576.0,18085.0,"(179.03498972778632, 190.2936569080637, 259.11960708782743)",0.8612662427426043,273.763776,267.6022182134134,0.7619241461610751,22.047358717647906,18.888806577981455,9.345402612896637,0.494758764896799,0.8567378441963583,0.4238785576349364,0.36315280166921726,0.20971763164169777,20241023_P021N_A006,P021N_A006,20241023,25x,0.26,0.26,0.26,17,0.31592101401423434,"(234.0543802036046, 166.35810651573397, 169.86470917766144)",27.962369274550195,0,17
7,29850.0,33441.0,"(200.6758123953099, 69.8766499162479, 190.86964824120602)",0.8926168475823092,524.6436,415.60551550646306,0.7569126118675811,29.02964875113133,22.17047660997281,11.822173051408122,0.53323946342634,0.7637183901203349,0.4072447845565956,0.3110203312464658,0.21715899040013445,20241023_P021N_A006,P021N_A006,20241023,25x,0.26,0.26,0.26,17,0.39727749020793185,"(234.0543802036046, 166.35810651573397, 169.86470917766144)",27.099943209850004,0,17
8,27960.0,30804.0,"(209.557904148784, 202.9810443490701, 93.44567238912732)",0.9076743280093494,491.42496000000006,380.2471773831889,0.7919958991758801,30.63497858283641,17.395848970139657,12.854450749237488,0.738937821965598,0.5678427005620913,0.419600448372415,0.2382670517608565,0.3100586414161007,20241023_P021N_A006,P021N_A006,20241023,25x,0.26,0.26,0.26,17,0.4306688125894134,"(234.0543802036046, 166.35810651573397, 169.86470917766144)",22.934868219536877,0,17
9,35042.0,38916.0,"(228.80797328919581, 92.46184578505793, 119.28043490668341)",0.9004522561414329,615.898192,446.4843385931308,0.7840621954120798,32.51125435623377,21.381178511383187,12.566424047899512,0.5877329933525056,0.6576546778879825,0.38652535242738184,0.25420020614616873,0.22717370238877732,20241023_P021N_A006,P021N_A006,20241023,25x,0.26,0.26,0.26,17,0.5030374935684053,"(234.0543802036046, 166.35810651573397, 169.86470917766144)",23.32324770431892,0,17
10,25994.0,28506.0,"(240.31064861121797, 166.1344541047934, 93.1389166730784)",0.9118782010804742,456.87054400000005,348.85952476559106,0.822297516599234,25.81397903857109,19.19256346170107,12.805528951408636,0.6672130576492391,0.7434949657712071,0.49606954945902343,0.3688252126951747,0.3309840809012355,20241023_P021N_A006,P021N_A006,20241023,25x,0.26,0.26,0.26,17,0.5462806338767593,"(234.0543802036046, 166.35810651573397, 169.86470917766144)",20.014998849777278,1,17
11,11022.0,13274.0,"(253.37724550898204, 199.7046815459989, 229.7334422064961)",0.8303450354075637,193.72267200000002,224.29331779953387,0.7218629573052213,19.924865912781552,16.95574299870581,8.821340862342149,0.5202568158184198,0.8509840454097567,0.4427302497771576,0.3767563789806376,0.23033343001555767,20241023_P021N_A006,P021N_A006,20241023,25x,0.26,0.26,0.26,17,0.5954031786051956,"(234.0543802036046, 166.35810651573397, 169.86470917766144)",18.512351260203626,1,17
12,20218.0,22495.0,"(269.13849045405084, 217.91349292709467, 167.94593926204374)",0.8987775061124694,355.35156800000004,305.79069190703575,0.7934118579914377,26.34117604683376,16.13405615822291,11.92083366600134,0.7388615453607273,0.6125032583790899,0.4525551040244552,0.2771914758110668,0.33437556352039366,20241023_P021N_A006,P021N_A006,20241023,25x,0.26,0.26,0.26,17,0.6546559791505671,"(234.0543802036046, 166.35810651573397, 169.86470917766144)",16.221446336691375,0,17
13,19316.0,21876.0,"(274.6906191758128, 190.2598881756057, 219.64138537999585)",0.882976778204425,339.498016,295.32747133735535,0.7969023448133296,21.94176040846702,18.640668612278173,12.056992355473337,0.646811152875261,0.8495520990688149,0.5494997726262981,0.4668286852725081,0.35542258143710975,20241023_P021N_A006,P021N_A006,20241023,25x,0.26,0.26,0.26,17,0.6755286435180933,"(234.0543802036046, 166.35810651573397, 169.86470917766144)",17.825302260490442,1,17
14,25763.0,28009.0,"(284.65120521678375, 155.7562007530179, 124.22978690369911)",0.9198114891641972,452.810488,347.22220674924216,0.8212731347656,25.739304984951044,19.784917481393165,12.33356916268009,0.6233823908681582,0.7686655678139243,0.4791725794418745,0.36832346285755124,0.2987077482109382,20241023_P021N_A006,P021N_A006,20241023,25x,0.26,0.26,0.26,17,0.7129744557021945,"(234.0543802036046, 166.35810651573397, 169.86470917766144)",17.928664258668196,1,17
15,27734.0,30051.0,"(286.5579793754958, 130.85267181077378, 206.51323285497944)",0.9228977405078034,487.45278400000007,359.2304577053727,0.833807907724618,25.18350517577678,19.73220032295977,13.90813663262942,0.7048446906575516,0.7835366913871684,0.5522716768596303,0.4327251224334382,0.38926575923505335,20241023_P021N_A006,P021N_A006,20241023,25x,0.26,0.26,0.26,17,0.720142779607127,"(234.0543802036046, 166.35810651573397, 169.86470917766144)",19.035796806403436,0,17
16,49178.0,68175.0,"(324.31339216722927, 184.20210256618813, 144.29071942738622)",0.7213494682801613,864.3525280000001,687.279041198178,0.6384765660456991,46.1053975292729,26.138679008161496,12.748079617072152,0.4877094061674545,0.5669331663731068,0.2764986379084626,0.15675624828729579,0.1348509865004463,20241023_P021N_A006,P021N_A006,20241023,25x,0.26,0.26,0.26,17,0.8620804216813129,"(234.0543802036046, 166.35810651573397, 169.86470917766144)",24.828470427944588,1,17
17,80351.0,94765.0,"(323.1612301029234, 169.65105599183582, 175.43120807457282)",0.8478974304859389,1412.249176,860.6266272682197,0.7073107071333261,43.3836317741513,24.099108347096596,19.998297353140682,0.8298355717194006,0.5554884955817658,0.4609641133146443,0.2560602618223344,0.3825244185145844,20241023_P021N_A006,P021N_A006,20241023,25x,0.26,0.26,0.26,17,0.8577489853493361,"(234.0543802036046, 166.35810651573397, 169.86470917766144)",23.22872670775567,1,17
