label,area,area_convex,centroid,solidity,volume_um,surface_area_um,sphericity,ellipsoid_r_axis_major,ellipsoid_r_axis_medium,ellipsoid_r_axis_minor,aspect_ratio_minor_per_medium,aspect_ratio_medium_per_major,aspect_ratio_minor_per_major,prolate_ratio,oblate_ratio,img_name,organoid,date,magnification,spacing_x_um,spacing_y_um,spacing_z_um,count,relative_z_position,organoid_center,distance_to_organoid_center_um,neighborhood_density,nuc_count_per_organoid
1,15413.0,17085.0,"(36.75494712255888, 91.94932848893791, 51.73042237072601)",0.9021363769388352,524.230408512,374.6241048658177,0.8392729236339675,19.503037364701452,14.81516282730311,13.048713520797671,0.8807674726834578,0.7596336175880519,0.6690605815284207,0.5082409099319999,0.5892867974649116,20231108_P021N_B008a,P021N_B008a,20231108,40x,0.324,0.324,0.324,10,0.16741480612338033,"(75.49684118495985, 67.07785356272419, 58.25230398878995)",15.065336518353996,0,10
2,23261.0,27208.0,"(54.054253901379994, 90.5170886892223, 92.19663814969262)",0.8549323728315201,791.158342464,554.4922612221483,0.7460436584890274,27.612541268396367,20.18764274196102,10.763025385756594,0.5331491904889475,0.731104122063063,0.38978757084105464,0.28497529977084324,0.20781492785656155,20231108_P021N_B008a,P021N_B008a,20231108,40x,0.324,0.324,0.324,10,0.31401910085915247,"(75.49684118495985, 67.07785356272419, 58.25230398878995)",15.06303881707338,0,10
3,21662.0,25058.0,"(47.74323700489336, 44.109131197488686, 47.29627919859662)",0.8644744193471147,736.772796288,503.7800882669972,0.783066865519391,25.344814250563466,16.952201227605165,12.661922746349802,0.7469190918835352,0.6688627132956116,0.4995863304095157,0.33415466848310665,0.3731505682269033,20231108_P021N_B008a,P021N_B008a,20231108,40x,0.324,0.324,0.324,10,0.2605359068211302,"(75.49684118495985, 67.07785356272419, 58.25230398878995)",12.2000487975533,0,10
4,20482.0,23048.0,"(69.06630211893369, 88.41695146958305, 27.182355238746215)",0.8886671294689344,696.638371968,502.43853612849733,0.7563789683789874,26.597363804038714,18.73971414500815,10.138381849023274,0.5410104855694352,0.7045703582910195,0.3811799516568554,0.2685680951122241,0.20622235073520923,20231108_P021N_B008a,P021N_B008a,20231108,40x,0.324,0.324,0.324,10,0.4412398484655398,"(75.49684118495985, 67.07785356272419, 58.25230398878995)",12.388713765793327,0,10
5,13334.0,15777.0,"(81.75266236688165, 44.06172191390431, 104.36478176091195)",0.845154338594156,453.51899481600003,406.8825842574709,0.7015823868186274,28.44886241557477,16.143975008415886,7.7174407210126725,0.47803844573530097,0.5674734818070482,0.2712741412390409,0.1539408814531355,0.12967946884608963,20231108_P021N_B008a,P021N_B008a,20231108,40x,0.324,0.324,0.324,10,0.5487513759905225,"(75.49684118495985, 67.07785356272419, 58.25230398878995)",16.82068154058691,0,10
6,17862.0,19481.0,"(79.04893069085209, 33.470496025081175, 33.206975702608894)",0.9168933832965454,607.526345088,438.92097631642775,0.7903289035185038,23.516937645828605,19.29767296969505,9.573039874764742,0.49607224092760754,0.8205861349944107,0.4070700028608015,0.3340360003197088,0.20193612853356543,20231108_P021N_B008a,P021N_B008a,20231108,40x,0.324,0.324,0.324,10,0.5258383956851872,"(75.49684118495985, 67.07785356272419, 58.25230398878995)",13.62858269332551,0,10
7,16664.0,20288.0,"(103.01116178588575, 26.934409505520883, 57.8041286605857)",0.8213722397476341,566.779700736,471.02463306968525,0.7031533166647329,31.342078755960138,15.637318042242903,9.39525285010339,0.6008225211460752,0.4989240874544496,0.2997648280848873,0.14955989330319236,0.1801054597608818,20231108_P021N_B008a,P021N_B008a,20231108,40x,0.324,0.324,0.324,10,0.7289081507278453,"(75.49684118495985, 67.07785356272419, 58.25230398878995)",15.768966496503849,0,10
8,11688.0,13281.0,"(97.60138603696099, 94.04072553045859, 94.82075633127995)",0.8800542127851818,397.534874112,356.5851826176671,0.7332256582619359,21.562843250847465,17.426194318171362,7.76753262105314,0.44573889624044055,0.8081584657202605,0.36022766249751687,0.291121035033989,0.16056748067691712,20231108_P021N_B008a,P021N_B008a,20231108,40x,0.324,0.324,0.324,10,0.6830625935335677,"(75.49684118495985, 67.07785356272419, 58.25230398878995)",16.370367565021276,0,10
9,14307.0,15872.0,"(106.15069546375899, 98.85929964353114, 50.31523030684281)",0.901398689516129,486.612888768,381.887636488205,0.7834373357216198,23.033816031678214,16.94480891335156,9.047114385716604,0.5339165777542634,0.7356492250371154,0.3927753166593926,0.28894485731418973,0.20970925289713002,20231108_P021N_B008a,P021N_B008a,20231108,40x,0.324,0.324,0.324,10,0.7555143683369406,"(75.49684118495985, 67.07785356272419, 58.25230398878995)",14.535711181973362,0,10
10,12320.0,13712.0,"(118.23465909090909, 62.06323051948052, 34.774594155844156)",0.8984830805134189,419.03059968,338.8533670330115,0.7991644283315228,22.37843216635001,14.121705805900515,9.59422669662122,0.6793957350826864,0.6310408924506801,0.4287264909937642,0.2705439474939534,0.29127494949812915,20231108_P021N_B008a,P021N_B008a,20231108,40x,0.324,0.324,0.324,10,0.8579208397534669,"(75.49684118495985, 67.07785356272419, 58.25230398878995)",15.882182510182503,0,10
1,10476.0,12512.0,"(45.14337533409698, 35.996277205040094, 57.00801832760596)",0.8372762148337596,356.31205862400003,320.6261838570382,0.7580633238580753,18.893626089313234,16.144619622723052,8.925573457529707,0.5528512697175744,0.85450085369557,0.47241188194034717,0.4036763564139575,0.2611735087603898,20231108_P021N_B009a,P021N_B009a,20231108,40x,0.324,0.324,0.324,14,0.15776848116606074,"(86.50126817523027, 70.3886927860115, 71.77508883070738)",18.07263728918738,0,14
2,15555.0,18169.0,"(50.836451301832206, 60.60816457730633, 68.09501767920283)",0.8561285706423029,529.0601443200001,424.12912468173454,0.7458578397545341,21.61238842139469,14.697238215029909,12.303711364055824,0.8371444474155436,0.6800376676777062,0.5692897575298085,0.38713847894337783,0.4765777594866203,20231108_P021N_B009a,P021N_B009a,20231108,40x,0.324,0.324,0.324,14,0.20727348958114963,"(86.50126817523027, 70.3886927860115, 71.77508883070738)",12.04121412422665,0,14
3,11701.0,12943.0,"(61.184941457995045, 84.88411246901974, 89.85078198444577)",0.9040407942517191,397.977033024,338.1314066009552,0.7738152541181118,24.381904002164678,13.810033845438237,8.620329730769976,0.6242077193472965,0.566405061893942,0.3535544119115818,0.20025500856165576,0.2206913931245031,20231108_P021N_B009a,P021N_B009a,20231108,40x,0.324,0.324,0.324,14,0.2972603605043047,"(86.50126817523027, 70.3886927860115, 71.77508883070738)",11.119216804542903,1,14
4,12574.0,13701.0,"(56.430730077938605, 96.00326069667568, 68.82940989343089)",0.9177432304211371,427.669704576,323.2940311288197,0.8490998466778162,19.100621365821333,14.265427750988403,11.298566192808563,0.7920243535652637,0.7468567371590837,0.5915287244542854,0.44178721308180224,0.4685051556011903,20231108_P021N_B009a,P021N_B009a,20231108,40x,0.324,0.324,0.324,14,0.2559193919820748,"(86.50126817523027, 70.3886927860115, 71.77508883070738)",12.833919233725112,0,14
5,16502.0,17756.0,"(78.72373045691431, 32.61471336807659, 91.43794691552539)",0.9293759855823384,561.269720448,401.1971423206723,0.8201765898767567,22.74577593359358,17.26944534787315,10.165282592443194,0.5886282036090474,0.7592374688949453,0.4469085874283117,0.33930974474648673,0.263062998995384,20231108_P021N_B009a,P021N_B009a,20231108,40x,0.324,0.324,0.324,14,0.4497715691905592,"(86.50126817523027, 70.3886927860115, 71.77508883070738)",14.025838385672683,0,14
6,11912.0,13252.0,"(82.69325050369376, 56.11492612491605, 103.40866353257219)",0.8988831874434048,405.15361228800003,338.69354871694327,0.7817904186841814,26.81422734262597,11.394846298636777,9.66619591972488,0.848295419384577,0.4249552356305508,0.36048757982888985,0.1531910844280729,0.30579996271387927,20231108_P021N_B009a,P021N_B009a,20231108,40x,0.324,0.324,0.324,14,0.4842891348147283,"(86.50126817523027, 70.3886927860115, 71.77508883070738)",11.311843982812075,1,14
7,12068.0,13637.0,"(78.44804441498177, 56.24767981438515, 38.74867417964866)",0.8849453692161032,410.459519232,359.417980975151,0.7431295750457169,22.15058390955246,17.737147061107677,7.642225780102664,0.4308599209204172,0.800753024549322,0.3450123848341058,0.2762697106628848,0.14865200884618734,20231108_P021N_B009a,P021N_B009a,20231108,40x,0.324,0.324,0.324,14,0.4473742992607111,"(86.50126817523027, 70.3886927860115, 71.77508883070738)",11.929039046632726,0,14
8,10648.0,12012.0,"(78.13514274981218, 107.10584147257701, 48.53841096919609)",0.8864468864468864,362.162161152,294.1721376427064,0.8352528576726319,17.946243178738303,13.228455022679492,11.264198618674891,0.8515127881043564,0.737115556215789,0.6276633224283998,0.46266039902806,0.5344633456718504,20231108_P021N_B009a,P021N_B009a,20231108,40x,0.324,0.324,0.324,14,0.44465341521575796,"(86.50126817523027, 70.3886927860115, 71.77508883070738)",14.337079664769927,0,14
9,9568.0,10897.0,"(95.57033862876254, 109.35179765886288, 74.06333612040133)",0.878039827475452,325.428959232,287.0825082199428,0.79698140873902,20.109931146614407,11.924725990018457,9.951236029602539,0.8345043766986495,0.5929769676026979,0.4948418747459447,0.2934298343296844,0.41294771024925575,20231108_P021N_B009a,P021N_B009a,20231108,40x,0.324,0.324,0.324,14,0.5962638141631526,"(86.50126817523027, 70.3886927860115, 71.77508883070738)",12.982691141822114,1,14
10,10403.0,11656.0,"(107.70710372008075, 90.70768047678554, 99.1861001634144)",0.8925017158544956,353.829166272,292.0044548323938,0.8284959697365708,19.440019261024013,12.381590550035087,10.807222154058874,0.8728460297880104,0.6369124630889321,0.5559265147296771,0.35407652579292426,0.4852382512356846,20231108_P021N_B009a,P021N_B009a,20231108,40x,0.324,0.324,0.324,14,0.7018009019137457,"(86.50126817523027, 70.3886927860115, 71.77508883070738)",13.016222718139836,0,14
11,12869.0,14664.0,"(118.0248659569508, 48.83044525604165, 52.54091226979563)",0.8775913802509547,437.703310656,355.29947162098244,0.7846502495117256,21.03902864623881,16.551914323866214,9.29736284199776,0.5617092174402986,0.78672426385166,0.44191027058941096,0.3476615323179422,0.2482250722716086,20231108_P021N_B009a,P021N_B009a,20231108,40x,0.324,0.324,0.324,14,0.7915205735387026,"(86.50126817523027, 70.3886927860115, 71.77508883070738)",13.854358209651046,0,14
12,11115.0,13001.0,"(114.24120557804768, 98.038326585695, 65.41628430049482)",0.8549342358280132,378.04586976,326.744837755245,0.7738172165325061,19.236888468265136,15.309882745608565,9.428463561651542,0.6158416572038065,0.795860659631369,0.49012414753069683,0.3900705273550428,0.30183886725090725,20231108_P021N_B009a,P021N_B009a,20231108,40x,0.324,0.324,0.324,14,0.7586191789395451,"(86.50126817523027, 70.3886927860115, 71.77508883070738)",12.856068388929227,2,14
13,11077.0,12272.0,"(120.70443260810688, 55.714814480455, 88.14182540399025)",0.9026238591916558,376.753405248,301.49823033662994,0.8367020146039398,20.149493778025093,13.349927690736976,10.2073763172874,0.7646016183570734,0.6625440737025523,0.5065822709858596,0.3356330814844617,0.38733362422678985,20231108_P021N_B009a,P021N_B009a,20231108,40x,0.324,0.324,0.324,14,0.814821153113973,"(86.50126817523027, 70.3886927860115, 71.77508883070738)",13.173097423854555,0,14
14,14644.0,16383.0,"(128.98197213875991, 80.10461622507512, 58.938951106255125)",0.8938533846059941,498.075008256,368.108489261701,0.8254766477659594,19.56376306865302,15.424764906986807,11.98351275982669,0.7769008365501009,0.7884354790465582,0.6125361832370506,0.48294525906385427,0.47587987317407054,20231108_P021N_B009a,P021N_B009a,20231108,40x,0.324,0.324,0.324,14,0.886799757728347,"(86.50126817523027, 70.3886927860115, 71.77508883070738)",14.718930985154065,1,14
1,18957.0,20931.0,"(34.73735295669146, 71.75323099646569, 123.22398058764573)",0.9056901246954279,644.769730368,437.9995898202401,0.8240372570656967,21.052813534095755,16.605517161807853,13.340517052703959,0.8033785953614689,0.7887552480771584,0.6336690832842143,0.49980981498466603,0.5090761780528619,20231108_P021N_A003,P021N_A003,20231108,40x,0.324,0.324,0.324,23,0.12413429532510352,"(90.00428650234069, 112.72601352267897, 116.11192232447797)",22.409429549221844,0,23
2,15262.0,17225.0,"(36.16413314113485, 100.64002096710784, 135.50753505438342)",0.8860377358490567,519.094562688,408.07756270838576,0.7654304369391224,20.52870953439625,18.640894424414693,9.914674072282104,0.5318775937755688,0.9080402444772047,0.48296626028391487,0.4385528010624473,0.2568789323945937,20231108_P021N_A003,P021N_A003,20231108,40x,0.324,0.324,0.324,23,0.13310775560462165,"(90.00428650234069, 112.72601352267897, 116.11192232447797)",18.950602190403846,2,23
3,18874.0,21216.0,"(37.24785419095051, 92.26205361873477, 86.55255907597754)",0.8896116138763197,641.946715776,450.5517436538692,0.798740006105398,22.22039346824383,14.610205795441319,14.415781352429093,0.9866925595892092,0.6575133701534774,0.6487635501608618,0.42657070829900284,0.640130167876403,20231108_P021N_A003,P021N_A003,20231108,40x,0.324,0.324,0.324,23,0.1399236112638397,"(90.00428650234069, 112.72601352267897, 116.11192232447797)",20.684731358884974,0,23
4,11814.0,13809.0,"(44.9487895716946, 123.57745048247841, 134.98654139156932)",0.855529002824245,401.820414336,350.00382385489894,0.7523720730344998,19.961254746104213,14.107878870455147,10.5829025388029,0.7501412959368197,0.7067631293673333,0.5301722097839735,0.37470617009051543,0.39770406851703727,20231108_P021N_A003,P021N_A003,20231108,40x,0.324,0.324,0.324,23,0.1883571671175761,"(90.00428650234069, 112.72601352267897, 116.11192232447797)",16.212963666974378,3,23
5,11105.0,16368.0,"(50.91697433588474, 148.69158036920305, 104.64970733903647)",0.6784579667644184,377.70574752,435.82473293119585,0.5797952425261738,19.005480049788225,16.496028009720256,10.759072833927139,0.652222027483669,0.8679616598215875,0.5661037135469265,0.49135631884135483,0.3692253118156106,20231108_P021N_A003,P021N_A003,20231108,40x,0.324,0.324,0.324,23,0.22589292035147635,"(90.00428650234069, 112.72601352267897, 116.11192232447797)",17.605822352755787,0,23
6,18867.0,20534.0,"(60.384480839561135, 59.18291196268617, 86.10515715270049)",0.918817570858089,641.708630208,464.9626058715114,0.7737928003707534,26.488557759697766,18.34274833940664,9.475417032811565,0.516575643817511,0.692478182685924,0.3577173630505612,0.24771146948045353,0.18478807712254594,20231108_P021N_A003,P021N_A003,20231108,40x,0.324,0.324,0.324,23,0.28543698641233417,"(90.00428650234069, 112.72601352267897, 116.11192232447797)",22.081028037739298,0,23
7,10979.0,13013.0,"(55.59750432644139, 112.9124692594954, 69.27115402131342)",0.8436947667716899,373.420207296,350.0287624608985,0.7164385326873068,28.416518801198887,11.774613847898852,8.537638650717223,0.7250886322901148,0.4143580686386569,0.3004463252675772,0.12449235906745498,0.21785021506485852,20231108_P021N_A003,P021N_A003,20231108,40x,0.324,0.324,0.324,23,0.2553302158895685,"(90.00428650234069, 112.72601352267897, 116.11192232447797)",18.830837076842265,2,23
8,18982.0,20972.0,"(66.21588873669792, 73.8115056369192, 155.28305763354757)",0.9051115773412168,645.620035968,489.40106415240825,0.7381374071032237,30.027557300261392,17.35457975150866,8.981592098990793,0.5175344046121318,0.5779550956466774,0.2991116463180509,0.17287310015678423,0.15480056778976706,20231108_P021N_A003,P021N_A003,20231108,40x,0.324,0.324,0.324,23,0.3221125077779744,"(90.00428650234069, 112.72601352267897, 116.11192232447797)",19.479392598895625,0,23
9,8649.0,10487.0,"(55.975604116082785, 128.437391605966, 159.4960110995491)",0.8247353866692095,294.171725376,290.326644030219,0.7367687250718756,19.34602532481522,12.360622770588442,9.692844262116967,0.7841711895925393,0.638923115371581,0.5010250994391039,0.3201165174129884,0.39288944824288236,20231108_P021N_A003,P021N_A003,20231108,40x,0.324,0.324,0.324,23,0.25770820198794203,"(90.00428650234069, 112.72601352267897, 116.11192232447797)",18.575623272581872,2,23
10,27279.0,31594.0,"(75.46893214560652, 145.6229700502218, 152.96554125884379)",0.863423434829398,927.819458496,595.539986670803,0.7724709959445641,25.401681662117074,21.88481651278393,12.640522599985353,0.5775932639234804,0.8615499085409751,0.49762542370715795,0.428729138282566,0.2874250926903223,20231108_P021N_A003,P021N_A003,20231108,40x,0.324,0.324,0.324,23,0.38030774934343714,"(90.00428650234069, 112.72601352267897, 116.11192232447797)",16.684192748436974,1,23
11,19416.0,21455.0,"(83.93139678615574, 132.1822208487845, 72.47187886279357)",0.9049638778839432,660.381341184,472.76131780453505,0.775720709295416,26.32311867042937,18.810388910021018,9.727279536980138,0.5171227231669857,0.7145957568907694,0.36953370376692796,0.26406721673997724,0.19109427519393601,20231108_P021N_A003,P021N_A003,20231108,40x,0.324,0.324,0.324,23,0.43353079739720596,"(90.00428650234069, 112.72601352267897, 116.11192232447797)",15.605494177065582,0,23
12,10420.0,12063.0,"(100.64328214971209, 160.9285028790787, 96.00786948176584)",0.8637983917765066,354.40737408,364.73186862437046,0.6640165632313989,22.833030045150153,18.48961169189087,6.2347808501446345,0.3372045316062029,0.8097747716938758,0.2730597225955533,0.22111687452360726,0.09207697585835325,20231108_P021N_A003,P021N_A003,20231108,40x,0.324,0.324,0.324,23,0.5386369946522773,"(90.00428650234069, 112.72601352267897, 116.11192232447797)",17.26905152238368,1,23
13,11623.0,12661.0,"(102.32650778628582, 174.3791620063667, 133.54194269981932)",0.9180159545059632,395.324079552,314.22589456148125,0.8289805330780623,19.953834177211622,13.920172727076617,10.359294648181454,0.7441929673782873,0.6976189439809127,0.5191631120204626,0.36217802196155946,0.3863575368878543,20231108_P021N_A003,P021N_A003,20231108,40x,0.324,0.324,0.324,23,0.5492233194106027,"(90.00428650234069, 112.72601352267897, 116.11192232447797)",21.13899126745544,3,23
14,14068.0,15581.0,"(105.50980949673017, 72.89941711686096, 70.95862951379016)",0.9028945510557731,478.483967232,382.3858504773131,0.7736785762409024,21.333256448435666,18.49727871932309,8.927199093167793,0.4826222942644011,0.8670630648458486,0.4184639656278266,0.36283464856481124,0.20196003915828117,20231108_P021N_A003,P021N_A003,20231108,40x,0.324,0.324,0.324,23,0.5692440848850954,"(90.00428650234069, 112.72601352267897, 116.11192232447797)",20.143835593876673,1,23
15,13140.0,14643.0,"(109.51643835616439, 54.470700152207, 97.25563165905632)",0.8973570989551322,446.92062336000004,362.61143774113737,0.7795839504769557,20.867881286927165,17.390410961534702,9.074186938128394,0.5217925532754402,0.8333577674907059,0.434839877290896,0.36237718935507357,0.2268962098375957,20231108_P021N_A003,P021N_A003,20231108,40x,0.324,0.324,0.324,23,0.5944430085293357,"(90.00428650234069, 112.72601352267897, 116.11192232447797)",20.821797177526392,1,23
16,13740.0,14809.0,"(114.14898107714701, 153.92052401746724, 156.74315866084424)",0.9278141670605713,467.32795776,351.24923212762656,0.8291184572712216,21.01583201258902,15.84130829729919,10.077021597780615,0.6361230656371142,0.7537797355731547,0.47949667620792846,0.36143487780021893,0.30501889563219414,20231108_P021N_A003,P021N_A003,20231108,40x,0.324,0.324,0.324,23,0.6235784973405473,"(90.00428650234069, 112.72601352267897, 116.11192232447797)",20.313666581339998,1,23
17,7518.0,8579.0,"(123.33133812184091, 161.31191806331472, 114.05001330140995)",0.8763259121109687,255.703900032,242.45760925981872,0.8035382236895766,16.95959919208763,12.257335322267801,8.997229922876386,0.7340282113789602,0.7227373231783901,0.5305095846294513,0.3834190771155692,0.38940900152495134,20231108_P021N_A003,P021N_A003,20231108,40x,0.324,0.324,0.324,23,0.6813291705776158,"(90.00428650234069, 112.72601352267897, 116.11192232447797)",19.100985650680364,2,23
18,12621.0,14168.0,"(137.11702717692734, 130.96363204183504, 78.35480548292529)",0.8908102766798419,429.268279104,360.1437706604906,0.7641185603810803,22.90961835725594,15.8469882316761,8.724603917869363,0.5505528110653857,0.6917176875038181,0.3808271173188751,0.26342485293055756,0.2096654399698341,20231108_P021N_A003,P021N_A003,20231108,40x,0.324,0.324,0.324,23,0.7680316174649519,"(90.00428650234069, 112.72601352267897, 116.11192232447797)",20.434669816389725,1,23
19,10890.0,12056.0,"(133.8204775022957, 132.50330578512396, 154.011753902663)",0.9032846715328468,370.39311936,311.9323087618327,0.7995869641120711,22.066360449938855,13.021183158049006,9.294866788662025,0.7138265913198857,0.5900920175572083,0.4212233734579361,0.24856055028604693,0.30068044485974166,20231108_P021N_A003,P021N_A003,20231108,40x,0.324,0.324,0.324,23,0.7472986006433691,"(90.00428650234069, 112.72601352267897, 116.11192232447797)",19.83397992627092,2,23
20,14779.0,16518.0,"(145.5189119696867, 111.87083023208606, 147.5252046823195)",0.894720910521855,502.666658496,389.9529333190027,0.7840167107097202,24.77440363069866,14.56083968890277,10.200502565629755,0.7005435664128524,0.5877372430818082,0.41173554438218746,0.2419923137339743,0.28843868668043493,20231108_P021N_A003,P021N_A003,20231108,40x,0.324,0.324,0.324,23,0.8208736601867089,"(90.00428650234069, 112.72601352267897, 116.11192232447797)",20.66855727014181,2,23
21,15831.0,17765.0,"(153.4504453287853, 87.24129871770576, 119.41766155012317)",0.8911342527441599,538.447518144,413.4334802568391,0.7741778368417854,24.26309803931954,17.47261864767486,9.328868077832995,0.5339135630407877,0.7201313953955766,0.38448791917318664,0.27688182174692855,0.20528331487189452,20231108_P021N_A003,P021N_A003,20231108,40x,0.324,0.324,0.324,23,0.8707575177911024,"(90.00428650234069, 112.72601352267897, 116.11192232447797)",22.178773091823185,0,23
22,12334.0,13821.0,"(156.09404897032593, 136.2995784011675, 118.20269174639209)",0.892410100571594,419.506770816,329.8767795320642,0.8215330284314232,20.89287093304976,13.574176291786546,10.838002770222364,0.7984280251892865,0.6497037355605348,0.5187416705417002,0.3370284011418549,0.4141778875940011,20231108_P021N_A003,P021N_A003,20231108,40x,0.324,0.324,0.324,23,0.8873839557882134,"(90.00428650234069, 112.72601352267897, 116.11192232447797)",22.744571493307447,1,23
23,14591.0,15898.0,"(158.92803783154, 113.47899390034954, 95.79233774244398)",0.9177884010567366,496.272360384,360.08627952449683,0.8418297630355603,20.59232421526338,15.1272974807263,11.387005790047725,0.7527455452340986,0.734608552322311,0.5529733152514898,0.4062189265897659,0.4162481996888898,20231108_P021N_A003,P021N_A003,20231108,40x,0.324,0.324,0.324,23,0.9052077851040251,"(90.00428650234069, 112.72601352267897, 116.11192232447797)",23.28281222147037,3,23
1,9333.0,10664.0,"(36.12889746062359, 61.78131361834351, 82.04596592735454)",0.8751875468867217,317.436086592,278.90322014853757,0.8068660832933994,18.698853901882078,12.240978835923647,10.452226874485245,0.8538718197772759,0.6546379205995918,0.5589768725575853,0.3659274575143606,0.47729459938415575,20231108_P021N_A005,P021N_A005,20231108,40x,0.324,0.324,0.324,10,0.1841816931249849,"(67.00484906242117, 84.1456213620353, 73.70079696536517)",12.644838342168123,0,10
2,15250.0,16872.0,"(36.74596721311475, 92.23167213114755, 79.99737704918033)",0.9038643907064959,518.686416,372.5482100973795,0.8379888231550632,19.94112471290729,14.625686988199678,12.75590241538556,0.8721574874176713,0.7334434340472737,0.6396781826016588,0.4691677629324797,0.5579001164937649,20231108_P021N_A005,P021N_A005,20231108,40x,0.324,0.324,0.324,10,0.19081685175392207,"(67.00484906242117, 84.1456213620353, 73.70079696536517)",10.350930733680576,0,10
3,7580.0,8673.0,"(52.89379947229551, 49.63034300791557, 51.8655672823219)",0.8739767093277989,257.81265792,255.0914698664497,0.7679347947937758,18.57187591015051,12.941399070881499,7.783339874964226,0.601429554280337,0.6968277805371477,0.41909282145861315,0.2920355206160565,0.25205480881194253,20231108_P021N_A005,P021N_A005,20231108,40x,0.324,0.324,0.324,10,0.3644494566913496,"(67.00484906242117, 84.1456213620353, 73.70079696536517)",14.000412342764287,0,10
4,8545.0,9552.0,"(55.736337039204216, 69.59765944997075, 103.62129900526624)",0.8945770519262981,290.63445408,253.05997401640653,0.8384787563607214,15.637341252232908,13.651923729071173,9.77199530828541,0.7157962132088662,0.8730335617074143,0.6249141174744163,0.5455709977399351,0.44731115886894773,20231108_P021N_A005,P021N_A005,20231108,40x,0.324,0.324,0.324,10,0.3950143767656367,"(67.00484906242117, 84.1456213620353, 73.70079696536517)",11.38093065279931,0,10
5,12520.0,14217.0,"(65.64408945686901, 90.82380191693291, 41.754392971246006)",0.8806358584792854,425.83304448,367.68626230043935,0.7444455879003982,22.605255095915396,17.214745928858616,7.952915542487442,0.46198274289690555,0.7615373441182354,0.351817111054167,0.26792186836754056,0.16253343396286932,20231108_P021N_A005,P021N_A005,20231108,40x,0.324,0.324,0.324,10,0.5015493489985915,"(67.00484906242117, 84.1456213620353, 73.70079696536517)",10.583560504409023,0,10
6,11000.0,12026.0,"(71.05654545454546, 101.31018181818182, 96.95145454545454)",0.9146848494927656,374.134464,298.2462254350925,0.8419009101149834,18.17778796183431,14.919569637040452,9.857816274480625,0.6607306051246187,0.8207582610362305,0.5423001024754983,0.4450972890675596,0.35831427486777867,20231108_P021N_A005,P021N_A005,20231108,40x,0.324,0.324,0.324,10,0.5597478005865103,"(67.00484906242117, 84.1456213620353, 73.70079696536517)",9.4552030042943,0,10
7,6300.0,7460.0,"(75.00095238095238, 40.48126984126984, 67.93619047619048)",0.8445040214477212,214.2770112,234.7204404408182,0.7377631057209562,16.860492470719727,11.374491174705641,8.400184726885557,0.7385108131751612,0.6746238992994311,0.4982170444590209,0.33610912523038267,0.367938674641157,20231108_P021N_A005,P021N_A005,20231108,40x,0.324,0.324,0.324,10,0.6021607782898106,"(67.00484906242117, 84.1456213620353, 73.70079696536517)",14.503276350314328,0,10
8,10984.0,11997.0,"(82.18991260014566, 116.0233066278223, 77.49799708667152)",0.9155622238893056,373.590268416,303.9837627129791,0.8252092890159974,19.692163254936357,14.290617500209196,9.516333867505368,0.6659148121042399,0.7257007427371839,0.48325487374373916,0.35069842080719554,0.32180657844752014,20231108_P021N_A005,P021N_A005,20231108,40x,0.324,0.324,0.324,10,0.6794614258080179,"(67.00484906242117, 84.1456213620353, 73.70079696536517)",11.506296538712032,0,10
9,12639.0,14379.0,"(94.05269404225018, 106.05039955692698, 51.86573304850067)",0.8789901940329647,429.880499136,353.7022343020729,0.77877407249619,21.653900993901168,16.11432737808152,9.064158917715508,0.5624906770880458,0.7441766443201218,0.4185924245367351,0.3115067058295713,0.2354543363015949,20231108_P021N_A005,P021N_A005,20231108,40x,0.324,0.324,0.324,10,0.8070182155080665,"(67.00484906242117, 84.1456213620353, 73.70079696536517)",13.312320767317075,0,10
10,12880.0,14651.0,"(95.44479813664596, 72.2680900621118, 85.40310559006211)",0.8791208791208791,438.07744512,358.06388573600236,0.7790360106390114,20.813576147896907,17.01923876082859,9.134119595594798,0.5366937807240739,0.8176989211221295,0.438853925471032,0.35885038138787434,0.23553017244664914,20231108_P021N_A005,P021N_A005,20231108,40x,0.324,0.324,0.324,10,0.8219870767381285,"(67.00484906242117, 84.1456213620353, 73.70079696536517)",10.681442600001152,0,10
1,13752.0,15489.0,"(33.765343222803956, 70.51599767306574, 61.5456660849331)",0.8878558977338756,467.736104448,354.1682545845406,0.8227636374159759,17.328582958213254,16.088051614393645,12.49785677487734,0.7768409173734728,0.9284112643941476,0.7212278583318155,0.6695960678701239,0.5602793111017926,20231108_P021N_A006,P021N_A006,20231108,40x,0.324,0.324,0.324,11,0.169346901240444,"(69.31758723088345, 58.86472902746845, 52.747713437268004)",12.452387248252757,0,11
2,18026.0,20869.0,"(34.0059913458338, 46.81643182070343, 43.12182403195384)",0.8637692270832336,613.104349824,446.4334499236102,0.7817783907254109,21.69708039345898,15.332483787585785,13.71350704050624,0.8944087096710073,0.7066611502351289,0.6320438875564315,0.4466408605797103,0.5653055579247951,20231108_P021N_A006,P021N_A006,20231108,40x,0.324,0.324,0.324,11,0.17177769036195753,"(69.31758723088345, 58.86472902746845, 52.747713437268004)",12.484422623692911,0,11
3,11927.0,13400.0,"(50.291858807747126, 83.83935608283726, 39.48159637796596)",0.8900746268656716,405.663795648,327.34202973589356,0.8095801540884618,19.351467991874046,13.987058393218986,10.93789850900556,0.7820013473532307,0.7227905603384895,0.5652231920388954,0.4085379876901028,0.44200529772971003,20231108_P021N_A006,P021N_A006,20231108,40x,0.324,0.324,0.324,11,0.3362814020984558,"(69.31758723088345, 58.86472902746845, 52.747713437268004)",11.043126379742024,0,11
4,10435.0,12109.0,"(59.83737422137039, 59.909439386679445, 25.274173454719694)",0.8617557188867784,354.91755744,303.02281453061244,0.8000069983414817,18.77136358012206,15.357646546640092,9.30701329570944,0.6060181986507305,0.8181422985649842,0.4958091220163198,0.40564241473591856,0.30046935099893035,20231108_P021N_A006,P021N_A006,20231108,40x,0.324,0.324,0.324,11,0.432700749710812,"(69.31758723088345, 58.86472902746845, 52.747713437268004)",9.422559831552624,0,11
5,12862.0,14346.0,"(79.76177888353288, 29.3389053024413, 32.42551702690095)",0.8965565314373345,437.465225088,356.33765910391105,0.782080442741072,23.121569423945676,15.510030100768047,9.06574596944352,0.5845085993092038,0.6708035175460539,0.3920904244525309,0.26301563591888305,0.22918022479930003,20231108_P021N_A006,P021N_A006,20231108,40x,0.324,0.324,0.324,11,0.6339573624599282,"(69.31758723088345, 58.86472902746845, 52.747713437268004)",12.096300687423849,0,11
6,12881.0,14017.0,"(74.20619517118236, 62.06156354320317, 85.75886965297725)",0.918955553970179,438.11145734400003,324.8338525422209,0.8587747146952731,18.60639644810054,14.769835686877187,11.313154720314415,0.7659634785487838,0.7938042021234577,0.6080250279451255,0.4826528221790734,0.4657249654495698,20231108_P021N_A006,P021N_A006,20231108,40x,0.324,0.324,0.324,11,0.5778403552644683,"(69.31758723088345, 58.86472902746845, 52.747713437268004)",10.86175714031565,0,11
7,11437.0,12979.0,"(82.99213080353239, 27.646935385153448, 59.39756929264667)",0.8811926958933662,388.997805888,321.91286474048434,0.8005292889046818,19.87102500451554,14.982485441756097,9.768226394277697,0.6519763648195318,0.7539865426343855,0.4915814051896136,0.3706457641222697,0.3204994575684016,20231108_P021N_A006,P021N_A006,20231108,40x,0.324,0.324,0.324,11,0.6665871798336606,"(69.31758723088345, 58.86472902746845, 52.747713437268004)",11.250614203232676,0,11
8,11709.0,13958.0,"(95.79767700059783, 42.74481168332052, 76.24946622256384)",0.8388737641495916,398.249130816,343.99092662102845,0.7609807919565342,24.236520374515635,12.97398811770785,10.04582740598155,0.7743052725838608,0.5353073756969593,0.41449132345518536,0.2218802626079548,0.32094281719161255,20231108_P021N_A006,P021N_A006,20231108,40x,0.324,0.324,0.324,11,0.79593613131917,"(69.31758723088345, 58.86472902746845, 52.747713437268004)",12.604304923392709,0,11
9,11409.0,12789.0,"(91.70759926373916, 89.11815233587518, 58.284336926987464)",0.8920947689420596,388.045463616,324.38883672274125,0.7931219414987399,21.467509529622816,13.19205919546578,9.967509865617995,0.7555689159614982,0.6145127909346998,0.4643067632910059,0.28532244495981307,0.3508157578133773,20231108_P021N_A006,P021N_A006,20231108,40x,0.324,0.324,0.324,11,0.7546222147852439,"(69.31758723088345, 58.86472902746845, 52.747713437268004)",12.325789819091893,0,11
10,10763.0,12216.0,"(91.15664777478398, 75.8440955124036, 31.00641085199294)",0.8810576293385723,366.073566912,306.4549568711707,0.80753816134188,18.10577805051672,15.307628123195114,9.696751885743705,0.6334588094056555,0.8454554165242433,0.5355611815570097,0.4527931018274975,0.33925594843298945,20231108_P021N_A006,P021N_A006,20231108,40x,0.324,0.324,0.324,11,0.7490570482301412,"(69.31758723088345, 58.86472902746845, 52.747713437268004)",11.39967969557721,0,11
11,9499.0,10691.0,"(100.58732498157701, 69.88051373828824, 68.87609222023372)",0.8885043494528108,323.082115776,275.4514061664912,0.8266361802488832,18.52199798228994,11.84286574598287,10.572603829477249,0.892740326222435,0.6393946137617867,0.5708133560745654,0.364974985337366,0.5095881017141304,20231108_P021N_A006,P021N_A006,20231108,40x,0.324,0.324,0.324,11,0.8443164139553233,"(69.31758723088345, 58.86472902746845, 52.747713437268004)",11.945316321427844,0,11
1,13172.0,14837.0,"(46.09041907075615, 93.24104160340116, 87.85097175827512)",0.8877805486284289,448.009014528,370.93882665558544,0.7633194564644338,26.31434774052482,12.450907607565847,9.931906421885307,0.7976853362762198,0.47316041158759586,0.377433122029846,0.17858641136643322,0.30107286686816126,20231108_P021N_A012a,P021N_A012a,20231108,40x,0.324,0.324,0.324,14,0.18448837552026578,"(90.20249789725929, 72.52169129121503, 69.07793629885897)",16.921344229700853,0,14
2,18246.0,20613.0,"(56.019675545325, 60.526416748876464, 105.7831853556944)",0.8851695531945859,620.587039104,450.04522175025784,0.7818013875311112,24.616705376944292,15.29061688401461,11.993995145972427,0.7844023061300688,0.6211479826352236,0.48722991002710936,0.30264187569288054,0.3821842650408105,20231108_P021N_A012a,P021N_A012a,20231108,40x,0.324,0.324,0.324,14,0.2574976143038603,"(90.20249789725929, 72.52169129121503, 69.07793629885897)",16.709190034982964,0,14
3,10630.0,13281.0,"(47.989840075258705, 68.93734713076199, 53.78372530573848)",0.8003915367818688,361.54994112,338.0427153514495,0.7260358622553735,20.30198692059727,13.821004805745247,10.350290513910458,0.7488811891309054,0.6807710427457335,0.5098166280173113,0.34706839746445883,0.3817920826283126,20231108_P021N_A012a,P021N_A012a,20231108,40x,0.324,0.324,0.324,14,0.19845470643572574,"(90.20249789725929, 72.52169129121503, 69.07793629885897)",14.59320203894115,0,14
4,20771.0,24222.0,"(61.06913485147562, 35.788166193250206, 76.10269125222666)",0.8575262158368425,706.467904704,504.42411480013277,0.760472023158748,23.441119582763665,18.750798827247575,11.996321691154872,0.639776566410734,0.799910548685358,0.5117640242736446,0.40936544145415804,0.327414630262332,20231108_P021N_A012a,P021N_A012a,20231108,40x,0.324,0.324,0.324,14,0.29462599155496777,"(90.20249789725929, 72.52169129121503, 69.07793629885897)",15.359964507488657,0,14
5,14205.0,16716.0,"(73.99331221400915, 107.85476944737768, 58.447729672650475)",0.8497846374730796,483.14364192,408.760958267158,0.7284485698560277,27.541749892307898,13.984419364680093,9.354530674133184,0.668925210992997,0.5077534804201306,0.3396491040224644,0.17245801468898528,0.22719984857180936,20231108_P021N_A012a,P021N_A012a,20231108,40x,0.324,0.324,0.324,14,0.38965670745594966,"(90.20249789725929, 72.52169129121503, 69.07793629885897)",13.057503115041323,0,14
6,12589.0,17086.0,"(75.98991182778616, 107.93287790928588, 99.15910715704186)",0.736802060166218,428.179887936,427.8721457184191,0.642077747608037,23.703410207744092,20.129260910392848,7.562749328361912,0.37570924049462856,0.8492137095031355,0.31905743781504914,0.2709479503114839,0.1198728276356543,20231108_P021N_A012a,P021N_A012a,20231108,40x,0.324,0.324,0.324,14,0.40433758696901595,"(90.20249789725929, 72.52169129121503, 69.07793629885897)",15.742621482256093,1,14
7,12462.0,14732.0,"(78.47087144920559, 85.52086342481142, 27.853073342962606)",0.845913657344556,423.86033548800003,370.51084890836484,0.736486935165419,23.64712429151487,15.994880618328091,8.455525706347878,0.5286395008574759,0.6763985515172101,0.35757099265477765,0.24186050149626256,0.18902615107813384,20231108_P021N_A012a,P021N_A012a,20231108,40x,0.324,0.324,0.324,14,0.42257993712651165,"(90.20249789725929, 72.52169129121503, 69.07793629885897)",14.511796375127844,0,14
8,12162.0,13870.0,"(97.43183686893603, 26.208271665844432, 44.609932576878805)",0.8768565248738284,413.656668288,376.16890208611034,0.7137200897329357,24.701437181506794,16.836239905776683,7.450592024711611,0.442533016065852,0.6815894873672151,0.3016258515633916,0.2055850095437918,0.13347939781577867,20231108_P021N_A012a,P021N_A012a,20231108,40x,0.324,0.324,0.324,14,0.5619988005068826,"(90.20249789725929, 72.52169129121503, 69.07793629885897)",17.131848539268834,0,14
9,13506.0,15303.0,"(113.20820376129127, 68.06100992151636, 21.169184066340886)",0.8825720446971183,459.369097344,406.47646046183513,0.7083097853972186,22.12321203186424,19.82327543347637,7.51742001943008,0.3792218921972455,0.896039662094489,0.3397978561432526,0.30447235619903185,0.12885878597121164,20231108_P021N_A012a,P021N_A012a,20231108,40x,0.324,0.324,0.324,14,0.6780014982447887,"(90.20249789725929, 72.52169129121503, 69.07793629885897)",17.279891489882512,0,14
10,12290.0,14048.0,"(113.02441008950366, 102.71838893409276, 94.90724165988608)",0.8748576309794989,418.01023296,371.8950444500618,0.7269786815135856,22.951917101525932,17.27343795646423,7.842029985730385,0.45399358283483254,0.7525923817194262,0.34167211179100226,0.2571398283798964,0.15511694618674052,20231108_P021N_A012a,P021N_A012a,20231108,40x,0.324,0.324,0.324,14,0.6766500741875269,"(90.20249789725929, 72.52169129121503, 69.07793629885897)",14.846955721983575,0,14
11,11238.0,12415.0,"(124.9289909236519, 103.59939491012636, 41.3879693895711)",0.9051953282319775,382.229373312,332.18350061775914,0.7667529212414704,21.046100917404534,16.455011332482755,7.9750119718651025,0.4846555137961015,0.7818555749143502,0.3789306153744607,0.2962690141362475,0.18365081208738218,20231108_P021N_A012a,P021N_A012a,20231108,40x,0.324,0.324,0.324,14,0.764183756791558,"(90.20249789725929, 72.52169129121503, 69.07793629885897)",17.56333218103487,0,14
12,13257.0,15322.0,"(131.9392019310553, 75.26295541977824, 109.97797390058082)",0.8652264717399817,450.90005356800003,387.25181360062595,0.7343067528096661,23.160997001230236,18.087971598369887,8.021187904900286,0.44345425142215317,0.7809668814088233,0.34632308378064325,0.2704668587000556,0.1535784438681568,20231108_P021N_A012a,P021N_A012a,20231108,40x,0.324,0.324,0.324,14,0.8157294259636418,"(90.20249789725929, 72.52169129121503, 69.07793629885897)",18.95408326629262,0,14
13,12898.0,15172.0,"(132.40866801054426, 31.68987439913165, 73.75755931152116)",0.8501186395992618,438.68966515200003,384.60068047289667,0.7259594200135746,22.34424551685511,17.389142597778456,8.565808353580008,0.49259521022470254,0.778238074078678,0.383356347705654,0.2983425057242842,0.18883950068904082,20231108_P021N_A012a,P021N_A012a,20231108,40x,0.324,0.324,0.324,14,0.8191813824304726,"(90.20249789725929, 72.52169129121503, 69.07793629885897)",19.087139297206804,0,14
14,11613.0,13329.0,"(145.90837854128992, 75.17385688452596, 45.098079738224406)",0.871258158901643,394.98395731200003,334.73112189619303,0.7777517598508501,20.174759402687087,15.276412232615732,9.422320071826935,0.6167888067140475,0.7572041840846467,0.46703506514045323,0.3536409054385967,0.2880620005215976,20231108_P021N_A012a,P021N_A012a,20231108,40x,0.324,0.324,0.324,14,0.918443959862426,"(90.20249789725929, 72.52169129121503, 69.07793629885897)",19.66872853634041,0,14
1,19036.0,21970.0,"(49.00651397352385, 74.14068081529733, 57.01938432443791)",0.8664542558033682,647.456696064,458.99503870209276,0.7885270891628576,21.03560841932551,15.960102441345564,14.595745726621951,0.9145145390051402,0.7587183656966605,0.693858976439815,0.5264435486283741,0.6345441219734358,20231108_P021N_B004a,P021N_B004a,20231108,40x,0.324,0.324,0.324,13,0.21106893553691602,"(82.65279367206446, 64.34705216159004, 65.96667635147556)",11.7180607234081,0,13
2,9858.0,12655.0,"(43.67386893893285, 80.73382024751471, 84.61787380807466)",0.7789806400632161,335.292504192,336.6793502533228,0.6932398831817314,20.05053451581789,12.508213891600333,10.960090988339676,0.8762314974242429,0.6238344360212735,0.5466233820197286,0.34100248923831855,0.4789686245542507,20231108_P021N_B004a,P021N_B004a,20231108,40x,0.324,0.324,0.324,13,0.16214558659571418,"(82.65279367206446, 64.34705216159004, 65.96667635147556)",14.973392480166273,0,13
3,15994.0,17981.0,"(57.57252719769914, 49.78998374390397, 41.4492934850569)",0.8894944663811801,543.9915106560001,402.50111981133017,0.8006544339071432,26.30578419552383,13.807387820913855,10.952683039142315,0.7932480191910335,0.5248802969828706,0.41636025589406356,0.21853929476554013,0.3302769482578377,20231108_P021N_B004a,P021N_B004a,20231108,40x,0.324,0.324,0.324,13,0.28965621282292786,"(82.65279367206446, 64.34705216159004, 65.96667635147556)",12.30359901102999,0,13
4,11223.0,13425.0,"(61.39757640559565, 29.221865811280406, 73.72538536933084)",0.835977653631285,381.719189952,349.2755421062027,0.7285822917249094,25.793036024071274,13.612596807716537,8.238662557746403,0.6052234319521,0.527762485773781,0.31941422289557914,0.1685748442668714,0.19331697219517543,20231108_P021N_B004a,P021N_B004a,20231108,40x,0.324,0.324,0.324,13,0.3247484073907858,"(82.65279367206446, 64.34705216159004, 65.96667635147556)",13.537465004286704,0,13
5,12315.0,14385.0,"(83.4481526593585, 39.419244823386116, 100.32285830288266)",0.8561001042752867,418.86053856,395.3092837143805,0.6848467649786792,27.690012237291032,16.378549871062905,7.097745200440344,0.4333561430234072,0.5914966642378505,0.2563287130253262,0.15161757870286172,0.11108162242280918,20231108_P021N_B004a,P021N_B004a,20231108,40x,0.324,0.324,0.324,13,0.5270472721042064,"(82.65279367206446, 64.34705216159004, 65.96667635147556)",13.755223056834646,0,13
6,11036.0,12991.0,"(68.49619427328743, 87.4482602392171, 93.69726350126858)",0.8495112000615811,375.358904064,326.70908827693944,0.7702305207380246,22.267778061604467,13.430365146445121,9.537938181395754,0.7101771305093926,0.6031300073716209,0.42832913795928657,0.2583381561348645,0.3041895581094879,20231108_P021N_B004a,P021N_B004a,20231108,40x,0.324,0.324,0.324,13,0.3898733419567653,"(82.65279367206446, 64.34705216159004, 65.96667635147556)",12.56126139986727,0,13
7,14402.0,15856.0,"(83.37939175114568, 33.242605193723094, 44.25718650187474)",0.9082996972754793,489.844050048,378.7070087090708,0.7935104916641814,24.65316252360248,14.584829299520775,9.785027908777877,0.67090452056915,0.5916007443490275,0.39690761375583655,0.23481083973574923,0.2662871123171049,20231108_P021N_B004a,P021N_B004a,20231108,40x,0.324,0.324,0.324,13,0.5264164380839053,"(82.65279367206446, 64.34705216159004, 65.96667635147556)",12.292017349830513,0,13
8,10050.0,11294.0,"(88.6404975124378, 104.50228855721393, 78.05134328358209)",0.8898530193022844,341.8228512,304.65602374854285,0.7760238755554633,19.452302721523434,15.612542852354814,8.190137407458202,0.5245870249908008,0.8026064099382932,0.42103690882807626,0.33792692184601875,0.22087049941344356,20231108_P021N_B004a,P021N_B004a,20231108,40x,0.324,0.324,0.324,13,0.5746834634168606,"(82.65279367206446, 64.34705216159004, 65.96667635147556)",13.72450684318791,0,13
9,15168.0,16523.0,"(99.60957278481013, 81.78975474683544, 42.67378691983122)",0.9179931005265388,515.897413632,386.9098955725615,0.8039885322910304,25.74002640440587,13.851138483639753,10.507955237088975,0.7586347685066053,0.5381167161999834,0.408234050423909,0.21967756665513236,0.309700544339856,20231108_P021N_B004a,P021N_B004a,20231108,40x,0.324,0.324,0.324,13,0.6753171815120195,"(82.65279367206446, 64.34705216159004, 65.96667635147556)",10.91230330663077,0,13
10,11872.0,13333.0,"(103.20341981132076, 55.119861859838274, 29.93438342318059)",0.890422260556514,403.79312332800004,330.649413335318,0.7990163147084501,19.917214290557098,14.47042093310313,10.338841352086039,0.714481036860129,0.7265283549197774,0.5190907323313664,0.37713413581481015,0.3708804846605983,20231108_P021N_B004a,P021N_B004a,20231108,40x,0.324,0.324,0.324,13,0.7082882551497317,"(82.65279367206446, 64.34705216159004, 65.96667635147556)",13.76826709798657,0,13
11,8770.0,9772.0,"(102.33865450399088, 75.49498289623718, 105.74070695553021)",0.897462136717151,298.28720448,266.6686511862427,0.809596414690107,18.132051787139222,14.12001464268279,8.432729186326732,0.5972181615758241,0.778732313829916,0.4650730808251901,0.36216743633100784,0.2777500903288247,20231108_P021N_B004a,P021N_B004a,20231108,40x,0.324,0.324,0.324,13,0.7003546284769806,"(82.65279367206446, 64.34705216159004, 65.96667635147556)",14.82555101261479,0,13
12,15112.0,16468.0,"(117.1585494970884, 87.80763631551085, 71.60455267337215)",0.9176584891911587,513.992729088,366.6882539249346,0.846236544624255,20.687584963796603,15.166239761820089,11.672911212527604,0.7696641617069323,0.7331082766964389,0.5642471672239784,0.4136542683944182,0.43428082295695464,20231108_P021N_B004a,P021N_B004a,20231108,40x,0.324,0.324,0.324,13,0.8363169678631963,"(82.65279367206446, 64.34705216159004, 65.96667635147556)",13.64202314850696,0,13
13,13813.0,15370.0,"(122.1046839933396, 47.564395858973434, 73.25360167957722)",0.8986987638256344,469.810850112,365.7019636335905,0.7991694257306116,21.97694285195646,15.920206991957304,9.714240898399021,0.6101830776010977,0.7244049865898449,0.44201966414697336,0.32020124887883594,0.26971291902940375,20231108_P021N_B004a,P021N_B004a,20231108,40x,0.324,0.324,0.324,13,0.8816943485627486,"(82.65279367206446, 64.34705216159004, 65.96667635147556)",14.090120714020108,0,13
1,17829.0,19779.0,"(51.12272140894049, 45.7575298670705, 76.08940490212575)",0.9014105869861975,606.4039416960001,434.161055708037,0.7980092711500139,25.074271263996735,16.343877108622124,10.650665758693695,0.6516609056657061,0.6518186286071541,0.42476471784791653,0.27686955586833367,0.2768025607276114,20231108_P021N_B001,P021N_B001,20231108,40x,0.324,0.324,0.324,10,0.23926401341848086,"(74.77100371197444, 73.03606234933969, 79.01265176947308)",11.735354078392943,0,10
2,11913.0,13309.0,"(43.86334256694367, 68.19029631495006, 54.445060018467224)",0.8951085731459915,405.187624512,320.5066392637023,0.8261987668674609,19.050019283201806,14.459956758553437,10.744342888853609,0.7430411493103569,0.7590520798739633,0.5640069298159665,0.42811063314013775,0.4190803573494616,20231108_P021N_B001,P021N_B001,20231108,40x,0.324,0.324,0.324,10,0.17012707206613023,"(74.77100371197444, 73.03606234933969, 79.01265176947308)",12.888244051502529,1,10
3,16108.0,18475.0,"(42.395455674199155, 85.87695555003725, 92.84839831139806)",0.8718809201623816,547.8689041920001,395.1729385570278,0.8193724593536328,17.464616043352976,16.608940603603333,14.030025704685638,0.844727309196458,0.9510051960131518,0.8033400602600398,0.7639805714728164,0.6786032874731839,20231108_P021N_B001,P021N_B001,20231108,40x,0.324,0.324,0.324,10,0.1561471968971348,"(74.77100371197444, 73.03606234933969, 79.01265176947308)",12.14240536165883,0,10
4,14476.0,16017.0,"(63.78011881735286, 90.89389334070185, 54.09795523625311)",0.9037897234188674,492.360954624,383.4874215059745,0.7863008364365502,20.805877803865766,18.963691960229752,8.985139245545257,0.47380748771856757,0.9114583935846373,0.4318558116243384,0.39361860432330925,0.20461651716239077,20231108_P021N_B001,P021N_B001,20231108,40x,0.324,0.324,0.324,10,0.35981065540336055,"(74.77100371197444, 73.03606234933969, 79.01265176947308)",10.550883680568882,0,10
5,15539.0,17847.0,"(80.48767616963768, 72.50575970139649, 115.53182315464315)",0.8706785454137951,528.515948736,422.3001132800248,0.7485744354270767,25.84787452123517,16.79420253096692,9.290574448220124,0.5532012866397903,0.6497324380451376,0.35943282069817795,0.23353516290566798,0.19883869887080108,20231108_P021N_B001,P021N_B001,20231108,40x,0.324,0.324,0.324,10,0.5189302492346446,"(74.77100371197444, 73.03606234933969, 79.01265176947308)",11.977537430444109,0,10
6,13714.0,15140.0,"(87.60449176024501, 58.83403820912935, 50.7320256672014)",0.9058124174372523,466.443639936,385.63462153401707,0.754236521461442,24.169056714787775,17.2128555561532,8.080633582561852,0.4694534010467084,0.7121856578548869,0.33433797925666403,0.23811071370278075,0.15695610146112476,20231108_P021N_B001,P021N_B001,20231108,40x,0.324,0.324,0.324,10,0.5867094453356667,"(74.77100371197444, 73.03606234933969, 79.01265176947308)",11.064444487923694,0,10
7,12024.0,13873.0,"(87.89836992681305, 105.0549733865602, 96.13406520292747)",0.8667195271390471,408.962981376,370.56512359822267,0.7190221137508419,22.779155639397835,18.419863334005214,7.278669619436964,0.39515329117560233,0.8086280117489087,0.31953202017936494,0.258382542167752,0.12626412940986506,20231108_P021N_B001,P021N_B001,20231108,40x,0.324,0.324,0.324,10,0.589508285017267,"(74.77100371197444, 73.03606234933969, 79.01265176947308)",12.509426455690088,0,10
8,11494.0,13502.0,"(93.5260135722986, 44.910649034278755, 92.42804941708718)",0.8512812916604947,390.936502656,352.31422034177893,0.7338795183861793,21.455131201181135,17.952128469894994,7.686276803165071,0.4281540663022021,0.8367289065520468,0.3582488837328541,0.29975719675928236,0.1533857163184463,20231108_P021N_B001,P021N_B001,20231108,40x,0.324,0.324,0.324,10,0.6431048911647486,"(74.77100371197444, 73.03606234933969, 79.01265176947308)",11.78381435818095,0,10
9,10468.0,11791.0,"(101.74608330149026, 101.99312189529996, 66.33931983186855)",0.8877957764396573,356.039960832,314.29414073936834,0.7729421713342864,20.016087552746715,16.151161215197824,7.960155789281927,0.49285346627533055,0.8069090012039578,0.39768789821213546,0.32089794473725547,0.1960018591296018,20231108_P021N_B001,P021N_B001,20231108,40x,0.324,0.324,0.324,10,0.7213912695380025,"(74.77100371197444, 73.03606234933969, 79.01265176947308)",13.46367004072842,0,10
10,11673.0,13076.0,"(121.8727833461835, 65.91604557525915, 85.4857363145721)",0.8927041908840624,397.024690752,328.518545556184,0.7951869494405587,20.36460181714001,15.509396716459072,9.306627291909114,0.6000637846881962,0.7615860528834637,0.457000209258996,0.3480449855364757,0.2742292751712508,20231108_P021N_B001,P021N_B001,20231108,40x,0.324,0.324,0.324,10,0.9130741271065095,"(74.77100371197444, 73.03606234933969, 79.01265176947308)",15.576190422918286,0,10
1,17583.0,19071.0,"(24.73758744241597, 94.82812944321219, 91.41085139054769)",0.9219757747365109,598.036934592,400.9378261268472,0.8561682089163405,21.956154022032045,14.486606946480402,13.373429572295311,0.9231581709714611,0.6597971089082233,0.6090970922719734,0.40188050052545327,0.5622929576458303,20240220_P013T_A005a,P013T_A005a,20240220,40x,0.324,0.324,0.324,18,0.11080892813846593,"(78.07253636908612, 77.12261026465892, 84.64401623921985)",18.33935092209407,0,18
2,13872.0,15073.0,"(32.026311995386386, 55.627450980392155, 67.24127739331027)",0.9203211039607245,471.817571328,348.1067603148188,0.8419527908623737,20.053736761873566,14.672931232135243,11.5063201014883,0.7841868757817295,0.731680654152777,0.5737743662499983,0.4198196036338938,0.44994632767322806,20240220_P013T_A005a,P013T_A005a,20240220,40x,0.324,0.324,0.324,18,0.16561136838636384,"(78.07253636908612, 77.12261026465892, 84.64401623921985)",17.403209856656833,2,18
3,17650.0,22674.0,"(31.18373937677054, 52.99218130311615, 92.40028328611898)",0.7784246273264532,600.3157536,475.39596144013,0.723905367376764,25.350102110726635,15.59350061204229,12.09036115964691,0.7753461817489504,0.615125751522873,0.47693540273871315,0.2933752480375151,0.3697900434543592,20240220_P013T_A005a,P013T_A005a,20240220,40x,0.324,0.324,0.324,18,0.15927623591556797,"(78.07253636908612, 77.12261026465892, 84.64401623921985)",17.269523886807157,2,18
4,19198.0,20750.0,"(39.855870403166996, 99.21658506094384, 123.89040525054693)",0.9252048192771084,652.966676352,434.2034221647723,0.8382718733184783,20.97549077000805,18.73990640300652,11.864814114796916,0.6331309164326133,0.8934192104721527,0.5656513234847359,0.505363758830261,0.35813134081921144,20240220_P013T_A005a,P013T_A005a,20240220,40x,0.324,0.324,0.324,18,0.22448022859524058,"(78.07253636908612, 77.12261026465892, 84.64401623921985)",19.13777887340263,0,18
5,14414.0,16220.0,"(51.12598862217289, 56.08692937421951, 43.96156514499792)",0.88865598027127,490.25219673600003,372.8349260321646,0.8064557964062465,21.09073338185689,16.17962100631793,10.767254982100479,0.6654825213703094,0.7671435939840907,0.5105206531776136,0.39164264868178,0.33974257148825554,20240220_P013T_A005a,P013T_A005a,20240220,40x,0.324,0.324,0.324,18,0.3092179595652097,"(78.07253636908612, 77.12261026465892, 84.64401623921985)",17.21680677981444,0,18
6,14421.0,17346.0,"(59.920532556688165, 50.2818112474863, 118.27501560224673)",0.8313732272570045,490.490282304,406.3441312071773,0.7401908936736384,29.486786888185964,14.12941916861714,9.382035238930648,0.6640071419049617,0.47917798647224485,0.3181776052612097,0.15246370422962718,0.21127220228766097,20240220_P013T_A005a,P013T_A005a,20240220,40x,0.324,0.324,0.324,18,0.37534235005028693,"(78.07253636908612, 77.12261026465892, 84.64401623921985)",15.131070063875082,1,18
7,20112.0,22236.0,"(62.46962012728719, 112.21842680986475, 70.5718476531424)",0.9044792228818133,684.053849088,477.43128789829063,0.7863817787054888,25.075019342120143,18.97461616435764,10.469221036650847,0.5517487650852445,0.7567139193581695,0.4175159705286853,0.3159401464533914,0.23036392114256943,20240220_P013T_A005a,P013T_A005a,20240220,40x,0.324,0.324,0.324,18,0.3945084220096781,"(78.07253636908612, 77.12261026465892, 84.64401623921985)",13.253117971640231,0,18
8,18720.0,20350.0,"(65.52377136752136, 116.74668803418804, 109.44818376068376)",0.9199017199017199,636.70883328,433.20648157334324,0.8261960138704412,25.675849216861888,14.754668682221523,12.124764272630134,0.8217578133245199,0.5746516330424549,0.47222446939233226,0.2713645624989105,0.38805414736617466,20240220_P013T_A005a,P013T_A005a,20240220,40x,0.324,0.324,0.324,18,0.4174719651693336,"(78.07253636908612, 77.12261026465892, 84.64401623921985)",15.682355653497103,0,18
9,22370.0,23951.0,"(77.39459097004918, 34.85234689316048, 62.00603486812695)",0.933990230053025,760.85345088,485.67369672445653,0.8298639219325701,23.27000316887185,20.362433500903993,11.358945664821265,0.5578383185053487,0.87505074035154,0.48813683360456356,0.42714449763852985,0.2723014304584949,20240220_P013T_A005a,P013T_A005a,20240220,40x,0.324,0.324,0.324,18,0.5067262478951066,"(78.07253636908612, 77.12261026465892, 84.64401623921985)",15.537524557356349,0,18
10,16966.0,18339.0,"(79.54797830956029, 37.32329364611576, 101.12077095367205)",0.9251322318556082,577.051392384,414.3588744289673,0.8089415484476965,26.784197702422944,13.545745229091597,11.424014919263803,0.8433655532461183,0.505736456233902,0.42652070620843596,0.21570707046823562,0.3597128713624027,20240220_P013T_A005a,P013T_A005a,20240220,40x,0.324,0.324,0.324,18,0.5229171301470699,"(78.07253636908612, 77.12261026465892, 84.64401623921985)",13.964535230416276,1,18
11,17867.0,19495.0,"(75.27514412044552, 76.84345441316394, 136.22566743157776)",0.9164914080533471,607.696406208,422.8460918716643,0.8205270739072444,22.17249872613184,17.3305287866458,11.362243740776513,0.6556201418119334,0.7816227210431886,0.5124475992137646,0.400540686889512,0.3359709676677131,20240220_P013T_A005a,P013T_A005a,20240220,40x,0.324,0.324,0.324,18,0.49079055729658283,"(78.07253636908612, 77.12261026465892, 84.64401623921985)",16.73725819198235,1,18
12,23136.0,25198.0,"(77.78163900414938, 84.48655774550484, 43.318291839557396)",0.918168108580046,786.906814464,489.39310561950356,0.8422515426341034,23.306642120247496,18.555512900674206,13.071662676370112,0.7044624821928344,0.7961469869807725,0.5608556826388211,0.44652356186394176,0.3951017863437006,20240220_P013T_A005a,P013T_A005a,20240220,40x,0.324,0.324,0.324,18,0.509636383489845,"(78.07253636908612, 77.12261026465892, 84.64401623921985)",13.600776898028064,0,18
13,17632.0,19200.0,"(101.1434891107078, 114.96869328493648, 69.48491379310344)",0.9183333333333333,599.703533568,417.48233822336636,0.8237657967520873,23.659717713742257,16.37936601007727,10.988493496004482,0.6708741650466753,0.6922891561197138,0.4644389095826804,0.3215260207841538,0.31158006568146907,20240220_P013T_A005a,P013T_A005a,20240220,40x,0.324,0.324,0.324,18,0.6852893918098332,"(78.07253636908612, 77.12261026465892, 84.64401623921985)",15.177569816489582,0,18
14,16294.0,17774.0,"(101.52252362832945, 86.6189394869277, 125.62869768012766)",0.9167323056149431,554.195177856,390.2799729015332,0.8360193960327996,21.11529467702176,16.181566761293272,11.658723298595525,0.7204940949527517,0.7663434022023142,0.552145895992769,0.42313336444714367,0.3978178576151863,20240220_P013T_A005a,P013T_A005a,20240220,40x,0.324,0.324,0.324,18,0.6881392754009733,"(78.07253636908612, 77.12261026465892, 84.64401623921985)",15.605322296765886,1,18
15,24645.0,26105.0,"(108.03870967741935, 62.55715155203895, 42.46102657739907)",0.9440720168550086,838.2312604800001,480.5571618524279,0.8946399875974415,19.320029309793597,18.88430211475437,16.243375932810125,0.8601523018485877,0.9774468667695887,0.8407531723865516,0.8217915540758266,0.7231757765147949,20240220_P013T_A005a,P013T_A005a,20240220,40x,0.324,0.324,0.324,18,0.7371331554693185,"(78.07253636908612, 77.12261026465892, 84.64401623921985)",17.416405190271764,0,18
16,19291.0,20962.0,"(121.08179980301695, 108.39261831942356, 104.16131874967601)",0.920284324014884,656.129813184,428.49412404959514,0.8521821532352959,21.845687880052157,17.284960464627968,12.416376384849283,0.7183340922450022,0.7912298554998259,0.5683673800076118,0.44970923995423734,0.40827766597943804,20240220_P013T_A005a,P013T_A005a,20240220,40x,0.324,0.324,0.324,18,0.8352015022783229,"(78.07253636908612, 77.12261026465892, 84.64401623921985)",18.35263456784555,0,18
17,18993.0,20539.0,"(122.9447164744906, 46.14142052335071, 76.69283420207445)",0.9247285651687034,645.994170432,425.5907422293968,0.8491368429626306,21.686199999210487,16.849491027909345,12.689596375017974,0.7531145216196169,0.7769683498502629,0.5851461471110639,0.4546400363421225,0.44068206065911086,20240220_P013T_A005a,P013T_A005a,20240220,40x,0.324,0.324,0.324,18,0.8492083945450422,"(78.07253636908612, 77.12261026465892, 84.64401623921985)",17.854040390693967,0,18
18,23798.0,25535.0,"(127.4131019413396, 85.89810068072947, 77.37986385410538)",0.9319757196005483,809.422906752,486.187212889049,0.8639015489034306,23.63751550803863,16.07526623347074,15.198148315168009,0.9454368030013426,0.6800742754882118,0.6429672488210292,0.43726548590461023,0.6078849001599226,20240220_P013T_A005a,P013T_A005a,20240220,40x,0.324,0.324,0.324,18,0.8828052777544331,"(78.07253636908612, 77.12261026465892, 84.64401623921985)",16.406908776790303,0,18
1,14997.0,17201.0,"(27.919583916783356, 58.395412415816494, 65.43408681736348)",0.8718679146561247,510.081323328,375.68265327029405,0.8217806861908736,20.12112630794826,14.56853187753344,13.36266166149111,0.9172277463385354,0.7240415697693111,0.6641110172949207,0.4808439834633085,0.6091410517120124,20240220_P013T_A004a,P013T_A004a,20240220,40x,0.324,0.324,0.324,13,0.128617102730891,"(80.0234536310714, 71.50812161211087, 72.73188193017045)",17.567894869706738,0,13
2,16606.0,18053.0,"(41.441647597254004, 61.441768035649766, 96.85077682765265)",0.9198471168226887,564.806991744,397.5131740315111,0.8312518809985,23.208214884672742,15.72290696209966,11.016508424311777,0.7006661332326942,0.677471621157879,0.4746814211715758,0.3215831919346334,0.33259319588968805,20240220_P013T_A004a,P013T_A004a,20240220,40x,0.324,0.324,0.324,13,0.24518661721770693,"(80.0234536310714, 71.50812161211087, 72.73188193017045)",15.098567986228227,0,13
3,14186.0,16618.0,"(54.34689130128295, 41.3139715212181, 87.11602988862259)",0.8536526657840895,482.49740966400003,382.25825345203674,0.7782585682294075,20.440141265625087,17.711271838620576,10.24122712498197,0.5782321686605425,0.8664945906419077,0.5010350462794994,0.43414415732320416,0.2897145813851302,20240220_P013T_A004a,P013T_A004a,20240220,40x,0.324,0.324,0.324,13,0.3564387181145082,"(80.0234536310714, 71.50812161211087, 72.73188193017045)",13.661417892143275,1,13
4,15211.0,17053.0,"(56.2333837354546, 54.54131878246006, 47.80875682072185)",0.8919838151644872,517.359939264,377.69309667227776,0.8251640056500836,19.799545838277517,16.324365428586784,11.614595043882282,0.7114883022370425,0.8244818119528614,0.5866091646116619,0.48364858694717744,0.41736555860624114,20240220_P013T_A004a,P013T_A004a,20240220,40x,0.324,0.324,0.324,13,0.3727015839263328,"(80.0234536310714, 71.50812161211087, 72.73188193017045)",12.44346450189178,0,13
5,18616.0,20714.0,"(71.92721314997851, 83.83288568972927, 44.07187365706919)",0.8987158443564739,633.171561984,439.98749721191007,0.8104471936757082,26.560806680066584,13.547832184460514,12.906448228489657,0.9526578165983979,0.5100685512924547,0.48592079238977776,0.24785291461713552,0.46291624111780905,20240220_P013T_A004a,P013T_A004a,20240220,40x,0.324,0.324,0.324,13,0.5079932168101596,"(80.0234536310714, 71.50812161211087, 72.73188193017045)",10.442882363590646,0,13
6,16060.0,18658.0,"(80.33044831880449, 36.65516811955168, 63.1719800747198)",0.8607567799335406,546.23631744,422.80795351090893,0.7642955962049562,21.88767097468564,19.14908613287932,9.91993291610934,0.5180368842289889,0.874880025153263,0.4532201223045758,0.3965132320017923,0.23478474002854377,20240220_P013T_A004a,P013T_A004a,20240220,40x,0.324,0.324,0.324,13,0.5804348993000387,"(80.0234536310714, 71.50812161211087, 72.73188193017045)",11.709874302300774,0,13
7,21056.0,22853.0,"(80.70507218844985, 75.09987651975683, 100.74738791793312)",0.9213669977683455,716.161388544,444.71033618999047,0.870457361578012,20.999107007366273,17.33594767148687,14.142456489508632,0.8157879083108505,0.825556423204358,0.6734789476784704,0.5559948711488729,0.549415982018012,20240220_P013T_A004a,P013T_A004a,20240220,40x,0.324,0.324,0.324,13,0.5836644154176711,"(80.0234536310714, 71.50812161211087, 72.73188193017045)",9.15398274489887,0,13
8,14598.0,16695.0,"(83.98808055898068, 109.37566789971228, 92.0110289080696)",0.8743935309973045,496.510445952,368.2330597455321,0.8234684058141079,17.964674804817847,16.542223946410594,12.665744185065416,0.7656615111787122,0.9208195598383014,0.7050360957087105,0.6492110273206094,0.5398190024758704,20240220_P013T_A004a,P013T_A004a,20240220,40x,0.324,0.324,0.324,13,0.6119662117153507,"(80.0234536310714, 71.50812161211087, 72.73188193017045)",13.82745621360485,0,13
9,15438.0,18076.0,"(99.54670294079544, 98.755408731701, 44.144060111413395)",0.8540606328833813,525.080714112,407.4584991221934,0.7724756316833472,26.913564922055375,13.711579685198245,10.65250458024974,0.7768984190602926,0.5094672417016652,0.3958042946410317,0.2016493222444396,0.3074997307638917,20240220_P013T_A004a,P013T_A004a,20240220,40x,0.324,0.324,0.324,13,0.7460922667309952,"(80.0234536310714, 71.50812161211087, 72.73188193017045)",14.273792238155727,2,13
10,20897.0,22241.0,"(104.7086663157391, 61.36167870986266, 55.78484949992822)",0.9395710624522279,710.753444928,441.93319141383506,0.8715122304772951,22.855743354831635,16.236145201153626,13.56199865471507,0.8352967090828586,0.7103748475422635,0.5933737723672902,0.4215178030809915,0.4956431593144787,20240220_P013T_A004a,P013T_A004a,20240220,40x,0.324,0.324,0.324,13,0.7905919509977508,"(80.0234536310714, 71.50812161211087, 72.73188193017045)",10.243279021070494,0,13
11,15020.0,16690.0,"(104.69287616511318, 109.73881491344873, 67.39906790945406)",0.8999400838825644,510.86360448,374.9228672429366,0.824287733519948,21.94487641839031,15.642506560340701,11.118156951187016,0.7107656888810573,0.7128090521955239,0.5066402170244051,0.3611377329013007,0.3601024828681996,20240220_P013T_A004a,P013T_A004a,20240220,40x,0.324,0.324,0.324,13,0.7904558290095963,"(80.0234536310714, 71.50812161211087, 72.73188193017045)",14.8426137178802,0,13
12,19610.0,20979.0,"(110.14543600203977, 59.450280469148396, 91.26761856195819)",0.9347442680776014,666.97971264,426.74855292727426,0.8650751104712833,22.75424489378292,16.24085771585629,12.84129129451058,0.790678147618605,0.713750677804023,0.5643470637876087,0.40280309929511593,0.44621689100958517,20240220_P013T_A004a,P013T_A004a,20240220,40x,0.324,0.324,0.324,13,0.837460655189998,"(80.0234536310714, 71.50812161211087, 72.73188193017045)",12.106934872664077,0,13
13,12256.0,14067.0,"(116.19329308093995, 88.29397845953002, 90.01387075718016)",0.871258974905808,416.853817344,332.10598977800043,0.8125746533834735,21.28426478627077,13.106018256180255,11.247879444491605,0.8582224764708818,0.615760910127099,0.528459853203243,0.32540492017406203,0.4535361239315258,20240220_P013T_A004a,P013T_A004a,20240220,40x,0.324,0.324,0.324,13,0.889597354146034,"(80.0234536310714, 71.50812161211087, 72.73188193017045)",14.080733642024178,1,13
1,23847.0,28868.0,"(24.02574747347675, 75.76139556338323, 103.43305237556086)",0.8260703893584592,811.0895057280001,600.8959311449025,0.6999452157850546,24.799900591931856,16.264548047666818,15.333008449087178,0.9427257618318345,0.655831179136184,0.6182689479842295,0.40548005317978525,0.5828580650053996,20240220_P013T_A001a,P013T_A001a,20240220,40x,0.324,0.324,0.324,20,0.1173886521365371,"(74.97119778722039, 85.34659435809921, 78.14369323452944)",18.6879948438718,0,20
2,25475.0,30630.0,"(38.21440628066732, 53.58622178606477, 72.63882237487734)",0.8317009467841985,866.4614064,602.0957711929054,0.7299918806979862,30.650832563291786,19.67256210065624,11.03775296620976,0.5610734844670568,0.6418279849343016,0.36011266393555824,0.23113038544308268,0.20204966715503792,20240220_P013T_A001a,P013T_A001a,20240220,40x,0.324,0.324,0.324,20,0.22823754906771346,"(74.97119778722039, 85.34659435809921, 78.14369323452944)",15.839877839547476,0,20
3,20701.0,24552.0,"(44.84198830974349, 120.03845224868364, 75.06845079947828)",0.8431492342782665,704.0870490240001,513.7831958848933,0.744940865675628,29.639275399144626,16.681735016041884,10.915123490715827,0.6543158418605359,0.56282533197567,0.3682655309120962,0.2072691696907969,0.24096197088696544,20240220_P013T_A001a,P013T_A001a,20240220,40x,0.324,0.324,0.324,20,0.28001553366987103,"(74.97119778722039, 85.34659435809921, 78.14369323452944)",14.920723750958173,0,20
4,30224.0,37018.0,"(48.054757808364215, 113.05277263102171, 111.9116265219693)",0.816467664379491,1027.985458176,678.5541540862873,0.7259236156492437,32.68080282216032,22.35507639635479,11.121944399405985,0.4975131465540205,0.6840430609371744,0.3403204156252972,0.23279381880373967,0.16931388081431364,20240220_P013T_A001a,P013T_A001a,20240220,40x,0.324,0.324,0.324,20,0.30511529537784543,"(74.97119778722039, 85.34659435809921, 78.14369323452944)",16.623443135367875,0,20
5,20879.0,24971.0,"(43.652952727621056, 93.43388093299488, 48.835336941424394)",0.8361299106964079,710.141224896,526.45260757455,0.7311749879512583,25.79801173324796,18.167590466388983,11.66499987309553,0.6420774342462423,0.7042244438928973,0.45216662406823827,0.3184267893813838,0.29032598583351954,20240220_P013T_A001a,P013T_A001a,20240220,40x,0.324,0.324,0.324,20,0.2707261931845395,"(74.97119778722039, 85.34659435809921, 78.14369323452944)",14.142206319160136,0,20
6,14848.0,17616.0,"(62.70743534482759, 44.93036099137931, 47.561691810344826)",0.8428701180744778,505.013501952,429.75508823662994,0.7136168401626503,28.123388212129058,16.194381940158248,8.832287643122045,0.5453920795346968,0.5758332466204742,0.31405489183955637,0.18084324798501358,0.17128305054841994,20240220_P013T_A001a,P013T_A001a,20240220,40x,0.324,0.324,0.324,20,0.4195893386314655,"(74.97119778722039, 85.34659435809921, 78.14369323452944)",16.89507188074893,1,20
7,19029.0,21730.0,"(66.29633716958327, 45.18519102422618, 96.69909086131693)",0.8757017947537966,647.218610496,462.70904702404545,0.782006082910277,28.337250162963162,14.81098940975788,11.528707281572707,0.7783887330293602,0.522668548450614,0.4068393092227682,0.21264211120411472,0.3166791344524506,20240220_P013T_A001a,P013T_A001a,20240220,40x,0.324,0.324,0.324,20,0.4476276341373693,"(74.97119778722039, 85.34659435809921, 78.14369323452944)",14.606954584083557,1,20
8,14274.0,16098.0,"(68.52550091074681, 66.340339078044, 30.530755219279808)",0.8866939992545658,485.490485376,400.33493354407443,0.7461871821388812,28.234560261475007,13.765215808005534,9.324097715250307,0.6773666207127407,0.4875307311510586,0.33023704385340424,0.1610007074430144,0.2236915504291456,20240220_P013T_A001a,P013T_A001a,20240220,40x,0.324,0.324,0.324,20,0.4650429758652095,"(74.97119778722039, 85.34659435809921, 78.14369323452944)",16.741041481259302,2,20
9,14027.0,15423.0,"(73.84579739074641, 70.4952591430812, 120.54573322877307)",0.9094858328470466,477.089466048,358.2701311493795,0.8241509056237912,20.394370111501363,16.494347839630713,10.27225069972415,0.6227739829181469,0.8087696628751853,0.5036807042121461,0.4073616733423933,0.31367923828121524,20240220_P013T_A001a,P013T_A001a,20240220,40x,0.324,0.324,0.324,20,0.5066077921152063,"(74.97119778722039, 85.34659435809921, 78.14369323452944)",14.561129834464538,0,20
10,15531.0,17379.0,"(79.24698989118536, 98.32000515098835, 33.495396304165865)",0.8936647678232349,528.243850944,396.7582964371661,0.7964913698776259,22.66014411296487,17.1019624494744,9.98959469340225,0.584119788761977,0.7547155200875184,0.4408442701689069,0.33271201263812905,0.25750586196798986,20240220_P013T_A001a,P013T_A001a,20240220,40x,0.324,0.324,0.324,20,0.5488046085248857,"(74.97119778722039, 85.34659435809921, 78.14369323452944)",15.127928145635739,0,20
11,17617.0,20922.0,"(88.27967304308339, 130.2149628200034, 63.319577680649374)",0.8420323104865691,599.193350208,483.4167766195352,0.7110067595506264,26.28611571331024,20.866433711067447,8.125393468398833,0.38940020038446566,0.7938195942925685,0.3091135090866414,0.24538036037350994,0.12036886237988353,20240220_P013T_A001a,P013T_A001a,20240220,40x,0.324,0.324,0.324,20,0.619372445649089,"(74.97119778722039, 85.34659435809921, 78.14369323452944)",15.905860600822999,0,20
12,22706.0,27100.0,"(90.0593235268211, 127.65837223641329, 100.3956663436977)",0.8378597785977859,772.281558144,520.8443043935704,0.7815557835093335,26.994651246884654,18.05730198712051,13.288319342953478,0.7358972759292313,0.6689214771464933,0.49225749284266196,0.3292816092487428,0.362250948038668,20240220_P013T_A001a,P013T_A001a,20240220,40x,0.324,0.324,0.324,20,0.6332759650532899,"(74.97119778722039, 85.34659435809921, 78.14369323452944)",16.242351034364177,1,20
13,3833.0,4548.0,"(93.52256717975476, 53.050613096791025, 113.62588051134881)",0.842788038698329,130.368854592,164.91490162778308,0.7539457967402245,17.17302260733315,7.946284524957981,7.227992250639211,0.9096065246515234,0.46271903942901665,0.42089225734511904,0.19475486102184397,0.3828463434564283,20240220_P013T_A001a,P013T_A001a,20240220,40x,0.324,0.324,0.324,20,0.660332556091834,"(74.97119778722039, 85.34659435809921, 78.14369323452944)",16.666861466916647,2,20
14,10527.0,13839.0,"(107.27576707514011, 52.533390329628574, 103.21031632943858)",0.7606763494472144,358.046682048,335.4880784472855,0.7268310434480105,22.97146843941581,13.773675534545918,9.397838481251696,0.6823043317436125,0.5995992624882538,0.4091091741060109,0.24530155907114276,0.279136961648583,20240220_P013T_A001a,P013T_A001a,20240220,40x,0.324,0.324,0.324,20,0.7677794302745321,"(74.97119778722039, 85.34659435809921, 78.14369323452944)",16.98646177343082,2,20
15,22179.0,24920.0,"(101.30470264664773, 61.05054330673159, 49.46755940303891)",0.890008025682183,754.357116096,511.15970403535573,0.7839929827894626,28.263397394932944,17.423324715215017,11.296801333032178,0.648372312269838,0.6164625034900676,0.39969721881550824,0.24639834814902553,0.25915260997123446,20240220_P013T_A001a,P013T_A001a,20240220,40x,0.324,0.324,0.324,20,0.7211304894269354,"(74.97119778722039, 85.34659435809921, 78.14369323452944)",14.868995865151927,0,20
16,13406.0,15628.0,"(109.12889750857825, 50.11688796061465, 78.20147695061912)",0.8578192986946507,455.967874944,371.35749069358326,0.7714624042414875,21.09454759366965,16.061487004800988,10.230939181562798,0.6369858020309475,0.761404667887779,0.48500396304460414,0.3692842814062335,0.3089406383881552,20240220_P013T_A001a,P013T_A001a,20240220,40x,0.324,0.324,0.324,20,0.7822570117857676,"(74.97119778722039, 85.34659435809921, 78.14369323452944)",15.898743063550743,2,20
17,15100.0,16305.0,"(109.22986754966887, 105.10834437086093, 110.7071523178808)",0.926096289481754,513.5845824,365.26364501077944,0.8490872661126695,21.029537950721423,16.166139399292174,10.87570667277753,0.6727460653502542,0.7687348831521803,0.5171633679381167,0.3975615212224961,0.34791962092365375,20240220_P013T_A001a,P013T_A001a,20240220,40x,0.324,0.324,0.324,20,0.783045840231788,"(74.97119778722039, 85.34659435809921, 78.14369323452944)",16.598675532339104,0,20
18,23127.0,26691.0,"(116.79586630345483, 105.5350456176763, 50.900030267652525)",0.8664718444419467,786.600704448,525.4855740253636,0.7841988730215818,28.199216646006068,18.02432120618935,11.716947072448136,0.6500631529149995,0.6391780818756249,0.4155061191782304,0.26558240426392604,0.27010521788847597,20240220_P013T_A001a,P013T_A001a,20240220,40x,0.324,0.324,0.324,20,0.8421552054957409,"(74.97119778722039, 85.34659435809921, 78.14369323452944)",17.445207169204004,0,20
19,18967.0,20461.0,"(125.50413876733273, 79.13465492697844, 88.66758053461275)",0.9269830409070915,645.109852608,425.78914935871626,0.847966413974416,23.417987223762502,15.184634446404566,13.063672566867869,0.860321834745327,0.6484175732659271,0.5578477963132549,0.3617183143371859,0.4799286396328568,20240220_P013T_A001a,P013T_A001a,20240220,40x,0.324,0.324,0.324,20,0.910188584119787,"(74.97119778722039, 85.34659435809921, 78.14369323452944)",16.84463043533642,1,20
20,2947.0,3256.0,"(128.48693586698337, 98.05055989141499, 78.62979300984051)",0.9050982800982801,100.234024128,117.94771655360728,0.8847176633453828,9.948597442539327,9.097352870728418,7.867171338214064,0.8647758804132377,0.9144357205397554,0.7907819553110804,0.7231192670947246,0.6838491616190412,20240220_P013T_A001a,P013T_A001a,20240220,40x,0.324,0.324,0.324,20,0.9334916864608076,"(74.97119778722039, 85.34659435809921, 78.14369323452944)",17.82165307584558,2,20
1,28644.0,32269.0,"(28.995112414467254, 141.77712609970675, 286.0257296466974)",0.887663082215129,974.246144256,590.6337432600473,0.8046586175655206,23.616472729024263,20.625051652010015,14.707110557658671,0.7130702412677541,0.8733332826058381,0.6227479745349046,0.543866532836705,0.4440630484506096,20240305_P013T_A001,P013T_A001,20240305,40x,0.324,0.324,0.324,16,0.15710794581762325,"(80.74429588049665, 140.15467192853734, 268.9173000619742)",17.667089605232338,0,16
2,26192.0,28137.0,"(34.58937843616371, 118.5930818570556, 254.8546502748931)",0.9308739382307993,890.848171008,521.7699951038569,0.8581057629545111,22.30535921743982,19.583415784151498,14.54229145386264,0.7425819690572802,0.8779690832703504,0.651964010626312,0.5724042447348441,0.48413671876536835,20240305_P013T_A001,P013T_A001,20240305,40x,0.324,0.324,0.324,16,0.1970669888297408,"(80.74429588049665, 140.15467192853734, 268.9173000619742)",17.12283043021585,0,16
3,16607.0,18982.0,"(44.63117962305052, 159.47148792677785, 234.13036671283194)",0.8748814666526182,564.841003968,440.646303312681,0.7499140164069286,26.03057091653285,16.274997543548984,9.998552505235367,0.6143504770726402,0.6252263000967149,0.3841080757427785,0.24015447103392612,0.2359769795800298,20240305_P013T_A001,P013T_A001,20240305,40x,0.324,0.324,0.324,16,0.2687941401646466,"(80.74429588049665, 140.15467192853734, 268.9173000619742)",17.41007081927934,0,16
4,14302.0,17505.0,"(62.05292966018739, 177.85442595441197, 248.58956789260245)",0.8170237075121394,486.442827648,396.67043289846004,0.7540650818109953,20.430904945331328,15.405292951718012,12.611330803133638,0.8186362208533796,0.7540191192186169,0.6172673622083225,0.4654313927747182,0.5053174206543554,20240305_P013T_A001,P013T_A001,20240305,40x,0.324,0.324,0.324,16,0.39323521185848137,"(80.74429588049665, 140.15467192853734, 268.9173000619742)",15.141083054600937,0,16
5,24185.0,29065.0,"(78.04771552615257, 134.19383915650195, 296.2924540004135)",0.8321004644761741,822.58563744,574.551853086438,0.7389396598712729,26.140632028370437,19.777679923954754,12.463567841944986,0.6301835144398861,0.7565876717322684,0.4767890779541318,0.3607327383966916,0.30046461679168757,20240305_P013T_A001,P013T_A001,20240305,40x,0.324,0.324,0.324,16,0.5074836823296612,"(80.74429588049665, 140.15467192853734, 268.9173000619742)",9.119331685444035,1,16
6,29464.0,34176.0,"(81.18748303013848, 113.14047651371165, 281.9685378767309)",0.862125468164794,1002.136167936,633.0683836365441,0.7649821897046201,22.834749966787896,22.277609897739637,14.667419160916165,0.6583928540020072,0.9756012187626931,0.6423288707890061,0.6266568291882189,0.4229047384466603,20240305_P013T_A001,P013T_A001,20240305,40x,0.324,0.324,0.324,16,0.5299105930724177,"(80.74429588049665, 140.15467192853734, 268.9173000619742)",9.721608944025977,1,16
7,16541.0,18116.0,"(74.84257300042319, 114.42832960522338, 235.9599782358987)",0.9130602782071098,562.5961971840001,395.1738753311797,0.8339892001171202,21.864134791885174,16.214709871053397,11.346945180503095,0.699793290829072,0.7416122350778523,0.5189752665042336,0.38487840734232875,0.3631754096058923,20240305_P013T_A001,P013T_A001,20240305,40x,0.324,0.324,0.324,16,0.4845898071458799,"(80.74429588049665, 140.15467192853734, 268.9173000619742)",13.680552627831466,1,16
8,15882.0,18060.0,"(92.43854678252109, 175.6177433572598, 296.4262687318977)",0.8794019933554817,540.182141568,427.3310975337894,0.7506078599402468,23.11652390234662,19.35450972143535,9.131233303708026,0.4717884066882395,0.8372586554620619,0.3950089270463839,0.330724643154367,0.1863606323188445,20240305_P013T_A001,P013T_A001,20240305,40x,0.324,0.324,0.324,16,0.6102753341608649,"(80.74429588049665, 140.15467192853734, 268.9173000619742)",15.02720346784415,0,16
9,14116.0,15981.0,"(93.05716916973647, 180.62014735052423, 263.65514310002834)",0.8832989174644891,480.116553984,358.3381565062507,0.8274762219879643,20.2644415081789,14.366191179699683,12.218348722484295,0.8504932566781916,0.7089359543366328,0.6029452485800245,0.427449565214818,0.5128008680634669,20240305_P013T_A001,P013T_A001,20240305,40x,0.324,0.324,0.324,16,0.6146940654981177,"(80.74429588049665, 140.15467192853734, 268.9173000619742)",13.809972547026735,0,16
10,25452.0,27089.0,"(106.53473204463303, 153.01151186547227, 238.90912305516267)",0.9395695669829082,865.679125248,513.3808497099994,0.8556229471335343,24.01771134000351,18.94439933313881,13.618056623419303,0.7188434103369901,0.7887678832073116,0.5670005951290326,0.44723185919721287,0.4075846414656567,20240305_P013T_A001,P013T_A001,20240305,40x,0.324,0.324,0.324,16,0.7109623717473788,"(80.74429588049665, 140.15467192853734, 268.9173000619742)",13.479862663702479,0,16
11,3597.0,3960.0,"(94.95913261050876, 112.79343897692522, 243.56741729218794)",0.9083333333333333,122.341969728,135.6046206928436,0.8788739967505201,10.693470907445358,9.598133553619737,8.550791230691203,0.8908806262095039,0.8975695203824804,0.7996272963849083,0.7177210889009418,0.7123724665375998,20240305_P013T_A001,P013T_A001,20240305,40x,0.324,0.324,0.324,16,0.6282795186464911,"(80.74429588049665, 140.15467192853734, 268.9173000619742)",12.932898256392305,1,16
12,19827.0,22292.0,"(115.11786957179604, 131.84324406112876, 307.42341251828316)",0.8894222142472636,674.360365248,476.77630704784053,0.7800051746860809,25.86200104532848,18.51705190787266,10.331193027263355,0.5579286097303088,0.7159945541498399,0.3994738461712925,0.2860210983839363,0.22287788761796848,20240305_P013T_A001,P013T_A001,20240305,40x,0.324,0.324,0.324,16,0.7722704969414003,"(80.74429588049665, 140.15467192853734, 268.9173000619742)",16.9391683696719,0,16
13,7730.0,9074.0,"(107.10245795601553, 93.19301423027167, 268.7357050452781)",0.8518845051796341,262.91449152,256.2809960007201,0.7744215048620172,19.044049446533826,12.406061921764946,8.40600063891312,0.6775720363095884,0.6514403334540255,0.44139775327264136,0.2875442995777872,0.2990787745074209,20240305_P013T_A001,P013T_A001,20240305,40x,0.324,0.324,0.324,16,0.7150175568286823,"(80.74429588049665, 140.15467192853734, 268.9173000619742)",17.448484414210782,1,16
14,10209.0,12252.0,"(118.82221569203644, 101.45890880595553, 278.3619355470663)",0.8332517140058766,347.230794816,301.818827741839,0.7915589908022417,20.851722254459407,11.636786428435455,10.716381277649951,0.9209055561476649,0.5580731551297533,0.5139326692958476,0.28681202627818975,0.47328345064034644,20240305_P013T_A001,P013T_A001,20240305,40x,0.324,0.324,0.324,16,0.7987301120859746,"(80.74429588049665, 140.15467192853734, 268.9173000619742)",17.853814725106172,1,16
15,15601.0,17602.0,"(125.84686879046215, 179.90833920902506, 271.6632908146914)",0.8863197363935916,530.624706624,399.0775925760878,0.7942400066453571,25.055862303371857,15.333264435937934,10.08294315143197,0.6575862037440429,0.6119631505906896,0.4024185250281756,0.24626530843230063,0.2646248701895551,20240305_P013T_A001,P013T_A001,20240305,40x,0.324,0.324,0.324,16,0.8489062056461583,"(80.74429588049665, 140.15467192853734, 268.9173000619742)",19.499677249385364,0,16
16,12413.0,14841.0,"(134.17900588093127, 137.2015628776283, 255.72657697575121)",0.8363991644767873,422.193736512,366.5342928931438,0.742524352532187,24.719945544218934,15.444598640989753,8.461932538832567,0.5478894424860427,0.6247828747584626,0.342311940926241,0.21387063851604587,0.18754909847039333,20240305_P013T_A001,P013T_A001,20240305,40x,0.324,0.324,0.324,16,0.9084214705780806,"(80.74429588049665, 140.15467192853734, 268.9173000619742)",17.858203600260318,0,16
1,18764.0,20650.0,"(45.38232786186314, 173.3145917714773, 104.30537198891494)",0.9086682808716707,638.205371136,425.14353350870647,0.8431836629380179,19.934191569151956,16.448854804272358,14.393498432228835,0.8750456249689995,0.8251578574035008,0.722050773029727,0.595805868809751,0.6318273699451465,20240305_P013T_B005,P013T_B005,20240305,40x,0.324,0.324,0.324,12,0.13260627467123398,"(95.82962690814261, 162.60042647302487, 96.74110493973907)",16.888269484776302,0,12
2,11193.0,12050.0,"(72.9624765478424, 151.6865898329313, 94.89386223532566)",0.9288796680497925,380.698823232,295.1923554891009,0.860531371499865,19.514155209360545,12.591382097454707,11.06789387281927,0.8790054806657481,0.6452435148929673,0.5671725859549496,0.36596443291250524,0.4985478115377658,20240305_P013T_B005,P013T_B005,20240305,40x,0.324,0.324,0.324,12,0.3703661771365724,"(95.82962690814261, 162.60042647302487, 96.74110493973907)",8.23132633977482,0,12
3,14749.0,16373.0,"(80.49799986439758, 175.79707098786358, 83.38429724049088)",0.9008123129542539,501.646291776,379.5875936153319,0.8043354049520491,22.114140747967845,16.178994626097783,10.391568839186862,0.6422876748116708,0.7316130800869817,0.4699060640708721,0.3437894228864413,0.3018148732719845,20240305_P013T_B005,P013T_B005,20240305,40x,0.324,0.324,0.324,12,0.4353275850379102,"(95.82962690814261, 162.60042647302487, 96.74110493973907)",7.854006779960413,0,12
4,8077.0,9195.0,"(77.926705459948, 170.80809706574223, 113.53720440757706)",0.8784121805328983,274.716733248,244.9886775540086,0.8341833555053881,15.664598393472808,13.901861624682192,9.303526121095597,0.6692287962770082,0.8874700311803001,0.5939205006987112,0.5270866452737047,0.3974687017668365,20240305_P013T_B005,P013T_B005,20240305,40x,0.324,0.324,0.324,12,0.413161253965069,"(95.82962690814261, 162.60042647302487, 96.74110493973907)",8.3864657831976,0,12
5,19081.0,21318.0,"(91.01388816099785, 148.61972642943243, 74.86897961322782)",0.8950652031147387,648.987246144,454.9009704924692,0.7968771415125979,23.084091299521223,17.10849750137148,12.023503148017623,0.7027796068622493,0.7411380105625522,0.52085667969382,0.38602668337649426,0.36604745258679927,20240305_P013T_B005,P013T_B005,20240305,40x,0.324,0.324,0.324,12,0.5259817944913607,"(95.82962690814261, 162.60042647302487, 96.74110493973907)",8.55409813358229,0,12
6,12091.0,13024.0,"(113.30419320155488, 161.0841121495327, 125.80605408981887)",0.9283630221130221,411.241800384,311.6101143270781,0.8582307677056017,18.99147647801777,14.629773094398562,10.492222149465503,0.717182835425025,0.770333634213865,0.5524700600087638,0.4255862691209031,0.39622204412451895,20240305_P013T_B005,P013T_B005,20240305,40x,0.324,0.324,0.324,12,0.7181395965651283,"(95.82962690814261, 162.60042647302487, 96.74110493973907)",10.998981358328981,0,12
7,4074.0,5083.0,"(107.20103092783505, 164.8357879234168, 101.63205694648994)",0.8014951800118041,138.56580057600002,178.0255657675317,0.7273985874802142,15.584959592749085,9.334087499076444,7.139278886666114,0.7648609344376197,0.5989163746962255,0.45808773800014657,0.27435624733584213,0.3503734153412076,20240305_P013T_B005,P013T_B005,20240305,40x,0.324,0.324,0.324,12,0.6655261286882331,"(95.82962690814261, 162.60042647302487, 96.74110493973907)",4.075542433983085,0,12
8,10583.0,11632.0,"(116.27903241046963, 150.22148729093828, 83.80175753567042)",0.9098177441540578,359.951366592,294.0284300577147,0.8322567968234789,17.957651193336876,14.629893633898005,10.148353980269565,0.6936724376967071,0.814688595762812,0.565127024186497,0.4604025417621139,0.39201304047573327,20240305_P013T_B005,P013T_B005,20240305,40x,0.324,0.324,0.324,12,0.743784762159221,"(95.82962690814261, 162.60042647302487, 96.74110493973907)",8.806860173658363,0,12
9,14828.0,16139.0,"(121.22605880766118, 143.75155111950363, 106.54862422444025)",0.9187682012516265,504.333257472,362.5680757406607,0.8450964969474111,19.72462639511405,14.683533332097607,12.7278311982682,0.8668098413646583,0.7444264361699057,0.6452761610440939,0.480360632911453,0.5593317267910267,20240305_P013T_B005,P013T_B005,20240305,40x,0.324,0.324,0.324,12,0.786431541445355,"(95.82962690814261, 162.60042647302487, 96.74110493973907)",10.728492238994493,0,12
10,8797.0,9878.0,"(121.55746277139934, 180.6315789473684, 83.38547232010913)",0.8905648916784774,299.205534528,272.86596869899887,0.7928319893675931,17.826223389091876,13.885076415901404,9.006486025064964,0.6486450456081464,0.7789129594548828,0.5052380321103888,0.39353645082026406,0.3277201463812133,20240305_P013T_B005,P013T_B005,20240305,40x,0.324,0.324,0.324,12,0.7892884721672357,"(95.82962690814261, 162.60042647302487, 96.74110493973907)",11.060777849639852,0,12
11,2159.0,3312.0,"(114.56044465030106, 196.78925428439092, 96.47614636405743)",0.6518719806763285,73.432391616,137.40591388696407,0.6171685896232667,14.383945183226203,7.788115890837081,6.319476164491806,0.8114255428487951,0.541445048046983,0.4393423420343151,0.2378797354918438,0.3564935983816552,20240305_P013T_B005,P013T_B005,20240305,40x,0.324,0.324,0.324,12,0.7289693504336299,"(95.82962690814261, 162.60042647302487, 96.74110493973907)",12.63097153072793,0,12
12,14417.0,15779.0,"(133.82562252895886, 170.5246583894014, 103.3751127141569)",0.9136827428861145,490.354233408,357.371151787627,0.8414686078886928,21.025296397426075,13.61464878821555,12.35762525721506,0.9076712480392052,0.647536592629546,0.5877503471831144,0.3805898571317866,0.5334840911631735,20240305_P013T_B005,P013T_B005,20240305,40x,0.324,0.324,0.324,12,0.8950484700772317,"(95.82962690814261, 162.60042647302487, 96.74110493973907)",12.757946675377491,0,12
1,15292.0,16623.0,"(38.431271252942715, 232.66099921527595, 147.69016479204814)",0.9199302171689827,520.114929408,367.98981150688957,0.8499261858911489,21.596404642469036,13.75549591663117,12.620672953353962,0.9175003961939937,0.6369345335186568,0.5843876868530042,0.3722166987197652,0.5361759342185228,20240305_P013T_A003,P013T_A003,20240305,40x,0.324,0.324,0.324,8,0.20431271252942715,"(67.94090913476848, 224.57490085587193, 131.4380964327412)",11.22524847186822,0,8
2,14938.0,16497.0,"(43.09680010710939, 215.86082474226805, 111.0904404873477)",0.9054979693277566,508.07460211200004,391.14315636032325,0.7872271172522257,24.650935983493184,14.554103993739917,10.508627624702562,0.7220387891430888,0.5904077639683,0.4262973069963499,0.25168923980942287,0.30780319135860407,20240305_P013T_A003,P013T_A003,20240305,40x,0.324,0.324,0.324,8,0.25096800107109385,"(67.94090913476848, 224.57490085587193, 131.4380964327412)",10.780936189438247,0,8
3,11897.0,13622.0,"(49.164411196099856, 207.80305959485585, 136.57459863831218)",0.8733666128321832,404.643428928,324.13529179819,0.816217934399058,17.76095198500192,16.75206344816158,10.130775267345049,0.604747904560786,0.9431962578530538,0.570395960526209,0.5379953354628185,0.3449457618981617,20240305_P013T_A003,P013T_A003,20240305,40x,0.324,0.324,0.324,8,0.31164411196099856,"(67.94090913476848, 224.57490085587193, 131.4380964327412)",8.325193643631872,0,8
4,10314.0,11119.0,"(55.727845646693815, 236.35922047702152, 107.52608105487687)",0.9276014030038673,350.802078336,279.9124341041121,0.8593499157900347,19.327591751995833,11.882614898334825,10.8683822128645,0.9146456656091366,0.6148005944459058,0.5623246989238685,0.34571755917000935,0.514327848535679,20240305_P013T_A003,P013T_A003,20240305,40x,0.324,0.324,0.324,8,0.37727845646693814,"(67.94090913476848, 224.57490085587193, 131.4380964327412)",9.50051531377978,0,8
5,13615.0,15463.0,"(82.26603011384502, 225.16856408373118, 158.2608152772677)",0.8804889090086012,463.07642976,368.9580500867197,0.7845288490225448,23.161773396724218,15.104832591576715,9.895358766958639,0.6551121111052124,0.6521449084599454,0.42722802772771035,0.2786145830340107,0.27988225516801657,20240305_P013T_A003,P013T_A003,20240305,40x,0.324,0.324,0.324,8,0.6426603011384502,"(67.94090913476848, 224.57490085587193, 131.4380964327412)",9.854180621571265,0,8
6,12343.0,13511.0,"(82.16138702098355, 243.21947662642793, 128.55966944827028)",0.9135519206572422,419.812880832,318.25524679229045,0.8519466352456948,18.80056403488484,14.02074884618732,11.444266288689395,0.8162378781787714,0.7457621388470861,0.6087193058386078,0.45395981147971365,0.49685975460415976,20240305_P013T_A003,P013T_A003,20240305,40x,0.324,0.324,0.324,8,0.6416138702098355,"(67.94090913476848, 224.57490085587193, 131.4380964327412)",7.654410266088421,0,8
7,11630.0,13253.0,"(89.98151332760104, 205.431728288908, 119.43568357695615)",0.8775371613974194,395.56216512000003,320.49982158458664,0.8130791590099928,18.249689131253437,15.595107473803678,10.611330253248438,0.6804268756129523,0.8545409930899226,0.5814526580113655,0.4968751318118073,0.39563601540751986,20240305_P013T_A003,P013T_A003,20240305,40x,0.324,0.324,0.324,8,0.7198151332760103,"(67.94090913476848, 224.57490085587193, 131.4380964327412)",10.226844332047241,0,8
8,13608.0,16000.0,"(107.97912992357436, 229.64043209876544, 135.1764403292181)",0.8505,462.838344192,366.11157431536805,0.7903574530070739,22.858123793782934,15.289788244212708,10.145449809775947,0.6635441673704062,0.6688995292068242,0.4438443811619988,0.2968872976003552,0.29451035034017176,20240305_P013T_A003,P013T_A003,20240305,40x,0.324,0.324,0.324,8,0.8997912992357436,"(67.94090913476848, 224.57490085587193, 131.4380964327412)",13.131772144447776,0,8
1,16010.0,18819.0,"(41.64590880699563, 120.47732667083073, 125.68975640224859)",0.8507359583399755,544.53570624,410.65926524604856,0.7852719302104236,21.73260448532516,15.692756585856378,11.960074990953702,0.7621398398375159,0.7220835678693199,0.5503286547652255,0.39738327853359723,0.4194273928007645,20240305_P013T_B007a,P013T_B007a,20240305,40x,0.324,0.324,0.324,33,0.09840194218236244,"(113.33719676168083, 98.76097060543457, 94.40872347012487)",26.301424994961344,1,33
2,16811.0,18871.0,"(54.301171851763726, 93.98762714889061, 124.27547439176729)",0.8908377934396693,571.779497664,412.62671786730306,0.8073821896610688,22.08488389632879,16.714378410141784,11.531305027843741,0.6899033122791387,0.7568243731143294,0.5221356418251586,0.39516497980497367,0.36022310875417096,20240305_P013T_B007a,P013T_B007a,20240305,40x,0.324,0.324,0.324,33,0.17799479152052658,"(113.33719676168083, 98.76097060543457, 94.40872347012487)",21.491874822698183,2,33
3,17841.0,20122.0,"(62.41023485230649, 78.94770472507146, 100.92719017992265)",0.8866414869297287,606.812088384,426.5443783830244,0.8126235132471719,20.50829058255669,16.77806741842797,13.17079397200698,0.7850006585109446,0.8181114535552048,0.6422180297761817,0.5254059258395518,0.5041415762819041,20240305_P013T_B007a,P013T_B007a,20240305,40x,0.324,0.324,0.324,33,0.22899518775035527,"(113.33719676168083, 98.76097060543457, 94.40872347012487)",17.830633930977235,2,33
4,17610.0,19720.0,"(65.60397501419648, 82.40266893810335, 65.82799545712663)",0.8930020283975659,598.95526464,419.08709824208967,0.8199287052641403,23.57526599118744,14.657584190738499,12.762663004170513,0.8707207707689439,0.6217356867242805,0.5413581763591242,0.33658169754244427,0.47137180858148653,20240305_P013T_B007a,P013T_B007a,20240305,40x,0.324,0.324,0.324,33,0.24908160386287093,"(113.33719676168083, 98.76097060543457, 94.40872347012487)",18.788962270080035,1,33
5,19407.0,24010.0,"(60.96573401350028, 115.2701087236564, 77.06951100118513)",0.8082882132444814,660.075231168,530.4496213962459,0.6911446305486604,21.602982590496442,16.157863751984006,14.563776337221691,0.9013429349800911,0.7479459692335333,0.6741558151154818,0.5042321245509717,0.607645581030084,20240305_P013T_B007a,P013T_B007a,20240305,40x,0.324,0.324,0.324,33,0.21991027681446718,"(113.33719676168083, 98.76097060543457, 94.40872347012487)",18.657365060655014,0,33
6,15096.0,17026.0,"(72.3536698463169, 131.36917064122946, 145.47151563328035)",0.8866439563021261,513.448533504,395.30214820456854,0.7844276530148845,21.769902958842852,18.37947524420331,9.430762469982438,0.5131138046477578,0.8442607796162745,0.43320186074378886,0.365735340682772,0.22228185494673366,20240305_P013T_B007a,P013T_B007a,20240305,40x,0.324,0.324,0.324,33,0.2915325147567101,"(113.33719676168083, 98.76097060543457, 94.40872347012487)",23.699338584368864,0,33
7,23829.0,25940.0,"(77.69856057744765, 141.81405010701246, 104.5731671492719)",0.9186198920585967,810.477285696,495.71296596263204,0.8480362388284801,23.34981484586248,16.981272971278372,14.696025566384824,0.865425436081338,0.7272551445643436,0.6293851006269935,0.45772355234312806,0.5446858751732127,20240305_P013T_B007a,P013T_B007a,20240305,40x,0.324,0.324,0.324,33,0.32514817973237514,"(113.33719676168083, 98.76097060543457, 94.40872347012487)",18.405355953811707,1,33
8,19641.0,21453.0,"(84.80342141438827, 106.4919810600275, 48.738608013848584)",0.9155362886309607,668.0340915840001,453.2578206819478,0.8153384104591096,23.056848884282395,18.260260460379477,11.54886173285188,0.6324587624535929,0.7919668707560165,0.5008863869825947,0.3966854245028927,0.31678998444086326,20240305_P013T_B007a,P013T_B007a,20240305,40x,0.324,0.324,0.324,33,0.36983283908420295,"(113.33719676168083, 98.76097060543457, 94.40872347012487)",17.62662528726316,2,33
9,23673.0,25728.0,"(84.35424323068474, 57.61631394415579, 89.75926160604908)",0.9201259328358209,805.171378752,492.2349354683321,0.85029686251561,23.60865078293446,16.215539316949876,15.16150696033179,0.9349986247132515,0.6868473537958931,0.6422013311870961,0.4410942849300569,0.6004573614489541,20240305_P013T_B007a,P013T_B007a,20240305,40x,0.324,0.324,0.324,33,0.36700781906091035,"(113.33719676168083, 98.76097060543457, 94.40872347012487)",16.37566601110261,1,33
10,23873.0,25620.0,"(98.32216311314036, 142.66405562769657, 77.69362878565744)",0.9318110850897736,811.973823552,499.1327075264231,0.8432624865671322,24.7512941963516,18.101595417562933,12.963518092545948,0.7161533441393898,0.731339350337129,0.5237511214446637,0.38303980489568323,0.3750861171193516,20240305_P013T_B007a,P013T_B007a,20240305,40x,0.324,0.324,0.324,33,0.454856371780757,"(113.33719676168083, 98.76097060543457, 94.40872347012487)",15.979233607723165,2,33
11,22181.0,24634.0,"(99.0480140660926, 60.335422208196206, 56.6539380550922)",0.9004221807258261,754.425140544,487.72089060322895,0.8217193891082353,23.579479354825665,17.817061699442668,13.200170791376978,0.7408724858257572,0.7556172649671467,0.5598160414290697,0.4230066661093685,0.4147523022186899,20240305_P013T_B007a,P013T_B007a,20240305,40x,0.324,0.324,0.324,33,0.45942147211379,"(113.33719676168083, 98.76097060543457, 94.40872347012487)",18.057375860254762,2,33
12,1270.0,1649.0,"(91.14488188976378, 155.08346456692914, 123.52047244094489)",0.7701637355973318,43.19552448,84.45419830373703,0.7049452391544303,9.490153568622985,6.896127505590689,5.158162446360758,0.7479795642089038,0.7266613185682425,0.5435278163901414,0.39496063973657763,0.406547699238915,20240305_P013T_B007a,P013T_B007a,20240305,40x,0.324,0.324,0.324,33,0.40971623830040116,"(113.33719676168083, 98.76097060543457, 94.40872347012487)",21.76406204358997,4,33
13,4114.0,6413.0,"(101.83130772970345, 160.17331064657267, 132.38842975206612)",0.6415094339622641,139.926289536,188.28415042999646,0.6922610658763638,15.053183703903063,10.032446762458726,7.778356026062972,0.7753199404126888,0.66646677273044,0.5167249785204018,0.3443800288236981,0.4006271795561858,20240305_P013T_B007a,P013T_B007a,20240305,40x,0.324,0.324,0.324,33,0.47692646370882674,"(113.33719676168083, 98.76097060543457, 94.40872347012487)",23.690402948194006,4,33
14,4325.0,4901.0,"(101.60300578034682, 141.5808092485549, 152.12763005780346)",0.8824729647010814,147.1028688,163.2894798043688,0.8252901858303358,12.856739850036378,10.151462532258849,8.478394069346272,0.8351894165401313,0.7895829464286878,0.6594513203378135,0.5206915165386193,0.5507667634695578,20240305_P013T_B007a,P013T_B007a,20240305,40x,0.324,0.324,0.324,33,0.4754906023921184,"(113.33719676168083, 98.76097060543457, 94.40872347012487)",23.59356787020876,3,33
15,5346.0,6002.0,"(110.12326973438084, 163.2699214365881, 118.91245791245791)",0.8907030989670109,181.829349504,195.4434614033312,0.7941556601440419,16.511160592618328,10.99554350487253,7.311433353695623,0.664945152593472,0.665946130388213,0.44281765129002243,0.2948927013441875,0.29444945070812684,20240305_P013T_B007a,P013T_B007a,20240305,40x,0.324,0.324,0.324,33,0.52907716814076,"(113.33719676168083, 98.76097060543457, 94.40872347012487)",22.382202972657158,2,33
16,16632.0,19018.0,"(115.89009139009138, 101.18951418951418, 39.33621933621934)",0.8745399095593648,565.6913095680001,424.10905460181164,0.7799371092914573,24.492440130809396,16.564727950102444,10.342301922348634,0.6243568837050941,0.6763200343303252,0.4222650690218041,0.2855863259773237,0.2636441025919701,20240305_P013T_B007a,P013T_B007a,20240305,40x,0.324,0.324,0.324,33,0.5653464867301345,"(113.33719676168083, 98.76097060543457, 94.40872347012487)",17.879973998398746,2,33
17,20546.0,24299.0,"(124.60332911515623, 51.98598267302638, 128.78915604010513)",0.8455491995555373,698.815154304,478.2812691116013,0.7962368894244353,23.181584799603105,17.79928732442265,13.108553691859925,0.7364650872214134,0.7678201243914693,0.5654727148803199,0.4341813302793891,0.4164509122856642,20240305_P013T_B007a,P013T_B007a,20240305,40x,0.324,0.324,0.324,33,0.6201467239946933,"(113.33719676168083, 98.76097060543457, 94.40872347012487)",19.159441811885586,0,33
18,5464.0,6517.0,"(116.4396046852123, 147.65117130307468, 148.5922401171303)",0.8384225870799448,185.842791936,200.53984481468697,0.7853210962414805,14.737477882468795,11.194563276381363,8.603651908276232,0.7685562800317975,0.7595983088597565,0.5837940505756989,0.4434489735396881,0.4486785838151543,20240305_P013T_B007a,P013T_B007a,20240305,40x,0.324,0.324,0.324,33,0.5688025451900145,"(113.33719676168083, 98.76097060543457, 94.40872347012487)",23.66693065641197,3,33
19,19940.0,21462.0,"(125.55486459378135, 46.7648445336008, 94.83731193580742)",0.9290839623520641,678.20374656,435.86646081614344,0.8564541710938643,23.260752934722248,14.94434329233726,14.040797343075457,0.9395392670265346,0.6424703161706019,0.6036260899412332,0.3878118448533683,0.5671304141014794,20240305_P013T_B007a,P013T_B007a,20240305,40x,0.324,0.324,0.324,33,0.62613122386026,"(113.33719676168083, 98.76097060543457, 94.40872347012487)",17.306126372945453,1,33
20,11805.0,14024.0,"(126.07920372723423, 135.46166878441338, 57.33146971622194)",0.8417712492869367,401.51430432,356.64748952197766,0.7379817712340228,22.337349693376282,16.683733832041966,8.594534302872791,0.5151445347543574,0.7468985381461442,0.38476069994200507,0.28737720432277086,0.19820737176338513,20240305_P013T_B007a,P013T_B007a,20240305,40x,0.324,0.324,0.324,33,0.6294289542593348,"(113.33719676168083, 98.76097060543457, 94.40872347012487)",17.39980375039643,3,33
21,17461.0,20231.0,"(128.23629803562224, 51.75093064543841, 52.76387377584331)",0.8630814097177599,593.887443264,438.3592566015837,0.7794531886555118,24.07882582328957,17.785981770584524,10.462715527175423,0.5882562830734068,0.7386565234165834,0.4345193409329642,0.3209605457308084,0.25560873242073195,20240305_P013T_B007a,P013T_B007a,20240305,40x,0.324,0.324,0.324,33,0.6429955851296997,"(113.33719676168083, 98.76097060543457, 94.40872347012487)",20.912990503571688,2,33
22,12658.0,15463.0,"(136.47140148522672, 142.154368778638, 130.3203507663138)",0.8185992368880554,430.526731392,377.8385237821142,0.7297564967052682,22.642577314470035,16.500970695437783,8.956113823809071,0.5427628464478925,0.7287585006894344,0.3955430382072958,0.2882553514820925,0.2146860653100394,20240305_P013T_B007a,P013T_B007a,20240305,40x,0.324,0.324,0.324,33,0.6947886885863317,"(113.33719676168083, 98.76097060543457, 94.40872347012487)",19.728975394239257,2,33
23,18050.0,20353.0,"(139.14891966759004, 86.922216066482, 147.14875346260388)",0.8868471478406131,613.9206432,431.1101594867771,0.8102841770285877,25.98458766989085,13.784346286374149,12.653564486949813,0.917966236778155,0.5304816247804656,0.4869642207796852,0.25832557104916076,0.44701671319473424,20240305_P013T_B007a,P013T_B007a,20240305,40x,0.324,0.324,0.324,33,0.7116284255823272,"(113.33719676168083, 98.76097060543457, 94.40872347012487)",19.407334718488112,1,33
24,14007.0,15572.0,"(152.09373884486328, 97.71885485828514, 36.35260940958092)",0.8994991009504238,476.409221568,384.79671576426495,0.766607164941527,23.55965276777015,16.900228844371878,8.781014705046903,0.5195796332646206,0.7173377727999272,0.37271409691824586,0.26736190017447065,0.19365465378933644,20240305_P013T_B007a,P013T_B007a,20240305,40x,0.324,0.324,0.324,33,0.7930423826720961,"(113.33719676168083, 98.76097060543457, 94.40872347012487)",22.61897799624411,2,33
25,17950.0,20585.0,"(151.97403899721448, 124.08573816155989, 134.26022284122564)",0.8719941705125092,610.5194208,455.1979237937662,0.7645692741497413,25.832427717599067,17.94605753418231,9.815216331692794,0.5469288345363601,0.6947104519315486,0.3799571778151498,0.2639602227145985,0.2078095364361644,20240305_P013T_B007a,P013T_B007a,20240305,40x,0.324,0.324,0.324,33,0.7922895534416005,"(113.33719676168083, 98.76097060543457, 94.40872347012487)",19.76742940667301,3,33
26,3939.0,6972.0,"(150.15054582381316, 73.72784970804773, 56.87890327494288)",0.564974182444062,133.974150336,236.87652784332738,0.5345349466129313,17.250294166496914,13.372715740045829,6.024362881581938,0.45049659311469764,0.775216678102683,0.3492324724109519,0.27073083714800505,0.15732803902615647,20240305_P013T_B007a,P013T_B007a,20240305,40x,0.324,0.324,0.324,33,0.7808210429170638,"(113.33719676168083, 98.76097060543457, 94.40872347012487)",18.865502610666137,3,33
27,13405.0,14749.0,"(154.8916822081313, 127.25706825811264, 55.51525550167848)",0.908875177978168,455.93386272000004,348.17914776774467,0.8227778644725309,21.36766765060477,14.80755012119073,10.50287103492296,0.7092916079272663,0.6929886014382871,0.4915309993894302,0.3406253798304447,0.34863881290302506,20240305_P013T_B007a,P013T_B007a,20240305,40x,0.324,0.324,0.324,33,0.8106395107429641,"(113.33719676168083, 98.76097060543457, 94.40872347012487)",20.623063706138986,2,33
28,11522.0,13640.0,"(159.99071341780942, 143.1314007984725, 96.40774171150842)",0.8447214076246334,391.888844928,353.08647087161376,0.7334631765870159,21.419428739617263,17.670106637345814,8.095196482054988,0.45812946396971765,0.8249569515672133,0.3779370860195797,0.3117818263669081,0.17314411463242713,20240305_P013T_B007a,P013T_B007a,20240305,40x,0.324,0.324,0.324,33,0.842708889420185,"(113.33719676168083, 98.76097060543457, 94.40872347012487)",20.870433695771442,1,33
29,16289.0,18306.0,"(162.95549143593837, 52.83178832340843, 79.9199459758119)",0.8898175461597291,554.025116736,400.321859418704,0.8148814942531922,23.99517222830714,14.00664859173583,12.347567558663679,0.8815504635383629,0.5837277790076525,0.5145854941644151,0.30037784761814934,0.4536330809107576,20240305_P013T_B007a,P013T_B007a,20240305,40x,0.324,0.324,0.324,33,0.8613552920499269,"(113.33719676168083, 98.76097060543457, 94.40872347012487)",22.403820148547528,1,33
30,20704.0,23187.0,"(164.17243044822257, 63.245459814528594, 110.79516035548686)",0.8929141329193082,704.189085696,457.5698320378704,0.8365391438817651,22.209179621897288,16.320996322088757,14.236799474486274,0.8722996558254388,0.7348761458076084,0.6410322090623017,0.47107927913424136,0.5591721753380665,20240305_P013T_B007a,P013T_B007a,20240305,40x,0.324,0.324,0.324,33,0.8690089965297016,"(113.33719676168083, 98.76097060543457, 94.40872347012487)",20.78173432044171,1,33
31,19345.0,23613.0,"(164.7857844404239, 95.25432928405273, 130.7433962264151)",0.8192521068902723,657.9664732800001,469.4399170956708,0.7793034857589707,22.387106052684636,15.68551587395208,15.236560206064796,0.971377691910482,0.700649554124531,0.6805953467235951,0.4768588262211176,0.66111513702538,20240305_P013T_B007a,P013T_B007a,20240305,40x,0.324,0.324,0.324,33,0.8728665688076974,"(113.33719676168083, 98.76097060543457, 94.40872347012487)",20.43888497074741,1,33
32,3249.0,6043.0,"(164.47860880270852, 94.18528778085565, 71.12742382271468)",0.5376468641403277,110.505715776,215.08093541659406,0.517772168693033,15.284736893860005,14.373087073264243,5.620990662822145,0.3910774793313468,0.9403555437737382,0.36775187573429147,0.3458175150799318,0.14381947658154137,20240305_P013T_B007a,P013T_B007a,20240305,40x,0.324,0.324,0.324,33,0.8709346465579152,"(113.33719676168083, 98.76097060543457, 94.40872347012487)",18.266244788641153,1,33
33,20214.0,22210.0,"(174.53952706045314, 117.63846838824577, 97.08429801127932)",0.910130571814498,687.523095936,455.3405362635877,0.8273183766606702,21.59565722845598,18.092946664994287,13.303972563799018,0.7353126502903566,0.8378048638942892,0.6160485148962613,0.5161284421749412,0.4529882661958082,20240305_P013T_B007a,P013T_B007a,20240305,40x,0.324,0.324,0.324,33,0.9342108620154286,"(113.33719676168083, 98.76097060543457, 94.40872347012487)",20.76949645495347,1,33
1,17051.0,18793.0,"(55.13207436513987, 67.18491584071316, 111.7549117353821)",0.9073059117756611,579.942431424,402.10316081713324,0.8363792072283365,21.33167417473337,16.285528393472088,11.975049912819701,0.7353184756117459,0.7634435187821186,0.5613741244465347,0.42857743692069344,0.41278876543590437,20240305_P013T_A006a,P013T_A006a,20240305,40x,0.324,0.324,0.324,21,0.12150407351163033,"(105.05430247402356, 71.87026808655042, 80.83579012006528)",19.086249757817985,0,21
2,16241.0,17588.0,"(58.41204359337479, 76.38907702727664, 68.37466904747245)",0.9234136911530589,552.392529984,384.35010115942936,0.8470758939032884,20.22850251265317,16.151078224928703,12.33861922025695,0.7639501863852447,0.7984317284399086,0.6099620677575612,0.4870130680424503,0.4659806353513182,20240305_P013T_A006a,P013T_A006a,20240305,40x,0.324,0.324,0.324,21,0.1447662666196794,"(105.05430247402356, 71.87026808655042, 80.83579012006528)",15.710490675174018,1,21
3,13738.0,15424.0,"(61.088950356674914, 50.964478089969425, 81.41250545930994)",0.8906898340248963,467.259933312,365.5628489208084,0.7965770068393576,19.73318183413159,16.604910137954846,10.521824085849197,0.6336573940137639,0.8414715010244362,0.5332046384759945,0.448676507491587,0.3378690616927498,20240305_P013T_A006a,P013T_A006a,20240305,40x,0.324,0.324,0.324,21,0.16375142096932566,"(105.05430247402356, 71.87026808655042, 80.83579012006528)",15.774298095516523,0,21
4,14679.0,16379.0,"(83.33898766945977, 117.02575107296137, 74.71013011785544)",0.8962085597411319,499.26543609600003,414.1702850572912,0.7348401124896293,28.01161668511515,15.388328950895302,8.433189408412906,0.5480250282745781,0.5493552594225085,0.3010604315778084,0.1653891314912793,0.16498865152778514,20240305_P013T_A006a,P013T_A006a,20240305,40x,0.324,0.324,0.324,21,0.32155310403872184,"(105.05430247402356, 71.87026808655042, 80.83579012006528)",16.355089485303125,0,21
5,21309.0,23552.0,"(83.02078933783847, 92.09845605143367, 48.18466375709794)",0.9047639266304348,724.766481216,485.262952983257,0.8040919626416263,23.3996184597109,19.997973855574635,11.389439518933957,0.5695296734153413,0.8546282021652121,0.4867361208706935,0.41597841590859014,0.2772106639589362,20240305_P013T_A006a,P013T_A006a,20240305,40x,0.324,0.324,0.324,21,0.31929637828254237,"(105.05430247402356, 71.87026808655042, 80.83579012006528)",14.346840519867747,0,21
6,23472.0,25025.0,"(88.83508009543286, 101.0447767552829, 115.96280674846626)",0.937942057942058,798.334921728,482.9104753300663,0.8618021693731484,23.168059662836118,18.247485053677252,13.398072354045192,0.7342421333478609,0.7876138666436552,0.578299285698795,0.4554765364864918,0.42461170124502734,20240305_P013T_A006a,P013T_A006a,20240305,40x,0.324,0.324,0.324,21,0.36053248294633233,"(105.05430247402356, 71.87026808655042, 80.83579012006528)",15.700207004525149,0,21
7,16664.0,18302.0,"(94.77178348535766, 72.15740518482957, 133.68248919827172)",0.9105015845262813,566.779700736,421.3403862706163,0.7860688027209786,28.306817334812955,13.884021278386816,10.513593994246673,0.7572441573979096,0.4904833035154271,0.37141561588828276,0.1821731582581019,0.28125230509774835,20240305_P013T_A006a,P013T_A006a,20240305,40x,0.324,0.324,0.324,21,0.4026367623075011,"(105.05430247402356, 71.87026808655042, 80.83579012006528)",17.44368051652198,0,21
8,13294.0,14582.0,"(91.28132992327366, 45.26688731758688, 120.3360162479314)",0.9116719242902208,452.15850585600003,345.97478519548173,0.823442881476131,20.172800592904363,15.866856855937915,10.165657066918717,0.640684992573963,0.7865470529421169,0.5039288927732927,0.3963637855032174,0.3228596789242624,20240305_P013T_A006a,P013T_A006a,20240305,40x,0.324,0.324,0.324,21,0.37788177250548693,"(105.05430247402356, 71.87026808655042, 80.83579012006528)",16.062371500006382,0,21
9,17159.0,18897.0,"(96.49087942187774, 32.56372748994696, 78.53668628707966)",0.9080277292691962,583.615751616,412.1957627739083,0.8193421012623345,23.022402014965998,16.297020501854274,11.27824709690029,0.6920434993388548,0.7078766364717372,0.4898814246041194,0.3467756151187469,0.33901925534413807,20240305_P013T_A006a,P013T_A006a,20240305,40x,0.324,0.324,0.324,21,0.41482893207005483,"(105.05430247402356, 71.87026808655042, 80.83579012006528)",13.055319484665315,0,21
10,15510.0,16820.0,"(92.46118633139909, 57.62114764667956, 43.575499677627334)",0.9221165279429251,527.52959424,369.36680414215334,0.8547861596804178,19.669683126415844,15.659459307103413,12.22233909313063,0.7805083721879438,0.7961215850027187,0.6213795623741577,0.4946936820856101,0.4849919507395106,20240305_P013T_A006a,P013T_A006a,20240305,40x,0.324,0.324,0.324,21,0.386249548449639,"(105.05430247402356, 71.87026808655042, 80.83579012006528)",13.553711392579542,1,21
11,14743.0,16167.0,"(117.27355355083769, 110.5466323000746, 79.06620090890593)",0.9119193418692398,501.442218432,358.4280828850355,0.8515876592328607,19.138356129329104,14.140065201298949,13.2439644585222,0.9366268309219373,0.7388338426637183,0.6920116006319957,0.5112815900628078,0.6481566324611635,20240305_P013T_A006a,P013T_A006a,20240305,40x,0.324,0.324,0.324,21,0.5622237840484943,"(105.05430247402356, 71.87026808655042, 80.83579012006528)",13.1541713291535,1,21
12,14577.0,15787.0,"(123.46436166563765, 97.49111614186732, 54.00240104273856)",0.9233546588965604,495.796189248,355.43860321907846,0.8522918205124715,21.266067135071015,13.814760134305397,12.163616254931783,0.880479728687187,0.6496151849122461,0.5719730017626112,0.3715623473048312,0.5036106334083399,20240305_P013T_A006a,P013T_A006a,20240305,40x,0.324,0.324,0.324,21,0.6061302245789905,"(105.05430247402356, 71.87026808655042, 80.83579012006528)",13.419190198164019,2,21
13,19768.0,21284.0,"(126.92508093889114, 45.97076082557669, 42.11746256576285)",0.9287727870700996,672.353644032,435.7823639650424,0.8516862765232296,23.179244589790276,16.065654368386365,12.977188980696521,0.8077597515251382,0.6931051745949813,0.5598624636116296,0.388043570590715,0.4522343644951816,20240305_P013T_A006a,P013T_A006a,20240305,40x,0.324,0.324,0.324,21,0.6306743328999371,"(105.05430247402356, 71.87026808655042, 80.83579012006528)",16.673331873288532,0,21
14,14846.0,15916.0,"(124.86582244375589, 74.77172302303651, 37.34608648794288)",0.9327720532797186,504.945477504,349.797051528185,0.8766595561618504,18.101943779674475,15.726192438567127,12.64550505518003,0.8041046874237671,0.868757114151745,0.6985716677221628,0.6068891060784779,0.5617247525168295,20240305_P013T_A006a,P013T_A006a,20240305,40x,0.324,0.324,0.324,21,0.616069662721673,"(105.05430247402356, 71.87026808655042, 80.83579012006528)",15.512357641577792,0,21
15,13430.0,14801.0,"(133.16835443037974, 26.580342516753536, 91.1753536857781)",0.9073711235727315,456.78416832,354.50607414897263,0.8090980214818106,20.2471439699761,17.327430837267226,9.492947794502435,0.547856625927794,0.8557962971449982,0.4688536718353586,0.40124323625953606,0.25686459070557677,20240305_P013T_A006a,P013T_A006a,20240305,40x,0.324,0.324,0.324,21,0.6749528683005656,"(105.05430247402356, 71.87026808655042, 80.83579012006528)",17.593181652675522,0,21
16,6031.0,6724.0,"(128.05737025368927, 81.32963024374067, 91.1734372409219)",0.8969363474122546,205.127722944,197.4670665670492,0.8518027200617334,12.612964415450996,11.448347878788654,10.214603317219252,0.8922338336822148,0.9076651215129351,0.8098495310671193,0.7350721730232304,0.7225751518097597,20240305_P013T_A006a,P013T_A006a,20240305,40x,0.324,0.324,0.324,21,0.6387047535722643,"(105.05430247402356, 71.87026808655042, 80.83579012006528)",8.726900200248043,2,21
17,16356.0,17778.0,"(136.12949376375641, 59.8642088530203, 115.37631450232331)",0.9200134998312521,556.303935744,387.4832744540572,0.844188150202247,20.221133478474734,17.24264058978171,11.559164142201206,0.6703824789488083,0.8527039598515281,0.5716377944147326,0.4874378108982363,0.3832159616805777,20240305_P013T_A006a,P013T_A006a,20240305,40x,0.324,0.324,0.324,21,0.695953856480542,"(105.05430247402356, 71.87026808655042, 80.83579012006528)",15.548154713191503,0,21
18,7386.0,8057.0,"(132.42011914432712, 96.40170593013809, 103.36420254535608)",0.9167183815315875,251.214286464,218.94409444151285,0.8793878176338195,13.738784219018994,12.129455178730508,10.748207722598126,0.8861245261407573,0.8828623395903805,0.7823259723170463,0.6906861382421468,0.6932382315070499,20240305_P013T_A006a,P013T_A006a,20240305,40x,0.324,0.324,0.324,21,0.6696462350661496,"(105.05430247402356, 71.87026808655042, 80.83579012006528)",13.966650269733695,3,21
19,7503.0,8295.0,"(141.00466480074635, 94.66706650673063, 80.7587631614021)",0.9045207956600362,255.193716672,223.00982097652815,0.872449142510095,12.984296733435823,12.569594695189345,11.157833455802077,0.8876844262983612,0.968061263019461,0.8593329068850971,0.8318868991933721,0.7628164384476005,20240305_P013T_A006a,P013T_A006a,20240305,40x,0.324,0.324,0.324,21,0.7305295375939459,"(105.05430247402356, 71.87026808655042, 80.83579012006528)",13.792389267577756,5,21
20,10098.0,11239.0,"(153.30699148346207, 40.80114874232521, 57.499702911467615)",0.8984785123231604,343.455437952,297.3539479925288,0.7976101649561833,19.03210270743055,15.777290224307794,8.302124350530836,0.5262072404385322,0.828983032870456,0.4362168740971277,0.3616163872783068,0.22954047755137222,20240305_P013T_A006a,P013T_A006a,20240305,40x,0.324,0.324,0.324,21,0.8177800814429934,"(105.05430247402356, 71.87026808655042, 80.83579012006528)",20.072800582441854,1,21
21,15560.0,16927.0,"(164.16426735218508, 71.46401028277634, 79.03573264781491)",0.9192414485732853,529.23020544,365.6046898424823,0.8654369800019509,19.459435206261794,15.338436202308573,12.758174564874711,0.831778050682539,0.788226176131405,0.6556292322795317,0.516784122719664,0.5453380047959584,20240305_P013T_A006a,P013T_A006a,20240305,40x,0.324,0.324,0.324,21,0.8947820379587595,"(105.05430247402356, 71.87026808655042, 80.83579012006528)",19.160958968293244,0,21
1,11479.0,12567.0,"(27.177454482097744, 63.90931265789703, 112.8353515114557)",0.9134240471075038,390.42631929600003,303.91201718961827,0.8500196699807534,17.385820288035355,14.842676540933047,10.93085860887678,0.7364479431140147,0.8537231085465401,0.6287226272780022,0.5367550357733237,0.46302148564812395,20241009_P013T_A001a,P013T_A001a,20241009,40x,0.324,0.324,0.324,16,0.09907860512855446,"(83.03140277747146, 78.32640803393544, 90.32761371238688)",20.062153360581366,0,16
2,24500.0,27184.0,"(39.39530612244898, 86.25689795918368, 83.18628571428572)",0.9012654502648617,833.299488,534.1928682953233,0.8016536644227442,27.570793546619257,18.38099533456098,11.887002588830706,0.64670070213663,0.6666835796177097,0.43114473904173484,0.2874371179576871,0.27882160546080403,20241009_P013T_A001a,P013T_A001a,20241009,40x,0.324,0.324,0.324,16,0.19094215129660885,"(83.03140277747146, 78.32640803393544, 90.32761371238688)",14.554778787886487,0,16
3,10292.0,11203.0,"(36.579867858530896, 56.83278274387874, 74.05693742712786)",0.9186824957600642,350.053809408,282.37006942715277,0.8506586763534965,16.66788316887822,14.765210949200904,10.168211546020055,0.6886600930391964,0.8858479987890766,0.6100481652646714,0.5404099463646571,0.4201158262495596,20241009_P013T_A001a,P013T_A001a,20241009,40x,0.324,0.324,0.324,16,0.16977344254534507,"(83.03140277747146, 78.32640803393544, 90.32761371238688)",17.401110477069697,0,16
4,9065.0,9921.0,"(46.31296194153337, 38.562051847766135, 95.21158301158302)",0.913718375163794,308.32081056,260.72952155385127,0.8465042498639037,16.686941583492562,13.935079258641458,9.475882082121698,0.6800020226828268,0.8350888740706467,0.5678621234879642,0.47421534133093063,0.3861473925767809,20241009_P013T_A001a,P013T_A001a,20241009,40x,0.324,0.324,0.324,16,0.2429546010641607,"(83.03140277747146, 78.32640803393544, 90.32761371238688)",17.607547637311356,1,16
5,11404.0,12570.0,"(49.613468958260256, 76.4267800771659, 135.43861802876185)",0.9072394590294351,387.875402496,316.69850810507273,0.8121437998906214,18.588254191298383,15.655267352701545,9.829068586305759,0.6278441859129036,0.8422128937762299,0.5287784686582878,0.4453440442552601,0.3319904871830346,20241009_P013T_A001a,P013T_A001a,20241009,40x,0.324,0.324,0.324,16,0.2677704432951899,"(83.03140277747146, 78.32640803393544, 90.32761371238688)",18.19994722169676,0,16
6,18765.0,20332.0,"(56.90578204103384, 117.52970956568079, 79.71398880895283)",0.9229293724178634,638.23938336,424.7682747959756,0.8439585516426756,23.60253615539208,15.217804155652358,12.817399220665612,0.8422633837027557,0.6447529221208628,0.5430517778377572,0.3501342206238235,0.4573926279274266,20241009_P013T_A001a,P013T_A001a,20241009,40x,0.324,0.324,0.324,16,0.32259986497017923,"(83.03140277747146, 78.32640803393544, 90.32761371238688)",15.646536478050637,1,16
7,11427.0,12645.0,"(64.65406493392841, 51.002975409118754, 128.38654064933928)",0.9036773428232503,388.657683648,316.2162539616524,0.8144756538070685,20.430756681592342,14.492579945498292,9.52263188415871,0.6570694741702386,0.7093511107474441,0.46609296134089784,0.3306235598387314,0.3062554570227131,20241009_P013T_A001a,P013T_A001a,20241009,40x,0.324,0.324,0.324,16,0.3808576310821685,"(83.03140277747146, 78.32640803393544, 90.32761371238688)",16.30585628293329,1,16
8,15069.0,16213.0,"(67.7885725661955, 105.45570376269161, 56.42942464662552)",0.9294393388021958,512.530203456,374.22791073410764,0.8276135487299248,22.617637878610875,14.708230482875859,11.163672769189539,0.7590085552566577,0.6502991409542899,0.49358261146036114,0.3209763482226479,0.3746334248243369,20241009_P013T_A001a,P013T_A001a,20241009,40x,0.324,0.324,0.324,16,0.40442535764056764,"(83.03140277747146, 78.32640803393544, 90.32761371238688)",14.909034467244824,1,16
9,18636.0,20302.0,"(75.29292766688131, 42.993238892466195, 81.00397080918653)",0.9179391192985913,633.851806464,431.25237124896944,0.8274551246771876,24.270495950632686,16.14681954421458,11.606876664459676,0.7188336150457835,0.6652859330546009,0.4782298922967459,0.3181596201112419,0.34376772230262553,20241009_P013T_A001a,P013T_A001a,20241009,40x,0.324,0.324,0.324,16,0.46084908020211507,"(83.03140277747146, 78.32640803393544, 90.32761371238688)",12.102374370618833,0,16
10,23135.0,24807.0,"(87.03267776096823, 72.51558245083207, 57.85135076723579)",0.9325996694481397,786.87280224,481.12389226602505,0.856702872871225,22.722590808400415,18.66307143926101,13.210364387171747,0.7078344221188294,0.821344343901197,0.5813757990258729,0.4775097242109398,0.41151780273735145,20241009_P013T_A001a,P013T_A001a,20241009,40x,0.324,0.324,0.324,16,0.5491178779020167,"(83.03140277747146, 78.32640803393544, 90.32761371238688)",10.767741879326367,0,16
11,22571.0,24209.0,"(93.50928182180674, 123.9355810553365, 95.48327499889238)",0.9323392126894956,767.689907904,477.87292842930333,0.8484552025951494,21.934113707726336,20.564726709645715,12.130321540759361,0.5898605759282828,0.9375681636227566,0.5530344969665417,0.5185075377409555,0.3262132468888924,20241009_P013T_A001a,P013T_A001a,20241009,40x,0.324,0.324,0.324,16,0.5978141490361409,"(83.03140277747146, 78.32640803393544, 90.32761371238688)",15.25404750828034,0,16
12,17837.0,20466.0,"(100.90256209003756, 42.683354824241746, 113.62134888153838)",0.8715430470047885,606.676039488,445.3207738241097,0.7782439109035963,25.465774846952854,17.040019783948892,10.418652289739173,0.6114225465602559,0.6691341569757042,0.4091237102485351,0.27375864895592583,0.2501474607783396,20241009_P013T_A001a,P013T_A001a,20241009,40x,0.324,0.324,0.324,16,0.6534027224814855,"(83.03140277747146, 78.32640803393544, 90.32761371238688)",14.961657937218646,0,16
13,21554.0,22886.0,"(121.88354829729981, 52.13686554699824, 75.69829266029507)",0.9417984794197326,733.099476096,442.9028697177457,0.8877368265062751,19.409280442193452,18.95691129320763,14.06813794520657,0.742111292689715,0.9766931520035937,0.7248150175945792,0.7079218641539899,0.5378934096680317,20241009_P013T_A001a,P013T_A001a,20241009,40x,0.324,0.324,0.324,16,0.8111544984759385,"(83.03140277747146, 78.32640803393544, 90.32761371238688)",15.903741839841672,0,16
14,18438.0,20026.0,"(121.20137758976028, 93.95845536392234, 68.61855949669162)",0.9207030859882154,627.117386112,423.5279683022468,0.8365680172553855,23.76272955604652,16.201800908098413,11.712718885720797,0.7229269728815292,0.6818156504237032,0.4929029242240587,0.33606892787557185,0.35633281893375246,20241009_P013T_A001a,P013T_A001a,20241009,40x,0.324,0.324,0.324,16,0.8060253954117315,"(83.03140277747146, 78.32640803393544, 90.32761371238688)",15.101983445262396,0,16
15,19767.0,21466.0,"(131.3773966712197, 71.90676379824961, 119.02726766833612)",0.9208515792415913,672.319631808,446.68066768706825,0.8308784526059689,23.06281156970921,18.447582684151538,11.2763026025373,0.6112618002913118,0.7998843778605322,0.48893876483592486,0.3910944797226808,0.29886958962581783,20241009_P013T_A001a,P013T_A001a,20241009,40x,0.324,0.324,0.324,16,0.88253681707684,"(83.03140277747146, 78.32640803393544, 90.32761371238688)",18.334555946407587,0,16
16,18107.0,19667.0,"(128.9655381896504, 108.40790854365714, 109.21163086099298)",0.9206793105201607,615.859339968,420.4771967604995,0.8325225985110257,22.856329329115702,17.190751317241524,11.206003366002896,0.6518623391848962,0.7521221395485828,0.4902800972388881,0.36875051571339973,0.31959513104194,20241009_P013T_A001a,P013T_A001a,20241009,40x,0.324,0.324,0.324,16,0.8644025427793265,"(83.03140277747146, 78.32640803393544, 90.32761371238688)",18.81279034025701,0,16
1,13127.0,18855.0,"(41.60524110611716, 73.33572027119676, 58.0271196770016)",0.696207902413153,446.478464448,502.51155497352914,0.5621752855527516,18.824112543750473,14.935415831799542,12.995300083541798,0.8700996497113276,0.7934193868150261,0.6903539305419305,0.5477401922559216,0.6006767131413719,20241009_P013T_A003a,P013T_A003a,20241009,40x,0.324,0.324,0.324,24,0.11775469054504534,"(102.6090026253409, 73.53821754362116, 66.23926569752787)",19.943612723935342,2,24
2,1683.0,2633.0,"(38.101604278074866, 61.416518122400475, 45.903743315508024)",0.6391948347892138,57.242572992,132.29274952053007,0.5429512610234359,9.455897525647458,8.264140723401717,6.109483432974884,0.7392763068124615,0.873966823454536,0.646102965520088,0.5646725564001469,0.47764861417026966,20241009_P013T_A003a,P013T_A003a,20241009,40x,0.324,0.324,0.324,24,0.09557977391186624,"(102.6090026253409, 73.53821754362116, 66.23926569752787)",22.26347677867456,2,24
3,25812.0,27732.0,"(53.50732217573222, 69.45990237099024, 92.19196497752984)",0.9307659022068369,877.923525888,511.04638927743747,0.8676174103102062,21.90210621875825,19.618132892015783,14.607017258313164,0.7445671480927702,0.8957190096728535,0.666922948524597,0.5973755629805515,0.49656891778058065,20241009_P013T_A003a,P013T_A003a,20241009,40x,0.324,0.324,0.324,24,0.19308431756792543,"(102.6090026253409, 73.53821754362116, 66.23926569752787)",18.04290307946992,0,24
4,17432.0,18911.0,"(50.627237264800364, 107.27191372189077, 66.47240706746214)",0.9217915498915975,592.901088768,406.07649708077145,0.8404871970103392,21.494171625091234,17.23423334032886,11.475208074919987,0.6658380357464174,0.8018096087132043,0.5338753349082035,0.42806637338437753,0.355474504328739,20241009_P013T_A003a,P013T_A003a,20241009,40x,0.324,0.324,0.324,24,0.17485593205569852,"(102.6090026253409, 73.53821754362116, 66.23926569752787)",20.077860794794436,0,24
5,16705.0,18510.0,"(60.70583657587549, 81.51900628554326, 26.65243938940437)",0.9024851431658563,568.17420192,413.91339745815424,0.801485459417136,25.796751671051698,14.711219958798223,10.942590335867985,0.7438261657778855,0.5702741239047818,0.4241848150264366,0.2419016237629131,0.315519764542316,20241009_P013T_A003a,P013T_A003a,20241009,40x,0.324,0.324,0.324,24,0.23864453529035118,"(102.6090026253409, 73.53821754362116, 66.23926569752787)",18.855255456194264,1,24
6,17143.0,18432.0,"(65.12459896167532, 31.203581636819692, 93.35816368196932)",0.9300672743055556,583.071556032,395.8384143915088,0.8526695552699267,20.80179638887183,17.163823095652354,11.615244699824135,0.6767282927057382,0.8251125419549991,0.5583770018072982,0.4607238673304309,0.3778695151192018,20241009_P013T_A003a,P013T_A003a,20241009,40x,0.324,0.324,0.324,24,0.2666113858333881,"(102.6090026253409, 73.53821754362116, 66.23926569752787)",20.318537136481694,0,24
7,15907.0,20028.0,"(67.54768340981957, 58.390834223926575, 41.99635380650028)",0.7942380667066108,541.032447168,446.7428221797952,0.7187459582624082,25.303691910911176,15.348152058738485,10.954392607862847,0.7137271357450458,0.6065578142816475,0.43291677145101565,0.26258905065719557,0.308984447303726,20241009_P013T_A003a,P013T_A003a,20241009,40x,0.324,0.324,0.324,24,0.28194736335328846,"(102.6090026253409, 73.53821754362116, 66.23926569752787)",14.657045605284367,0,24
8,14767.0,16171.0,"(72.4258820342656, 117.53064264915014, 91.69607909528001)",0.9131779110753818,502.25851180800004,370.42279270841743,0.8249063115140046,22.554555848500993,15.089871214706465,10.518402762848034,0.6970505323197779,0.6690387217582633,0.4663537971441411,0.31200874832842856,0.32507216254867327,20241009_P013T_A003a,P013T_A003a,20241009,40x,0.324,0.324,0.324,24,0.31282203819155435,"(102.6090026253409, 73.53821754362116, 66.23926569752787)",19.15276770070403,2,24
9,13287.0,14671.0,"(85.39241363738994, 102.40189659065251, 114.92202905095206)",0.9056642355667643,451.920420288,356.0026462104803,0.7999672519482033,21.75992319085186,16.335798217681152,9.100803460900138,0.5571079747452945,0.750728670979359,0.41823692947253727,0.31398245421740584,0.23300312874213583,20241009_P013T_A003a,P013T_A003a,20241009,40x,0.324,0.324,0.324,24,0.3948886939075312,"(102.6090026253409, 73.53821754362116, 66.23926569752787)",19.166823371656594,1,24
10,16858.0,18409.0,"(87.40912326491873, 23.669415114485705, 55.73519990508957)",0.9157477320875659,573.378072192,412.54656316373945,0.8090434964202659,22.76849567650429,18.397481660312156,10.0258170940116,0.5449559499026286,0.8080235919713064,0.4403372641064573,0.3558028978221173,0.23996441203865912,20241009_P013T_A003a,P013T_A003a,20241009,40x,0.324,0.324,0.324,24,0.4076526788918907,"(102.6090026253409, 73.53821754362116, 66.23926569752787)",17.230797605385618,0,24
11,13347.0,14668.0,"(100.21203266651682, 59.90731999700307, 119.94051097624934)",0.9099400054540496,453.961153728,364.44195831519863,0.7837933003144584,25.846354247222248,13.77367092773979,9.207782971610442,0.6685060954277791,0.5329057551403046,0.3562507455998371,0.1898480726031777,0.2381557949341821,20241009_P013T_A003a,P013T_A003a,20241009,40x,0.324,0.324,0.324,24,0.48868375105390394,"(102.6090026253409, 73.53821754362116, 66.23926569752787)",17.96775171613438,0,24
12,16616.0,17942.0,"(98.49981945113144, 125.4812831006259, 61.65087867116033)",0.9260951956303645,565.147113984,379.90992857866,0.8701173403389576,18.67214916035739,17.08626333005356,12.571614030717683,0.7357731639664643,0.9150667758336676,0.6732815768957289,0.6160976017981821,0.4953825160729008,20241009_P013T_A003a,P013T_A003a,20241009,40x,0.324,0.324,0.324,24,0.4778469585514648,"(102.6090026253409, 73.53821754362116, 66.23926569752787)",16.947463330570837,0,24
13,14715.0,15965.0,"(106.69745158002038, 61.20271831464492, 15.155147808358818)",0.9217037269025994,500.48987616,363.0862091184065,0.8395976909214391,20.700534182120734,16.12932040991453,10.790075016097244,0.6689726995233286,0.7791741154122289,0.5212462113860203,0.40614155566867816,0.3486994851472136,20241009_P013T_A003a,P013T_A003a,20241009,40x,0.324,0.324,0.324,24,0.5297307062026607,"(102.6090026253409, 73.53821754362116, 66.23926569752787)",17.078417893159518,0,24
14,14424.0,16932.0,"(110.47497226844149, 100.95951192457017, 19.499514697726013)",0.8518781006378455,490.592318976,387.41015142957207,0.776474070567748,21.943951049707596,14.897486699768233,11.50503593224106,0.7722803291658619,0.6788880756260501,0.5242919065112646,0.3559355234777454,0.4049003261395166,20241009_P013T_A003a,P013T_A003a,20241009,40x,0.324,0.324,0.324,24,0.553639064990136,"(102.6090026253409, 73.53821754362116, 66.23926569752787)",17.74149325622042,1,24
15,12139.0,13215.0,"(111.41914490485213, 22.910536287997363, 94.81711837877914)",0.9185773741959894,412.874387136,328.0136642866916,0.8174681047188416,20.124145744974218,16.08784370848729,9.073677153382052,0.5640082858708497,0.7994298944344036,0.4508850844338623,0.3604510154510097,0.25430292359627604,20241009_P013T_A003a,P013T_A003a,20241009,40x,0.324,0.324,0.324,24,0.5596148411699502,"(102.6090026253409, 73.53821754362116, 66.23926569752787)",19.051294720661925,0,24
16,12984.0,13909.0,"(125.83733826247689, 99.22766481823783, 116.06169131238447)",0.9334962973614207,441.614716416,321.25565997474666,0.8729627146825586,18.28042023797226,15.659926807307318,10.903302342298486,0.6962550001964715,0.856650263147582,0.5964470291361271,0.5109465044630568,0.415279226388359,20241009_P013T_A003a,P013T_A003a,20241009,40x,0.324,0.324,0.324,24,0.6508692295093474,"(102.6090026253409, 73.53821754362116, 66.23926569752787)",19.659559033508735,0,24
17,15803.0,17094.0,"(136.38056065304056, 36.467822565335695, 35.160665696386765)",0.9244764244764245,537.495175872,376.4615137126402,0.8492063913985664,22.640133946554997,13.733741402200451,12.344450590337894,0.8988410534918065,0.6066104306017247,0.5452463585011726,0.33075212831441864,0.4900898112877653,20241009_P013T_A003a,P013T_A003a,20241009,40x,0.324,0.324,0.324,24,0.7175984851458264,"(102.6090026253409, 73.53821754362116, 66.23926569752787)",19.11493377274332,1,24
18,15371.0,16473.0,"(138.50757920759872, 21.77782837811463, 62.43913863769436)",0.9331026528258363,522.801895104,367.3104781383273,0.8544282042922304,21.557087784466113,15.29981284300763,11.273341836795318,0.7368287411402877,0.7097346819746482,0.5229529122629825,0.37115781887268395,0.3853267360183807,20241009_P013T_A003a,P013T_A003a,20241009,40x,0.324,0.324,0.324,24,0.7310606278961944,"(102.6090026253409, 73.53821754362116, 66.23926569752787)",20.44613713324474,1,24
19,13829.0,15192.0,"(137.07860293585944, 85.75240436763323, 21.588618121339216)",0.9102817272248552,470.355045696,350.3040356816216,0.8349417708411473,22.599019739014768,13.655180870178313,10.95984529614976,0.8026144362602385,0.604237751366008,0.48496994217978273,0.29303714734281483,0.3892438767457868,20241009_P013T_A003a,P013T_A003a,20241009,40x,0.324,0.324,0.324,24,0.7220164742775913,"(102.6090026253409, 73.53821754362116, 66.23926569752787)",18.69965665786173,2,24
20,16080.0,17555.0,"(145.31616915422885, 116.91797263681592, 78.31517412935324)",0.9159783537453717,546.91656192,390.76772354249397,0.8276489269190042,23.844712808771177,14.96260886573995,10.945036272809807,0.731492507157009,0.6275021630890022,0.45901313052442055,0.28803173229032836,0.3357646656652958,20241009_P013T_A003a,P013T_A003a,20241009,40x,0.324,0.324,0.324,24,0.7741529693305624,"(102.6090026253409, 73.53821754362116, 66.23926569752787)",20.107672816421083,1,24
21,13224.0,14246.0,"(155.81344525105868, 74.52245916515426, 100.88369630973986)",0.9282605643689457,449.777650176,327.56863086164094,0.866656635369962,20.24251577620708,13.477377464621561,11.703878677643642,0.8684092070854738,0.6657955766774197,0.5781830088234539,0.38495168978469707,0.5020994482426689,20241009_P013T_A003a,P013T_A003a,20241009,40x,0.324,0.324,0.324,24,0.8405914256396119,"(102.6090026253409, 73.53821754362116, 66.23926569752787)",20.5731530392378,0,24
22,13159.0,14453.0,"(157.48955087772626, 100.97560604909188, 51.75157686754313)",0.9104684148619664,447.566855616,334.5137013679268,0.8458801340100154,20.366528903726774,14.401043396575298,11.098739834000455,0.7706899790774769,0.707093656687867,0.5449499954785888,0.38533068501499196,0.41998750061366485,20241009_P013T_A003a,P013T_A003a,20241009,40x,0.324,0.324,0.324,24,0.8511996890995333,"(102.6090026253409, 73.53821754362116, 66.23926569752787)",20.426338372319062,0,24
23,14296.0,15365.0,"(160.76440962506996, 66.33121152770006, 39.184876888640176)",0.9304262935242434,486.238754304,344.53375125860094,0.8679313958977958,20.92085741470042,13.268499341806713,12.403679022450332,0.9348215425815726,0.6342234966184206,0.5928857874503107,0.3760220972121019,0.5542424063989898,20241009_P013T_A003a,P013T_A003a,20241009,40x,0.324,0.324,0.324,24,0.8719266431966453,"(102.6090026253409, 73.53821754362116, 66.23926569752787)",20.91226683490207,0,24
24,14389.0,15600.0,"(166.9642782681215, 60.40280770032664, 72.36138717075544)",0.9223717948717949,489.401891136,355.59075405074003,0.8445864181477701,21.915632623427264,14.302121950191452,11.144321306838199,0.7792075431638322,0.6525990919788845,0.5085101351318144,0.331853252449082,0.3962349330699695,20241009_P013T_A003a,P013T_A003a,20241009,40x,0.324,0.324,0.324,24,0.9111663181526677,"(102.6090026253409, 73.53821754362116, 66.23926569752787)",21.373248514069623,2,24
1,22358.0,24372.0,"(32.50568029340728, 130.60551033187227, 114.50585920028625)",0.9173641884129329,760.445304192,475.2671676919611,0.8477314576826795,22.091338282661358,17.997337788239243,13.732144992685978,0.7630097936851278,0.8146784752449634,0.621607655316374,0.5064103768337402,0.4742927288360425,20241009_P013T_A002a,P013T_A002a,20241009,40x,0.324,0.324,0.324,17,0.1300378686227152,"(89.39222633030829, 100.02063329124312, 131.58214708563088)",21.645318098599432,0,17
2,21903.0,24430.0,"(34.24151942656257, 93.87243756563028, 155.41930329178652)",0.8965616045845273,744.969742272,478.4703617030176,0.8305928200730555,23.419943697284147,15.655619466032832,14.772847867628276,0.9436131160239389,0.668473830184669,0.6307806738810129,0.42166037307570725,0.5952129172085426,20241009_P013T_A002a,P013T_A002a,20241009,40x,0.324,0.324,0.324,17,0.14161012951041715,"(89.39222633030829, 100.02063329124312, 131.58214708563088)",19.56812692109619,1,17
3,21788.0,23948.0,"(40.065265283642375, 68.47425188176979, 141.54447402239765)",0.9098045765825956,741.058336512,481.07003528151756,0.823210212285555,21.659953754262666,19.392710929519914,12.883049335061518,0.6643243114324321,0.8953255925444181,0.5947865577749049,0.5325276272772714,0.3951311704430801,20241009_P013T_A002a,P013T_A002a,20241009,40x,0.324,0.324,0.324,17,0.18043510189094913,"(89.39222633030829, 100.02063329124312, 131.58214708563088)",19.243448672831004,1,17
4,18471.0,20452.0,"(57.688647068377456, 111.57538844675437, 83.59606951437388)",0.9031390573049091,628.239789504,441.771826237506,0.8029769306157183,25.481781640920104,15.46168401244297,11.641574241772686,0.7529305496350847,0.6067740564738893,0.4568587238451953,0.2772100211030335,0.3439828900503462,20241009_P013T_A002a,P013T_A002a,20241009,40x,0.324,0.324,0.324,17,0.29792431378918305,"(89.39222633030829, 100.02063329124312, 131.58214708563088)",19.006661154339934,0,17
5,20267.0,22226.0,"(64.13716879656585, 118.6923076923077, 177.40065130507722)",0.9118599838027536,689.325743808,468.770134714958,0.8050209602279723,25.180408490462508,17.678456620432993,11.045128692491017,0.6247790137813791,0.702071875725487,0.43863977411941274,0.30795664898382,0.27405292547961363,20241009_P013T_A002a,P013T_A002a,20241009,40x,0.324,0.324,0.324,17,0.3409144586437723,"(89.39222633030829, 100.02063329124312, 131.58214708563088)",17.998148045838033,0,17
6,13504.0,15400.0,"(60.611744668246445, 151.7384478672986, 143.42380035545023)",0.8768831168831169,459.301072896,362.6781689410174,0.79376939497297,21.111216574746933,14.957575644888308,11.275113371724274,0.7538062075973855,0.7085132015925809,0.5340816495251852,0.3784038994169357,0.4025940627759359,20241009_P013T_A002a,P013T_A002a,20241009,40x,0.324,0.324,0.324,17,0.31741163112164295,"(89.39222633030829, 100.02063329124312, 131.58214708563088)",19.55648868504347,1,17
7,23119.0,25259.0,"(72.18547515030927, 56.39357238634889, 102.39288031489251)",0.9152777227918761,786.328606656,516.9983916846869,0.7968886651042949,25.831351873722742,19.807764969797944,10.974032982084593,0.5540268172010997,0.7668110080582982,0.42483386218930574,0.32576728212268163,0.23536935250799168,20241009_P013T_A002a,P013T_A002a,20241009,40x,0.324,0.324,0.324,17,0.39456983433539516,"(89.39222633030829, 100.02063329124312, 131.58214708563088)",17.8976087445683,0,17
8,21799.0,23558.0,"(81.07784760768843, 69.19968805908528, 170.6778751318868)",0.9253332201375329,741.432470976,481.9259051359043,0.8220248011901363,23.710049130852546,19.527688491342722,11.431872384194847,0.5854186167125197,0.8236038813573121,0.48215304494325983,0.39710311922351543,0.28226136861441253,20241009_P013T_A002a,P013T_A002a,20241009,40x,0.324,0.324,0.324,17,0.45385231738458953,"(89.39222633030829, 100.02063329124312, 131.58214708563088)",16.353289812731585,0,17
9,19939.0,23132.0,"(86.7167861979036, 158.368022468529, 146.64501730277345)",0.8619661075566315,678.169734336,478.3186944002498,0.7804151748777743,21.13697480944183,20.17570456576113,11.745225296939628,0.5821469708112044,0.9545218626436881,0.5556720109110915,0.5304010828738188,0.32348277791646246,20241009_P013T_A002a,P013T_A002a,20241009,40x,0.324,0.324,0.324,17,0.49144524131935735,"(89.39222633030829, 100.02063329124312, 131.58214708563088)",19.543581872889728,1,17
10,18238.0,19957.0,"(103.36243009101875, 79.00010966114705, 82.67266147603904)",0.9138648093400812,620.314941312,439.8077652532069,0.7997656112009209,28.084326450907838,13.97645260790269,11.427670737220922,0.8176374261634448,0.49766023879311855,0.4069056367506908,0.2025007563516147,0.33270127752423245,20241009_P013T_A002a,P013T_A002a,20241009,40x,0.324,0.324,0.324,17,0.6024162006067917,"(89.39222633030829, 100.02063329124312, 131.58214708563088)",17.83226886527431,0,17
11,16474.0,17921.0,"(98.37981061065922, 114.47681194609687, 74.62170693213548)",0.9192567379052509,560.317378176,403.5052484722433,0.8145623474780622,22.32130210331546,17.735434204811238,10.20451937947824,0.5753746574025222,0.7945519541253345,0.4571650583933689,0.3632413905042739,0.2630411888494887,20241009_P013T_A002a,P013T_A002a,20241009,40x,0.324,0.324,0.324,17,0.5691987374043948,"(89.39222633030829, 100.02063329124312, 131.58214708563088)",19.26165561638632,0,17
12,22506.0,24490.0,"(117.7305607393584, 50.82338043188483, 133.7586421398738)",0.9189873417721519,765.479113344,490.6553211019552,0.824764275888797,24.08620526148732,18.54148040665422,12.281632801722926,0.662386850044361,0.7697966618386813,0.5099031860099883,0.3925217704513971,0.33775316520874005,20241009_P013T_A002a,P013T_A002a,20241009,40x,0.324,0.324,0.324,17,0.6982037382623894,"(89.39222633030829, 100.02063329124312, 131.58214708563088)",18.40869809959227,0,17
13,19768.0,21419.0,"(126.29036827195468, 113.89457709429381, 176.96742209631728)",0.9229189037770203,672.353644032,451.06818466650395,0.8228242903327053,22.47609135225681,19.408183244179384,10.969512681290107,0.5652003870367373,0.8635034864382958,0.4880525047424968,0.4214350394100888,0.2758474645747082,20241009_P013T_A002a,P013T_A002a,20241009,40x,0.324,0.324,0.324,17,0.7552691218130312,"(89.39222633030829, 100.02063329124312, 131.58214708563088)",19.477176886241367,0,17
14,18871.0,20453.0,"(137.49297864448096, 141.5454400932648, 135.16861851518203)",0.9226519337016574,641.844679104,427.70146033039566,0.8413241489879558,22.978822357559448,15.62984161225556,12.84783762093043,0.8220068980645507,0.6801846225645998,0.5591164517055339,0.38030241267298687,0.4595975801233242,20241009_P013T_A002a,P013T_A002a,20241009,40x,0.324,0.324,0.324,17,0.8299531909632064,"(89.39222633030829, 100.02063329124312, 131.58214708563088)",20.621409413123953,0,17
15,18699.0,20242.0,"(143.60612866998235, 78.39344349965239, 155.66377881170115)",0.9237723545104238,635.994576576,422.1883237979745,0.8471237305721452,21.905860799456153,16.886281327638816,12.194249948972528,0.7221394522791379,0.7708567803944981,0.5566660931797426,0.42910983234331995,0.40199054763118686,20241009_P013T_A002a,P013T_A002a,20241009,40x,0.324,0.324,0.324,17,0.870707524466549,"(89.39222633030829, 100.02063329124312, 131.58214708563088)",20.457739549002028,0,17
16,15038.0,16530.0,"(149.33036308019683, 79.19577071419072, 117.64476659130203)",0.9097398669086509,511.47582451200003,370.86476639373285,0.8339729342606989,21.188151296506287,15.008082448376141,11.66456209266044,0.7772186841845696,0.7083243006128063,0.5505228808982409,0.38994873458359375,0.42787666910522937,20241009_P013T_A002a,P013T_A002a,20241009,40x,0.324,0.324,0.324,17,0.9088690872013122,"(89.39222633030829, 100.02063329124312, 131.58214708563088)",21.048795874695983,0,17
17,17501.0,19316.0,"(151.1154219758871, 115.85846523055825, 105.21393063253528)",0.9060364464692483,595.247932224,404.1023066089286,0.8468205567015159,19.59658417192659,17.837723420284068,12.241395685535633,0.686264463076908,0.9102465645945477,0.6246698699190774,0.5686036030995631,0.4286887328803375,20241009_P013T_A002a,P013T_A002a,20241009,40x,0.324,0.324,0.324,17,0.9207694798392474,"(89.39222633030829, 100.02063329124312, 131.58214708563088)",22.34395860793682,0,17
1,22883.0,25488.0,"(31.3431805270288, 141.04627889699776, 98.62434995411441)",0.8977950408035154,778.301721792,497.7972331504945,0.8219845227663805,20.838622282760433,18.798145740004937,14.317204917292585,0.7616285731216395,0.9020819843525087,0.6870514145811383,0.6197767034175513,0.5232779885486364,20241009_P013T_A005,P013T_A005,20241009,40x,0.324,0.324,0.324,21,0.11842884439875942,"(88.8085580660232, 133.95219729426148, 129.81231548394152)",21.308474781624035,0,21
2,19607.0,21994.0,"(40.12740347834957, 129.4968123629316, 146.41515785178763)",0.8914704010184595,666.8776759680001,470.4678566836998,0.7846059921209367,23.53980749693482,17.68233951486369,11.986680523497167,0.6778899654890814,0.7511675495717691,0.5092089442557245,0.3825012348766001,0.3451876336482447,20241009_P013T_A005,P013T_A005,20241009,40x,0.324,0.324,0.324,21,0.18208263390108384,"(88.8085580660232, 133.95219729426148, 129.81231548394152)",16.72718726304937,1,21
3,22598.0,24423.0,"(38.62474555270378, 171.16200548721125, 135.89224710151342)",0.9252753551979691,768.608237952,477.9488468642853,0.8489968188616499,24.30456201976665,16.886532699682153,13.373817626928423,0.7919812708016816,0.6947886033061822,0.5502595609849557,0.3823140718326103,0.4357952663796406,20241009_P013T_A005,P013T_A005,20241009,40x,0.324,0.324,0.324,21,0.17119380835292594,"(88.8085580660232, 133.95219729426148, 129.81231548394152)",20.337163927472176,0,21
4,20181.0,21946.0,"(41.59020861206085, 96.92012288786482, 124.0695703879887)",0.9195753212430511,686.400692544,461.6594440959102,0.8151062231435849,24.30206670238621,18.381873969871453,10.986458781249897,0.5976789308455218,0.7563913882298144,0.4520791962179555,0.341948810817118,0.2701982106530505,20241009_P013T_A005,P013T_A005,20241009,40x,0.324,0.324,0.324,21,0.19268267110189022,"(88.8085580660232, 133.95219729426148, 129.81231548394152)",19.53138589043984,0,21
5,14034.0,15160.0,"(54.93921903947556, 100.28024796921761, 152.91050306398745)",0.9257255936675461,477.327551616,341.19321160708495,0.8656880273762905,17.974932444384404,15.916619959375632,11.996986024170775,0.7537395536735166,0.8854898347252584,0.6674287128082523,0.5910013405954714,0.5030674201009818,20241009_P013T_A005,P013T_A005,20241009,40x,0.324,0.324,0.324,21,0.2894146307208374,"(88.8085580660232, 133.95219729426148, 129.81231548394152)",17.18867657854088,2,21
6,21478.0,23090.0,"(65.07910419964615, 140.5403668870472, 183.50563367166401)",0.9301862278042443,730.514547072,472.90553918621265,0.8294603601447178,26.561139505772896,15.80292912088736,12.384865110830667,0.783706932815455,0.5949642754390373,0.46627762743909745,0.2774185307627359,0.36542500924076243,20241009_P013T_A005,P013T_A005,20241009,40x,0.324,0.324,0.324,21,0.36289205941772573,"(88.8085580660232, 133.95219729426148, 129.81231548394152)",19.13922431825975,0,21
7,18500.0,20133.0,"(62.32389189189189, 168.82572972972972, 165.6021081081081)",0.9188893855858541,629.226144,426.1763855554524,0.8332319517674817,24.46329792182535,14.83208796267672,12.66497116012688,0.8538899709870151,0.6062996089110299,0.5177131554624779,0.3138892836849955,0.4420700712974513,20241009_P013T_A005,P013T_A005,20241009,40x,0.324,0.324,0.324,21,0.3429267528397963,"(88.8085580660232, 133.95219729426148, 129.81231548394152)",18.323940416015198,1,21
8,21396.0,23006.0,"(78.20083193120209, 86.54491493737147, 132.59866330155168)",0.9300182561071025,727.725544704,460.8361618112987,0.8490162192003462,23.785860232973288,16.74293670447885,13.180044225339957,0.7872002658777421,0.7039029297443217,0.5541125734468516,0.3900414638574044,0.4361975651435614,20241009_P013T_A005,P013T_A005,20241009,40x,0.324,0.324,0.324,21,0.45797704297972536,"(88.8085580660232, 133.95219729426148, 129.81231548394152)",15.765648263470963,3,21
9,19154.0,20695.0,"(87.83543907277853, 178.24443980369637, 88.29121854442936)",0.9255375694612226,651.470138496,457.2307338241849,0.7948375673074703,27.264262515355696,16.790377434284707,10.192528084029938,0.6070457989358566,0.6158383130601124,0.37384206076688603,0.23022626405359511,0.2269392524540614,20241009_P013T_A005,P013T_A005,20241009,40x,0.324,0.324,0.324,21,0.5277930367592647,"(88.8085580660232, 133.95219729426148, 129.81231548394152)",19.672833903049945,0,21
10,20444.0,21861.0,"(90.68523772255918, 188.577822343964, 120.88832909411074)",0.935181373221719,695.345907456,446.1264612657951,0.8507985536719153,24.871833547656397,15.006225698104682,13.273533103530658,0.8845350836757795,0.6033421568760329,0.533677305217467,0.32199001640569547,0.47205629982639674,20241009_P013T_A005,P013T_A005,20241009,40x,0.324,0.324,0.324,21,0.5484437516127477,"(88.8085580660232, 133.95219729426148, 129.81231548394152)",17.94362890238514,1,21
11,22403.0,24076.0,"(91.87488282819265, 98.28393518725171, 80.65723340624024)",0.9305117129091212,761.975854272,481.93404686485417,0.8371256621503486,25.52743763699289,16.840428867764196,12.727231224193229,0.7557545787064596,0.6596991483140485,0.4985706519070939,0.3289066344374898,0.37679705298745064,20241009_P013T_A005,P013T_A005,20241009,40x,0.324,0.324,0.324,21,0.5570643683202366,"(88.8085580660232, 133.95219729426148, 129.81231548394152)",19.702422053308926,0,21
12,18393.0,19631.0,"(92.24879030065786, 108.53623661175448, 186.29136084379928)",0.936936478019459,625.5868360320001,410.75551650504286,0.8611770628332135,21.401348122762496,17.267522041191185,12.066379552548314,0.6987904531851361,0.8068427251470869,0.5638139935546631,0.45490921903570647,0.3939878360681844,20241009_P013T_A005,P013T_A005,20241009,40x,0.324,0.324,0.324,21,0.5597738427583903,"(88.8085580660232, 133.95219729426148, 129.81231548394152)",20.09763621843928,0,21
13,17349.0,18618.0,"(110.68395872960977, 79.67986627471323, 119.56372125194535)",0.9318401546890106,590.078074176,401.0137047259184,0.8483945980860902,20.236750933800515,18.627193602401768,11.085042663731958,0.5950999866293689,0.9204636487021057,0.5477679050354433,0.5042004445108326,0.3259766729625897,20241009_P013T_A005,P013T_A005,20241009,40x,0.324,0.324,0.324,21,0.693362019779781,"(88.8085580660232, 133.95219729426148, 129.81231548394152)",19.247489231508702,0,21
14,19066.0,20676.0,"(119.79177593622154, 182.43480541277668, 141.11874541067868)",0.9221319404140066,648.477062784,447.7713877036938,0.8091409822715062,27.04102237860395,15.322322106814413,11.476642061965665,0.7490145411354829,0.5666324997733114,0.42441598181015855,0.24048788871683438,0.3178937418661014,20241009_P013T_A005,P013T_A005,20241009,40x,0.324,0.324,0.324,21,0.7593606951900111,"(88.8085580660232, 133.95219729426148, 129.81231548394152)",18.99855561112914,1,21
15,17026.0,18181.0,"(114.76154117232468, 160.13497004581228, 174.5798191001997)",0.9364721412463561,579.092125824,387.8249937790384,0.8663235162011796,20.813394493829,16.533798933200814,11.89397661781832,0.719373488565567,0.7943826240406363,0.5714577995119818,0.45395614630481596,0.4110915908029368,20241009_P013T_A005,P013T_A005,20241009,40x,0.324,0.324,0.324,21,0.722909718640034,"(88.8085580660232, 133.95219729426148, 129.81231548394152)",18.78983326783422,0,21
16,18632.0,20275.0,"(123.13755903821382, 155.44305495920997, 74.82980893087162)",0.918964241676942,633.715757568,434.72646334095367,0.820725103177603,22.029797796443237,19.014981157549844,11.055066827588892,0.581387209168993,0.8631482382747906,0.5018233453497135,0.4331479364637671,0.2917536742487177,20241009_P013T_A005,P013T_A005,20241009,40x,0.324,0.324,0.324,21,0.7836055002769118,"(88.8085580660232, 133.95219729426148, 129.81231548394152)",22.12569714942278,1,21
17,16690.0,17781.0,"(125.0848412222888, 121.87411623726783, 70.85997603355302)",0.9386423710702435,567.66401856,393.3437480479158,0.8428936543432738,23.016461004116646,16.190393898123144,10.801875706983154,0.6671780671275299,0.7034267299054962,0.46931088602418797,0.3301258218650455,0.3131139298195262,20241009_P013T_A005,P013T_A005,20241009,40x,0.324,0.324,0.324,21,0.7977162407412232,"(88.8085580660232, 133.95219729426148, 129.81231548394152)",22.765991101293693,1,21
18,23688.0,25809.0,"(124.66506247889227, 95.37673083417764, 164.82037318473488)",0.9178193653376729,805.681562112,497.21463316551745,0.8421365295524258,23.58356185020707,19.08479363716364,12.863338321758667,0.6740098198761767,0.8092413588067092,0.5454366224856626,0.44138987352323966,0.36762963967543155,20241009_P013T_A005,P013T_A005,20241009,40x,0.324,0.324,0.324,21,0.7946743657890744,"(88.8085580660232, 133.95219729426148, 129.81231548394152)",20.489816421482203,0,21
19,11724.0,13310.0,"(134.45692596383486, 110.2151142954623, 107.28556806550665)",0.8808414725770097,398.75931417600003,322.0055989627534,0.8136318262523495,17.54782961490903,15.765496467789001,10.869423293114089,0.6894437682518759,0.898429994692579,0.6194169610513646,0.5565027770298708,0.42705316374637825,20241009_P013T_A005,P013T_A005,20241009,40x,0.324,0.324,0.324,21,0.8656298982886584,"(88.8085580660232, 133.95219729426148, 129.81231548394152)",18.197949541983373,1,21
20,16987.0,18315.0,"(137.4931418143286, 145.27715311708954, 103.45193383175369)",0.9274911274911275,577.765649088,383.2328865895814,0.8753649750643949,19.3072988147005,15.089880858742648,14.179056457177058,0.9396400534840615,0.7815635425527923,0.7343884089254983,0.573971206489521,0.69006076384083,20241009_P013T_A005,P013T_A005,20241009,40x,0.324,0.324,0.324,21,0.8876314624226711,"(88.8085580660232, 133.95219729426148, 129.81231548394152)",18.30904775473963,1,21
21,20171.0,21499.0,"(140.26414158941054, 144.13514451440187, 144.6185613008775)",0.9382296851016326,686.0605703040001,437.2053407241906,0.8604130181264146,23.125132746141006,16.565816065464645,12.704319259135398,0.7668996932557129,0.7163555014934587,0.549372814357376,0.3935462379358508,0.4213138428136993,20241009_P013T_A005,P013T_A005,20241009,40x,0.324,0.324,0.324,21,0.9077111709377575,"(88.8085580660232, 133.95219729426148, 129.81231548394152)",17.65902370632473,0,21
1,41544.0,46381.0,"(83.87266512613132, 113.45209897939534, 128.73185056807242)",0.895711606045579,730.1773440000001,541.4664121851797,0.72421053502144,36.82976311114219,21.48924051849297,12.783246756425077,0.5948673125708753,0.5834748503172366,0.34709011616090824,0.2025183535735782,0.20647256462055247,20241023_P021N_A004,P021N_A004,20241023,25x,0.26,0.26,0.26,21,0.17150076802851782,"(156.48046168625677, 116.56353413200723, 119.41831204792044)",19.04988462237836,1,21
2,45226.0,53211.0,"(82.83816831026401, 151.29067350639014, 111.44458939548048)",0.8499370430925937,794.8921760000001,603.6952748100905,0.6873930910700788,31.985909709335385,23.460410409972816,15.232240808365551,0.6492742685307183,0.7334607839252943,0.4762172139790628,0.349286651083803,0.3091955832679926,20241023_P021N_A004,P021N_A004,20241023,25x,0.26,0.26,0.26,21,0.1666891549314605,"(156.48046168625677, 116.56353413200723, 119.41831204792044)",21.270386646606465,0,21
3,36828.0,43481.0,"(84.13321385902032, 131.0841750841751, 71.03907353100901)",0.8469906395897059,647.288928,511.3278270062359,0.7077015529595324,30.326534062402462,22.941811650398062,13.161618650058886,0.573695698082785,0.7564930302681815,0.43399679709446576,0.3283155521606775,0.24898209547480232,20241023_P021N_A004,P021N_A004,20241023,25x,0.26,0.26,0.26,21,0.17271262260009446,"(156.48046168625677, 116.56353413200723, 119.41831204792044)",22.941260263743054,0,21
4,39906.0,47176.0,"(110.20964266025159, 98.94013431564176, 158.34638901418333)",0.8458962184161438,701.387856,551.1374570781586,0.6926752835483716,33.04604991806773,20.895640558753403,14.46234973786838,0.6921228232847808,0.6323188583979241,0.4376423134905808,0.27672948805299047,0.3029022336019839,20241023_P021N_A004,P021N_A004,20241023,25x,0.26,0.26,0.26,21,0.2939983379546586,"(156.48046168625677, 116.56353413200723, 119.41831204792044)",16.375806634557186,0,21
5,48866.0,54509.0,"(118.11206155609217, 60.61009699995907, 128.2457741579012)",0.8964758113339082,858.868816,590.2494386796291,0.7402863895589703,39.47760688844744,20.6918785515229,14.703187740610126,0.7105777130867601,0.5241421702686362,0.37244374468181873,0.19521347264050629,0.26465022434947594,20241023_P021N_A004,P021N_A004,20241023,25x,0.26,0.26,0.26,21,0.33075377467949846,"(156.48046168625677, 116.56353413200723, 119.41831204792044)",17.788342957378973,0,21
6,32174.0,35986.0,"(132.31674644122583, 166.3942935289364, 143.64402934046123)",0.894069916078475,565.490224,447.6744755958972,0.738706394649788,32.951822593490625,20.051790407301777,11.875501945301838,0.5922414759021929,0.6085184013846582,0.360389836149693,0.2193038469690901,0.21343780846144364,20241023_P021N_A004,P021N_A004,20241023,25x,0.26,0.26,0.26,21,0.3968220764708178,"(156.48046168625677, 116.56353413200723, 119.41831204792044)",15.716295887143541,1,21
7,22221.0,26507.0,"(129.27136492507088, 155.6074434093875, 75.54655506052833)",0.8383068623382502,390.55629600000003,358.70301233085576,0.7203411024236196,26.76041053464929,15.737798978495926,13.371762750088775,0.8496590132050807,0.5881000576623695,0.4996845146592599,0.29386449188410385,0.42456145163924647,20241023_P021N_A004,P021N_A004,20241023,25x,0.26,0.26,0.26,21,0.38265751127939945,"(156.48046168625677, 116.56353413200723, 119.41831204792044)",16.828835886481663,0,21
8,30120.0,34437.0,"(140.85136122177954, 174.73237051792827, 124.358598937583)",0.8746406481400819,529.38912,430.7232744685982,0.734743566919449,35.20354570752297,16.743092197240887,12.603446173148917,0.7527549884259643,0.4756081201690687,0.35801638499316196,0.17027549985632331,0.2694986197418332,20241023_P021N_A004,P021N_A004,20241023,25x,0.26,0.26,0.26,21,0.4365179591710677,"(156.48046168625677, 116.56353413200723, 119.41831204792044)",15.712883853208206,1,21
9,30875.0,34886.0,"(145.79815384615384, 113.78911740890688, 56.89502834008097)",0.8850255116665711,542.659,461.8729586209631,0.6965937844364867,40.01747122314903,16.66161741301423,11.508641537260134,0.6907277518130289,0.41635857798470616,0.2875904245194458,0.1197407401949344,0.19864668737127136,20241023_P021N_A004,P021N_A004,20241023,25x,0.26,0.26,0.26,21,0.4595262969588551,"(156.48046168625677, 116.56353413200723, 119.41831204792044)",16.507379513173092,0,21
10,50063.0,56885.0,"(147.10584663324212, 66.06334019135889, 83.47647963565908)",0.8800738331721895,879.9072880000001,640.7714330279899,0.6930090817459302,40.55354833660038,23.97171374407739,12.68301909391118,0.5290827026100597,0.5911126085714784,0.3127474564898802,0.18486896482982806,0.16546926951408789,20241023_P021N_A004,P021N_A004,20241023,25x,0.26,0.26,0.26,21,0.4656085889918238,"(156.48046168625677, 116.56353413200723, 119.41831204792044)",16.299259428907796,0,21
11,34509.0,39002.0,"(151.42759859746732, 133.4063867396911, 176.21779825552755)",0.8848007794472078,606.5301840000001,490.15181683025355,0.7069496004126316,36.29416707284067,18.3440968939638,12.717729021405525,0.6932872790041981,0.5054282374671409,0.3504069674854818,0.1771055759723928,0.2429326930321222,20241023_P021N_A004,P021N_A004,20241023,25x,0.26,0.26,0.26,21,0.4857097609184527,"(156.48046168625677, 116.56353413200723, 119.41831204792044)",15.459388235428667,0,21
12,34959.0,40845.0,"(180.56363168282846, 84.6867473325896, 177.13864813066735)",0.855894234300404,614.439384,498.3633209869065,0.7013326915312489,34.18088483289219,19.166723494757473,13.200617473723975,0.6887258261608792,0.5607439242273031,0.3861988224781428,0.21655864324835739,0.2659851030736176,20241023_P021N_A004,P021N_A004,20241023,25x,0.26,0.26,0.26,21,0.6212261938736208,"(156.48046168625677, 116.56353413200723, 119.41831204792044)",18.25149223598256,1,21
13,24509.0,28101.0,"(172.75184626055736, 166.04749275776246, 77.5082622710025)",0.8721753674246469,430.77018400000003,385.0520621417772,0.7163552169580175,26.98187249661787,22.60529707327965,9.95081933610538,0.44019856513487887,0.8377957117732724,0.36879647019874906,0.30897610124963143,0.16234367700829747,20241023_P021N_A004,P021N_A004,20241023,25x,0.26,0.26,0.26,21,0.5848923081886388,"(156.48046168625677, 116.56353413200723, 119.41831204792044)",17.382847106650082,0,21
14,31521.0,36602.0,"(195.7265315186701, 57.51927286570857, 154.51191269312523)",0.8611824490465002,554.013096,468.6545338203546,0.696056759973777,29.129192265335156,25.06042281370777,10.725272414452547,0.4279765147691739,0.8603198669374236,0.36819669823855805,0.31676693443539494,0.15757953966165533,20241023_P021N_A004,P021N_A004,20241023,25x,0.26,0.26,0.26,21,0.6917513093891633,"(156.48046168625677, 116.56353413200723, 119.41831204792044)",20.56802072199621,1,21
15,23138.0,25953.0,"(210.32414210389834, 160.9776990232518, 131.11565390267094)",0.8915346973374947,406.673488,352.9033995968596,0.7521864797456821,30.39695871437304,16.023186150802456,11.7708110463058,0.7346111401018897,0.5271312272180039,0.38723647180992604,0.20412443660873625,0.284468226045323,20241023_P021N_A004,P021N_A004,20241023,25x,0.26,0.26,0.26,21,0.7596471725762713,"(156.48046168625677, 116.56353413200723, 119.41831204792044)",18.40055796102547,1,21
16,27767.0,32448.0,"(209.85363921201426, 73.08290416681672, 93.5607735801491)",0.8557384122287969,488.03279200000003,411.0969731545511,0.7291874433400259,26.217142845275625,21.527933669209666,12.15799118238424,0.5647542104690341,0.8211395801693562,0.46374203528341884,0.3807969401595094,0.2619002669977902,20241023_P021N_A004,P021N_A004,20241023,25x,0.26,0.26,0.26,21,0.7574587870326245,"(156.48046168625677, 116.56353413200723, 119.41831204792044)",19.119943840182195,0,21
17,27098.0,30769.0,"(209.9267104583364, 119.19248653037124, 76.98055207026349)",0.8806916051870389,476.27444800000006,386.94564974154866,0.7622059668494459,26.387999000528094,20.15916514823665,12.57750626813349,0.6239100764167143,0.7639520203041242,0.4766373633666494,0.36412807669638286,0.2973788538011474,20241023_P021N_A004,P021N_A004,20241023,25x,0.26,0.26,0.26,21,0.757798653294588,"(156.48046168625677, 116.56353413200723, 119.41831204792044)",17.7570223472805,0,21
18,27513.0,31314.0,"(210.70392178243011, 149.35165194635263, 163.41663940682585)",0.8786165932170914,483.56848800000006,394.81288038453164,0.7546254940815189,26.257223919986792,20.1004923697537,12.790222181151796,0.6363138745993077,0.7655223732335756,0.48711250740471385,0.3728955227002142,0.30995644695247737,20241023_P021N_A004,P021N_A004,20241023,25x,0.26,0.26,0.26,21,0.7614135896857215,"(156.48046168625677, 116.56353413200723, 119.41831204792044)",20.057272105082756,1,21
19,26040.0,29576.0,"(211.07933947772656, 157.2706989247312, 96.80130568356375)",0.8804436029212875,457.67904000000004,374.3779598889302,0.7671516091667667,25.035188371490783,19.508404852719043,13.234995624302387,0.6784253107428063,0.7792393875068481,0.5286557236123675,0.41194936226969076,0.35865342356768354,20241023_P021N_A004,P021N_A004,20241023,25x,0.26,0.26,0.26,21,0.7631597185010538,"(156.48046168625677, 116.56353413200723, 119.41831204792044)",18.65785742292557,0,21
20,35261.0,40073.0,"(235.8518476503786, 92.45571594679674, 143.7345225603358)",0.8799191475557109,619.747336,460.3412860390679,0.7636258887194439,26.469343693484607,20.366360337706066,16.277264982391387,0.7992230674744485,0.7694320106138188,0.6149478117358087,0.47316053120645135,0.49148047643219256,20241023_P021N_A004,P021N_A004,20241023,25x,0.26,0.26,0.26,21,0.8783806867459469,"(156.48046168625677, 116.56353413200723, 119.41831204792044)",22.475014049410028,0,21
21,37702.0,42890.0,"(241.16633069863667, 117.3658426608668, 109.03018407511537)",0.8790394031242714,662.650352,475.2097130868368,0.7734907141251565,23.02161586842242,22.11563758740195,18.223365528283818,0.8240036244157237,0.9606466250588798,0.7915763008312497,0.7604251018701327,0.6522617408865411,20241023_P021N_A004,P021N_A004,20241023,25x,0.26,0.26,0.26,21,0.9030992125517985,"(156.48046168625677, 116.56353413200723, 119.41831204792044)",22.184344116976934,0,21
1,32059.0,35882.0,"(90.2775507657756, 115.41960135999251, 88.9217692379675)",0.8934563290786467,563.4689840000001,420.11533396677703,0.7852879525020825,22.392305778171465,21.7689077203824,16.48842676901011,0.7574301375521871,0.9721601668017249,0.7363434088633878,0.7158437311839818,0.5577286894610421,20241023_P021N_A003a,P021N_A003a,20241023,25x,0.26,0.26,0.26,12,0.1465628339853658,"(146.46735619097262, 95.15973141473653, 97.74970679213449)",15.698680819346544,0,12
2,29460.0,32526.0,"(93.57589952477936, 79.60145960624575, 93.83431771894094)",0.9057369489024165,517.7889600000001,393.88512787543755,0.7916801067914316,25.521037345953374,20.458808186138906,13.781905896710853,0.6736416789932204,0.801644851218513,0.5400213835311094,0.4329053616556118,0.36378091149413827,20241023_P021N_A003a,P021N_A003a,20241023,25x,0.26,0.26,0.26,12,0.16826249687354844,"(146.46735619097262, 95.15973141473653, 97.74970679213449)",14.37049020150815,0,12
3,24444.0,29632.0,"(118.84564719358534, 46.96162657502864, 99.34192439862542)",0.8249190064794817,429.627744,400.7626563264796,0.687055399861727,26.1384867821997,20.62303813609185,11.80897514981587,0.572610838029208,0.7889912797146365,0.45178495787513523,0.35645439206972607,0.2586969633378716,20241023_P021N_A003a,P021N_A003a,20241023,25x,0.26,0.26,0.26,12,0.3345108367999035,"(146.46735619097262, 95.15973141473653, 97.74970679213449)",14.449431344824589,0,12
4,13048.0,18139.0,"(119.91316676885346, 115.86748927038627, 53.77889331698344)",0.7193340316445228,229.33164800000003,294.47974319951976,0.615277962347419,29.709428865584815,15.293575229676764,8.58509131118125,0.5613528022226036,0.5147717682110251,0.2889685745903435,0.1487528640992906,0.16221331910056078,20241023_P021N_A003a,P021N_A003a,20241023,25x,0.26,0.26,0.26,12,0.3415339919003517,"(146.46735619097262, 95.15973141473653, 97.74970679213449)",14.399795855093922,0,12
5,25518.0,29190.0,"(140.86926875146955, 118.42417117328944, 136.01845755936986)",0.8742034943473792,448.50436800000006,387.9364190922323,0.7304122077505538,28.770804233678913,20.74394058218644,10.950029042155169,0.527866390610391,0.7210066292795431,0.3805951670039567,0.27441163848160754,0.20090339709013758,20241023_P021N_A003a,P021N_A003a,20241023,25x,0.26,0.26,0.26,12,0.47940308389124703,"(146.46735619097262, 95.15973141473653, 97.74970679213449)",11.734817157791763,0,12
6,13962.0,17012.0,"(138.7430883827532, 65.49097550494199, 46.799813780260706)",0.8207147895603104,245.39611200000002,261.0787953346419,0.7260351429422038,24.193904641099014,15.428614622438444,9.697213102144717,0.6285213118254751,0.6377066807244222,0.4008122395287832,0.25560064286362233,0.25191903458433734,20241023_P021N_A003a,P021N_A003a,20241023,25x,0.26,0.26,0.26,12,0.465415055149692,"(146.46735619097262, 95.15973141473653, 97.74970679213449)",15.460254551949355,0,12
7,25151.0,28277.0,"(150.20981273110414, 146.65683273030893, 108.00624229652897)",0.8894507903950207,442.05397600000003,373.35101251081755,0.7516523018689787,30.3655819801687,19.04845592572699,10.945458860298732,0.5746113439838297,0.6273041609466681,0.36045608700821363,0.22611560321880664,0.20712215660294192,20241023_P021N_A003a,P021N_A003a,20241023,25x,0.26,0.26,0.26,12,0.5408540311256851,"(146.46735619097262, 95.15973141473653, 97.74970679213449)",13.686855252759376,0,12
8,18035.0,20864.0,"(150.17953978375382, 43.45261990573884, 91.20282783476573)",0.8644075920245399,316.98316,282.4247399150282,0.7960472518176632,20.60648899555958,16.769700896266244,13.029355152186685,0.7769581122992872,0.813806801337185,0.6322937961432603,0.5145649917446927,0.4912657942700178,20241023_P021N_A003a,P021N_A003a,20241023,25x,0.26,0.26,0.26,12,0.5406548669983803,"(146.46735619097262, 95.15973141473653, 97.74970679213449)",13.585509569824396,0,12
9,28115.0,31247.0,"(176.43659967988617, 82.26281344478036, 70.56485861639695)",0.899766377572247,494.14924,385.1770200864405,0.7847461193148617,28.14762108316063,20.191786039889784,12.213665594899165,0.6048828751835285,0.7173531994136997,0.4339146657834617,0.31127007377229243,0.26246755062340016,20241023_P021N_A003a,P021N_A003a,20241023,25x,0.26,0.26,0.26,12,0.7133986821045144,"(146.46735619097262, 95.15973141473653, 97.74970679213449)",11.041591210878073,0,12
10,35602.0,41917.0,"(183.67751811695973, 77.97646199651705, 129.3901185326667)",0.8493451344323305,625.740752,470.7395478433764,0.7515647429297962,27.726005880794997,23.75951621728221,13.733463755702406,0.5780195030113008,0.8569397380723973,0.4953278815112414,0.4244661450421986,0.28630917589876825,20241023_P021N_A003a,P021N_A003a,20241023,25x,0.26,0.26,0.26,12,0.7610363034010508,"(146.46735619097262, 95.15973141473653, 97.74970679213449)",13.462318337536699,0,12
11,21948.0,24732.0,"(190.54984508839075, 121.26494441406962, 85.42350100236924)",0.8874332848131975,385.75804800000003,316.672139557686,0.8092529013332391,22.93640975243993,18.23720392807572,13.142177487897872,0.7206245836658008,0.7951202531222518,0.5729832013704688,0.4555905481084853,0.4129057809350918,20241023_P021N_A003a,P021N_A003a,20241023,25x,0.26,0.26,0.26,12,0.8062489808446759,"(146.46735619097262, 95.15973141473653, 97.74970679213449)",13.700503369865478,0,12
12,24260.0,27301.0,"(201.53718054410552, 118.90667765869745, 115.74146743610882)",0.8886121387494964,426.39376000000004,336.8388519060376,0.8133344596377732,23.850490009914278,17.707649080325165,14.632565614757928,0.8263415176335328,0.7424438270645328,0.6135121588141542,0.45549831514060424,0.5069705684011132,20241023_P021N_A003a,P021N_A003a,20241023,25x,0.26,0.26,0.26,12,0.87853408252701,"(146.46735619097262, 95.15973141473653, 97.74970679213449)",16.27921118426054,0,12
1,13126.0,16722.0,"(40.168901417034895, 221.7207831784245, 139.5971354563462)",0.7849539528764502,446.44445222400003,439.2717118091471,0.6430763059304893,25.748123808677434,15.509594527817002,8.73755367485474,0.5633644167282149,0.6023582394997681,0.3393471982572212,0.20440858092139855,0.19117613641453332,20231108_P021N_B007,P021N_B007,20231108,40x,0.324,0.324,0.324,8,0.16330338795293847,"(82.13952800345919, 184.03742897673396, 135.28947907421315)",18.3285645447927,0,8
2,11422.0,14506.0,"(53.346611801786025, 211.16424444055332, 170.41752757835755)",0.7873983179374052,388.48762252800003,421.3767261428911,0.611033523037725,30.949348142673276,13.992131055654928,7.043307797337073,0.5033763455560628,0.4520977628075609,0.2275753196761417,0.10288629289579916,0.11455603275732897,20231108_P021N_B007,P021N_B007,20231108,40x,0.324,0.324,0.324,8,0.2523419716336894,"(82.13952800345919, 184.03742897673396, 135.28947907421315)",17.141026803275697,0,8
3,15768.0,19174.0,"(51.77555809233891, 152.53798833079654, 155.95249873160833)",0.8223636173985606,536.304748032,505.12229202458605,0.6319683818702283,26.978389141671276,21.131200688710024,7.23925506763509,0.34258607327991913,0.7832639887335013,0.268335334241777,0.21017740421635156,0.09192794848014502,20231108_P021N_B007,P021N_B007,20231108,40x,0.324,0.324,0.324,8,0.24172674386715481,"(82.13952800345919, 184.03742897673396, 135.28947907421315)",15.676865843318918,0,8
4,22673.0,25935.0,"(65.5033740572487, 149.4105764565783, 110.94632382128523)",0.8742240215924426,771.1591547520001,600.7442298156519,0.676950939818181,31.31495488117232,21.345649921284448,8.448562743555764,0.39579786863886607,0.6816439621989755,0.26979322740890627,0.18390292450545612,0.10678358438164602,20231108_P021N_B007,P021N_B007,20231108,40x,0.324,0.324,0.324,8,0.3344822571435724,"(82.13952800345919, 184.03742897673396, 135.28947907421315)",14.735303931602559,0,8
5,17908.0,20115.0,"(74.77389993299084, 222.9756533392897, 113.48654232745142)",0.8902808849117574,609.090907392,475.0261219943725,0.7315118676766209,27.53837842450558,16.738751787653086,9.625335523026887,0.5750330517551955,0.6078336033307528,0.3495244118826397,0.2124526827266871,0.2009880892278142,20231108_P021N_B007,P021N_B007,20231108,40x,0.324,0.324,0.324,8,0.3971209454931814,"(82.13952800345919, 184.03742897673396, 135.28947907421315)",14.654709628546442,0,8
6,16224.0,19818.0,"(91.64127218934911, 166.27613412228797, 171.5623150887574)",0.8186497123826824,551.814322176,503.1475611103015,0.646622379567497,25.25876790246196,21.988698183405955,7.642392199211418,0.3475600117599888,0.8705372434758676,0.30256393457998076,0.26339317358446923,0.1051591246607666,20231108_P021N_B007,P021N_B007,20231108,40x,0.324,0.324,0.324,8,0.5110896769550616,"(82.13952800345919, 184.03742897673396, 135.28947907421315)",13.44293675812994,0,8
7,14733.0,17505.0,"(107.52826987035905, 178.43670671282155, 92.88420552501188)",0.8416452442159383,501.10209619200003,440.2354458371774,0.6930266417528378,25.05453800291736,19.6641310538757,7.595089823360556,0.3862408057875307,0.7848530693954924,0.30314228194813175,0.23792215045054496,0.11708591924791724,20231108_P021N_B007,P021N_B007,20231108,40x,0.324,0.324,0.324,8,0.6184342558808045,"(82.13952800345919, 184.03742897673396, 135.28947907421315)",16.116072429129797,0,8
8,19969.0,23899.0,"(149.21573438830185, 191.58275326756473, 145.05743903049728)",0.8355579731369513,679.190101056,521.0389779841058,0.7171469288707736,24.28474787322525,18.192240487815848,11.80064218408219,0.6486634888091769,0.7491220655361798,0.4859281325746352,0.36401948637644926,0.31520383778639105,20231108_P021N_B007,P021N_B007,20231108,40x,0.324,0.324,0.324,8,0.900106313434472,"(82.13952800345919, 184.03742897673396, 135.28947907421315)",22.097565860358795,0,8
1,1636.0,2189.0,"(5.415036674816626, 231.75488997555013, 431.3050122249389)",0.7473732297852901,55.643998464,103.86636387459083,0.6786118143059158,13.143192690751283,6.345948472993164,5.477875752951924,0.8632083566805578,0.4828315784686575,0.41678425340340963,0.2012365989516492,0.3597716504706904,20231108_P021N_A007,P021N_A007,20231108,40x,0.324,0.324,0.324,17,0.024125883468943312,"(117.14433025808712, 253.4730468293822, 278.8486394955039)",61.64355147279117,1,17
2,7007.0,10268.0,"(15.19751676894534, 227.61609818752675, 460.1722563151135)",0.682411375146085,238.323653568,354.91729495834835,0.5237632953862282,18.760426419593628,13.851467825077272,7.921055990405384,0.571856794560413,0.738334380854511,0.42222153234920784,0.31174067367049524,0.24145025208360374,20231108_P021N_A007,P021N_A007,20231108,40x,0.324,0.324,0.324,17,0.07758205884669585,"(117.14433025808712, 253.4730468293822, 278.8486394955039)",67.9164504538116,0,17
3,5804.0,9072.0,"(103.16144038594074, 263.657649896623, 277.9293590627154)",0.6397707231040565,197.406948096,274.6418527083699,0.5969789630271801,16.97683359397006,12.817325544180235,7.909144088137326,0.6170666463042681,0.7549891723467664,0.4658786365760542,0.3517333262425952,0.28747816785679076,20231108_P021N_A007,P021N_A007,20231108,40x,0.324,0.324,0.324,17,0.5582592370816434,"(117.14433025808712, 253.4730468293822, 278.8486394955039)",5.612709010916658,3,17
4,12942.0,17936.0,"(104.44606706845929, 236.55238757533613, 263.9527121001391)",0.7215655664585192,440.186203008,471.495906306827,0.5935133364745038,22.063620845005254,14.749689099558493,10.571449123112709,0.7167235222218444,0.6685071867022007,0.4791348254838174,0.3203050742352367,0.3434071997399104,20231108_P021N_A007,P021N_A007,20231108,40x,0.324,0.324,0.324,17,0.5652790550189032,"(117.14433025808712, 253.4730468293822, 278.8486394955039)",8.383046861028868,1,17
5,8768.0,11688.0,"(102.02474908759125, 271.9786724452555, 249.75627281021897)",0.7501711156741958,298.219180032,336.59049309804703,0.641316864209331,18.503451001081125,12.760783471510889,10.323001373447465,0.808962976018996,0.689643433042047,0.5578960039856516,0.38474931546910435,0.45131721169333844,20231108_P021N_A007,P021N_A007,20231108,40x,0.324,0.324,0.324,17,0.5520478092218101,"(117.14433025808712, 253.4730468293822, 278.8486394955039)",12.198183541264491,1,17
6,1433.0,2978.0,"(109.29169574319609, 245.42637822749478, 226.83391486392185)",0.4811954331766286,48.739516992,137.97651654916984,0.46766309078206797,13.056031845188446,8.59840946326478,4.593793781989588,0.5342608771559182,0.6585775498421108,0.3518522194538415,0.23172197259441962,0.18798087539466596,20231108_P021N_A007,P021N_A007,20231108,40x,0.324,0.324,0.324,17,0.5917579002360442,"(117.14433025808712, 253.4730468293822, 278.8486394955039)",17.241989074409275,0,17
7,8593.0,11716.0,"(134.05341557081346, 264.1700221110206, 291.17188409170257)",0.7334414475930352,292.267040832,353.44226041460263,0.6025857770582062,25.012581917214284,14.211788802117622,6.243424909186225,0.43931309394746465,0.5681855975186918,0.24961137278232537,0.14182558699178646,0.10965754446147732,20231108_P021N_A007,P021N_A007,20231108,40x,0.324,0.324,0.324,17,0.7270678446492539,"(117.14433025808712, 253.4730468293822, 278.8486394955039)",7.6136884274130825,1,17
8,8371.0,12582.0,"(137.77613188388483, 215.71676024369847, 245.44200215028073)",0.6653155301223971,284.716327104,440.83417030089834,0.4747705687296005,28.60240764566168,13.292514476092729,6.432214576176862,0.4838975039482207,0.4647341105254436,0.2248836760828587,0.10451111517605934,0.1088206495351955,20231108_P021N_A007,P021N_A007,20231108,40x,0.324,0.324,0.324,17,0.7474105567425401,"(117.14433025808712, 253.4730468293822, 278.8486394955039)",17.648966810073595,1,17
9,6096.0,8390.0,"(132.17109580052494, 296.1566601049869, 239.8672900262467)",0.7265792610250298,207.338517504,264.73376473450173,0.6399235819483459,15.477709312162531,13.218874361582351,8.328540307240875,0.6300491312214814,0.8540588335765444,0.5380990261069336,0.45956822658556223,0.3390288239097987,20231108_P021N_A007,P021N_A007,20231108,40x,0.324,0.324,0.324,17,0.7167819442651636,"(117.14433025808712, 253.4730468293822, 278.8486394955039)",19.35134620720289,1,17
10,4559.0,6656.0,"(133.02961175696424, 286.1996051765738, 267.51327045404696)",0.6849459134615384,155.061729216,228.0611927849328,0.612024979890941,13.910472413738368,10.590141963607035,8.615911387115643,0.8135784597339842,0.7613071395870005,0.6193830900096772,0.47154076856382493,0.503916740355349,20231108_P021N_A007,P021N_A007,20231108,40x,0.324,0.324,0.324,17,0.7214732882894221,"(117.14433025808712, 253.4730468293822, 278.8486394955039)",12.345464565613378,4,17
11,2923.0,7569.0,"(138.43243243243242, 272.01094765651726, 216.6958604173794)",0.38618047298189984,99.417730752,302.1622522733667,0.3434681567921496,15.702664483139253,13.989063416061764,6.2091022829264455,0.44385403784769223,0.8908719555896091,0.39541711469371793,0.35226601824079323,0.17550748299089078,20231108_P021N_A007,P021N_A007,20231108,40x,0.324,0.324,0.324,17,0.7509968985378821,"(117.14433025808712, 253.4730468293822, 278.8486394955039)",22.117135677148624,1,17
12,1346.0,1935.0,"(139.82466567607727, 267.20133729569096, 206.78974739970283)",0.6956072351421189,45.780453504,96.05408225987097,0.6443003360974402,10.875689809423674,7.9581242452585315,4.416346069189492,0.5549481175568176,0.7317351252849174,0.40607503032706704,0.297139363191453,0.22535057366683345,20231108_P021N_A007,P021N_A007,20231108,40x,0.324,0.324,0.324,17,0.7586047304703676,"(117.14433025808712, 253.4730468293822, 278.8486394955039)",24.877097892774717,1,17
13,5440.0,8396.0,"(154.94889705882352, 229.06213235294118, 267.80974264705884)",0.6479275845640782,185.02649856,316.17442671522275,0.4966456907688077,21.582142401637427,11.61607755430552,6.278991626205748,0.5405431908362586,0.5382263418586384,0.2909345842203953,0.15658865698510727,0.15726270847911267,20231108_P021N_A007,P021N_A007,20231108,40x,0.324,0.324,0.324,17,0.8412508036001285,"(117.14433025808712, 253.4730468293822, 278.8486394955039)",15.012550611889793,2,17
14,1301.0,2289.0,"(159.42198308993082, 294.4596464258263, 252.03458877786318)",0.5683704674530362,44.249903424,116.80342233982905,0.5179686101340185,10.649278758931398,7.562302836730129,6.099653132350297,0.8065867321160775,0.7101234748304183,0.5727761729623806,0.40674180624411443,0.4619936615836797,20231108_P021N_A007,P021N_A007,20231108,40x,0.324,0.324,0.324,17,0.8656938966662886,"(117.14433025808712, 253.4730468293822, 278.8486394955039)",20.963312262622733,3,17
15,5739.0,8155.0,"(165.03136434918974, 248.98937097055236, 267.27844572225126)",0.7037400367872471,195.196153536,254.17291681020413,0.6402295106998181,17.428694266868515,10.422685221182277,8.255086447893156,0.79203067853533,0.5980187076317889,0.4736491627824269,0.2832510601980257,0.3751446677862566,20231108_P021N_A007,P021N_A007,20231108,40x,0.324,0.324,0.324,17,0.8963462532742609,"(117.14433025808712, 253.4730468293822, 278.8486394955039)",16.027821098876693,2,17
16,1417.0,3407.0,"(159.92942836979535, 288.454481298518, 269.8510938602682)",0.4159084238332844,48.195321408,128.35947901999788,0.4989527638624098,12.05460308634186,8.410583213582346,5.531356909712044,0.6576662722722241,0.6977071873159995,0.45885848501965176,0.32014886295914186,0.3017757493433545,20231108_P021N_A007,P021N_A007,20231108,40x,0.324,0.324,0.324,17,0.8684668216928707,"(117.14433025808712, 253.4730468293822, 278.8486394955039)",18.14174691860198,2,17
17,2255.0,3532.0,"(168.38758314855875, 263.9250554323725, 244.96718403547672)",0.6384484711211778,76.69756512000001,159.1200600796728,0.5486308713431369,13.973928432677608,12.357610058780523,3.6216998494992723,0.29307445632870777,0.8843332866856987,0.2591754972087904,0.22919751927504972,0.07595771793818876,20231108_P021N_A007,P021N_A007,20231108,40x,0.324,0.324,0.324,17,0.9146862467134358,"(117.14433025808712, 253.4730468293822, 278.8486394955039)",20.189824075572982,1,17
1,11596.0,13197.0,"(32.93075198344257, 72.15013797861332, 58.48059675750259)",0.87868454951883,394.405749504,328.8601396527562,0.7908638279059533,18.573870716842446,15.59943059619309,9.917054138434546,0.6357318029835474,0.8398588982342712,0.5339250116262488,0.44842167200414174,0.3394331102991666,20231108_P021N_A001,P021N_A001,20231108,40x,0.324,0.324,0.324,5,0.2073715553255912,"(54.00434985241572, 77.98128009942519, 86.51771011340686)",11.519913157747807,0,5
2,9860.0,11574.0,"(34.07657200811359, 89.21997971602434, 97.95314401622718)",0.8519094522204942,335.36052864,298.75241300092796,0.7813530884528169,18.882609520585863,13.553667078322876,9.71711630661218,0.7169363280402024,0.7177856992459987,0.5146066435371953,0.3693772894679822,0.36894019740265016,20231108_P021N_A001,P021N_A001,20231108,40x,0.324,0.324,0.324,5,0.22328572233491098,"(54.00434985241572, 77.98128009942519, 86.51771011340686)",8.287017155031617,0,5
3,12913.0,16563.0,"(55.606520560675285, 49.961511654921395, 89.9122589638349)",0.7796292942099862,439.199848512,410.09172207979384,0.6813620004993521,28.7078921588419,16.19733391977004,7.825608781055966,0.4831417824574348,0.5642118839707754,0.2725943353053078,0.15380096348236894,0.13170171304720607,20231108_P021N_A001,P021N_A001,20231108,40x,0.324,0.324,0.324,5,0.5223127855649345,"(54.00434985241572, 77.98128009942519, 86.51771011340686)",9.159505423477741,0,5
4,15906.0,18324.0,"(63.65377844838426, 101.59725889601408, 78.4493901672325)",0.8680419122462344,540.998434944,395.7154254301845,0.8113940470556384,20.296728615132004,17.91039133537163,11.209708766407584,0.6258773779146456,0.8824274923801629,0.5522914051306922,0.48735711969259343,0.34566669648799286,20231108_P021N_A001,P021N_A001,20231108,40x,0.324,0.324,0.324,5,0.6340802562275591,"(54.00434985241572, 77.98128009942519, 86.51771011340686)",8.669187259988096,0,5
5,14095.0,15382.0,"(72.92486697410429, 73.93643135863782, 107.57949627527492)",0.9163307762319595,479.40229728,360.09576218859434,0.8226204872045829,19.454858533777102,17.846547106257248,9.827389074566202,0.5506605292359654,0.9173311168144688,0.5051380382696745,0.4633788407913904,0.27815957949079634,20231108_P021N_A001,P021N_A001,20231108,40x,0.324,0.324,0.324,5,0.7628453746403374,"(54.00434985241572, 77.98128009942519, 86.51771011340686)",9.266318466152732,0,5
1,6263.0,7982.0,"(13.390707328756188, 204.95848634839533, 274.5990739262334)",0.7846404409922325,213.018558912,245.7168047915077,0.7019845601038466,14.61104219927549,13.61306486921638,8.309628333960552,0.6104156862391331,0.9316970469013774,0.568722492251278,0.5298770665369072,0.347157130387194,20231108_P021N_A011,P021N_A011,20231108,40x,0.324,0.324,0.324,35,0.05898990012667924,"(122.50423501286379, 198.0548450508248, 234.77115521999187)",37.70068969608049,1,35
2,2329.0,6116.0,"(13.727780163160155, 217.48604551309575, 264.72005152425936)",0.38080444735120994,79.214469696,183.6834956371311,0.48560557964388834,13.403330985717055,10.639582269871669,6.848535561173292,0.643684628537197,0.7938013529032066,0.5109577289758249,0.40559893653735984,0.32889563597401367,20231108_P021N_A011,P021N_A011,20231108,40x,0.324,0.324,0.324,35,0.06047480248088174,"(122.50423501286379, 198.0548450508248, 234.77115521999187)",37.09315393229219,2,35
3,4025.0,5139.0,"(9.867577639751552, 179.88024844720496, 238.5560248447205)",0.7832263086203541,136.8992016,196.0025160676056,0.6553748253332101,11.95351059076714,10.089627622629648,8.644912281130189,0.8568118273999369,0.8440723372448299,0.7232111617324786,0.6104425356050819,0.6196558770800362,20231108_P021N_A011,P021N_A011,20231108,40x,0.324,0.324,0.324,35,0.04346950502093195,"(122.50423501286379, 198.0548450508248, 234.77115521999187)",36.98663687779499,0,35
4,3740.0,6523.0,"(20.140374331550802, 223.00695187165775, 241.3909090909091)",0.5733558178752108,127.20571776,232.26915002928808,0.5266195961555868,22.849944580532906,8.43435360861198,6.389372664282309,0.7575414739261557,0.36911921509856344,0.27962311426023145,0.10321426445915255,0.21182610612051755,20231108_P021N_A011,P021N_A011,20231108,40x,0.324,0.324,0.324,35,0.08872411599802116,"(122.50423501286379, 198.0548450508248, 234.77115521999187)",34.20431761909271,3,35
5,14674.0,17330.0,"(32.53843532779065, 113.29037753850348, 228.45699877334062)",0.8467397576457011,499.095374976,460.18807872553305,0.6612075299376354,26.65781520891758,18.520074553346454,7.328566223162426,0.39570932622613025,0.6947333983750894,0.27491248497779636,0.19099088494436517,0.10878543420171495,20231108_P021N_A011,P021N_A011,20231108,40x,0.324,0.324,0.324,35,0.1433411247920293,"(122.50423501286379, 198.0548450508248, 234.77115521999187)",40.101107932630335,2,35
6,13580.0,15779.0,"(49.969440353460975, 226.98519882179676, 215.77128129602357)",0.860637556245643,461.88600192,419.6360636249438,0.6886013244666627,26.864849317660095,16.01290229749097,7.973129020926696,0.4979190450800408,0.5960540521984093,0.29678666448672075,0.17690089400575965,0.14777573257371845,20231108_P021N_A011,P021N_A011,20231108,40x,0.324,0.324,0.324,35,0.22012969318705275,"(122.50423501286379, 198.0548450508248, 234.77115521999187)",26.03971897654539,3,35
7,23616.0,26832.0,"(56.0967987804878, 169.5529725609756, 176.32541497289972)",0.8801431127012522,803.232681984,547.0911528042129,0.7638100116888713,24.17013139237587,20.12007856351799,12.62368782616575,0.6274174221692752,0.8324356304436387,0.5222846173748031,0.43476832473540894,0.32769046827196524,20231108_P021N_A011,P021N_A011,20231108,40x,0.324,0.324,0.324,35,0.24712246158805198,"(122.50423501286379, 198.0548450508248, 234.77115521999187)",30.113196690248508,1,35
8,16461.0,19392.0,"(59.497600388797764, 214.2688172043011, 190.10327440617218)",0.848855198019802,559.8752192640001,474.6628539178099,0.6920854336719384,23.546887447694463,17.817937883050707,9.809299797566933,0.5505294642932849,0.756700346176552,0.41658583621112044,0.3152306464732032,0.22934277724147822,20231108_P021N_A011,P021N_A011,20231108,40x,0.324,0.324,0.324,35,0.26210396647047474,"(122.50423501286379, 198.0548450508248, 234.77115521999187)",25.56922210824902,3,35
9,7965.0,10480.0,"(54.99271814187068, 103.62649089767734, 258.90721908349025)",0.7600190839694656,270.90736416,335.92703848827,0.6027256912886807,20.992788457213294,17.117188995787018,5.822072431095522,0.3401301716379065,0.8153842463889266,0.2773367836751106,0.2261360443528588,0.0943306078329203,20231108_P021N_A011,P021N_A011,20231108,40x,0.324,0.324,0.324,35,0.2422586702285052,"(122.50423501286379, 198.0548450508248, 234.77115521999187)",38.41425293887631,3,35
10,7807.0,8903.0,"(70.96554374279492, 245.400794159088, 238.21993083130525)",0.8768954285072448,265.533432768,285.4940703236278,0.6997880233158867,26.221983002717863,11.504159570675549,6.386063172470103,0.5551090571403731,0.4387219520919971,0.24353852917257246,0.10684569892820475,0.13519044330633992,20231108_P021N_A011,P021N_A011,20231108,40x,0.324,0.324,0.324,35,0.31262354071715825,"(122.50423501286379, 198.0548450508248, 234.77115521999187)",22.70259849818063,2,35
11,14756.0,16831.0,"(82.15810517755489, 107.38824884792626, 227.15729194903767)",0.8767155843384231,501.88437734400003,447.00351570338364,0.6832437018416958,25.44718331069446,19.81493075957725,7.211662459819123,0.3639509290908561,0.7786689205500322,0.2833972770883582,0.2206726518372103,0.10314270229812675,20231108_P021N_A011,P021N_A011,20231108,40x,0.324,0.324,0.324,35,0.3619299787557484,"(122.50423501286379, 198.0548450508248, 234.77115521999187)",32.24770677308848,4,35
12,13473.0,15028.0,"(100.69153121056928, 242.117642692793, 267.5940028204557)",0.8965264838967261,458.246693952,419.15873393495826,0.6857594981169467,32.65387732910057,14.217234785333108,7.142409408963033,0.5023768346522166,0.435391933461542,0.21873082136551797,0.09523363522196401,0.10988529767848834,20231108_P021N_A011,P021N_A011,20231108,40x,0.324,0.324,0.324,35,0.443575027359336,"(122.50423501286379, 198.0548450508248, 234.77115521999187)",19.15348000744361,1,35
13,13175.0,15456.0,"(96.1361669829222, 176.8847817836812, 152.00812144212523)",0.8524197722567288,448.1110512,434.90871632872586,0.651143109360688,24.613183565511306,20.85395135202435,6.425776577396102,0.3081323279663417,0.8472675343487667,0.2610705177691879,0.22119657388145567,0.08044426640359804,20231108_P021N_A011,P021N_A011,20231108,40x,0.324,0.324,0.324,35,0.42350734353710223,"(122.50423501286379, 198.0548450508248, 234.77115521999187)",28.967061135163178,2,35
14,13333.0,15677.0,"(91.62506562664066, 215.89162229055725, 171.10747768694216)",0.8504815972443708,453.484982592,389.3412671185348,0.733154705596284,21.99035795026185,14.827533371474043,10.786330998412861,0.7274528222721217,0.6742743071764089,0.4905027477410582,0.33073340040122684,0.3568176081764634,20231108_P021N_A011,P021N_A011,20231108,40x,0.324,0.324,0.324,35,0.4036346503376241,"(122.50423501286379, 198.0548450508248, 234.77115521999187)",23.642538997252537,3,35
15,10412.0,12327.0,"(96.60142143680369, 104.03736073761046, 265.8078179024203)",0.8446499553824938,354.135276288,364.6281836472756,0.6638653738357234,25.133770897484286,16.626790468612665,6.258129700063751,0.3763883181109173,0.6615318702645169,0.24899286802563106,0.16471671766752172,0.09371800681778086,20231108_P021N_A011,P021N_A011,20231108,40x,0.324,0.324,0.324,35,0.42555692262909117,"(122.50423501286379, 198.0548450508248, 234.77115521999187)",33.158226386381905,3,35
16,15962.0,17684.0,"(112.49874702418244, 126.06340057636888, 178.11182809171783)",0.902623840760009,542.903119488,448.0416622170965,0.7183133689823686,26.546879996836637,18.239128582692615,8.05303424987733,0.4415251646133454,0.6870535665534336,0.3033514390706908,0.20841868813263476,0.13393729407138197,20231108_P021N_A011,P021N_A011,20231108,40x,0.324,0.324,0.324,35,0.49558919393912965,"(122.50423501286379, 198.0548450508248, 234.77115521999187)",29.85929791741379,0,35
17,37439.0,50576.0,"(132.45356446486284, 342.22260209941504, 451.9806885867678)",0.7402522935779816,1273.383654336,1089.985052939908,0.5212384314624873,49.63863763214904,14.973466270521627,13.399355991998915,0.8948733546338783,0.3016494203866684,0.269938028744783,0.08142664991118363,0.24156034932610024,20231108_P021N_A011,P021N_A011,20231108,40x,0.324,0.324,0.324,35,0.5834958786998363,"(122.50423501286379, 198.0548450508248, 234.77115521999187)",84.52818651494057,0,35
18,12497.0,14699.0,"(111.35424501880452, 243.74561894854764, 195.93006321517163)",0.8501938907408667,425.050763328,378.26616318929604,0.7227373468381819,24.089426108361156,16.718108931764572,7.979749298997196,0.4773117181833642,0.6940019598873679,0.3312552678964618,0.22989180514315957,0.1581120210769508,20231108_P021N_A011,P021N_A011,20231108,40x,0.324,0.324,0.324,35,0.4905473348846014,"(122.50423501286379, 198.0548450508248, 234.77115521999187)",19.762936413144384,2,35
19,14958.0,17784.0,"(122.13377456879262, 108.13364086107768, 224.9193742478941)",0.8410931174089069,508.75484659200004,449.25060583839945,0.6860163914306474,29.070027544754947,17.046159866760867,7.585830379932618,0.44501696799902696,0.5863826527345852,0.26095023020717145,0.15301668822058187,0.11612728024544353,20231108_P021N_A011,P021N_A011,20231108,40x,0.324,0.324,0.324,35,0.5380342492017296,"(122.50423501286379, 198.0548450508248, 234.77115521999187)",29.309051089273993,3,35
20,9418.0,10444.0,"(139.77394351242302, 238.00987470800595, 170.76268846888937)",0.9017617770968978,320.327125632,291.11709548612674,0.7777002275950405,21.369528538437073,13.574889657218366,7.9377762869772255,0.5847396544218951,0.635245163822936,0.37145303756700376,0.23596374570177853,0.217203320820893,20231108_P021N_A011,P021N_A011,20231108,40x,0.324,0.324,0.324,35,0.615744244548119,"(122.50423501286379, 198.0548450508248, 234.77115521999187)",25.079632331959022,3,35
21,13968.0,15764.0,"(148.15678694158075, 199.3142182130584, 294.6554266895762)",0.8860695255011418,475.082744832,412.7586883842878,0.7133468350815236,26.133016927646388,17.558082556073323,7.472375909258476,0.4255804063681082,0.6718735385464984,0.28593621356259763,0.19211297560488974,0.12168884996332845,20231108_P021N_A011,P021N_A011,20231108,40x,0.324,0.324,0.324,35,0.652673070227228,"(122.50423501286379, 198.0548450508248, 234.77115521999187)",21.1116903574645,1,35
22,13311.0,16057.0,"(153.93133498610172, 167.5081511531816, 153.26564495530013)",0.8289842436320608,452.73671366400004,410.1082690489226,0.6952634638316553,27.42870050440412,15.280309648611118,8.341574835781904,0.5459035207797703,0.5570920009920856,0.3041184847398268,0.16942197520239113,0.1660193515536803,20231108_P021N_A011,P021N_A011,20231108,40x,0.324,0.324,0.324,35,0.6781116078682895,"(122.50423501286379, 198.0548450508248, 234.77115521999187)",29.983414668462533,1,35
23,11461.0,13189.0,"(150.49725154873047, 118.25119972079226, 246.75630398743564)",0.8689817271969065,389.814099264,359.27003436244064,0.7182927634240569,22.182271971650625,16.91144304140242,7.576756903978258,0.44802545149038553,0.7623855240353907,0.3415681186156901,0.2604065891046054,0.1530312105575161,20231108_P021N_A011,P021N_A011,20231108,40x,0.324,0.324,0.324,35,0.6629834869988127,"(122.50423501286379, 198.0548450508248, 234.77115521999187)",27.67474894647616,1,35
24,9076.0,10420.0,"(157.7741295724989, 159.7562802996915, 299.8746143675628)",0.8710172744721689,308.694945024,307.04530029129694,0.719395994431966,20.448709240275264,16.35146061035474,6.820727124886089,0.41713259062415436,0.7996328970314328,0.3335529418870193,0.26671990523447436,0.13913580275964035,20231108_P021N_A011,P021N_A011,20231108,40x,0.324,0.324,0.324,35,0.6950402183810525,"(122.50423501286379, 198.0548450508248, 234.77115521999187)",27.009254716976244,2,35
25,13106.0,14986.0,"(163.51289485731726, 217.77659087440867, 153.1688539600183)",0.8745495796076338,445.76420774400003,390.5053319305341,0.7226488000968896,25.75931130044665,15.522165556829972,8.159135723183423,0.5256441630719039,0.6025846489366673,0.3167451034702915,0.19086573697705395,0.16649521482076496,20231108_P021N_A011,P021N_A011,20231108,40x,0.324,0.324,0.324,35,0.7203211227194594,"(122.50423501286379, 198.0548450508248, 234.77115521999187)",30.27206230130918,2,35
26,10067.0,11442.0,"(165.13420085427634, 249.71381742326412, 244.2575742525082)",0.8798287012760007,342.401059008,338.2380066423143,0.6997643035870598,21.53289671019876,17.661676800157167,6.623723361988613,0.37503366395707516,0.8202183402380766,0.3076094893842768,0.25230694482425375,0.11536391387175032,20231108_P021N_A011,P021N_A011,20231108,40x,0.324,0.324,0.324,35,0.7274634398866799,"(122.50423501286379, 198.0548450508248, 234.77115521999187)",21.917242319590112,1,35
27,8504.0,9688.0,"(164.71119473189088, 249.92944496707432, 186.24541392285983)",0.8777869529314616,289.239952896,295.39441083643044,0.7160126669888144,22.449752388648143,13.358475921358341,7.120732867776196,0.5330497962264645,0.595038897984155,0.31718536331727376,0.18873762904501437,0.16907559328228988,20231108_P021N_A011,P021N_A011,20231108,40x,0.324,0.324,0.324,35,0.7255999767924709,"(122.50423501286379, 198.0548450508248, 234.77115521999187)",26.771006844196542,2,35
28,9589.0,10876.0,"(161.7294816977787, 143.63239128167692, 171.20168943581186)",0.8816660536962119,326.143215936,306.5990330050397,0.7473411739026672,18.789479966492703,17.162912908369197,7.277719648488841,0.424037556290342,0.9134320342540526,0.38732948764240444,0.35379916182378135,0.1642422494190754,20231108_P021N_A011,P021N_A011,20231108,40x,0.324,0.324,0.324,35,0.7124646770827255,"(122.50423501286379, 198.0548450508248, 234.77115521999187)",29.944157181863602,3,35
29,10227.0,11204.0,"(175.07079299892442, 253.30693262931456, 214.4933998239953)",0.9127990003570153,347.843014848,315.23318448417143,0.7587657510815474,23.026748767421918,14.591498477945553,7.34442049176246,0.5033355897520222,0.633676018500254,0.3189516924835387,0.2021120385868862,0.1605397382386076,20231108_P021N_A011,P021N_A011,20231108,40x,0.324,0.324,0.324,35,0.7712369735635437,"(122.50423501286379, 198.0548450508248, 234.77115521999187)",25.567733980031516,3,35
30,12632.0,13994.0,"(186.4484642178594, 172.7857821405953, 271.75688727042433)",0.9026725739602687,429.642413568,361.4709216376194,0.7617553676919852,20.522961995602966,17.932155076875492,8.543259717421801,0.4764212489127315,0.8737605751410272,0.4162781044593948,0.36372739597105747,0.1983237344215694,20231108_P021N_A011,P021N_A011,20231108,40x,0.324,0.324,0.324,35,0.8213588732064291,"(122.50423501286379, 198.0548450508248, 234.77115521999187)",25.295529649041814,2,35
31,17089.0,20415.0,"(196.33378196500672, 163.9948504886184, 194.90643103750952)",0.8370805780063678,581.234895936,481.214798048017,0.6999165626949312,26.24180381357306,19.615915702762216,8.546041231477803,0.43566873761974784,0.7475063773099418,0.3256651597653333,0.24343678379224773,0.14188212904169623,20231108_P021N_A011,P021N_A011,20231108,40x,0.324,0.324,0.324,35,0.8649065284802058,"(122.50423501286379, 198.0548450508248, 234.77115521999187)",29.339593590698613,0,35
32,14060.0,16528.0,"(199.23385490753913, 209.80305832147937, 254.11422475106684)",0.8506776379477251,478.21186944,414.64739975794384,0.7132121708712429,23.343550344058897,19.12511926250632,7.989028922236171,0.41772439756222574,0.8192892246733069,0.34223709780588013,0.2803911665158222,0.1429607855044058,20231108_P021N_A011,P021N_A011,20231108,40x,0.324,0.324,0.324,35,0.8776821802094235,"(122.50423501286379, 198.0548450508248, 234.77115521999187)",25.919209069746906,1,35
33,9947.0,11155.0,"(202.31537146878455, 208.60289534533024, 173.362722428873)",0.8917077543702375,338.319592128,296.2031012845548,0.7927068703176853,20.574738756137748,14.063664597464534,8.488606119243263,0.6035842266014813,0.6835403726946052,0.41257418720376154,0.28201111368543297,0.24902327169911717,20231108_P021N_A011,P021N_A011,20231108,40x,0.324,0.324,0.324,35,0.8912571430342932,"(122.50423501286379, 198.0548450508248, 234.77115521999187)",32.80581916619221,4,35
34,10340.0,11667.0,"(205.98646034816247, 232.05938104448742, 211.9318181818182)",0.8862603925602126,351.68639616,311.9332422532798,0.7724306734471902,22.742336872678244,14.044649369566322,8.083903561865197,0.5755860007001952,0.6175552428140758,0.3554561524227918,0.21951381051921434,0.2045955851973138,20231108_P021N_A011,P021N_A011,20231108,40x,0.324,0.324,0.324,35,0.9074293407408038,"(122.50423501286379, 198.0548450508248, 234.77115521999187)",30.12890918008266,3,35
35,9074.0,10397.0,"(216.06204540445228, 210.45404452281244, 201.13797663654398)",0.8727517553140329,308.62692057600003,277.18691089240104,0.7967717784163472,18.736709654647978,12.38476683472155,9.805826922266208,0.7917651622455172,0.66098941932685,0.5233483948358936,0.3459277516082162,0.4143690267481722,20231108_P021N_A011,P021N_A011,20231108,40x,0.324,0.324,0.324,35,0.9518151779931818,"(122.50423501286379, 198.0548450508248, 234.77115521999187)",32.46149311480669,2,35
1,7522.0,10884.0,"(39.959984046796066, 123.09438978994949, 95.7201542143047)",0.691106210951856,255.839948928,360.29807620068533,0.5409217209309085,19.513114522054842,13.09454419883434,8.398041368852333,0.6413389608169726,0.6710637701651438,0.43037934099963304,0.2888119831724038,0.2760190393137981,20231108_P021N_B011,P021N_B011,20231108,40x,0.324,0.324,0.324,29,0.1163189205324912,"(102.82598112757813, 99.52622649710464, 94.59927090197839)",21.75593845421854,3,29
2,14101.0,16232.0,"(45.46315864123112, 94.63931636054181, 72.88405077654068)",0.8687161163134549,479.606370624,374.4961911940172,0.7912128795946181,18.885326488716718,15.089529713357404,12.634591900685045,0.8373085272167745,0.7990081464767282,0.6690163343606341,0.5345495012801454,0.5601730816074677,20231108_P021N_B011,P021N_B011,20231108,40x,0.324,0.324,0.324,29,0.1500807278603136,"(102.82598112757813, 99.52622649710464, 94.59927090197839)",19.935680979312252,0,29
3,11442.0,13000.0,"(47.36112567732914, 146.00148575423876, 108.12366719105052)",0.8801538461538462,389.16786700800003,323.16543191010993,0.7976588863809175,19.202517219903868,14.35162373846301,10.363143426197555,0.7220885674715576,0.747382417321163,0.5396762990768683,0.40334457697500875,0.3896940856987678,20231108_P021N_B011,P021N_B011,20231108,40x,0.324,0.324,0.324,29,0.16172469740692721,"(102.82598112757813, 99.52622649710464, 94.59927090197839)",23.851350188856607,2,29
4,14359.0,16940.0,"(56.080506999094645, 140.48304199456786, 76.09694268403092)",0.8476387249114522,488.381524416,398.3526001363674,0.7528745541468752,21.95391222226814,16.262445997350095,10.278474508346614,0.632037425982626,0.7407538953742779,0.46818418531896205,0.34680925902765397,0.29590992737476957,20231108_P021N_B011,P021N_B011,20231108,40x,0.324,0.324,0.324,29,0.2152178343502739,"(102.82598112757813, 99.52622649710464, 94.59927090197839)",21.00993542068025,2,29
5,10736.0,12570.0,"(55.42883755588674, 107.26862891207153, 109.73612146050671)",0.8540970564836913,365.155236864,322.3769118570359,0.7663700947362254,20.48266303484439,13.55678218710199,9.640209733177961,0.7110986663450063,0.6618661921079142,0.4706521665067855,0.3115087572531861,0.33468012791536295,20231108_P021N_B011,P021N_B011,20231108,40x,0.324,0.324,0.324,29,0.2112198623060536,"(102.82598112757813, 99.52622649710464, 94.59927090197839)",16.314801983772387,2,29
6,11635.0,13636.0,"(63.9445638160722, 69.15711216158144, 121.3400085947572)",0.8532560868289821,395.73222624,334.78536897517273,0.7786075310315708,20.397447734989143,12.902551984499578,11.33279165625984,0.8783372211849592,0.6325571783359417,0.5555985142601897,0.3514478284680671,0.48800285510978686,20231108_P021N_B011,P021N_B011,20231108,40x,0.324,0.324,0.324,29,0.26346358169369444,"(102.82598112757813, 99.52622649710464, 94.59927090197839)",18.181899573439036,3,29
7,15303.0,17176.0,"(62.815787754035156, 104.39377899758217, 127.71155982487095)",0.8909524918490918,520.489063872,389.1095186198039,0.804180137395008,20.594945857182957,15.785766336999158,11.603972273615712,0.7350908423380099,0.76648739192939,0.5634378625748395,0.43186801779925876,0.41417801300526674,20231108_P021N_B011,P021N_B011,20231108,40x,0.324,0.324,0.324,29,0.2565385751781298,"(102.82598112757813, 99.52622649710464, 94.59927090197839)",16.900668362618426,1,29
8,12847.0,14259.0,"(73.77683505876858, 143.19210710671751, 128.91515528917256)",0.9009748229188582,436.955041728,343.19912910577676,0.8113890028293291,22.05606375169773,14.16784076324576,10.062753925227662,0.7102531778400897,0.6423558130201366,0.45623525750160643,0.29306536976089576,0.3240425414832076,20231108_P021N_B011,P021N_B011,20231108,40x,0.324,0.324,0.324,29,0.32378426416422446,"(102.82598112757813, 99.52622649710464, 94.59927090197839)",20.306664622362078,1,29
9,11968.0,13210.0,"(75.88636363636364, 78.28693181818181, 74.48287098930481)",0.9059803179409538,407.058296832,328.5491401581877,0.8084531613702446,20.007327865187577,15.829918736699765,9.369527341357253,0.5918872672185694,0.7912060442735867,0.46830478335190767,0.3705255751502618,0.2771836384435448,20231108_P021N_B011,P021N_B011,20231108,40x,0.324,0.324,0.324,29,0.3367261572783045,"(102.82598112757813, 99.52622649710464, 94.59927090197839)",12.884939341571197,0,29
10,12127.0,13484.0,"(75.90088232868806, 50.78469530799043, 97.34996289271872)",0.8993622070602195,412.466240448,327.3352729014588,0.8186223361229937,18.579665526888522,16.18620934682634,9.935099428908408,0.6138002552683158,0.8711787261940551,0.5347297245222373,0.4658451602673807,0.3282172414113055,20231108_P021N_B011,P021N_B011,20231108,40x,0.324,0.324,0.324,29,0.3368152290103561,"(102.82598112757813, 99.52622649710464, 94.59927090197839)",18.06358584764031,1,29
11,13216.0,14950.0,"(79.31855326876513, 114.04169188861985, 53.125378329297824)",0.8840133779264214,449.505552384,351.62968985865234,0.8070280452565627,21.284474034604337,14.545812848260468,10.57642398643156,0.7271112379048926,0.6834001547142701,0.49690793247868803,0.33958695793468346,0.36130734190933966,20231108_P021N_B011,P021N_B011,20231108,40x,0.324,0.324,0.324,29,0.35778253539119714,"(102.82598112757813, 99.52622649710464, 94.59927090197839)",16.14606681783574,0,29
12,15339.0,18277.0,"(84.23287046091662, 147.09922419975226, 74.31449247017406)",0.8392515183016906,521.713503936,419.98041692083007,0.7462364691312711,24.37228013208872,16.69987404935232,9.773268311117327,0.5852300611510521,0.6851994954450382,0.40099934261996983,0.2747645472369954,0.23467686980301664,20231108_P021N_B011,P021N_B011,20231108,40x,0.324,0.324,0.324,29,0.38793172061912035,"(102.82598112757813, 99.52622649710464, 94.59927090197839)",17.806345858639762,1,29
13,9157.0,10506.0,"(100.033744676204, 143.39925739871137, 141.54766845036585)",0.8715971825623453,311.449935168,282.2407433851085,0.7872691745766011,19.58130094109273,13.847204765585666,8.522066280825987,0.6154358533070734,0.707164697955606,0.4352145093149472,0.30776833702560197,0.26784661291186374,20231108_P021N_B011,P021N_B011,20231108,40x,0.324,0.324,0.324,29,0.4848695992405153,"(102.82598112757813, 99.52622649710464, 94.59927090197839)",20.838997577062507,2,29
14,18330.0,19934.0,"(101.63311511183852, 57.812984178941626, 124.78947081287507)",0.91953446373031,623.44406592,435.12543289927333,0.8110880194665877,23.49316079948926,17.631071176749106,10.740449390640737,0.6091773598421323,0.7504767590545928,0.4571734507037569,0.34309804960996015,0.2784997156896319,20231108_P021N_B011,P021N_B011,20231108,40x,0.324,0.324,0.324,29,0.4946816878026903,"(102.82598112757813, 99.52622649710464, 94.59927090197839)",16.687936604491085,1,29
15,11173.0,12718.0,"(103.01906381455294, 65.9759241027477, 60.68656582833617)",0.878518635005504,380.018578752,319.84939382060355,0.7932470738996333,19.47998188815253,15.505025263966116,9.35759973804733,0.6035204444196887,0.7959465954840579,0.48037004304087677,0.38234890033091623,0.28991314186193484,20231108_P021N_B011,P021N_B011,20231108,40x,0.324,0.324,0.324,29,0.5031844405800794,"(102.82598112757813, 99.52622649710464, 94.59927090197839)",15.456299826770222,3,29
16,14774.0,16299.0,"(109.40652497630974, 93.70820360092054, 150.51198050629483)",0.9064359776673415,502.496597376,395.9994240264899,0.7718714670118946,23.34409445349694,18.115550779012164,8.628191080591417,0.47628643400606063,0.7760228530217611,0.3696091573729439,0.28682515280752097,0.17603982754114433,20231108_P021N_B011,P021N_B011,20231108,40x,0.324,0.324,0.324,29,0.5423713188730659,"(102.82598112757813, 99.52622649710464, 94.59927090197839)",18.33789637075365,0,29
17,10678.0,11949.0,"(118.62343135418618, 51.107791721296124, 99.01517138040832)",0.893631266214746,363.182527872,308.36461971974063,0.7983062802785235,23.789806235076686,11.417143610881771,9.843647838136185,0.8621813102844853,0.4799174696113269,0.4137758727779085,0.19857826984979218,0.3567498241557636,20231108_P021N_B011,P021N_B011,20231108,40x,0.324,0.324,0.324,29,0.5989167567741484,"(102.82598112757813, 99.52622649710464, 94.59927090197839)",16.563355462024532,3,29
18,9977.0,11605.0,"(118.00280645484615, 45.72837526310514, 68.45193946075975)",0.8597156398104265,339.339958848,299.4231953058795,0.7857577726927494,19.38160439785836,13.931043534530842,9.32525145502687,0.6693864269329425,0.7187765908621168,0.48113929392023375,0.3458316614137916,0.3220681128143041,20231108_P021N_B011,P021N_B011,20231108,40x,0.324,0.324,0.324,29,0.5951092420542708,"(102.82598112757813, 99.52622649710464, 94.59927090197839)",19.994312140052266,2,29
19,10460.0,11608.0,"(122.70592734225622, 116.6763862332696, 48.619694072657744)",0.9011026878015161,355.76786304,314.2113665598261,0.7727518314799008,23.862675739330147,12.985047082288636,8.349416817044396,0.6430024291889435,0.5441572112085843,0.34989440866780075,0.19039756563814716,0.22498295473302482,20231108_P021N_B011,P021N_B011,20231108,40x,0.324,0.324,0.324,29,0.6239627444310197,"(102.82598112757813, 99.52622649710464, 94.59927090197839)",17.155063338144657,2,29
20,9821.0,10782.0,"(121.51939721006008, 148.0368597902454, 68.46756949394155)",0.9108699684659618,334.034051904,297.61389616078,0.7822725304045588,18.731219792200356,16.56188727373485,7.687852465745445,0.46418939693771794,0.8841862653617032,0.410429889298862,0.36289647101197803,0.1905172027988531,20231108_P021N_B011,P021N_B011,20231108,40x,0.324,0.324,0.324,29,0.6166834184666262,"(102.82598112757813, 99.52622649710464, 94.59927090197839)",18.852209902884137,1,29
21,16453.0,18504.0,"(132.27897647845379, 139.2730201179116, 119.38935148605118)",0.8891591007349762,559.603121472,449.07714846436284,0.731279255391827,26.79326150082315,18.153933062072483,8.417211427510463,0.4636577318386091,0.677555924332495,0.3141540430698169,0.21285693303496026,0.14565995105768,20231108_P021N_B011,P021N_B011,20231108,40x,0.324,0.324,0.324,29,0.6826931072297777,"(102.82598112757813, 99.52622649710464, 94.59927090197839)",17.92816645674733,0,29
22,8761.0,9460.0,"(128.16390822965414, 90.63200547882661, 54.26458166875928)",0.9261099365750528,297.981094464,255.85369669008696,0.8432407170478445,17.489411421263497,13.526948131132132,9.085015216083159,0.6716234237029481,0.7734364413593797,0.5194580307624111,0.4017677707484305,0.34888018109064195,20231108_P021N_B011,P021N_B011,20231108,40x,0.324,0.324,0.324,29,0.6574472897524795,"(102.82598112757813, 99.52622649710464, 94.59927090197839)",15.699813996884126,4,29
23,18332.0,20128.0,"(133.72196159720707, 67.08837006327732, 72.31464106480472)",0.9107710651828299,623.512090368,413.2367058314231,0.854112647992084,20.44918036563759,15.926998786031264,13.771458405751678,0.8646612328387884,0.7788575630539543,0.6734479406760464,0.5245200219186495,0.5823043266376935,20231108_P021N_B011,P021N_B011,20231108,40x,0.324,0.324,0.324,29,0.6915457766699821,"(102.82598112757813, 99.52622649710464, 94.59927090197839)",16.21095030552592,2,29
24,9659.0,10819.0,"(142.11201987783414, 72.36318459467854, 134.2119267004866)",0.8927812182271929,328.524071616,300.63342955908297,0.7658757484117211,20.650370032930184,14.827788133829243,7.703195131579356,0.5195107363319214,0.7180398273824662,0.3730293994391108,0.26784996558184415,0.19379277797606684,20231108_P021N_B011,P021N_B011,20231108,40x,0.324,0.324,0.324,29,0.7430185268578782,"(102.82598112757813, 99.52622649710464, 94.59927090197839)",20.10467955994493,0,29
25,7749.0,8849.0,"(146.30249064395406, 115.13072654536069, 61.1296941540844)",0.8756921686066222,263.56072377600003,252.88989333395355,0.7860915216654903,21.266562097351965,9.937475729215802,9.103414334081931,0.916069088583355,0.46728172065259105,0.42806233994988097,0.20002570675835474,0.39213467761474574,20231108_P021N_B011,P021N_B011,20231108,40x,0.324,0.324,0.324,29,0.7687269364659758,"(102.82598112757813, 99.52622649710464, 94.59927090197839)",18.481977496622083,2,29
26,19521.0,21460.0,"(159.0116285026382, 72.70150094769735, 92.61405665693356)",0.909645852749301,663.952624704,439.4017641249304,0.8376200343456045,23.393992805784016,16.040306500450843,12.701173736308856,0.7918286184838093,0.6856592046350026,0.5429245807568416,0.3722612362185283,0.4299032207215912,20231108_P021N_B011,P021N_B011,20231108,40x,0.324,0.324,0.324,29,0.8466971073781484,"(102.82598112757813, 99.52622649710464, 94.59927090197839)",20.18271380309075,2,29
27,10441.0,11749.0,"(160.0775787759793, 125.12652044823292, 74.97902499760559)",0.8886713762873436,355.121630784,303.6429259411335,0.7986792002495766,19.690027429926438,13.511709032652576,9.789305986579413,0.7245053873586565,0.6862209349752569,0.497170764307868,0.3411689867257083,0.36020289717827114,20231108_P021N_B011,P021N_B011,20231108,40x,0.324,0.324,0.324,29,0.853236679607235,"(102.82598112757813, 99.52622649710464, 94.59927090197839)",21.29070670924301,2,29
28,11812.0,12951.0,"(165.39790044023027, 96.41694886556044, 109.41948865560447)",0.9120531233109412,401.752389888,315.3650643493128,0.8349161386548302,19.912198407411264,12.479881279228564,11.916232685545658,0.9548354202198189,0.6267455267311713,0.5984388283872498,0.3750688587139519,0.5714105901789958,20231108_P021N_B011,P021N_B011,20231108,40x,0.324,0.324,0.324,29,0.8858766898173637,"(102.82598112757813, 99.52622649710464, 94.59927090197839)",20.858534064403024,2,29
29,8912.0,9880.0,"(169.31485637342908, 100.08729802513464, 80.49820466786356)",0.9020242914979757,303.116940288,269.78165857543945,0.808869593120867,19.912060854386702,13.064792699775271,8.419634071795173,0.644452175038338,0.6561245867675745,0.4228409170384941,0.27743632196030416,0.27250074868066293,20231108_P021N_B011,P021N_B011,20231108,40x,0.324,0.324,0.324,29,0.9099070943155159,"(102.82598112757813, 99.52622649710464, 94.59927090197839)",22.02229072926618,3,29
1,14419.0,16672.0,"(80.91407171093695, 164.8327207157223, 193.4010680352313)",0.8648632437619962,490.422257856,396.5427443919614,0.7584161367265569,22.15624601833827,16.38605792434365,9.932164897453644,0.6061351023724934,0.7395683325948469,0.44827832698883174,0.33153245482953786,0.27171722962074557,20231108_P021N_B006,P021N_B006,20231108,40x,0.324,0.324,0.324,25,0.08137771093749789,"(202.42739044686655, 253.78822460385058, 208.09371854375522)",49.024146835092786,2,25
2,12751.0,15695.0,"(92.50356834758058, 169.66982981726923, 219.6299898047212)",0.8124243389614527,433.689868224,401.03479432576125,0.6909101738289616,22.965549088224382,18.356666579116446,7.94209574430305,0.4326545732076659,0.7993132020748789,0.3458265123029595,0.27642369691126606,0.14962342208433257,20231108_P021N_B006,P021N_B006,20231108,40x,0.324,0.324,0.324,25,0.12647302858980772,"(202.42739044686655, 253.78822460385058, 208.09371854375522)",45.00246465724765,3,25
3,15551.0,18684.0,"(107.22493730306732, 205.16770625683236, 214.87878593016526)",0.8323164204667095,528.924095424,494.7664473712226,0.639262828777656,27.035950282451413,20.390672943524798,7.1483780388505505,0.35057097226016604,0.7542058899538681,0.26440269212547135,0.19941406772068968,0.09269190884663184,20231108_P021N_B006,P021N_B006,20231108,40x,0.324,0.324,0.324,25,0.1837546198562931,"(202.42739044686655, 253.78822460385058, 208.09371854375522)",34.70507216534746,3,25
4,15409.0,18937.0,"(125.80102537478098, 182.95191122071517, 206.24920501005906)",0.8136980514337012,524.094359616,435.74153548519405,0.7214310367680736,20.969970298546023,16.756435233559333,11.557510680256819,0.6897356459869072,0.7990681433974735,0.5511457820738149,0.44040303682307186,0.38014489203164187,20231108_P021N_B006,P021N_B006,20231108,40x,0.324,0.324,0.324,25,0.25603511818980923,"(202.42739044686655, 253.78822460385058, 208.09371854375522)",33.81539641490142,3,25
5,25725.0,34272.0,"(118.60890184645287, 243.32909620991254, 218.06413994169097)",0.7506127450980392,874.9644624,826.8612603177979,0.5350303545895578,30.19097292058185,21.096293792861076,11.407909786116967,0.5407542148458973,0.6987616413805356,0.377858302749162,0.2640328878382678,0.20432846982612646,20231108_P021N_B006,P021N_B006,20231108,40x,0.324,0.324,0.324,25,0.2280502017371707,"(202.42739044686655, 253.78822460385058, 208.09371854375522)",27.55779843148998,1,25
6,25037.0,28234.0,"(137.2598554139873, 280.01873227623116, 277.7264448616048)",0.8867677268541475,851.564052288,574.8157567129804,0.7558466166111545,24.31495084551701,20.96936066881582,12.329595126402449,0.58798145165857,0.8624060481159467,0.5070787600903449,0.4373077895730485,0.2981529054631487,20231108_P021N_B006,P021N_B006,20231108,40x,0.324,0.324,0.324,25,0.3006220055018961,"(202.42739044686655, 253.78822460385058, 208.09371854375522)",32.04745521979441,0,25
7,21809.0,27790.0,"(141.62854784721904, 285.2784171672245, 146.35613737447844)",0.7847786973731559,741.772593216,631.4182881101043,0.6275969487239302,25.07516086075188,20.74371584876749,11.397798021266398,0.5494578745853583,0.8272615264150089,0.45454536003023016,0.376027888363468,0.24975352742484674,20231108_P021N_B006,P021N_B006,20231108,40x,0.324,0.324,0.324,25,0.31762080874404297,"(202.42739044686655, 253.78822460385058, 208.09371854375522)",29.870727343264118,0,25
8,14014.0,16616.0,"(153.68031968031968, 229.9235050663622, 282.92949907235624)",0.8434039480019259,476.647307136,445.6268835033492,0.6621822027730062,28.81720473502417,16.1927829894792,7.604646998043285,0.4696318726054804,0.5619137296060723,0.2638925970776293,0.14828487343932317,0.12393237453229058,20231108_P021N_B006,P021N_B006,20231108,40x,0.324,0.324,0.324,25,0.3645148625693373,"(202.42739044686655, 253.78822460385058, 208.09371854375522)",29.95238637732954,0,25
9,27014.0,31604.0,"(166.90667801880505, 206.90408676982307, 140.54734582068556)",0.8547652195924567,918.806219136,672.5435537289953,0.6795889794911046,31.317068092137195,21.334654553056662,10.09495238107494,0.473171588317497,0.6812468680110312,0.32234666257309985,0.21959765429173295,0.15252528231855791,20231108_P021N_B006,P021N_B006,20231108,40x,0.324,0.324,0.324,25,0.41597929190196525,"(202.42739044686655, 253.78822460385058, 208.09371854375522)",29.01990400995265,0,25
10,19194.0,22392.0,"(189.3564134625404, 354.27050119829113, 204.9012712305929)",0.8571811361200429,652.830627456,543.607134331008,0.6694723693710629,33.80225158453279,17.80623156015503,7.8858511227489485,0.44287030055225735,0.5267764934423124,0.23329366397466111,0.1228936182508811,0.10331883508139549,20231108_P021N_B006,P021N_B006,20231108,40x,0.324,0.324,0.324,25,0.50333234810327,"(202.42739044686655, 253.78822460385058, 208.09371854375522)",32.84684142652979,0,25
11,16844.0,20103.0,"(189.36529327950606, 282.23444549988125, 305.4395036808359)",0.8378848928020693,572.901901056,495.25762271158044,0.6735551039412339,32.528892055209155,15.546320546155897,8.51704089990588,0.5478493045746358,0.4779234570845557,0.26183003360367957,0.12513471482843594,0.14344340182652937,20231108_P021N_B006,P021N_B006,20231108,40x,0.324,0.324,0.324,25,0.5033668999202571,"(202.42739044686655, 253.78822460385058, 208.09371854375522)",33.130497574367354,2,25
12,19628.0,24265.0,"(209.45429997962094, 320.0309761565111, 283.9857856123905)",0.8089017102822996,667.591932672,623.1271302909336,0.592809084984772,39.24950731152309,19.690592588575043,6.8151310861450645,0.3461110200461599,0.5016774460960983,0.173636092602473,0.0871093114869143,0.06009736512747141,20231108_P021N_B006,P021N_B006,20231108,40x,0.324,0.324,0.324,25,0.5815342411658403,"(202.42739044686655, 253.78822460385058, 208.09371854375522)",32.71772058997214,1,25
13,20954.0,24463.0,"(207.58470936336738, 252.04905984537558, 113.17834303712895)",0.8565588848465029,712.692141696,642.4715850612065,0.6005716765068114,31.083801006504814,24.461632040131217,7.188920858020221,0.29388557747194605,0.7869575549982515,0.23127547549657188,0.18200398272784024,0.06796852667140894,20231108_P021N_B006,P021N_B006,20231108,40x,0.324,0.324,0.324,25,0.5742595695072661,"(202.42739044686655, 253.78822460385058, 208.09371854375522)",30.803099592013883,0,25
14,18672.0,21788.0,"(207.30409168808913, 168.18701799485862, 233.08568980291346)",0.856985496603635,635.076246528,598.6371488911035,0.5968580287192056,34.768613515281224,21.932839290935213,6.1749025149536925,0.28153685134171225,0.6308229484415726,0.17759990665833564,0.11203409676115939,0.05000091851916981,20231108_P021N_B006,P021N_B006,20231108,40x,0.324,0.324,0.324,25,0.57316767193809,"(202.42739044686655, 253.78822460385058, 208.09371854375522)",28.935843790559982,1,25
15,11864.0,16037.0,"(225.27697235333784, 175.9301247471342, 169.54661159811192)",0.739789237388539,403.521025536,471.51103248754583,0.5600623495882986,34.16791442308262,12.037735306941867,8.069700844925617,0.6703670282791496,0.35231109390772775,0.23617774105269987,0.08320803830693276,0.15832577041518095,20231108_P021N_B006,P021N_B006,20231108,40x,0.324,0.324,0.324,25,0.6431010597406142,"(202.42739044686655, 253.78822460385058, 208.09371854375522)",29.105709269020057,1,25
16,1750.0,2807.0,"(229.236, 190.78685714285714, 150.136)",0.6234413965087282,59.521392,133.60283529326244,0.5518027187623957,18.9636013118867,6.62009952335051,4.61714177787389,0.6974429555912628,0.34909505923861217,0.24347388989768465,0.08499553201688755,0.1698091493795429,20231108_P021N_B006,P021N_B006,20231108,40x,0.324,0.324,0.324,25,0.6585058365758755,"(202.42739044686655, 253.78822460385058, 208.09371854375522)",29.064391036514074,1,25
17,16162.0,18298.0,"(239.47531246132905, 352.67689642370993, 170.9609578022522)",0.883265930702809,549.705564288,471.47523469648473,0.6883014130620735,24.130809719739947,22.529089229104013,7.5077354091710715,0.333246290288214,0.9336234254366664,0.31112654305294407,0.2904750288693581,0.10368176628258989,20231108_P021N_B006,P021N_B006,20231108,40x,0.324,0.324,0.324,25,0.6983475193047823,"(202.42739044686655, 253.78822460385058, 208.09371854375522)",36.26826514573501,1,25
18,10564.0,12742.0,"(257.5561340401363, 179.79865581219235, 233.66120787580462)",0.829069219902684,359.305134336,374.4686158484906,0.652696045109057,25.442832351953335,16.75312111156541,6.230855059440291,0.3719220447310478,0.6584613253673077,0.24489628250692483,0.16125473075703636,0.09108232613700781,20231108_P021N_B006,P021N_B006,20231108,40x,0.324,0.324,0.324,25,0.768700910662009,"(202.42739044686655, 253.78822460385058, 208.09371854375522)",31.021762635214778,3,25
19,24677.0,27563.0,"(269.9799408355959, 322.48466183085463, 150.70709567613568)",0.8952944164278199,839.319651648,569.3892704765235,0.7557180116052735,28.417622099442628,19.429441705774043,11.065699831504151,0.5695325681033668,0.6837110310561532,0.3893956993580117,0.26623413509689803,0.22177353266377497,20231108_P021N_B006,P021N_B006,20231108,40x,0.324,0.324,0.324,25,0.8170425713447311,"(202.42739044686655, 253.78822460385058, 208.09371854375522)",36.33392691735937,2,25
20,14272.0,16899.0,"(281.4033071748879, 197.12352858744396, 191.73297365470853)",0.8445470146162495,485.422460928,425.7749064761244,0.7015370960476492,25.030427325786647,17.908514213388372,7.993423185685999,0.4463476472944992,0.715469775257844,0.3193482508966628,0.22848402129802098,0.1425403404553389,20231108_P021N_B006,P021N_B006,20231108,40x,0.324,0.324,0.324,25,0.8614914676065677,"(202.42739044686655, 253.78822460385058, 208.09371854375522)",31.9362071132687,2,25
21,1642.0,4208.0,"(268.45006090133984, 207.54811205846528, 264.2570036540804)",0.3902091254752852,55.848071808,172.9289065071245,0.40859086380800275,16.731103762907548,8.260310659195197,5.830028045611166,0.7057879886298594,0.49370984582069866,0.3484544790485489,0.17203540712659093,0.2459349858967408,20231108_P021N_B006,P021N_B006,20231108,40x,0.324,0.324,0.324,25,0.811089731133618,"(202.42739044686655, 253.78822460385058, 208.09371854375522)",31.830350371952022,2,25
22,28314.0,33564.0,"(283.2142756233665, 259.33672388217843, 268.723211132302)",0.843582409724705,963.022110336,654.8665984080021,0.7201486048469735,27.175607864538797,22.543569613483523,11.664361017874684,0.5174141104476249,0.8295516231267239,0.42922171515049723,0.35606157048433135,0.2220853719293984,20231108_P021N_B006,P021N_B006,20231108,40x,0.324,0.324,0.324,25,0.868538037445006,"(202.42739044686655, 253.78822460385058, 208.09371854375522)",32.77567414384463,0,25
23,12429.0,13939.0,"(290.87352160270336, 315.04714779950115, 237.43841016976427)",0.8916708515675443,422.737932096,343.7545082865342,0.792409854189312,19.581639780859902,16.634342108694806,9.564513498979439,0.5749859799973722,0.8494866770531682,0.4884429295001272,0.4149257611111779,0.28084783649141803,20231108_P021N_B006,P021N_B006,20231108,40x,0.324,0.324,0.324,25,0.8983405509832816,"(202.42739044686655, 253.78822460385058, 208.09371854375522)",36.13215215500989,0,25
24,35973.0,43576.0,"(297.5904706307508, 292.9446251355183, 177.1220915686765)",0.8255232237929135,1223.521733952,875.4346483380117,0.631928853408348,36.7788312187706,24.98347605388567,10.240407234949227,0.4098872075631982,0.6792895594010883,0.2784321006297473,0.1891360189599005,0.11412575622308252,20231108_P021N_B006,P021N_B006,20231108,40x,0.324,0.324,0.324,25,0.924476539419264,"(202.42739044686655, 253.78822460385058, 208.09371854375522)",34.81828461619264,1,25
25,14434.0,22186.0,"(305.90633227102677, 235.4887072190661, 211.09359844810862)",0.6505904624537997,490.93244121600003,551.7231862628864,0.5454781721727308,26.45417277558307,19.05048510234094,9.440061590282932,0.4955286723445656,0.7201315748540186,0.356845843200813,0.2569759590443116,0.17682734691297589,20231108_P021N_B006,P021N_B006,20231108,40x,0.324,0.324,0.324,25,0.9568339777082753,"(202.42739044686655, 253.78822460385058, 208.09371854375522)",34.06126648369178,1,25
1,17252.0,19730.0,"(88.74258057036866, 88.76762114537445, 68.38349176907025)",0.8744044602128738,586.778888448,441.9727836148756,0.7668991409156314,19.753968877390147,17.100018749857664,12.770464970048284,0.7468099980974923,0.8656497768116805,0.6464759081738257,0.5596217256248007,0.4827946717533693,20231108_P021N_A012b,P021N_A012b,20231108,40x,0.324,0.324,0.324,26,0.12495304158461172,"(150.3079869435676, 81.9493430666169, 88.20280169278163)",21.071444617112164,1,26
2,14066.0,15893.0,"(90.78444476041518, 90.24840039812314, 108.12256505047633)",0.8850437299440005,478.415942784,365.22813616682237,0.8099477313256105,18.87082207783192,13.759927378829378,13.66125878308066,0.9928292793245024,0.7291641732446594,0.7239355406317417,0.5278678599671695,0.7187444010828061,20231108_P021N_A012b,P021N_A012b,20231108,40x,0.324,0.324,0.324,26,0.1378762326608556,"(150.3079869435676, 81.9493430666169, 88.20280169278163)",20.51389157418546,1,26
3,16222.0,17828.0,"(103.75607200098632, 58.83972383183331, 86.40679324374307)",0.9099169845187346,551.7462977280001,387.8759631160566,0.8387210493787856,21.077080346790243,13.985201154047395,13.448256064162953,0.9616061947218365,0.6635264905737835,0.6380511836977906,0.4233638627254435,0.6135539707933959,20231108_P021N_A012b,P021N_A012b,20231108,40x,0.324,0.324,0.324,26,0.21997513924674883,"(150.3079869435676, 81.9493430666169, 88.20280169278163)",16.849124405560694,1,26
4,17582.0,19499.0,"(109.27334774200887, 61.98725969741781, 118.57137982027074)",0.9016872660136417,598.002922368,428.38336930125,0.801285086503153,24.06260663863654,15.892164945788425,11.394553748479083,0.7169919131438884,0.6604506811939025,0.4735377974464005,0.31274836089453545,0.3395227713370379,20231108_P021N_A012b,P021N_A012b,20231108,40x,0.324,0.324,0.324,26,0.25489460596208147,"(150.3079869435676, 81.9493430666169, 88.20280169278163)",17.759742881249284,1,26
5,14135.0,16191.0,"(108.93356915458082, 111.22879377431907, 108.83183586841174)",0.873015873015873,480.76278624,381.39603278935556,0.7781473608300403,20.99299844691408,15.215864732075271,10.98244315131499,0.7217758139084817,0.7248066430601755,0.5231479047210326,0.37918107664481615,0.3775955047245401,20231108_P021N_A012b,P021N_A012b,20231108,40x,0.324,0.324,0.324,26,0.2527441085732964,"(150.3079869435676, 81.9493430666169, 88.20280169278163)",17.730485876515267,2,26
6,12537.0,14449.0,"(115.52468692669697, 103.64856026162559, 60.85187843981814)",0.8676725032874247,426.411252288,356.4790288551796,0.7685448961358369,18.393651538855305,16.47027535299844,10.799316576538292,0.6556852478226638,0.8954326071800442,0.5871219509473412,0.5257281392694118,0.3849672019090333,20231108_P021N_A012b,P021N_A012b,20231108,40x,0.324,0.324,0.324,26,0.2944600438398543,"(150.3079869435676, 81.9493430666169, 88.20280169278163)",15.967668663703613,1,26
7,13937.0,15288.0,"(124.64346703020736, 43.94819545095788, 72.19279615412212)",0.9116300366300366,474.028365888,347.93215453501176,0.8450046753066186,19.65188534456799,15.029655235029894,11.481979604225675,0.7639549560301565,0.7647945716915281,0.5842686033887038,0.446845456281471,0.4463548952116181,20231108_P021N_A012b,P021N_A012b,20231108,40x,0.324,0.324,0.324,26,0.35217384196333773,"(150.3079869435676, 81.9493430666169, 88.20280169278163)",15.73678066127578,1,26
8,13135.0,14310.0,"(137.34442329653598, 116.64781119147317, 110.08420251237153)",0.9178895877009084,446.75056224,338.2171700122678,0.835600218743765,21.1929514014548,12.667527353729271,11.94264836741501,0.9427765998783607,0.5977236069564008,0.5635198298333852,0.3368291052794682,0.5312733091343512,20231108_P021N_A012b,P021N_A012b,20231108,40x,0.324,0.324,0.324,26,0.4325596411173163,"(150.3079869435676, 81.9493430666169, 88.20280169278163)",13.938905420381746,2,26
9,2012.0,3632.0,"(132.04771371769382, 87.69333996023857, 45.5213717693837)",0.5539647577092511,68.432594688,143.63916455389253,0.5632742854869033,13.551153743338656,10.109495610273903,5.198117189134335,0.5141816554974001,0.7460247150722078,0.38359222303780405,0.28616927889569255,0.19723608427750602,20231108_P021N_A012b,P021N_A012b,20231108,40x,0.324,0.324,0.324,26,0.39903616277021414,"(150.3079869435676, 81.9493430666169, 88.20280169278163)",15.155913576288503,1,26
10,19417.0,21421.0,"(144.30658701138177, 49.822114641808724, 112.82226914559406)",0.9064469445870874,660.415353408,447.70999007107935,0.8191537934062104,21.87416795973135,19.06543432155522,11.477980449115133,0.6020308929515561,0.8715958639731216,0.5247276362806214,0.4573504374945821,0.31590224742638184,20231108_P021N_A012b,P021N_A012b,20231108,40x,0.324,0.324,0.324,26,0.476623968426467,"(150.3079869435676, 81.9493430666169, 88.20280169278163)",13.257475792211785,0,26
11,13124.0,14528.0,"(145.22081682413898, 129.33229198415117, 93.66435537945748)",0.9033590308370044,446.376427776,355.243179135053,0.7951075512920591,22.39287962245947,15.691369578354333,9.187631184070252,0.5855213044465061,0.7007303144083489,0.4102925277575868,0.28750441197496995,0.2402350160572765,20231108_P021N_A012b,P021N_A012b,20231108,40x,0.324,0.324,0.324,26,0.48241023306417075,"(150.3079869435676, 81.9493430666169, 88.20280169278163)",15.541370911335425,2,26
12,11557.0,12498.0,"(147.87280436099334, 25.75772259236826, 90.50237951025352)",0.9247079532725236,393.079272768,305.2896892120417,0.8500127047697721,16.89837242550699,16.259564531066438,10.17692536535786,0.6259039315544555,0.9621970756499416,0.6022429325794983,0.5794763885588382,0.3769462192523928,20231108_P021N_A012b,P021N_A012b,20231108,40x,0.324,0.324,0.324,26,0.4991949643100844,"(150.3079869435676, 81.9493430666169, 88.20280169278163)",18.23839826062724,2,26
13,9348.0,10219.0,"(161.9226572528883, 36.55466409927257, 60.507488232777064)",0.9147666112144045,317.946269952,273.49051803442524,0.8237163255500506,20.717791030081127,11.340640289607588,9.630879860030923,0.849235987923586,0.5473865564693449,0.46486036305933387,0.25445831337413816,0.39477614966921026,20231108_P021N_A012b,P021N_A012b,20231108,40x,0.324,0.324,0.324,26,0.58811808387904,"(150.3079869435676, 81.9493430666169, 88.20280169278163)",17.635269202198412,2,26
14,9693.0,10680.0,"(160.36779118951821, 125.2764881873517, 55.70122769008563)",0.9075842696629214,329.680487232,289.6809167023293,0.7966967898310102,19.168557864585118,15.201679667779516,8.056454315337385,0.5299713249722869,0.793052861627394,0.42029527584973375,0.33331637124110625,0.22274444422167625,20231108_P021N_A012b,P021N_A012b,20231108,40x,0.324,0.324,0.324,26,0.5782771594273305,"(150.3079869435676, 81.9493430666169, 88.20280169278163)",17.848822935755734,1,26
15,9939.0,11008.0,"(167.3295100110675, 139.26984606097193, 78.28795653486266)",0.9028888081395349,338.047494336,287.42352387905976,0.8164826533581748,19.708371672453435,13.357572315576103,9.284120153859122,0.6950454719255401,0.6777613360238228,0.4710749476495625,0.31927638588631985,0.32741850930138927,20231108_P021N_A012b,P021N_A012b,20231108,40x,0.324,0.324,0.324,26,0.6223386709561235,"(150.3079869435676, 81.9493430666169, 88.20280169278163)",19.637918949052384,2,26
16,16208.0,17791.0,"(173.41806515301087, 106.03282329713721, 118.65763820335637)",0.9110224270698668,551.270126592,403.8766337159819,0.8050293280569755,24.24136362003628,15.467865713456172,10.592610412262903,0.6848139626042867,0.638077376995058,0.43696429698813494,0.27881703246267864,0.2992392517370411,20231108_P021N_A012b,P021N_A012b,20231108,40x,0.324,0.324,0.324,26,0.6608738300823472,"(150.3079869435676, 81.9493430666169, 88.20280169278163)",14.63959070808053,0,26
17,2251.0,3258.0,"(167.2661039537983, 67.5304309195913, 41.90892936472679)",0.690914671577655,76.561516224,127.36294574068084,0.6846175790231617,12.426568371037135,9.910824730354083,5.061208905770918,0.5106748472980106,0.7975512172333474,0.40728934607298223,0.32483411372668103,0.2079924246119268,20231108_P021N_A012b,P021N_A012b,20231108,40x,0.324,0.324,0.324,26,0.6219373667961918,"(150.3079869435676, 81.9493430666169, 88.20280169278163)",16.643023699528428,1,26
18,9042.0,9929.0,"(175.64222517142224, 29.66467595664676, 86.92125635921256)",0.9106657266592809,307.538529408,259.1574625366819,0.850198030023122,15.944893962388255,13.879844045706843,10.004960926329355,0.7208266096782245,0.8704883255070512,0.6274711484397224,0.5462063093092805,0.4522979006007071,20231108_P021N_A012b,P021N_A012b,20231108,40x,0.324,0.324,0.324,26,0.6749507922241915,"(150.3079869435676, 81.9493430666169, 88.20280169278163)",18.82870017617659,1,26
19,18129.0,19993.0,"(181.8689944288157, 61.679519002702854, 107.84908158199569)",0.9067673685790026,616.607608896,430.3645182110971,0.8140546958864263,25.110443293290082,15.90733577662957,11.198702179856133,0.7039960894211351,0.6334948208931169,0.4459778765772967,0.2825246750446272,0.3139666810787585,20231108_P021N_A012b,P021N_A012b,20231108,40x,0.324,0.324,0.324,26,0.7143607242330108,"(150.3079869435676, 81.9493430666169, 88.20280169278163)",13.719168826328083,0,26
20,11700.0,12845.0,"(185.43418803418803, 131.4569230769231, 97.89564102564103)",0.9108602569093033,397.9430208,330.9969948384578,0.790449268613898,23.87111835391553,13.701286439229031,8.865066957757419,0.6470244233691281,0.5739691888788963,0.3713720834660141,0.21315613351925386,0.24028680815998948,20231108_P021N_A012b,P021N_A012b,20231108,40x,0.324,0.324,0.324,26,0.7369252407227092,"(150.3079869435676, 81.9493430666169, 88.20280169278163)",19.916914380178973,2,26
21,9896.0,11308.0,"(185.77819320937752, 59.081042845594176, 50.949373484236055)",0.8751326494517156,336.584968704,281.912246337777,0.8300418579422095,17.8730386158565,12.204724642666463,11.3496526114871,0.9299392607195643,0.6828567265466962,0.6350152794622164,0.43362445504070446,0.5905256395287211,20231108_P021N_A012b,P021N_A012b,20231108,40x,0.324,0.324,0.324,26,0.7391024886669463,"(150.3079869435676, 81.9493430666169, 88.20280169278163)",18.238962941582916,2,26
22,12275.0,13389.0,"(195.4956415478615, 104.48252545824847, 65.48065173116089)",0.9167973709761744,417.5000496,318.7643060119196,0.8474591905975718,20.330600866850496,12.7795865443101,11.644270219622069,0.9111617327562517,0.6285887282922121,0.5727459948617807,0.36002167654462464,0.5218642331074634,20231108_P021N_A012b,P021N_A012b,20231108,40x,0.324,0.324,0.324,26,0.8006053262522881,"(150.3079869435676, 81.9493430666169, 88.20280169278163)",17.9402534305725,1,26
23,10400.0,11298.0,"(196.12057692307692, 86.98682692307692, 48.40682692307692)",0.9205169056470172,353.7271296,288.50743015659356,0.838377025778009,19.609308875288495,12.278511131496318,10.666155594739273,0.868684768088771,0.6261572607981919,0.5439332748835775,0.3405877694580908,0.4725065507480063,20231108_P021N_A012b,P021N_A012b,20231108,40x,0.324,0.324,0.324,26,0.8045606134371958,"(150.3079869435676, 81.9493430666169, 88.20280169278163)",19.729150567853868,2,26
24,12410.0,13523.0,"(202.20942788074134, 89.87340854149879, 103.76873489121677)",0.91769577756415,422.09169984,333.747479642278,0.8153373506580851,22.193041637598593,13.853912764747168,9.90231125743084,0.7147663931180785,0.6242457879805174,0.44618991029398725,0.27853217214042647,0.3189215528265123,20231108_P021N_A012b,P021N_A012b,20231108,40x,0.324,0.324,0.324,26,0.8430976448148186,"(150.3079869435676, 81.9493430666169, 88.20280169278163)",17.742805219952498,0,26
25,10320.0,11941.0,"(202.42751937984497, 55.79137596899225, 78.84147286821705)",0.8642492253580102,351.00615168,302.62133674387945,0.7951719732481547,22.248825547335315,12.527585987391332,9.25788285589404,0.7389997454586896,0.563067293630325,0.4161065866689235,0.23429600961742303,0.30750266163201856,20231108_P021N_A012b,P021N_A012b,20231108,40x,0.324,0.324,0.324,26,0.8444779707585125,"(150.3079869435676, 81.9493430666169, 88.20280169278163)",19.136086731193437,2,26
26,9579.0,10713.0,"(213.85666562271635, 74.2199603298883, 71.86626996554963)",0.8941472976757211,325.803093696,275.8975184794162,0.8299268198534119,17.903640752844776,13.522089526667793,9.910923069632892,0.7329431631174247,0.7552703784295504,0.553570260175049,0.41809521988975384,0.4057355375004361,20231108_P021N_A012b,P021N_A012b,20231108,40x,0.324,0.324,0.324,26,0.9168143393842807,"(150.3079869435676, 81.9493430666169, 88.20280169278163)",21.406227092128553,3,26
1,15500.0,18099.0,"(25.20774193548387, 100.12212903225806, 62.29483870967742)",0.8564009061274104,527.189472,424.7736309718156,0.7429696296838006,19.630903511911278,15.968959688641595,12.64517406975963,0.7918596023981381,0.8134602505153288,0.6441463105397581,0.5239874191401964,0.5100734413502405,20231108_P021N_B003a,P021N_B003a,20231108,40x,0.324,0.324,0.324,25,0.1423080417991822,"(76.86542624887097, 93.63745987632878, 86.39311609810325)",18.58781605767659,0,25
2,15827.0,18322.0,"(30.7359575409111, 59.889429455992925, 76.6969103430846)",0.8638249099443293,538.311469248,412.5279147980637,0.7757465835077516,22.02848137543731,16.34635395400531,11.170613700972785,0.6833703547839594,0.7420554179568722,0.507098674238547,0.37629531865746085,0.34653620092487136,20231108_P021N_B003a,P021N_B003a,20231108,40x,0.324,0.324,0.324,25,0.18123913761205002,"(76.86542624887097, 93.63745987632878, 86.39311609810325)",18.78326630056592,2,25
3,18214.0,20578.0,"(31.390359064455915, 61.16355550675305, 46.17261447238388)",0.885120031101176,619.498647936,445.21764605417115,0.7893543329821332,22.944937883450997,16.046299670577103,12.25276326911086,0.7635880870140942,0.6993394251962858,0.5340072538591681,0.37345232596451766,0.40776157742597197,20231108_P021N_B003a,P021N_B003a,20231108,40x,0.324,0.324,0.324,25,0.1858475990454642,"(76.86542624887097, 93.63745987632878, 86.39311609810325)",22.307170472833068,2,25
4,20011.0,22066.0,"(36.16361001449203, 59.71820498725701, 109.008995052721)",0.9068702981963201,680.618614464,458.9688437259494,0.8152737657795738,20.842186476952026,18.20555443182127,13.164865614457508,0.7231235754867645,0.8734954200680226,0.6316451313309018,0.5517391293258074,0.4567574858068086,20231108_P021N_B003a,P021N_B003a,20231108,40x,0.324,0.324,0.324,25,0.21946204235557767,"(76.86542624887097, 93.63745987632878, 86.39311609810325)",18.66485143307882,1,25
5,13283.0,14619.0,"(40.609500865768275, 80.27900323722051, 129.86433787547995)",0.9086120801696422,451.784371392,357.245359667622,0.7970244855264969,24.42109704010177,12.23339562680074,10.903465236486605,0.891286897694983,0.5009355479285938,0.4464772904584129,0.22365634613345897,0.3979393591039407,20231108_P021N_B003a,P021N_B003a,20231108,40x,0.324,0.324,0.324,25,0.25077113285752306,"(76.86542624887097, 93.63745987632878, 86.39311609810325)",18.844124144024676,2,25
6,16346.0,18972.0,"(44.80086871405849, 102.04600513887189, 147.8140217790285)",0.8615854944128188,555.963813504,464.21136636867647,0.7043676006902193,29.01876781429013,14.960566886832273,9.39654546800264,0.6280875276372799,0.5155479716635324,0.3238092509005625,0.16693920250767286,0.203380551824214,20231108_P021N_B003a,P021N_B003a,20231108,40x,0.324,0.324,0.324,25,0.2802878078454823,"(76.86542624887097, 93.63745987632878, 86.39311609810325)",22.613638289288094,2,25
7,14384.0,17610.0,"(35.089265850945495, 132.231159621802, 116.75431034482759)",0.8168086314593981,489.231830016,411.65045056189916,0.7293992841187232,19.985900984098613,18.001789407016645,10.27193539514977,0.570606352674364,0.9007244367586636,0.5139590856235319,0.4629355079152535,0.2932683192714947,20231108_P021N_B003a,P021N_B003a,20231108,40x,0.324,0.324,0.324,25,0.2118962383869401,"(76.86542624887097, 93.63745987632878, 86.39311609810325)",20.888637954173994,0,25
8,15069.0,16950.0,"(38.10372287477603, 137.93848297829982, 70.5753533744774)",0.8890265486725664,512.530203456,389.6075825756448,0.794943689722227,20.94591587604825,15.486722046941088,11.61342887871116,0.7498958684420262,0.7393671462535675,0.5544483682373216,0.40994090776857556,0.4157785406055905,20231108_P021N_B003a,P021N_B003a,20231108,40x,0.324,0.324,0.324,25,0.233124808977296,"(76.86542624887097, 93.63745987632878, 86.39311609810325)",19.748728691134684,0,25
9,9523.0,10878.0,"(56.83156568308306, 34.60107109104274, 51.041163498897404)",0.8754366611509469,323.898409152,305.7365430494021,0.7460065667826393,24.736151089876934,11.509576415991816,8.190055698616131,0.7115861959295544,0.46529374655631106,0.3310966071018156,0.1540571807904867,0.2356037751327633,20231108_P021N_B003a,P021N_B003a,20231108,40x,0.324,0.324,0.324,25,0.3650110259372047,"(76.86542624887097, 93.63745987632878, 86.39311609810325)",23.220678607576552,1,25
10,11798.0,13503.0,"(68.69749110018647, 136.8398033565011, 132.3510764536362)",0.8737317633118566,401.27621875200003,360.22765656073324,0.7303583855847301,21.891337506436965,17.93018267421065,7.409352984069867,0.4132335469580515,0.8190537772732446,0.33846049753201274,0.2772173489613767,0.13986323190034045,20231108_P021N_B003a,P021N_B003a,20231108,40x,0.324,0.324,0.324,25,0.4485738809872287,"(76.86542624887097, 93.63745987632878, 86.39311609810325)",20.60724504908223,1,25
11,14978.0,16405.0,"(78.98524502603819, 40.58439043931099, 81.2691280544799)",0.9130143249009448,509.43509107200003,403.00940011116876,0.7654112707814935,26.049179155322634,16.225060191950305,8.639776060808702,0.5324957786655935,0.6228626282312253,0.3316717202216844,0.20658591936724996,0.1766137909208027,20231108_P021N_B003a,P021N_B003a,20231108,40x,0.324,0.324,0.324,25,0.5210228522960436,"(76.86542624887097, 93.63745987632878, 86.39311609810325)",17.282832593078705,0,25
12,13728.0,15564.0,"(75.23579545454545, 150.15515734265733, 56.429997086247084)",0.882035466461064,466.919811072,398.6100418320159,0.7301813843373641,20.974085795769113,20.6623949414658,7.9667160067767675,0.38556595347952466,0.9851392400441983,0.3798361503977356,0.3741914965441391,0.14645188749409507,20231108_P021N_B003a,P021N_B003a,20231108,40x,0.324,0.324,0.324,25,0.49461827784891166,"(76.86542624887097, 93.63745987632878, 86.39311609810325)",20.73269474506164,1,25
13,9284.0,10370.0,"(76.81150366221456, 70.72619560534253, 27.170508401551057)",0.895274831243973,315.769487616,288.23227805289434,0.778015564330343,19.868883449961285,14.759174999878216,7.820379608192267,0.5298656332929718,0.7428286061996591,0.3935993498521179,0.2923768564517408,0.20855476877309442,20231108_P021N_B003a,P021N_B003a,20231108,40x,0.324,0.324,0.324,25,0.5057148145226378,"(76.86542624887097, 93.63745987632878, 86.39311609810325)",20.573990306836258,1,25
14,13596.0,15919.0,"(83.39894086496028, 103.12930273609885, 144.90180935569285)",0.8540737483510271,462.43019750400003,411.20656633788576,0.7032691083668965,22.27460510491958,19.72353230040396,7.894774057081754,0.4002718142388755,0.8854716933252303,0.3544293611444591,0.3138371665767638,0.14186808340481824,20231108_P021N_B003a,P021N_B003a,20231108,40x,0.324,0.324,0.324,25,0.5521052173588752,"(76.86542624887097, 93.63745987632878, 86.39311609810325)",19.320968099672776,2,25
15,12247.0,14047.0,"(86.19278190577285, 122.11251735118805, 41.54674614191231)",0.8718587598775539,416.547707328,366.628357351723,0.7357008149624901,26.19659654924074,14.772963959257094,7.910721201246722,0.5354863941362068,0.5639268418509602,0.30197515109938966,0.17029189327694533,0.16170358478094837,20231108_P021N_B003a,P021N_B003a,20231108,40x,0.324,0.324,0.324,25,0.5717801542660059,"(76.86542624887097, 93.63745987632878, 86.39311609810325)",17.475063553268544,2,25
16,15934.0,17514.0,"(89.01594075561692, 46.633425379691225, 41.70722982301996)",0.9097864565490464,541.950777216,394.67601484712605,0.8144853661666858,24.186052914962715,14.588777350028371,11.080505851600503,0.7595225827186234,0.6031896730451216,0.4581361783404328,0.27634301162330716,0.34796477340996534,20231108_P021N_B003a,P021N_B003a,20231108,40x,0.324,0.324,0.324,25,0.5916615546170206,"(76.86542624887097, 93.63745987632878, 86.39311609810325)",21.378704138416204,1,25
17,12872.0,14276.0,"(100.85596643878185, 57.44383157240522, 120.62492231199502)",0.9016531241244046,437.805347328,359.2225962993334,0.7762015724348775,24.336546701873665,14.564425416347602,8.93405764956971,0.6134164166573864,0.5984590005625692,0.367104575641452,0.2196970374403294,0.22518797332850993,20231108_P021N_B003a,P021N_B003a,20231108,40x,0.324,0.324,0.324,25,0.6750420171745201,"(76.86542624887097, 93.63745987632878, 86.39311609810325)",17.915006582226294,0,25
18,14495.0,16400.0,"(105.46919627457744, 144.89072093825456, 103.55522593997931)",0.8838414634146341,493.00718688,379.67652473193925,0.7948878870354666,23.753737621689098,12.865367994269851,11.81918999665458,0.9186826215867878,0.5416144692329481,0.49757180048426136,0.26949208662456553,0.45711056609653933,20231108_P021N_B003a,P021N_B003a,20231108,40x,0.324,0.324,0.324,25,0.7075295512294186,"(76.86542624887097, 93.63745987632878, 86.39311609810325)",19.813362811630764,1,25
19,12155.0,13656.0,"(109.27823940765117, 143.96610448375154, 70.12389962978199)",0.8900849443468073,413.41858272,353.65902215143154,0.7588560109620208,24.99838296068362,14.436597668362708,8.386691481039003,0.5809326874446422,0.5775012604242429,0.3354893592209236,0.193745527809005,0.1948967350612921,20231108_P021N_B003a,P021N_B003a,20231108,40x,0.324,0.324,0.324,25,0.7343537986454308,"(76.86542624887097, 93.63745987632878, 86.39311609810325)",20.09910263113573,1,25
20,23780.0,25800.0,"(113.3163582842725, 98.60546677880572, 121.98948696383516)",0.9217054263565891,808.81068672,493.974704135941,0.8498533721009144,21.39035645963839,18.276430756314227,14.800473579305086,0.8098120347810116,0.8544238517389904,0.6919227179421811,0.5911952737698694,0.5603273441279656,20231108_P021N_B003a,P021N_B003a,20231108,40x,0.324,0.324,0.324,25,0.7627912555230457,"(76.86542624887097, 93.63745987632878, 86.39311609810325)",16.585677275190108,0,25
21,12204.0,13630.0,"(118.95403146509341, 105.4869714847591, 46.389380530973455)",0.895377842993397,415.085181696,346.4501038247683,0.7767267252165193,24.462915373401948,13.933976094066612,8.876781587742027,0.6370601993153951,0.569595891633454,0.36286687225323844,0.206687479645326,0.23116804196260207,20231108_P021N_B003a,P021N_B003a,20231108,40x,0.324,0.324,0.324,25,0.8024931793316438,"(76.86542624887097, 93.63745987632878, 86.39311609810325)",19.201368646278866,3,25
22,14684.0,16541.0,"(123.68441841460093, 62.97500681013348, 79.42638245709615)",0.8877335106704553,499.435497216,389.8980895624199,0.7807631152449737,23.048422063310856,15.993602276121047,9.962569664862594,0.6229096793120225,0.6939131118038716,0.4322451939441572,0.29994060759205815,0.2692497151439179,20231108_P021N_B003a,P021N_B003a,20231108,40x,0.324,0.324,0.324,25,0.8358057634831051,"(76.86542624887097, 93.63745987632878, 86.39311609810325)",18.272966445724997,0,25
23,13471.0,14986.0,"(121.87417415188182, 76.9320763120778, 45.636701061539604)",0.8989056452689177,458.178669504,347.8047207680764,0.8263649654956664,20.472987902903245,14.000380555003769,11.566216610333555,0.8261358728709529,0.6838464723079524,0.5649501023098522,0.3863391344946092,0.4667255459002839,20231108_P021N_B003a,P021N_B003a,20231108,40x,0.324,0.324,0.324,25,0.823057564449872,"(76.86542624887097, 93.63745987632878, 86.39311609810325)",20.40413658540444,1,25
24,13552.0,15185.0,"(132.33928571428572, 107.9504132231405, 78.52169421487604)",0.8924596641422456,460.933659648,357.97052894555003,0.8061127682240448,23.347686650822894,13.718892008676722,10.456857477983728,0.762223178910522,0.5875910626114728,0.4478755276431284,0.26316765720549984,0.3413811084363727,20231108_P021N_B003a,P021N_B003a,20231108,40x,0.324,0.324,0.324,25,0.8967555331991951,"(76.86542624887097, 93.63745987632878, 86.39311609810325)",18.736528091934133,2,25
25,12890.0,14262.0,"(131.36066718386346, 125.14072924747866, 104.50232738557021)",0.9038003085121301,438.41756736,330.4734361551824,0.8445127298665928,17.231931491781218,14.568426079707514,12.746700223068647,0.874953831891534,0.8454319869282173,0.739713956566517,0.6253778400585635,0.6472155608015216,20231108_P021N_B003a,P021N_B003a,20231108,40x,0.324,0.324,0.324,25,0.8898638534074891,"(76.86542624887097, 93.63745987632878, 86.39311609810325)",21.221705180429925,3,25
1,3000.0,5805.0,"(63.96933333333333, 226.77733333333333, 345.5586666666667)",0.5167958656330749,102.036672,234.4047745277798,0.4504934987830072,15.022531166081572,11.505058920020982,6.464572422902653,0.5618895537903827,0.7658535564231367,0.430325113087374,0.32956601827615384,0.2417951857774606,20231108_P021N_A010,P021N_A010,20231108,40x,0.324,0.324,0.324,94,0.05468949771689498,"(198.82723781763713, 279.90533655546517, 263.5194220310161)",53.96295313051365,3,94
2,2585.0,5201.0,"(67.9404255319149, 210.50599613152804, 299.0847195357834)",0.49701980388386846,87.92159904,234.66541640256975,0.40747292103304167,15.109046328777138,13.091269900462462,4.2350695855368565,0.3235033436586048,0.8664524295969919,0.2803002580957487,0.24286683964372538,0.0906780707223446,20231108_P021N_A010,P021N_A010,20231108,40x,0.324,0.324,0.324,94,0.06828912853395512,"(198.82723781763713, 279.90533655546517, 263.5194220310161)",49.36352022258496,2,94
3,12405.0,14740.0,"(91.14768238613462, 382.05675130995564, 287.38291011688835)",0.8415875169606513,421.92163872000003,380.5224703526197,0.7149214866334809,22.64203986228281,14.724205445245966,9.54904187053669,0.6485268020774465,0.6503038390005487,0.42173946908571247,0.27425879580449203,0.27350934919599723,20231108_P021N_A010,P021N_A010,20231108,40x,0.324,0.324,0.324,94,0.1477660355689542,"(198.82723781763713, 279.90533655546517, 263.5194220310161)",48.7070874179183,2,94
4,7454.0,9635.0,"(87.3768446471693, 343.36718540381, 348.4161524013952)",0.7736377789309808,253.527117696,327.6190700492252,0.5912864098562524,19.830493846664567,12.29106532751463,8.256483710044368,0.6717467924901109,0.6198063155942005,0.41635290446551765,0.25805815970371665,0.279683728118653,20231108_P021N_A010,P021N_A010,20231108,40x,0.324,0.324,0.324,94,0.1348522076957853,"(198.82723781763713, 279.90533655546517, 263.5194220310161)",49.832897099830646,2,94
5,1552.0,3035.0,"(83.26997422680412, 378.3601804123711, 259.28157216494844)",0.5113673805601318,52.786971648,150.70627132607834,0.4515480431810982,16.360318805668356,6.5843855021325,4.514686960786106,0.6856656493341594,0.40246070876389095,0.27595348320607926,0.11106043443698313,0.1892118242485194,20231108_P021N_A010,P021N_A010,20231108,40x,0.324,0.324,0.324,94,0.12078758296850728,"(198.82723781763713, 279.90533655546517, 263.5194220310161)",49.20619992306719,3,94
6,6060.0,8052.0,"(84.38564356435644, 212.91963696369638, 352.2386138613861)",0.7526080476900149,206.11407744000002,260.6563786908122,0.6473724356506009,18.479814793712933,13.011632699423563,6.94102552832864,0.5334476993526062,0.7040997350173815,0.3756003837598018,0.2644601306777033,0.20036316059262224,20231108_P021N_A010,P021N_A010,20231108,40x,0.324,0.324,0.324,94,0.12460836837108369,"(198.82723781763713, 279.90533655546517, 263.5194220310161)",51.6930373478691,4,94
7,10581.0,13126.0,"(93.95397410452698, 206.7714771760703, 328.6077875437104)",0.8061100106658541,359.883342144,377.3573360451934,0.648394253437724,21.734975532734865,17.463942934638567,7.337171934969334,0.4201326105124028,0.8034949433615082,0.33757442808798566,0.27123934597684957,0.1418260257148368,20231108_P021N_A010,P021N_A010,20231108,40x,0.324,0.324,0.324,94,0.15737662364564037,"(198.82723781763713, 279.90533655546517, 263.5194220310161)",46.484073651580445,6,94
8,11945.0,21039.0,"(101.13511929677689, 251.24621180410213, 369.8578484721641)",0.5677551214411332,406.27601568,517.1551740859304,0.5129527630484194,32.98137781192262,12.237032720500817,9.433495463886638,0.7708972983362717,0.3710285479970817,0.28602490525658003,0.10612340528835175,0.22049582671918563,20231108_P021N_A010,P021N_A010,20231108,40x,0.324,0.324,0.324,94,0.18196958663279758,"(198.82723781763713, 279.90533655546517, 263.5194220310161)",47.69843047793403,5,94
9,3348.0,5332.0,"(97.23626045400239, 287.0854241338112, 162.50388291517325)",0.627906976744186,113.872925952,213.84143124272444,0.5312993182315874,21.001590753167882,9.057155322828123,5.046620815842203,0.5571971149840435,0.43126044256728224,0.2402970744052314,0.10363062265562326,0.13389283659770096,20231108_P021N_A010,P021N_A010,20231108,40x,0.324,0.324,0.324,94,0.168617330321926,"(198.82723781763713, 279.90533655546517, 263.5194220310161)",46.47612517801984,2,94
10,4137.0,6199.0,"(102.5861735557167, 368.2994923857868, 225.66424945612764)",0.66736570414583,140.708570688,257.71838535223475,0.507636012136212,18.99839868863195,9.904523503868978,6.141653167405843,0.6200856775196449,0.5213346485772791,0.3232721487775081,0.16853297207774406,0.20045642939793254,20231108_P021N_A010,P021N_A010,20231108,40x,0.324,0.324,0.324,94,0.1869389505332764,"(198.82723781763713, 279.90533655546517, 263.5194220310161)",44.07934364324575,4,94
11,1110.0,2330.0,"(94.24324324324324, 274.6900900900901, 370.79459459459457)",0.47639484978540775,37.75356864,125.53511734398607,0.433535066561737,10.966915160225465,8.78091428342119,4.916893604207749,0.5599523518286805,0.8006731296023508,0.4483388019668663,0.35897283169297944,0.2510483665773999,20231108_P021N_A010,P021N_A010,20231108,40x,0.324,0.324,0.324,94,0.15836727138097,"(198.82723781763713, 279.90533655546517, 263.5194220310161)",48.57080246407111,3,94
12,6673.0,8969.0,"(106.516109695789, 358.41540536490334, 202.70822718417503)",0.7440071356895975,226.963570752,304.61732703267046,0.590699983226785,20.11628941177372,14.364661505425374,5.93926598813534,0.4134636925410421,0.7140810718808799,0.29524659675353393,0.21083000627894538,0.12207374810389217,20231108_P021N_A010,P021N_A010,20231108,40x,0.324,0.324,0.324,94,0.20039763594448287,"(198.82723781763713, 279.90533655546517, 263.5194220310161)",43.92940196587979,4,94
13,5307.0,7242.0,"(107.49067269643866, 199.71075937441117, 232.95647258338045)",0.7328086164043082,180.502872768,242.78107101041218,0.6361976301830558,20.222076504127468,10.484046107996669,6.644730643972117,0.6337944888380329,0.5184455763411241,0.32858794904746214,0.1703549686226594,0.20825723120487385,20231108_P021N_A010,P021N_A010,20231108,40x,0.324,0.324,0.324,94,0.2037351804672557,"(198.82723781763713, 279.90533655546517, 263.5194220310161)",40.606950138381556,2,94
14,3975.0,5446.0,"(105.74716981132076, 356.9071698113207, 330.20100628930817)",0.729893499816379,135.1985904,196.03308534474348,0.6498346403083887,13.525878931514598,10.4212707327044,7.718798508103702,0.7406772845733962,0.7704690235266988,0.5706689041936713,0.4396827133711492,0.42268149434864405,20231108_P021N_A010,P021N_A010,20231108,40x,0.324,0.324,0.324,94,0.197764280175756,"(198.82723781763713, 279.90533655546517, 263.5194220310161)",44.70685217011408,4,94
15,4364.0,5940.0,"(112.2724564619615, 312.41315307057744, 165.2222731439047)",0.7346801346801347,148.429345536,234.446298167727,0.5782565930025249,23.032903197061906,10.514873719371923,4.714749321763088,0.44838858245885904,0.45651534369810615,0.20469626783151265,0.09344698706282258,0.09178346936759091,20231108_P021N_A010,P021N_A010,20231108,40x,0.324,0.324,0.324,94,0.22011115226699143,"(198.82723781763713, 279.90533655546517, 263.5194220310161)",43.722978035178144,4,94
16,12680.0,14568.0,"(119.21127760252367, 194.89471608832807, 300.7851735015773)",0.8704008786381109,431.27500032,408.53393914350636,0.6757076550032676,24.840004001897682,18.145849040988814,6.862594641256061,0.3781908813279812,0.7305091029615993,0.2762718814671602,0.2018191243040885,0.10448350633820484,20231108_P021N_A010,P021N_A010,20231108,40x,0.324,0.324,0.324,94,0.24387423836480707,"(198.82723781763713, 279.90533655546517, 263.5194220310161)",39.621163631111564,3,94
17,9870.0,11749.0,"(121.85339412360689, 328.839412360689, 354.4279635258359)",0.840071495446421,335.70065088,318.86430298526136,0.7325653016026876,25.35045456069978,10.273005329169658,9.971944609012848,0.9706939974710259,0.4052394920403384,0.393363542461764,0.1594064421343933,0.38183562949157335,20231108_P021N_A010,P021N_A010,20231108,40x,0.324,0.324,0.324,94,0.2529225826150921,"(198.82723781763713, 279.90533655546517, 263.5194220310161)",41.72420537153419,5,94
18,1368.0,1903.0,"(111.00877192982456, 339.2916666666667, 177.12061403508773)",0.7188649500788229,46.528722432,94.59958072527749,0.6613159513062383,11.645983736726407,7.565484550801001,4.401130963839085,0.5817381470130836,0.6496217684851068,0.3779097638578884,0.24549840912515059,0.21984452576483995,20231108_P021N_A010,P021N_A010,20231108,40x,0.324,0.324,0.324,94,0.21578346551309782,"(198.82723781763713, 279.90533655546517, 263.5194220310161)",44.310566436713714,4,94
19,1204.0,1619.0,"(112.56976744186046, 268.34302325581393, 381.30232558139534)",0.74366893143916,40.950717696,92.68451588605292,0.6198947386992514,10.714848004788694,7.580520413695097,4.007501692028894,0.528657859002513,0.7074781098441341,0.3740138628413447,0.2646066207384978,0.19772536796696485,20231108_P021N_A010,P021N_A010,20231108,40x,0.324,0.324,0.324,94,0.22112934055431666,"(198.82723781763713, 279.90533655546517, 263.5194220310161)",47.44896831515908,6,94
20,8776.0,10299.0,"(119.22025979945306, 220.1349134001823, 362.38400182315405)",0.8521215652005049,298.491277824,294.1535721345068,0.7342846134372838,17.990558292986282,15.58865585278243,7.800154038739984,0.5003737405202725,0.8664909448007377,0.4335693151768901,0.3756838855442324,0.21694670000987348,20231108_P021N_A010,P021N_A010,20231108,40x,0.324,0.324,0.324,94,0.24390499931319543,"(198.82723781763713, 279.90533655546517, 263.5194220310161)",45.45707249072414,5,94
21,5157.0,6412.0,"(119.24801241031608, 307.44444444444446, 364.1460151250727)",0.8042732376793512,175.401039168,229.4698719538158,0.6603586827275036,17.040006144758657,9.76881772832354,8.045627489378061,0.823602989955551,0.5732872186391984,0.4721610673745455,0.27068390506486834,0.38887326683027995,20231108_P021N_A010,P021N_A010,20231108,40x,0.324,0.324,0.324,94,0.24400004250108245,"(198.82723781763713, 279.90533655546517, 263.5194220310161)",42.513154536336216,4,94
22,20060.0,32163.0,"(151.17726819541375, 207.72876370887337, 206.70757726819542)",0.6236980381183347,682.28521344,781.8034510115253,0.47939906301924784,52.04747915013583,15.064252567545244,8.338338033031253,0.553518204480689,0.28943289499364605,0.16020637635453075,0.04636899530473343,0.08867714578611736,20231108_P021N_A010,P021N_A010,20231108,40x,0.324,0.324,0.324,94,0.3533468088884033,"(198.82723781763713, 279.90533655546517, 263.5194220310161)",33.526662989372944,4,94
23,12795.0,15506.0,"(124.3558421258304, 387.62391559202814, 293.87831184056273)",0.8251644524700116,435.18640608,406.0224773373502,0.6839918521324068,21.130614015678965,19.647132948498086,7.879929131609776,0.4010727240593215,0.9297947013711891,0.37291529369486615,0.3467346641377673,0.14956615268558188,20231108_P021N_A010,P021N_A010,20231108,40x,0.324,0.324,0.324,94,0.26149261001996715,"(198.82723781763713, 279.90533655546517, 263.5194220310161)",43.55473954904779,3,94
24,3803.0,6047.0,"(131.4675256376545, 290.1498816723639, 162.53878516960293)",0.6289068959814784,129.348487872,189.20893430844313,0.6537073814248118,15.161595788582263,9.534081372568446,7.187674669038038,0.753892733674215,0.6288309954647566,0.47407111819000325,0.2981106131725101,0.3573987712482535,20231108_P021N_A010,P021N_A010,20231108,40x,0.324,0.324,0.324,94,0.28584769053991266,"(198.82723781763713, 279.90533655546517, 263.5194220310161)",39.46869345336211,5,94
25,12457.0,13709.0,"(138.88070964116562, 367.270851729951, 330.89684514730675)",0.908673134437231,423.690274368,349.60170284600605,0.780326307135782,22.605889129157656,15.520210500438996,8.636463671051468,0.5564656272417943,0.6865560744709054,0.3820448566171164,0.26229521703084735,0.21259483077194508,20231108_P021N_A010,P021N_A010,20231108,40x,0.324,0.324,0.324,94,0.31123530699029317,"(198.82723781763713, 279.90533655546517, 263.5194220310161)",40.68237285423766,6,94
26,10843.0,12389.0,"(137.83676104399152, 384.7541270865996, 235.64714562390483)",0.8752118815077892,368.794544832,332.7434397060365,0.7474192544708699,22.480536975591274,14.603044092658747,8.096096904928496,0.55441159073118,0.6495860890028702,0.36013805692092704,0.23394067189635803,0.19966471302036737,20231108_P021N_A010,P021N_A010,20231108,40x,0.324,0.324,0.324,94,0.3076601405616148,"(198.82723781763713, 279.90533655546517, 263.5194220310161)",40.32462259992319,4,94
27,7042.0,8763.0,"(142.44532803180914, 246.55651803464926, 164.16344788412383)",0.8036060709802579,239.514081408,295.36077032782714,0.6314689684197073,22.902331815936265,12.41134918571944,6.383816828753868,0.5143531725059447,0.5419251317057234,0.2787409107535408,0.15105670477188585,0.1433712717532801,20231108_P021N_A010,P021N_A010,20231108,40x,0.324,0.324,0.324,94,0.32344290421852445,"(198.82723781763713, 279.90533655546517, 263.5194220310161)",38.55827752545982,2,94
28,9130.0,11278.0,"(136.6194961664841, 245.50580503833515, 371.3226725082147)",0.8095406987054442,310.53160512,330.85791018987976,0.6702648956580827,21.951630931631893,15.819946412422503,6.74578748858442,0.4264102616230948,0.7206729405069513,0.30730233710625415,0.22146447890702262,0.13103686996286631,20231108_P021N_A010,P021N_A010,20231108,40x,0.324,0.324,0.324,94,0.3034914252276853,"(198.82723781763713, 279.90533655546517, 263.5194220310161)",41.83826402630089,6,94
29,9231.0,11031.0,"(141.17625392698517, 209.1788538619868, 337.92676849745425)",0.8368234974163721,313.966839744,324.89821489430085,0.6875843560306258,21.888117529783234,15.703233048216589,7.019625965064234,0.44701788119112523,0.7174318680831802,0.3207048735695341,0.23008389654837097,0.14336081307072082,20231108_P021N_A010,P021N_A010,20231108,40x,0.324,0.324,0.324,94,0.3190967600239218,"(198.82723781763713, 279.90533655546517, 263.5194220310161)",38.147232892233,6,94
30,3276.0,5068.0,"(136.44749694749694, 342.7786935286935, 173.6013431013431)",0.6464088397790055,111.424045824,198.82419814251614,0.563206295478374,16.130153278857502,8.161226800023861,7.09979530190435,0.8699421638280647,0.5059608956550424,0.44015671637853326,0.22270208644746517,0.38291088626979697,20231108_P021N_A010,P021N_A010,20231108,40x,0.324,0.324,0.324,94,0.3029023868064964,"(198.82723781763713, 279.90533655546517, 263.5194220310161)",40.89279461513455,6,94
31,12073.0,13630.0,"(151.04770976559266, 191.05988569535327, 252.8435351611033)",0.8857666911225238,410.629580352,373.6217219978647,0.7150759321517105,24.89951243334797,16.20980076007425,7.251602999430575,0.4473591691078478,0.6510087618568959,0.29123473878622974,0.18959636670693994,0.13028653075874883,20231108_P021N_A010,P021N_A010,20231108,40x,0.324,0.324,0.324,94,0.35290311563559124,"(198.82723781763713, 279.90533655546517, 263.5194220310161)",32.86703654208189,3,94
32,6946.0,9203.0,"(145.66239562338038, 359.72847682119203, 204.97955657932624)",0.7547538846028469,236.248907904,293.5267552641815,0.6296264593014028,17.584672602185826,11.807286566456604,8.874048221924333,0.7515738838027929,0.6714533067274123,0.5046467695293493,0.338846742129788,0.379279332523706,20231108_P021N_A010,P021N_A010,20231108,40x,0.324,0.324,0.324,94,0.3344602589841793,"(198.82723781763713, 279.90533655546517, 263.5194220310161)",36.405188475335216,6,94
33,9709.0,11359.0,"(150.2347306622721, 312.68915439283137, 367.20208054382533)",0.8547407342195615,330.224682816,326.83912668360347,0.7068974866882168,20.463111269254185,15.853307707545882,7.511474263982969,0.4738111694134118,0.7747261645087895,0.3670739099810768,0.2843817623708843,0.17392371854928743,20231108_P021N_A010,P021N_A010,20231108,40x,0.324,0.324,0.324,94,0.35011894062421955,"(198.82723781763713, 279.90533655546517, 263.5194220310161)",38.59016025092941,5,94
34,12973.0,14633.0,"(157.96986047945734, 276.9994604177908, 156.5931550142604)",0.8865577803594615,441.240581952,356.5545465323643,0.7860951406861973,20.986322656732085,14.892585237539217,10.277395857047106,0.6901015299305613,0.7096329109741343,0.4897187575523279,0.34752054748049477,0.33795566382255504,20231108_P021N_A010,P021N_A010,20231108,40x,0.324,0.324,0.324,94,0.37660911123101826,"(198.82723781763713, 279.90533655546517, 263.5194220310161)",37.09905542873962,3,94
35,11117.0,13269.0,"(167.81020059368535, 274.62723756409105, 367.6653773500045)",0.837817469289321,378.11389420800003,376.9482981900181,0.6708376492238394,28.63929828950893,15.356828372959406,6.566655116344704,0.42760490362107545,0.5362152458387878,0.22928826851704615,0.1229478652708179,0.09804478796067478,20231108_P021N_A010,P021N_A010,20231108,40x,0.324,0.324,0.324,94,0.41030890614275806,"(198.82723781763713, 279.90533655546517, 263.5194220310161)",35.249494992773606,5,94
36,10963.0,12914.0,"(164.6615889811183, 208.98330748882606, 326.0375809541184)",0.848923648753291,372.876011712,341.8236060989134,0.7329230318832916,21.31596462441911,16.153162585290673,7.908624821368547,0.48960225464270796,0.7577964624123066,0.3710188565573334,0.28115677698740627,0.1816516686854299,20231108_P021N_A010,P021N_A010,20231108,40x,0.324,0.324,0.324,94,0.3995259896613641,"(198.82723781763713, 279.90533655546517, 263.5194220310161)",32.57085795857547,4,94
37,10515.0,11734.0,"(163.12591535901095, 252.52505943889682, 365.5516880646695)",0.8961138571672064,357.63853536,326.29230655891143,0.7467470156393953,20.695901725586896,16.7195073830953,7.509250194764344,0.44913106724404867,0.8078656153659894,0.36283754601909696,0.2931239773926033,0.16296161427976866,20231108_P021N_A010,P021N_A010,20231108,40x,0.324,0.324,0.324,94,0.39426683342127034,"(198.82723781763713, 279.90533655546517, 263.5194220310161)",36.12977347630901,4,94
38,7762.0,9000.0,"(161.53903633084258, 383.64171605256377, 285.89564545220304)",0.8624444444444445,264.002882688,273.58740101080394,0.727434358594908,22.032508348949964,12.432216875690841,7.037923406115104,0.5661036544396686,0.5642669767232082,0.3194335976026316,0.1802458303830548,0.18083252695366034,20231108_P021N_A010,P021N_A010,20231108,40x,0.324,0.324,0.324,94,0.38883231620151565,"(198.82723781763713, 279.90533655546517, 263.5194220310161)",36.44437172273456,3,94
39,13134.0,14758.0,"(167.38023450586266, 316.9308664534795, 164.56494594183036)",0.8899579888873831,446.716550016,365.38271844747464,0.7734355860577651,19.37347727187275,18.28948758034405,9.082105728702006,0.4965751877303912,0.944047747530461,0.46879068745639163,0.4425607925564628,0.2327898236299168,20231108_P021N_A010,P021N_A010,20231108,40x,0.324,0.324,0.324,94,0.4088364195406255,"(198.82723781763713, 279.90533655546517, 263.5194220310161)",35.71619436677469,6,94
40,7244.0,9036.0,"(169.15875207067918, 367.23729983434566, 222.4262838210933)",0.8016821602478973,246.38455065600002,289.3739203815238,0.6568008678070673,17.703445593995692,15.0189124179059,7.101571381911964,0.4728419198613412,0.8483609779894893,0.4011406335679952,0.3403120602050677,0.1896761073106856,20231108_P021N_A010,P021N_A010,20231108,40x,0.324,0.324,0.324,94,0.41492723311876434,"(198.82723781763713, 279.90533655546517, 263.5194220310161)",32.715557050100095,5,94
41,10516.0,12419.0,"(174.45483073411944, 201.21034613921643, 298.33758082921264)",0.8467670504871567,357.67254758400003,331.7653819046073,0.7344746241249458,21.373777622875085,13.735429554832583,9.051315405296133,0.6589757800557157,0.6426299457767526,0.4234775698053978,0.27213936772171377,0.2790614618986108,20231108_P021N_A010,P021N_A010,20231108,40x,0.324,0.324,0.324,94,0.43306448881547754,"(198.82723781763713, 279.90533655546517, 263.5194220310161)",28.97802807173077,4,94
42,12122.0,15523.0,"(172.1949348292361, 232.30308529945555, 182.4500082494638)",0.780905752753978,412.296179328,400.99442400779424,0.6680649150627246,19.994804313699664,13.983806294688248,11.63213215344524,0.8318287530816062,0.699372000610533,0.581757739208048,0.4068650739405932,0.4839228148010048,20231108_P021N_A010,P021N_A010,20231108,40x,0.324,0.324,0.324,94,0.4253251192782058,"(198.82723781763713, 279.90533655546517, 263.5194220310161)",31.658470468412133,5,94
43,10231.0,11769.0,"(178.3649692112208, 340.82171830710587, 345.80920731111325)",0.8693176990398505,347.97906374400003,326.0030868846332,0.7338903136452571,25.985905046428446,12.963304593171353,7.656662317474093,0.5906412413936006,0.4988590764882001,0.2946467442174557,0.14698720271057486,0.17403051877718073,20231108_P021N_A010,P021N_A010,20231108,40x,0.324,0.324,0.324,94,0.44645537401103014,"(198.82723781763713, 279.90533655546517, 263.5194220310161)",33.828329005964555,5,94
44,10518.0,12221.0,"(175.83513976041073, 383.95598022437724, 249.25907967294162)",0.8606497013337697,357.740572032,323.18201262642503,0.7540770811122793,19.03761110060844,16.197137686739943,8.599798259603482,0.5309455550682791,0.8507967518163181,0.451726753643404,0.3843276547083383,0.23984231195238886,20231108_P021N_A010,P021N_A010,20231108,40x,0.324,0.324,0.324,94,0.43779157452195455,"(198.82723781763713, 279.90533655546517, 263.5194220310161)",34.83343631788709,4,94
45,7215.0,11428.0,"(182.98461538461538, 302.163270963271, 354.5124047124047)",0.6313440672033601,245.39819616,312.85271541542073,0.6058871935565538,24.18606284417102,13.22427968294749,6.835867872691182,0.516917974859979,0.5467727330467356,0.28263665387517445,0.15453801569851336,0.14609996674235604,20231108_P021N_A010,P021N_A010,20231108,40x,0.324,0.324,0.324,94,0.46227608008429927,"(198.82723781763713, 279.90533655546517, 263.5194220310161)",30.78192215850748,5,94
46,11389.0,12576.0,"(178.48889279128983, 373.0181754324348, 308.93195188339627)",0.9056138676844784,387.365219136,328.03114503982124,0.7833986045487636,20.102925206048393,16.537492661979318,8.360590376105781,0.505553686220359,0.8226411078226397,0.4158892444961353,0.3421275888238214,0.21025434061442136,20231108_P021N_A010,P021N_A010,20231108,40x,0.324,0.324,0.324,94,0.44687976983318434,"(198.82723781763713, 279.90533655546517, 263.5194220310161)",34.206094819433666,3,94
47,9791.0,11895.0,"(185.07394546011642, 334.8045143499132, 179.37973649269736)",0.823118957545187,333.013685184,308.4913925110253,0.7531517005650364,18.88525377923429,14.960873877112066,9.375707947375494,0.6266818385334393,0.7921987203350497,0.49645655054340687,0.39329224404243984,0.31112030384651157,20231108_P021N_A010,P021N_A010,20231108,40x,0.324,0.324,0.324,94,0.4694313200688918,"(198.82723781763713, 279.90533655546517, 263.5194220310161)",32.85455769627543,5,94
48,19989.0,23997.0,"(198.24103256791236, 228.26199409675323, 326.8193006153384)",0.8329791223902988,679.8703455360001,533.6510305155067,0.7006656677464543,30.048828621374433,18.412841250760913,9.506350459134866,0.5162891663306995,0.6127640276021751,0.31636342896816877,0.19385612892056972,0.16333501099949732,20231108_P021N_A010,P021N_A010,20231108,40x,0.324,0.324,0.324,94,0.5145240841366862,"(198.82723781763713, 279.90533655546517, 263.5194220310161)",26.469537055333273,3,94
49,17485.0,18959.0,"(193.45358879039176, 149.50151558478697, 181.42545038604518)",0.9222532834010233,594.70373664,409.714703970795,0.8347114143221046,21.542543462048368,17.41352782600624,11.399726987590501,0.6546477601491855,0.8083320271203704,0.5291727510112012,0.4277472825217474,0.3464217561814655,20231108_P021N_A010,P021N_A010,20231108,40x,0.324,0.324,0.324,94,0.4981287287342184,"(198.82723781763713, 279.90533655546517, 263.5194220310161)",49.956400810902466,1,94
50,9704.0,12532.0,"(188.64148804616653, 203.83769579554823, 274.3709810387469)",0.7743376954995213,330.054621696,348.1574415530188,0.6633850110138605,18.155658376857243,13.066418557347049,11.144344296690752,0.8528996869172277,0.7196885007487597,0.6138220969665461,0.4417607046923134,0.5235286743256434,20231108_P021N_A010,P021N_A010,20231108,40x,0.324,0.324,0.324,94,0.48164893166495387,"(198.82723781763713, 279.90533655546517, 263.5194220310161)",25.113222656912846,5,94
51,8524.0,11106.0,"(194.2480056311591, 227.7694744251525, 195.53343500703895)",0.7675130560057627,289.92019737600003,319.9571527130269,0.66208123979185,24.091750595763063,14.121832641945394,6.619313935185965,0.46872910216517777,0.5861688043719394,0.2747543773904949,0.16105244489094303,0.1287853726301991,20231108_P021N_A010,P021N_A010,20231108,40x,0.324,0.324,0.324,94,0.5008493343532846,"(198.82723781763713, 279.90533655546517, 263.5194220310161)",27.798391723637724,5,94
52,10927.0,12886.0,"(209.94573075867117, 357.4225313443763, 220.46279857234373)",0.8479745460189353,371.651571648,366.9251792973008,0.6812877683855217,25.167700474331866,15.603575436014248,7.170087931931157,0.459515702752463,0.6199841519859188,0.2848924532951993,0.1766288060634121,0.13091255588481676,20231108_P021N_A010,P021N_A010,20231108,40x,0.324,0.324,0.324,94,0.5546086669817506,"(198.82723781763713, 279.90533655546517, 263.5194220310161)",28.954814657532598,4,94
53,7038.0,8399.0,"(201.28459789712986, 341.117220801364, 209.99246945154874)",0.8379568996309085,239.378032512,250.62951036455337,0.7438889613960251,15.969556393812413,13.238132087356785,8.582172778948069,0.6482918226163162,0.8289605397233233,0.5374083391742384,0.4454903068936914,0.34839743169247445,20231108_P021N_A010,P021N_A010,20231108,40x,0.324,0.324,0.324,94,0.5249472530723626,"(198.82723781763713, 279.90533655546517, 263.5194220310161)",26.357888970485693,5,94
54,14498.0,16909.0,"(204.89419230238653, 216.6880949096427, 243.7519657883846)",0.8574132118989887,493.109223552,389.5413341349324,0.7748649105953775,22.074113730166673,13.384867635208431,12.499061569478286,0.9338203342855582,0.6063603639459625,0.5662316377575314,0.34334042194837516,0.5287586172537971,20231108_P021N_A010,P021N_A010,20231108,40x,0.324,0.324,0.324,94,0.537308877747899,"(198.82723781763713, 279.90533655546517, 263.5194220310161)",21.550213790981697,4,94
55,13161.0,14498.0,"(206.5695615834663, 348.14353012689, 324.1436061089583)",0.9077803835011726,447.634880064,351.1535361486169,0.8058787265477303,19.988311295233146,16.75902121356476,9.64255626095103,0.5753651205564643,0.8384410751878518,0.48240975030494987,0.4044721497267852,0.2775617441418213,20231108_P021N_A010,P021N_A010,20231108,40x,0.324,0.324,0.324,94,0.5430464437789942,"(198.82723781763713, 279.90533655546517, 263.5194220310161)",29.680391921767605,4,94
56,12055.0,13311.0,"(211.08262131895478, 292.37395271671505, 154.5975114060556)",0.9056419502666967,410.01736032,318.3500216755476,0.8383925379917021,19.113624645177392,14.027976310716998,10.909498252201354,0.7776957994908211,0.7339254888138882,0.5707707697898085,0.4189032162186644,0.44388603013767647,20231108_P021N_A010,P021N_A010,20231108,40x,0.324,0.324,0.324,94,0.5585021278046397,"(198.82723781763713, 279.90533655546517, 263.5194220310161)",35.74241861557046,5,94
57,18571.0,20530.0,"(216.928975284045, 172.51612729524527, 199.90749017285015)",0.9045786653677546,631.641011904,436.5944060073384,0.8154290350413476,20.92309175766094,17.45953876224343,12.588147605586856,0.7209896994993336,0.8344626580271369,0.6016389810544006,0.5020452633033934,0.43377550815749755,20231108_P021N_A010,P021N_A010,20231108,40x,0.324,0.324,0.324,94,0.5785238879590583,"(198.82723781763713, 279.90533655546517, 263.5194220310161)",40.86331497714645,1,94
58,10989.0,14287.0,"(207.6845026845027, 289.94066794066794, 346.958867958868)",0.7691607755302022,373.76032953600003,354.13256873171406,0.7085661332233802,22.466955274955065,13.101528659407533,10.299211717444619,0.786107635619244,0.5831466034924813,0.45841599769086727,0.2673237320400464,0.36036431607480446,20231108_P021N_A010,P021N_A010,20231108,40x,0.324,0.324,0.324,94,0.5468647352208996,"(198.82723781763713, 279.90533655546517, 263.5194220310161)",27.380013238358117,4,94
59,11929.0,13330.0,"(215.18031687484282, 322.3746332467097, 164.920613630648)",0.8948987246811703,405.73182009600004,329.7318398416765,0.8038023744025053,22.00632673148547,14.021136359806672,9.644890536206754,0.6878822292788643,0.6371411517645961,0.4382780758411336,0.27924499803459085,0.30148369985365014,20231108_P021N_A010,P021N_A010,20231108,40x,0.324,0.324,0.324,94,0.5725353317631603,"(198.82723781763713, 279.90533655546517, 263.5194220310161)",35.184653719095394,7,94
60,10859.0,12080.0,"(217.72373146698592, 265.4528041256101, 170.23234183626485)",0.8989238410596027,369.338740416,308.5158061308598,0.8069066251032578,20.202344733974282,13.64176121016685,9.781258768512298,0.7170085018950911,0.6752563323615353,0.48416453126171816,0.32693516563932973,0.34715008523070356,20231108_P021N_A010,P021N_A010,20231108,40x,0.324,0.324,0.324,94,0.5812456557088559,"(198.82723781763713, 279.90533655546517, 263.5194220310161)",31.192354348774998,8,94
61,14321.0,15498.0,"(216.47105649046856, 220.51078835276866, 176.0253473919419)",0.9240547167376436,487.089059904,344.66630760643136,0.8686087696764545,17.93600754191893,15.958502757907837,12.116957299730194,0.7592790804717529,0.889746657421425,0.6755660238997553,0.6010826116322898,0.5129431494245643,20231108_P021N_A010,P021N_A010,20231108,40x,0.324,0.324,0.324,94,0.5769556729125636,"(198.82723781763713, 279.90533655546517, 263.5194220310161)",34.73641124941647,4,94
62,6140.0,7192.0,"(216.89055374592834, 215.5311074918567, 277.44511400651464)",0.853726362625139,208.83505536,220.32078136269024,0.772617004934552,14.934337619295276,12.16456730876846,8.45578347172905,0.6951158439999716,0.8145367822039692,0.566197422830733,0.46118862688472545,0.3935727994415938,20231108_P021N_A010,P021N_A010,20231108,40x,0.324,0.324,0.324,94,0.5783923073490697,"(198.82723781763713, 279.90533655546517, 263.5194220310161)",22.127681101469257,6,94
63,6234.0,7397.0,"(215.2444658325313, 325.32803978184154, 183.7027590632018)",0.8427740976071381,212.032204416,222.8791696777355,0.7715235654553116,15.288500974095472,14.184831214414482,7.7166606535139035,0.5440079290948708,0.9278104660783274,0.5047362502438177,0.4682995755853438,0.2745805222342498,20231108_P021N_A010,P021N_A010,20231108,40x,0.324,0.324,0.324,94,0.5727550199744222,"(198.82723781763713, 279.90533655546517, 263.5194220310161)",30.22669442013916,8,94
64,15098.0,16350.0,"(221.42992449331038, 242.89376076301497, 192.56530666313418)",0.9234250764525994,513.516557952,366.48299309941956,0.8461874888986103,20.225903707744386,16.125439592705384,11.246706860928796,0.6974511793164656,0.7972667044059466,0.5560546032176794,0.44332382097711565,0.38782093877851986,20231108_P021N_A010,P021N_A010,20231108,40x,0.324,0.324,0.324,94,0.5939380975798301,"(198.82723781763713, 279.90533655546517, 263.5194220310161)",26.943136890639646,5,94
65,12545.0,15079.0,"(226.301474691112, 331.33136707851736, 199.02622558788363)",0.8319517209364016,426.68335008,365.9466796209384,0.7489798104989073,24.1572759250457,13.422534058235586,10.191980496297768,0.7593186541437259,0.5556311108869447,0.42190106731905813,0.23442135871887593,0.32035735061850873,20231108_P021N_A010,P021N_A010,20231108,40x,0.324,0.324,0.324,94,0.6106214886681918,"(198.82723781763713, 279.90533655546517, 263.5194220310161)",28.169080047230842,7,94
66,11558.0,13306.0,"(228.15314068177886, 233.02284132202803, 300.40283786122166)",0.868630692920487,393.113284992,353.37558082452153,0.7343888418473966,22.669347860584132,14.286390102753776,8.892268813462906,0.622429371556141,0.630207370349367,0.3922595774766047,0.2472048768158849,0.2441538822956405,20231108_P021N_A010,P021N_A010,20231108,40x,0.324,0.324,0.324,94,0.6169628105540372,"(198.82723781763713, 279.90533655546517, 263.5194220310161)",21.536529570226858,6,94
67,11258.0,12598.0,"(226.94812577722507, 354.69852549298275, 270.998667614141)",0.8936339101444674,382.909617792,318.2799407852267,0.8011964921929235,19.756582347815286,14.679400100706891,9.550468303473984,0.6506034468679738,0.7430131306253058,0.483406903852988,0.3591776769976949,0.31450619788652917,20231108_P021N_A010,P021N_A010,20231108,40x,0.324,0.324,0.324,94,0.6128360471822777,"(198.82723781763713, 279.90533655546517, 263.5194220310161)",26.002376843578045,3,94
68,13926.0,15995.0,"(232.95634065776247, 217.49583512853656, 253.07439322131265)",0.8706470772116286,473.654231424,374.6827891856569,0.7842622799933957,20.294204688146316,16.545971622104602,10.347229827509974,0.6253624787852643,0.8153052497676331,0.509861311961326,0.41569260429548205,0.3188481338848418,20231108_P021N_A010,P021N_A010,20231108,40x,0.324,0.324,0.324,94,0.6334121255402825,"(198.82723781763713, 279.90533655546517, 263.5194220310161)",23.293865377006547,6,94
69,7688.0,9098.0,"(224.1758584807492, 310.1662330905307, 339.1732570239334)",0.8450208837107056,261.485978112,257.00356942335566,0.7694443935171149,18.031725973461896,11.90343295523129,9.084659983313932,0.7631966355824626,0.6601383013889025,0.5038153306391321,0.332587796581805,0.38451016529865173,20231108_P021N_A010,P021N_A010,20231108,40x,0.324,0.324,0.324,94,0.6033419810984562,"(198.82723781763713, 279.90533655546517, 263.5194220310161)",27.64799886091103,6,94
70,6716.0,7683.0,"(230.81328171530674, 284.5214413341275, 174.5424359737939)",0.8741377066250162,228.426096384,230.43033269308012,0.7842266976345816,20.113609592546315,10.338320865978453,8.070422464765388,0.7806318423839689,0.5139962978007497,0.40124187693073843,0.2062368392650236,0.31322218563004395,20231108_P021N_A010,P021N_A010,20231108,40x,0.324,0.324,0.324,94,0.6260728825866669,"(198.82723781763713, 279.90533655546517, 263.5194220310161)",30.671215711923093,8,94
71,11877.0,13337.0,"(238.88818725267325, 335.36313883977436, 312.8757261934832)",0.8905301042213392,403.963184448,343.36020104939456,0.7696536996038088,21.877497148835985,16.001663516591098,8.358607830472595,0.5223586798838815,0.7314211222485513,0.38206417185694036,0.27944980535056674,0.19957453644211978,20231108_P021N_A010,P021N_A010,20231108,40x,0.324,0.324,0.324,94,0.6537266686735386,"(198.82723781763713, 279.90533655546517, 263.5194220310161)",27.332414674699997,5,94
72,6252.0,7707.0,"(236.6210812539987, 237.4524952015355, 278.3621241202815)",0.8112105877773452,212.644424448,244.72680920791566,0.7039987855777391,18.80901158343073,10.63651381896861,8.260721193977684,0.7766380352222116,0.5655009446822047,0.43918954259429205,0.24836210123161753,0.34109130345057287,20231108_P021N_A010,P021N_A010,20231108,40x,0.324,0.324,0.324,94,0.6459626070342421,"(198.82723781763713, 279.90533655546517, 263.5194220310161)",19.033239691473995,6,94
73,8367.0,9147.0,"(239.06788574160393, 262.632604278714, 197.1749731086411)",0.9147261397179403,284.580278208,248.72176568097322,0.8412147236045959,18.933872709170767,10.515075530350366,10.228466532868183,0.9727430395858856,0.5553578864643633,0.5402205185373379,0.3000157253995784,0.5254957492486733,20231108_P021N_A010,P021N_A010,20231108,40x,0.324,0.324,0.324,94,0.6543420744575477,"(198.82723781763713, 279.90533655546517, 263.5194220310161)",25.75594777246356,5,94
74,9786.0,10993.0,"(239.7203147353362, 303.2221540976906, 177.48998569384835)",0.8902028563631402,332.843624064,292.90373482024813,0.7929626099041238,16.843078563935318,16.529335645982947,8.732498029924209,0.5283030254181105,0.981372590719599,0.5184621087395733,0.5088045028437015,0.2739051006117699,20231108_P021N_A010,P021N_A010,20231108,40x,0.324,0.324,0.324,94,0.6565764203264938,"(198.82723781763713, 279.90533655546517, 263.5194220310161)",31.773452193335174,8,94
75,13286.0,14877.0,"(248.67770585578805, 332.17906066536204, 241.7982086406744)",0.8930563957787189,451.886408064,343.4531323628715,0.8291558363699654,18.747160016913018,14.367376418280736,12.212751291904631,0.8500335020362794,0.7663761553920169,0.6514454072449759,0.4992522266521914,0.5537504209058971,20231108_P021N_A010,P021N_A010,20231108,40x,0.324,0.324,0.324,94,0.6872524173143426,"(198.82723781763713, 279.90533655546517, 263.5194220310161)",24.438756455764754,4,94
76,12379.0,13567.0,"(255.60505695128847, 262.46667743759593, 321.01607561192344)",0.9124345839168571,421.037320896,338.98900682694426,0.8013930510169825,23.75112474465652,13.032106910659895,9.73966852853782,0.7473594711359409,0.5486943060914129,0.4100718864157804,0.22500410916450334,0.30647110815941525,20231108_P021N_A010,P021N_A010,20231108,40x,0.324,0.324,0.324,94,0.7109762224359194,"(198.82723781763713, 279.90533655546517, 263.5194220310161)",26.783833373260673,5,94
77,13551.0,14988.0,"(249.20330602907535, 291.1475905837208, 331.87107962511993)",0.9041232986389112,460.899647424,359.90411718856797,0.8017424770926829,21.795386828220195,15.686190396130717,9.661654570462487,0.6159337816558511,0.7197023168141515,0.44328896966181786,0.31903609848376846,0.27303665145012934,20231108_P021N_A010,P021N_A010,20231108,40x,0.324,0.324,0.324,94,0.6890524179077923,"(198.82723781763713, 279.90533655546517, 263.5194220310161)",27.750908526369326,6,94
78,14409.0,17322.0,"(250.11104171004234, 247.91664931639949, 215.81525435491707)",0.8318323519224108,490.082135616,388.30208811756904,0.774153318544504,20.615435767413114,15.485960695253759,12.409833100172486,0.8013602348852619,0.7511827967145117,0.601968022416909,0.45218802261183766,0.4823932358374309,20231108_P021N_A010,P021N_A010,20231108,40x,0.324,0.324,0.324,94,0.6921611017467204,"(198.82723781763713, 279.90533655546517, 263.5194220310161)",24.947983729772563,3,94
79,11436.0,13376.0,"(250.4468345575376, 284.4230500174886, 195.598111227702)",0.8549641148325359,388.963793664,318.31777851987994,0.8095232890167304,18.790681133438046,15.233045161963235,10.4063403414505,0.6831424860102845,0.8106701962419025,0.5538032531951383,0.4489517919471069,0.37832653114830983,20231108_P021N_A010,P021N_A010,20231108,40x,0.324,0.324,0.324,94,0.6933110772518412,"(198.82723781763713, 279.90533655546517, 263.5194220310161)",27.679342876361343,6,94
80,11146.0,12162.0,"(262.3734972187332, 332.936658891082, 294.70105867575813)",0.9164611083703338,379.100248704,308.2199396005585,0.8218504041254212,19.190714626337805,14.979489842096106,9.41493212824048,0.6285215469609766,0.7805592513755527,0.4905983081692642,0.3829410481507135,0.3083516075869839,20231108_P021N_A010,P021N_A010,20231108,40x,0.324,0.324,0.324,94,0.7341558123929218,"(198.82723781763713, 279.90533655546517, 263.5194220310161)",28.656591515656707,7,94
81,11501.0,13019.0,"(267.4562211981567, 239.49595687331535, 273.80053908355796)",0.8834011828865505,391.174588224,323.4582631635118,0.7996739773644237,21.10777715387863,12.45197417697556,11.22467351388691,0.9014372624255838,0.5899235190043431,0.5317790420117419,0.3137089637963252,0.4793654438463641,20231108_P021N_A010,P021N_A010,20231108,40x,0.324,0.324,0.324,94,0.7515624013635502,"(198.82723781763713, 279.90533655546517, 263.5194220310161)",26.018141507572512,6,94
82,7700.0,9170.0,"(261.2138961038961, 245.42246753246752, 293.1012987012987)",0.8396946564885496,261.8941248,268.462431811691,0.7373682640223291,17.892311874781726,15.216337223822562,7.497962036407839,0.49275735192494924,0.8504399727834607,0.41906054895990397,0.35638584185208283,0.20649516640169782,20231108_P021N_A010,P021N_A010,20231108,40x,0.324,0.324,0.324,94,0.7301845756982743,"(198.82723781763713, 279.90533655546517, 263.5194220310161)",25.0052671573405,6,94
83,7498.0,8426.0,"(280.01507068551615, 259.1403040810883, 299.3759669245132)",0.8898647044861144,255.023655552,245.68741844169415,0.7915679202294014,20.659997840792155,10.122031685341259,8.949713119745033,0.8841814961620817,0.48993382106535377,0.4331904189299702,0.21223463719526167,0.38301895273257996,20231108_P021N_A010,P021N_A010,20231108,40x,0.324,0.324,0.324,94,0.7945721598819047,"(198.82723781763713, 279.90533655546517, 263.5194220310161)",29.53263570777129,8,94
84,13463.0,15088.0,"(278.17685508430515, 287.74923865408897, 238.37183391517493)",0.8922985153764581,457.906571712,350.997455518929,0.8185239799514074,20.05976727745873,13.104157212788548,12.775911843456981,0.9749510507237179,0.6532556949209357,0.6368923261544187,0.41605353911181603,0.6209388425821233,20231108_P021N_A010,P021N_A010,20231108,40x,0.324,0.324,0.324,94,0.7882769009736478,"(198.82723781763713, 279.90533655546517, 263.5194220310161)",27.088976662899277,7,94
85,6894.0,8751.0,"(281.97272991006673, 276.47447055410504, 316.11894400928344)",0.7877956804936579,234.480272256,257.90715057690363,0.7130034221782017,20.88731275445994,12.068255100816927,7.407462385134867,0.6137972990505843,0.577779211844284,0.35463931967759693,0.20490322661231505,0.2176766565552457,20231108_P021N_A010,P021N_A010,20231108,40x,0.324,0.324,0.324,94,0.8012764722947491,"(198.82723781763713, 279.90533655546517, 263.5194220310161)",31.89656734320056,7,94
86,9370.0,10482.0,"(277.08046958377804, 316.15016008537884, 253.42668089647813)",0.8939133753100553,318.69453888,274.8133677601802,0.8210369158577027,19.24050539074655,11.730406592019849,10.400079600055827,0.8865915702471014,0.6096724776086923,0.5405304792595312,0.32954655651317233,0.47922976637312614,20231108_P021N_A010,P021N_A010,20231108,40x,0.324,0.324,0.324,94,0.7845221561088288,"(198.82723781763713, 279.90533655546517, 263.5194220310161)",28.13230437865342,5,94
87,6804.0,7917.0,"(287.2391240446796, 296.80922986478544, 313.076278659612)",0.8594164456233422,231.419172096,241.96189973046103,0.753361396641486,18.54730126089645,13.212249920765526,6.994329641052202,0.5293821781299567,0.7123543061556404,0.37710767419292696,0.2686342755956698,0.19963408195377375,20231108_P021N_A010,P021N_A010,20231108,40x,0.324,0.324,0.324,94,0.819312068646163,"(198.82723781763713, 279.90533655546517, 263.5194220310161)",33.29213953681106,8,94
88,13299.0,14798.0,"(299.1529438303632, 252.7230618843522, 265.3770208286337)",0.8987025273685633,452.328566976,355.55221319911897,0.8014628859860432,25.080167480920235,12.797994129665017,10.406594886955023,0.8131426520061555,0.5102834396700543,0.41493322940813104,0.21173355553578485,0.3373999065664062,20231108_P021N_A010,P021N_A010,20231108,40x,0.324,0.324,0.324,94,0.8601128213368603,"(198.82723781763713, 279.90533655546517, 263.5194220310161)",33.68287235317639,7,94
89,10481.0,11462.0,"(292.317526953535, 334.73084629329264, 275.2016029004866)",0.9144128424358751,356.482119744,289.50835069189213,0.8398109449733077,16.629385329187212,15.679370786218458,9.880279428153255,0.6301451482248016,0.9428713374449669,0.5941457986911757,0.5602030438492568,0.37439809238339405,20231108_P021N_A010,P021N_A010,20231108,40x,0.324,0.324,0.324,94,0.8367038594299143,"(198.82723781763713, 279.90533655546517, 263.5194220310161)",35.31859195035349,4,94
90,9761.0,10575.0,"(301.5531195574224, 313.52238500153675, 298.96670423112386)",0.9230260047281323,331.993318464,287.04191957098436,0.8077773927206995,21.19935102419799,13.075510933851733,8.554936442978653,0.6542716752146505,0.6167882648354045,0.40354709128659755,0.24890311021403508,0.2640294314440817,20231108_P021N_A010,P021N_A010,20231108,40x,0.324,0.324,0.324,94,0.8683326012240493,"(198.82723781763713, 279.90533655546517, 263.5194220310161)",36.855227925556164,8,94
91,11813.0,13248.0,"(299.5559129772285, 279.4720223482604, 263.62253449589434)",0.8916817632850241,401.786402112,318.31050909567364,0.8272370369303536,18.089250048630237,14.368911582829455,11.333621428646792,0.7887599115155131,0.7943342893818588,0.6265390438065729,0.49768144613208337,0.49418888075388656,20231108_P021N_A010,P021N_A010,20231108,40x,0.324,0.324,0.324,94,0.8614928526617414,"(198.82723781763713, 279.90533655546517, 263.5194220310161)",32.636409822427225,7,94
92,9660.0,10691.0,"(296.1774327122153, 312.4561076604555, 269.5625258799172)",0.9035637452062483,328.55808384,287.5536456170868,0.8007679536069929,18.154560200011765,15.28615512703437,8.590090935793544,0.5619523591384675,0.8420008503992547,0.473164364278457,0.39840479710108356,0.2658958307665321,20231108_P021N_A010,P021N_A010,20231108,40x,0.324,0.324,0.324,94,0.8499227147678606,"(198.82723781763713, 279.90533655546517, 263.5194220310161)",33.315538882650586,9,94
93,8867.0,10039.0,"(309.328747039585, 282.00890943949474, 299.86218563211906)",0.8832553043131786,301.586390208,270.71246654832214,0.8033726231129745,17.436984505930027,15.037435913069972,8.71940041633274,0.5798462229025472,0.8623874103894507,0.5000520825930319,0.4312386205672564,0.2899533113461221,20231108_P021N_A010,P021N_A010,20231108,40x,0.324,0.324,0.324,94,0.8949614624643322,"(198.82723781763713, 279.90533655546517, 263.5194220310161)",37.695287083977526,7,94
94,16048.0,17760.0,"(325.6049351944167, 286.55626869391824, 273.6295488534397)",0.9036036036036036,545.828170752,390.3878807292192,0.8273547446380459,20.71368131611564,16.98097334587575,11.322256761766107,0.6667613529065457,0.8197950468931965,0.5466076545725929,0.4481062478125189,0.36445685927189575,20231108_P021N_A010,P021N_A010,20231108,40x,0.324,0.324,0.324,94,0.9507018328575916,"(198.82723781763713, 279.90533655546517, 263.5194220310161)",41.262686839792984,5,94
1,19564.0,23763.0,"(67.75971171539562, 164.19147413616847, 151.40104273154773)",0.8232967217943862,665.415150336,517.0586377969014,0.712863070080034,22.700237866408866,19.075771657043852,11.669377882115564,0.6117381824397427,0.8403335581461729,0.5140641235034616,0.4319853340189576,0.314472652569487,20231108_P021N_B010,P021N_B010,20231108,40x,0.324,0.324,0.324,16,0.08416924983599822,"(157.06349110404457, 194.08304906572758, 131.7165935192242)",31.171677481694882,1,16
2,29843.0,34511.0,"(75.01296786516102, 199.0869215561438, 185.75126495325537)",0.8647387789400481,1015.026800832,651.0621331351931,0.7502051262115663,23.96391949538741,21.44925446797325,14.524703419029018,0.6771658866146811,0.8950645353362089,0.6061071696483016,0.5425050321652017,0.4104350989184071,20231108_P021N_B010,P021N_B010,20231108,40x,0.324,0.324,0.324,16,0.11854487139886734,"(157.06349110404457, 194.08304906572758, 131.7165935192242)",31.87256494889389,0,16
3,26735.0,31509.0,"(77.07824948569291, 246.3438937722087, 164.6818028801197)",0.8484877336633978,909.31680864,614.292013744016,0.7389006829846242,25.259760786110185,17.16216348579513,15.911864474521048,0.92714793724527,0.6794269997692237,0.6299293413447783,0.4279910024564859,0.5840376894380828,20231108_P021N_B010,P021N_B010,20231108,40x,0.324,0.324,0.324,16,0.12833293595115125,"(157.06349110404457, 194.08304906572758, 131.7165935192242)",32.747312950160484,0,16
4,27599.0,31125.0,"(100.0935541142795, 124.69821370339506, 168.05449472806987)",0.886714859437751,938.703370176,610.0099667982086,0.7600335756313855,24.815505881375625,24.31605070768667,11.4703456968305,0.4717191058169883,0.9798732624643448,0.4622249391836558,0.45292185915027217,0.2180403349980259,20231108_P021N_B010,P021N_B010,20231108,40x,0.324,0.324,0.324,16,0.23741020907241472,"(157.06349110404457, 194.08304906572758, 131.7165935192242)",31.379984872490695,0,16
5,25724.0,31404.0,"(107.52316902503499, 185.53218784014928, 63.26547193282538)",0.8191313208508471,874.930450176,712.4313532228759,0.6209502241626674,33.17889286334975,21.830779717326394,9.244362793297487,0.4234554566074674,0.6579719162793773,0.27862179824297406,0.18332531850713574,0.11798392079577226,20231108_P021N_B010,P021N_B010,20231108,40x,0.324,0.324,0.324,16,0.2726216541470853,"(157.06349110404457, 194.08304906572758, 131.7165935192242)",27.51696117867998,0,16
6,14852.0,17561.0,"(117.93650686776192, 265.13748990035015, 98.29073525451118)",0.8457377142531747,505.149550848,449.55821840576243,0.6823043872567519,27.302267415022012,18.032805025167136,7.702579330886706,0.42714260594160197,0.6604874515017491,0.2821223312261846,0.18633825956331498,0.12050646775427226,20231108_P021N_B010,P021N_B010,20231108,40x,0.324,0.324,0.324,16,0.3219739661979238,"(157.06349110404457, 194.08304906572758, 131.7165935192242)",28.425239339737903,0,16
7,29994.0,33450.0,"(119.99193171967727, 125.92241781689671, 94.9526571981063)",0.8966816143497758,1020.162646656,668.922863582455,0.7326350570035173,27.676101505691964,24.927664816311978,10.702002507173644,0.4293223045975228,0.9006927804187042,0.3866875002237086,0.34828663972965035,0.1660135687550977,20231108_P021N_B010,P021N_B010,20231108,40x,0.324,0.324,0.324,16,0.3317153162070013,"(157.06349110404457, 194.08304906572758, 131.7165935192242)",27.81829958518319,0,16
8,23769.0,28284.0,"(146.25327106735665, 144.8505616559384, 208.46880390424502)",0.8403691132795927,808.436552256,709.6395769013859,0.5913940131294859,35.67621042867951,24.300258410888883,7.013416885269293,0.28861490963102676,0.6811333972667206,0.19658525389880882,0.1339007818406365,0.056737435288797156,20231108_P021N_B010,P021N_B010,20231108,40x,0.324,0.324,0.324,16,0.4561766401296523,"(157.06349110404457, 194.08304906572758, 131.7165935192242)",29.75089395683573,0,16
9,18614.0,21761.0,"(173.73525303534973, 267.91758891157195, 105.45159557322445)",0.8553834842148799,633.103537536,497.39505635817864,0.7168569280223266,27.18894185648164,18.824615827363118,9.217841965046562,0.4896695927067832,0.6923629439766326,0.339029080782307,0.2347311724641296,0.16601223190242734,20231108_P021N_B010,P021N_B010,20231108,40x,0.324,0.324,0.324,16,0.5864230001675343,"(157.06349110404457, 194.08304906572758, 131.7165935192242)",25.95912796728423,1,16
10,12916.0,14909.0,"(186.51014245896562, 267.7294828120161, 157.5663518117064)",0.8663223556241196,439.301885184,410.4948822764987,0.6807982364565526,23.904462168849786,19.431798783754278,6.785406453588421,0.3491908561373782,0.8128942055461137,0.28385522358376136,0.2307442664652362,0.09911964854228053,20231108_P021N_B010,P021N_B010,20231108,40x,0.324,0.324,0.324,16,0.6469674998055243,"(157.06349110404457, 194.08304906572758, 131.7165935192242)",27.028499626349433,0,16
11,10727.0,13900.0,"(195.81318169105995, 238.1173673906964, 200.29887200522046)",0.771726618705036,364.849126848,398.9709361529404,0.6188970399172057,26.265831428673824,16.91301452091782,6.276634990856517,0.3711127299686078,0.6439169674428907,0.23896578366083834,0.15387412273750092,0.08868324434346145,20231108_P021N_B010,P021N_B010,20231108,40x,0.324,0.324,0.324,16,0.6910577331329856,"(157.06349110404457, 194.08304906572758, 131.7165935192242)",29.23925184346569,1,16
12,1216.0,1911.0,"(188.97203947368422, 113.35279605263158, 103.38486842105263)",0.6363160648874935,41.358864384,85.81012247229928,0.6739970665843019,11.206375313366166,6.0863587122933405,5.49812686892859,0.9033524195383639,0.5431157302963042,0.4906249090525119,0.26646610578161284,0.44320719867837627,20231108_P021N_B010,P021N_B010,20231108,40x,0.324,0.324,0.324,16,0.6586352581691195,"(157.06349110404457, 194.08304906572758, 131.7165935192242)",29.58568146710733,1,16
13,32483.0,43222.0,"(224.6979650894314, 201.50768094079982, 75.02549025644183)",0.7515385683216881,1104.819072192,852.3839484601558,0.6063308098783096,46.16596408708263,19.477804779357662,10.557851593238547,0.5420452516511322,0.42190832931847316,0.2286934065391405,0.09648765307907915,0.12396217509846308,20231108_P021N_B010,P021N_B010,20231108,40x,0.324,0.324,0.324,16,0.8279524411821393,"(157.06349110404457, 194.08304906572758, 131.7165935192242)",28.69445489469491,0,16
14,41617.0,57969.0,"(225.0667515678689, 124.17081961698345, 111.057764855708)",0.7179181976573686,1415.486726208,963.5898895876803,0.6326969739794123,44.866725422008614,24.661000513666124,11.063866062155899,0.44863816681017277,0.5496501088882472,0.24659401723863508,0.1355404284264061,0.11063148784029739,20231108_P021N_B010,P021N_B010,20231108,40x,0.324,0.324,0.324,16,0.8297002443974829,"(157.06349110404457, 194.08304906572758, 131.7165935192242)",32.30094834047428,0,16
15,57453.0,61613.0,"(233.02770960611284, 248.65028806154595, 121.71545437139923)",0.9324817814422282,1954.104305472,848.9141010847195,0.8904007927105396,36.821795366200945,23.173870242401012,17.140966673710658,0.7396678454834874,0.6293519914477749,0.46551143156491775,0.29297054649708554,0.3443238376335566,20231108_P021N_B010,P021N_B010,20231108,40x,0.324,0.324,0.324,16,0.8674299033465064,"(157.06349110404457, 194.08304906572758, 131.7165935192242)",30.476964629721238,0,16
16,7404.0,16107.0,"(237.32941653160455, 216.51080497028633, 183.50148568341436)",0.459675917303036,251.826506496,469.1333390838482,0.4110759990960831,28.356816637975665,15.29899721404743,6.194170230515826,0.4048742635777711,0.5395174433493672,0.21843672756343693,0.11785042478862773,0.08843940921058475,20231108_P021N_B010,P021N_B010,20231108,40x,0.324,0.324,0.324,16,0.8878171399602112,"(157.06349110404457, 194.08304906572758, 131.7165935192242)",31.79048981752455,0,16
1,19480.0,23601.0,"(42.457546201232034, 250.25195071868583, 239.28341889117044)",0.8253887547137834,662.55812352,520.4173666133728,0.7062335294747055,24.12435191816826,17.616063982528942,11.488639876972464,0.6521683781556729,0.7302191595564534,0.47622584498613074,0.34774923628483434,0.31057943696041973,20231108_P021N_A009,P021N_A009,20231108,40x,0.324,0.324,0.324,19,0.06329825462012321,"(162.83451744479706, 240.39676549351478, 263.9731490217381)",39.941884571030556,0,19
2,17025.0,20816.0,"(50.17697503671072, 194.86784140969164, 263.3473127753304)",0.817880476556495,579.0581136,486.0030959071354,0.691289334041395,24.91707236600727,19.904226704598685,8.791680436274207,0.44169917107319584,0.7988188344210421,0.35283761700143074,0.28185333395298096,0.1558480829529737,20231108_P021N_A009,P021N_A009,20231108,40x,0.324,0.324,0.324,19,0.09298836552581045,"(162.83451744479706, 240.39676549351478, 263.9731490217381)",39.3696617772498,0,19
3,19788.0,23234.0,"(56.54341014756418, 239.89685668081665, 305.0820194057004)",0.8516828785400706,673.033888512,512.8088052618793,0.7242468344647377,23.886982132129358,19.15030348720142,10.956415943775745,0.5721275357906556,0.8017046013294064,0.45867727799062313,0.3677236842903298,0.2624219007799407,20231108_P021N_A009,P021N_A009,20231108,40x,0.324,0.324,0.324,19,0.11747465441370838,"(162.83451744479706, 240.39676549351478, 263.9731490217381)",36.92461365734999,0,19
4,23500.0,30301.0,"(76.32502127659575, 293.7828085106383, 272.1984255319149)",0.7755519619814527,799.287264,664.3010581176126,0.6269810895421878,26.779294196587117,22.451132046214088,11.048964744996102,0.4921339700043891,0.8383765412710306,0.4125935756142608,0.3459087748741314,0.20305131436535226,20231108_P021N_A009,P021N_A009,20231108,40x,0.324,0.324,0.324,19,0.19355777414075284,"(162.83451744479706, 240.39676549351478, 263.9731490217381)",33.044216114509396,1,19
5,23032.0,26332.0,"(104.96027266411949, 207.28243313650574, 173.08770406391108)",0.8746771988455112,783.3695431680001,585.7400988157581,0.7016011464337345,27.641378621989574,21.541823898468845,9.857814890584669,0.4576128250349937,0.7793324708244348,0.35663253361547137,0.2779353135989236,0.1631996212071632,20231108_P021N_A009,P021N_A009,20231108,40x,0.324,0.324,0.324,19,0.3036933564004596,"(162.83451744479706, 240.39676549351478, 263.9731490217381)",36.521787211646135,1,19
6,29226.0,34716.0,"(116.65233011701909, 146.1938684732772, 225.38181755970712)",0.8418596612512962,994.041258624,802.2665160119847,0.6003922325211453,33.88735415722366,24.101388139339367,9.199489534083765,0.38169957186274867,0.7112207116412407,0.271472641133381,0.19307696501801036,0.10362099089306114,20231108_P021N_A009,P021N_A009,20231108,40x,0.324,0.324,0.324,19,0.3486628081423811,"(162.83451744479706, 240.39676549351478, 263.9731490217381)",36.21889775683713,0,19
7,27853.0,34654.0,"(120.15786450292607, 207.96039923886116, 348.70724877032995)",0.80374559935361,947.3424750720001,784.1054524255796,0.5949050522385277,34.012292111848204,22.297708688460645,9.427057602071766,0.4227814496002628,0.6555779485585808,0.2771661954175633,0.18170404580163288,0.11718072587882712,20231108_P021N_A009,P021N_A009,20231108,40x,0.324,0.324,0.324,19,0.3621456327035618,"(162.83451744479706, 240.39676549351478, 263.9731490217381)",32.486202526171716,0,19
8,22405.0,25796.0,"(120.95112698058469, 316.5512162463736, 269.9688016067842)",0.8685455109319274,762.0438787200001,569.3910466489834,0.7085874833184048,29.527501410688306,17.37879063693035,11.053566073198233,0.6360377027449273,0.5885628585776517,0.3743481684907171,0.22032742815020484,0.23809954911360673,20231108_P021N_A009,P021N_A009,20231108,40x,0.324,0.324,0.324,19,0.365196642233018,"(162.83451744479706, 240.39676549351478, 263.9731490217381)",28.226456431844852,1,19
9,22831.0,26270.0,"(124.97100433620955, 290.37720642985414, 321.1788795935351)",0.869090216977541,776.533086144,582.854369851819,0.70096668459719,30.487325327658205,19.211261628342168,9.615063618926742,0.5004910039193752,0.6301392930298693,0.3153790473775646,0.1987327299509322,0.1578443760371335,20231108_P021N_A009,P021N_A009,20231108,40x,0.324,0.324,0.324,19,0.38065770898542134,"(162.83451744479706, 240.39676549351478, 263.9731490217381)",27.500301802645357,0,19
10,15547.0,18833.0,"(136.94545571492893, 172.5357946870779, 176.9123303531228)",0.8255190357351457,528.788046528,479.03886514221847,0.6601375861339063,25.999186830402298,19.55165944574909,7.565986129927447,0.38697411597829556,0.7520104214523451,0.2910085680479867,0.21884147590400996,0.11261278336247932,20231108_P021N_A009,P021N_A009,20231108,40x,0.324,0.324,0.324,19,0.4267132912112651,"(162.83451744479706, 240.39676549351478, 263.9731490217381)",36.73500086921688,1,19
11,16584.0,19280.0,"(174.63880849011096, 319.44615291847566, 242.94983116256634)",0.8601659751037345,564.058722816,498.05201534015004,0.6628658355599346,27.94005101975778,19.03470263239558,7.653041970915663,0.40205734330153303,0.6812694299997951,0.27390937709826735,0.18660608520733554,0.11012727646150712,20231108_P021N_A009,P021N_A009,20231108,40x,0.324,0.324,0.324,19,0.5716877249619652,"(162.83451744479706, 240.39676549351478, 263.9731490217381)",26.77684437040602,1,19
12,17537.0,21441.0,"(181.86286137879912, 244.17197924388435, 358.56087130067857)",0.8179189403479316,596.472372288,560.4226055372666,0.6114515280040859,26.44698690042861,24.779229411263742,6.939230787033657,0.28004223504542614,0.9369396031599411,0.2623826605714845,0.24583670587189624,0.07347822670360393,20231108_P021N_A009,P021N_A009,20231108,40x,0.324,0.324,0.324,19,0.599472543764612,"(162.83451744479706, 240.39676549351478, 263.9731490217381)",31.284322149242538,0,19
13,19370.0,23025.0,"(206.05420753742902, 288.42999483737736, 196.23288590604028)",0.8412595005428881,658.81677888,593.4849672196628,0.61695123200718,32.8068054520644,21.72114727433272,6.979691580382957,0.321331626374573,0.6620927266469309,0.2127513326642339,0.1408611099414309,0.06836373173835611,20231108_P021N_A009,P021N_A009,20231108,40x,0.324,0.324,0.324,19,0.6925161828362655,"(162.83451744479706, 240.39676549351478, 263.9731490217381)",30.331446468387245,0,19
14,21188.0,26109.0,"(221.7282895978856, 160.14814989616764, 239.2948838965452)",0.8115209314795664,720.651002112,598.7571536236608,0.6492073169079485,32.841324324565555,20.052185747173816,8.466006404008963,0.42219868251530507,0.610577866744997,0.2577851709127432,0.15739791973439723,0.10883655953134294,20231108_P021N_A009,P021N_A009,20231108,40x,0.324,0.324,0.324,19,0.7528011138380215,"(162.83451744479706, 240.39676549351478, 263.9731490217381)",33.22751267689385,0,19
15,33474.0,45141.0,"(254.82003943359024, 289.2576327896278, 277.2365716675629)",0.7415431647504486,1138.525186176,801.772298356617,0.6576500220610825,41.20577813430307,21.03069448986114,11.974602662054137,0.569386934312943,0.5103821707071093,0.2906049395069061,0.14831957984374294,0.1654666556020355,20231108_P021N_A009,P021N_A009,20231108,40x,0.324,0.324,0.324,19,0.8800770747445779,"(162.83451744479706, 240.39676549351478, 263.9731490217381)",34.01944300667141,0,19
16,28526.0,39600.0,"(255.51556474794924, 256.10558788473674, 314.3849470658347)",0.7203535353535353,970.2327018240001,723.2729473191665,0.6552884432104975,40.181242050296504,17.106813140832333,13.14197782464375,0.7682306293084538,0.4257412729904923,0.3270674860720681,0.13924612787412238,0.2512632606514788,20231108_P021N_A009,P021N_A009,20231108,40x,0.324,0.324,0.324,19,0.8827521721074971,"(162.83451744479706, 240.39676549351478, 263.9731490217381)",34.560175011785304,0,19
17,12067.0,15238.0,"(236.95765310350544, 200.09008038451975, 306.7676307284329)",0.7919018243864024,410.425507008,397.1055941995177,0.6725651318233878,24.644832944176603,16.442673263775905,8.028936841098032,0.4882987524167504,0.667185421829414,0.3257858091099462,0.2173595424770564,0.1590808041434683,20231108_P021N_A009,P021N_A009,20231108,40x,0.324,0.324,0.324,19,0.8113755888596363,"(162.83451744479706, 240.39676549351478, 263.9731490217381)",30.65224217045149,1,19
18,1810.0,3044.0,"(247.55193370165745, 206.2254143646409, 297.0193370165746)",0.5946123521681997,61.56212544,145.9707760264285,0.5165280901933011,17.670982478687467,7.800133404413945,4.553460201488997,0.5837669646665635,0.4414091527633787,0.25768008128471703,0.1137423463638855,0.15042511890661264,20231108_P021N_A009,P021N_A009,20231108,40x,0.324,0.324,0.324,19,0.8521228219294518,"(162.83451744479706, 240.39676549351478, 263.9731490217381)",31.474348588391756,1,19
19,48481.0,51577.0,"(267.8388440832491, 236.74111507600915, 229.43742909593448)",0.9399732438877795,1648.9466317440001,684.6233821940982,0.9859089219146142,25.736757853047155,23.63626377047542,20.308239873479867,0.8591983940730658,0.9183854433194256,0.789075298040131,0.7246752674029936,0.6779722288788063,20231108_P021N_A009,P021N_A009,20231108,40x,0.324,0.324,0.324,19,0.9301494003201889,"(162.83451744479706, 240.39676549351478, 263.9731490217381)",35.83385561663578,0,19
1,16496.0,19359.0,"(31.1895611057226, 286.065046071775, 256.14609602327835)",0.8521101296554574,561.065647104,477.59351988970286,0.6888132373793759,37.369137645014966,12.953243722205121,8.657281073043231,0.6683485047226025,0.34662945249776406,0.231669276269695,0.08030339439391761,0.15483581438501817,20231108_P021N_B005,P021N_B005,20231108,40x,0.324,0.324,0.324,25,0.15973312754350583,"(114.1555109989444, 315.2651940740381, 260.38573655920504)",28.530351707382266,1,25
2,2606.0,5298.0,"(23.745970836531082, 336.226784343822, 250.22486569455103)",0.49188372970932426,88.635855744,190.0845941756745,0.5057588595712159,13.676314387226569,11.95649034523873,5.073789686414426,0.42435443344249363,0.874247988654449,0.37099100991369827,0.32433814422593343,0.15743167982418596,20231108_P021N_B005,P021N_B005,20231108,40x,0.324,0.324,0.324,25,0.120349052045138,"(114.1555109989444, 315.2651940740381, 260.38573655920504)",30.24938078303256,2,25
3,1981.0,4562.0,"(29.74861181221605, 313.6385663806158, 283.19586067642604)",0.4342393686979395,67.378215744,202.7169738284071,0.3950090212368649,18.674992094917005,9.128398281207915,5.705357976868675,0.6250119463579884,0.4888033277236299,0.3055079192468076,0.14933328757376155,0.19094609923622638,20231108_P021N_B005,P021N_B005,20231108,40x,0.324,0.324,0.324,25,0.15210905720749232,"(114.1555109989444, 315.2651940740381, 260.38573655920504)",28.333744073755646,1,25
4,15180.0,20895.0,"(48.47536231884058, 276.41923583662714, 280.18227931488804)",0.7264895908111989,516.30556032,579.7252683342144,0.5368666530351137,36.775989462981364,15.919795339194394,7.591507408769888,0.4768596107564062,0.4328855748454906,0.2064256467228838,0.08935868474448772,0.09843605354641378,20231108_P021N_B005,P021N_B005,20231108,40x,0.324,0.324,0.324,25,0.25119239322137876,"(114.1555109989444, 315.2651940740381, 260.38573655920504)",25.54220356980607,2,25
5,3625.0,8917.0,"(45.14758620689655, 386.1354482758621, 10.217103448275862)",0.4065268588090165,123.294312,263.1495770286583,0.45524320885725195,27.800790673161206,8.640884595256505,6.789826121079201,0.7857790537795794,0.3108143468595081,0.24423140337638227,0.07591062412301132,0.19191192104835245,20231108_P021N_B005,P021N_B005,20231108,40x,0.324,0.324,0.324,25,0.23358511220580183,"(114.1555109989444, 315.2651940740381, 260.38573655920504)",87.16083674455366,0,25
6,1094.0,1546.0,"(31.613345521023767, 323.7184643510055, 239.43510054844606)",0.7076326002587322,37.209373056000004,83.95539883906316,0.6420030093006052,10.048049893191125,7.663619163449663,3.9190256749946677,0.5113805359334397,0.7626971646152725,0.39002848479587293,0.29747361947300327,0.19945297558422095,20231108_P021N_B005,P021N_B005,20231108,40x,0.324,0.324,0.324,25,0.16197537312710988,"(114.1555109989444, 315.2651940740381, 260.38573655920504)",27.727275644829774,2,25
7,15684.0,19424.0,"(54.06273909716909, 347.16673042591174, 259.8173935220607)",0.8074546952224053,533.447721216,481.79686603167266,0.6602089335183344,25.18792773089787,19.925003586938807,8.601658538434034,0.43170173098852405,0.7910537063554035,0.3414992543385153,0.27014425086208915,0.1474258192292273,20231108_P021N_B005,P021N_B005,20231108,40x,0.324,0.324,0.324,25,0.280755233318355,"(114.1555109989444, 315.2651940740381, 260.38573655920504)",22.044318729379118,3,25
8,8738.0,10867.0,"(57.43579766536965, 311.28564888990616, 279.9338521400778)",0.8040857642403607,297.198813312,326.27523588009376,0.6600822576405935,15.881868861127751,13.984925679802952,10.519064224901621,0.7521716214833567,0.8805591962815075,0.6623316384791428,0.5832222152510079,0.4981870624745852,20231108_P021N_B005,P021N_B005,20231108,40x,0.324,0.324,0.324,25,0.2986021040495749,"(114.1555109989444, 315.2651940740381, 260.38573655920504)",19.480704390464297,4,25
9,6971.0,7891.0,"(68.70018648687419, 307.92024099842206, 317.13756993257783)",0.8834114814345457,237.099213504,238.43153813865717,0.7769752167132563,18.759071997803762,11.628403011543343,8.029937464743206,0.6905451640067863,0.619881570522505,0.42805622078124755,0.2653441624098079,0.2955921531835118,20231108_P021N_B005,P021N_B005,20231108,40x,0.324,0.324,0.324,25,0.35820204490409624,"(114.1555109989444, 315.2651940740381, 260.38573655920504)",23.678405581419216,2,25
10,30709.0,33637.0,"(85.95636458367254, 332.7054283760461, 305.0817675599987)",0.9129529981865208,1044.481386816,619.0843968651343,0.8041456854527127,30.54606198701308,17.145673589990338,14.502274804526746,0.8458270670096735,0.5613055325193791,0.47476741226716923,0.266489575165471,0.4015711278297122,20231108_P021N_B005,P021N_B005,20231108,40x,0.324,0.324,0.324,25,0.44950457451678594,"(114.1555109989444, 315.2651940740381, 260.38573655920504)",18.03108415453861,3,25
11,14564.0,16365.0,"(82.88251853886295, 355.39920351551774, 269.4802252128536)",0.8899480598838986,495.354030336,427.92241179054986,0.7075050745138012,27.091290046262436,17.440422256848972,7.785273621620999,0.44639249594795044,0.64376492323056,0.28737183088463036,0.18499990464806956,0.12828062885372246,20231108_P021N_B005,P021N_B005,20231108,40x,0.324,0.324,0.324,25,0.4332408388299627,"(114.1555109989444, 315.2651940740381, 260.38573655920504)",16.74628248969311,3,25
12,13319.0,15206.0,"(98.9584052856821, 342.03678954876494, 235.47984082889107)",0.8759042483230304,453.008811456,407.9517308026378,0.6992188226809787,27.64778938315717,16.56793107590727,7.276012087784765,0.43916238270482577,0.5992497572337676,0.26316795122206976,0.1577033308815333,0.11557346451023152,20231108_P021N_B005,P021N_B005,20231108,40x,0.324,0.324,0.324,25,0.5182984406649846,"(114.1555109989444, 315.2651940740381, 260.38573655920504)",12.82963902109921,1,25
13,9074.0,10204.0,"(93.97222834472119, 310.1904342076262, 326.1512012342958)",0.8892591140729126,308.62692057600003,272.744454771348,0.8097495809057706,17.894422141485233,12.946694681327774,9.736318494499626,0.7520312121472768,0.7235044853062352,0.5440979550788396,0.393657310945491,0.4091786446847943,20231108_P021N_B005,P021N_B005,20231108,40x,0.324,0.324,0.324,25,0.4919165520884719,"(114.1555109989444, 315.2651940740381, 260.38573655920504)",22.349459009975998,3,25
14,15052.0,18614.0,"(112.6171272920542, 353.7778368323146, 308.1109487111347)",0.8086386590738154,511.95199564800004,497.06405735459043,0.6226221844698275,36.5422272592563,16.499111421341627,6.629817874532298,0.4018287836978068,0.45150809512198886,0.18142894869258241,0.08191663902417294,0.0729033737807122,20231108_P021N_B005,P021N_B005,20231108,40x,0.324,0.324,0.324,25,0.5905668110690698,"(114.1555109989444, 315.2651940740381, 260.38573655920504)",19.8759836750454,1,25
15,17231.0,19153.0,"(130.696187104637, 252.54605072253497, 250.68417387267135)",0.8996501853495535,586.064631744,465.7656182639538,0.7271327512457104,30.364496735397598,16.5325781186428,8.396044326462974,0.507848459339518,0.5444706778021401,0.27650859487735996,0.15055082207099355,0.14042446390260221,20231108_P021N_B005,P021N_B005,20231108,40x,0.324,0.324,0.324,25,0.6862232121938466,"(114.1555109989444, 315.2651940740381, 260.38573655920504)",21.24957211675812,0,25
16,14800.0,15809.0,"(129.41371621621622, 293.1091216216216, 329.4052027027027)",0.9361755961793915,503.3809152,352.28093768300306,0.868679310926407,20.658771867872833,14.11348967012474,12.2390086395639,0.8671851487921717,0.6831717664723871,0.5924364099589678,0.40473582871422736,0.5137520563201676,20231108_P021N_B005,P021N_B005,20231108,40x,0.324,0.324,0.324,25,0.6794376519376519,"(114.1555109989444, 315.2651940740381, 260.38573655920504)",24.0009242735119,2,25
17,13986.0,16939.0,"(127.73573573573573, 278.53067353067354, 194.93171743171743)",0.8256685754767106,475.694964864,404.8620287032156,0.7278850181955573,19.293834929534466,14.424182651464623,12.68627492793014,0.8795143013973123,0.7476057872447371,0.6575299816891428,0.4915732195977292,0.578307022493114,20231108_P021N_B005,P021N_B005,20231108,40x,0.324,0.324,0.324,25,0.6705594483372261,"(114.1555109989444, 315.2651940740381, 260.38573655920504)",24.713525833628513,1,25
18,14938.0,16826.0,"(144.84663274869462, 359.3987816307404, 263.00917124113)",0.8877927017710686,508.07460211200004,407.3015391953479,0.7559964050781344,27.98401317630945,13.972742458076286,9.662442881270339,0.6915208600073651,0.4993116023081798,0.345284388639808,0.1724045013437428,0.23877135737931732,20231108_P021N_B005,P021N_B005,20231108,40x,0.324,0.324,0.324,25,0.7610932949666381,"(114.1555109989444, 315.2651940740381, 260.38573655920504)",17.437705628650345,1,25
19,16027.0,17964.0,"(146.11124976601985, 354.9686154614089, 228.5925625506957)",0.8921732353596081,545.113914048,447.2414100360798,0.7215508813450574,22.974915886588544,20.91435791488902,8.408817350025425,0.4020595508714686,0.9103127087876582,0.3659999188477559,0.3331743775423638,0.1471537629909227,20231108_P021N_B005,P021N_B005,20231108,40x,0.324,0.324,0.324,25,0.7677843902964013,"(114.1555109989444, 315.2651940740381, 260.38573655920504)",19.46249640690476,2,25
20,14366.0,17710.0,"(150.59285813726856, 323.5806765975219, 192.12905471251565)",0.8111801242236025,488.619609984,481.5238656620925,0.6230366138049737,18.702692095425107,16.327103088860326,11.860430096184757,0.7264258718545671,0.8729814406159273,0.634156304112281,0.5536066839396111,0.46066754610683364,20231108_P021N_B005,P021N_B005,20231108,40x,0.324,0.324,0.324,25,0.7914966039008918,"(114.1555109989444, 315.2651940740381, 260.38573655920504)",25.213367182756997,0,25
21,15574.0,17242.0,"(156.98767176062668, 284.34287915757034, 306.03820470014125)",0.9032594826586243,529.706376576,379.46212318036646,0.8343324967841989,21.721143248058265,15.321677827069353,11.460200711759922,0.7479729596919718,0.7053808196048343,0.5276057793497768,0.37216299706599293,0.39463485633084194,20231108_P021N_B005,P021N_B005,20231108,40x,0.324,0.324,0.324,25,0.8253315966170723,"(114.1555109989444, 315.2651940740381, 260.38573655920504)",22.62190970997742,1,25
22,23290.0,26840.0,"(167.98707599828253, 296.26341777586947, 223.0597252039502)",0.8677347242921013,792.14469696,560.1757436806209,0.7390880343160832,29.696143524604626,18.43542807202074,11.164818696559053,0.6056175453557155,0.620802093603371,0.3759686400797627,0.23340211889072895,0.2276932049358324,20231108_P021N_B005,P021N_B005,20231108,40x,0.324,0.324,0.324,25,0.8835295026364155,"(114.1555109989444, 315.2651940740381, 260.38573655920504)",22.098928265042826,2,25
23,15465.0,16890.0,"(166.67132234076948, 324.75687035240867, 297.14529582929197)",0.9156305506216696,525.99904416,375.6780515641793,0.8387997100497769,21.946869904944634,13.853604101305393,12.687095971864972,0.9157974978272618,0.6312337094677986,0.5780822516748307,0.3649050041022009,0.5294062796221594,20231108_P021N_B005,P021N_B005,20231108,40x,0.324,0.324,0.324,25,0.8765678430728544,"(114.1555109989444, 315.2651940740381, 260.38573655920504)",20.995768885279205,1,25
24,16592.0,18378.0,"(169.81466972034715, 284.1169238187078, 194.60077145612343)",0.9028185874415061,564.330820608,406.0744978174017,0.813269068821804,22.779449761310477,15.626122348739981,11.770265697003438,0.7532428989302351,0.6859745302224116,0.5167054437370355,0.35444677403087566,0.38920470633351817,20231108_P021N_B005,P021N_B005,20231108,40x,0.324,0.324,0.324,25,0.8931993106896675,"(114.1555109989444, 315.2651940740381, 260.38573655920504)",29.687698197812306,1,25
25,12306.0,14030.0,"(174.50958881846253, 325.8811961644726, 246.40654965057695)",0.8771204561653599,418.554428544,341.71763986199437,0.7918653757780566,20.909340656075685,14.082182002876202,10.68355865333148,0.7586579019607491,0.6734876165874845,0.5109467021968064,0.34411627666576233,0.38763375310239284,20231108_P021N_B005,P021N_B005,20231108,40x,0.324,0.324,0.324,25,0.9180401524786377,"(114.1555109989444, 315.2651940740381, 260.38573655920504)",20.36497064723472,1,25
1,15490.0,17723.0,"(49.18508715300194, 208.59935442220788, 136.98657198192382)",0.8740055295378886,526.84934976,413.8428592708433,0.7622655467430401,20.451003807740104,17.238896519307747,10.810539907398583,0.6271016184412189,0.8429364485660763,0.5286068111388798,0.4455819480692459,0.3314901867842432,20231108_P021N_B013,P021N_B013,20231108,40x,0.324,0.324,0.324,111,0.0628637600979286,"(206.70653065081575, 219.92805662994087, 222.09092627247003)",58.1253614012844,3,111
2,16067.0,18792.0,"(54.28331362419867, 184.08912678160203, 166.8875334536628)",0.8549914857386122,546.474403008,448.470487535926,0.7207701712949114,26.51242154173413,15.295414906163495,9.766112749880786,0.638499367934465,0.5769150464843977,0.3683598925321705,0.21251236452318495,0.23519755855419833,20231108_P021N_B013,P021N_B013,20231108,40x,0.324,0.324,0.324,111,0.07799202855845302,"(206.70653065081575, 219.92805662994087, 222.09092627247003)",53.79247072295222,2,111
3,8788.0,11303.0,"(63.40543923532089, 283.6416704597178, 180.9541420118343)",0.7774927010528179,298.899424512,325.56604053049614,0.6640412819421031,18.231487559257147,14.89987931110396,8.328276530975772,0.5589492610701364,0.8172607562973356,0.4568072958340166,0.3733306760754491,0.2553321004578708,20231108_P021N_B013,P021N_B013,20231108,40x,0.324,0.324,0.324,111,0.10506065054991362,"(206.70653065081575, 219.92805662994087, 222.09092627247003)",52.53084492069555,2,111
4,17550.0,19770.0,"(88.70547008547008, 309.4533903133903, 174.79435897435897)",0.8877086494688923,596.9145312,458.3695066730498,0.7479567868129229,27.312378028130738,16.753786190513512,9.573654016254775,0.5714322665568968,0.6134136754133138,0.35052436687842653,0.2150164402088205,0.20030093344876054,20231108_P021N_B013,P021N_B013,20231108,40x,0.324,0.324,0.324,111,0.18013492606964415,"(206.70653065081575, 219.92805662994087, 222.09092627247003)",50.37757313609973,3,111
5,8751.0,10617.0,"(82.01131299280082, 114.13667009484631, 210.41480973603018)",0.8242441367617971,297.640972224,310.5395185391808,0.6942177688415697,22.03935983837973,11.206527997084635,8.793359311377305,0.7846640202625548,0.5084779267304029,0.39898433420304674,0.2028747270534754,0.3130686516975414,20231108_P021N_B013,P021N_B013,20231108,40x,0.324,0.324,0.324,111,0.16027095843561076,"(206.70653065081575, 219.92805662994087, 222.09092627247003)",53.1172743102241,4,111
6,13160.0,15564.0,"(88.67773556231003, 283.4849544072948, 126.40547112462006)",0.8455409920328965,447.60086784000003,404.63705802543444,0.699325047241458,26.875593212093708,12.472083492492711,9.774072280933867,0.7836759821899163,0.46406728194116353,0.3636783829774461,0.16877123868910093,0.2850060139810906,20231108_P021N_B013,P021N_B013,20231108,40x,0.324,0.324,0.324,111,0.1800526277813354,"(206.70653065081575, 219.92805662994087, 222.09092627247003)",53.362693821510796,2,111
7,17631.0,19946.0,"(89.46429584255006, 151.6541886450003, 174.5999659690318)",0.8839366288980247,599.669521344,460.16966511553323,0.7473214637119474,28.714477536932943,13.944130274768616,10.716949978336567,0.7685635293961997,0.48561323314462157,0.3732246203871299,0.1812428145953682,0.2868468315022894,20231108_P021N_B013,P021N_B013,20231108,40x,0.324,0.324,0.324,111,0.18238663454762627,"(206.70653065081575, 219.92805662994087, 222.09092627247003)",46.57318723600377,5,111
8,12500.0,15330.0,"(91.33792, 238.1132, 112.17752)",0.8153946510110893,425.1528,400.99116905762736,0.6818874203844568,23.16182564703661,16.954675826548403,8.79705704931671,0.5188572839323697,0.7320094747677038,0.3798084478907313,0.27802338245283104,0.19706637968715385,20231108_P021N_B013,P021N_B013,20231108,40x,0.324,0.324,0.324,111,0.18794635014836794,"(206.70653065081575, 219.92805662994087, 222.09092627247003)",51.96294650608025,6,111
9,12371.0,16503.0,"(95.68337240320103, 257.80624040093767, 119.78401099345243)",0.7496212809792159,420.76522310400003,496.77978577452615,0.5466131813380227,31.055586595171096,13.781892784326272,7.672421875466489,0.5567030592628105,0.44378143501141437,0.24705448251489445,0.10963819277646224,0.13753598622063226,20231108_P021N_B013,P021N_B013,20231108,40x,0.324,0.324,0.324,111,0.20084086766528497,"(206.70653065081575, 219.92805662994087, 222.09092627247003)",50.431308659907025,5,111
10,3347.0,4749.0,"(78.90767851807588, 305.2644158948312, 222.18882581416193)",0.7047799536744578,113.83891372800001,175.17009566610346,0.6484621810102164,12.513584478404978,10.918811730011232,7.079381300366443,0.6483655433775999,0.8725566802105434,0.5657356860924636,0.4936364521334741,0.36680352552143947,20231108_P021N_B013,P021N_B013,20231108,40x,0.324,0.324,0.324,111,0.1510613605877623,"(206.70653065081575, 219.92805662994087, 222.09092627247003)",49.78948218190608,4,111
11,13672.0,15250.0,"(95.74071094207139, 135.6127121123464, 195.67334698654184)",0.8965245901639344,465.015126528,392.4442968359923,0.7396350599367937,27.713293354689977,13.215199360406332,9.51519341588176,0.7200189082572563,0.4768541649406637,0.3433440152385023,0.16372502367393052,0.2472141830086892,20231108_P021N_B013,P021N_B013,20231108,40x,0.324,0.324,0.324,111,0.2010110116975412,"(206.70653065081575, 219.92805662994087, 222.09092627247003)",45.958208208258306,5,111
12,33551.0,42303.0,"(115.36672528389616, 205.76441834818635, 113.06217400375547)",0.793111599650143,1141.144127424,841.6253235765539,0.6274690799734582,51.22727920876317,14.689570207933839,12.057319947652452,0.8208082181424404,0.2867528870325202,0.23536912625236345,0.06749277647118697,0.19319291312494552,20231108_P021N_B013,P021N_B013,20231108,40x,0.324,0.324,0.324,111,0.25924844297892036,"(206.70653065081575, 219.92805662994087, 222.09092627247003)",46.31141974704298,4,111
13,15230.0,17282.0,"(99.92107682206172, 105.6494418910046, 253.647209455023)",0.8812637426223817,518.0061715200001,435.82420475156675,0.7156973361373629,29.37207087502034,14.479810996595376,8.725587824122108,0.602603709825615,0.4929788933918793,0.2970709100236728,0.14644968848238876,0.1790160324615367,20231108_P021N_B013,P021N_B013,20231108,40x,0.324,0.324,0.324,111,0.21341565822570244,"(206.70653065081575, 219.92805662994087, 222.09092627247003)",51.69656719109311,4,111
14,16752.0,18843.0,"(104.16033906399235, 127.25435768863419, 267.00579035339064)",0.8890304091705142,569.7727764480001,445.5540245389898,0.745964597529471,29.133563499017892,14.293860498030178,9.907300282516692,0.6931157809943652,0.4906320676669722,0.34006482876187366,0.1668467100762529,0.23570429937600113,20231108_P021N_B013,P021N_B013,20231108,40x,0.324,0.324,0.324,111,0.2259950714065055,"(206.70653065081575, 219.92805662994087, 222.09092627247003)",47.087669075256535,2,111
15,7737.0,10841.0,"(118.32932661238206, 322.91314462970143, 245.8185343156262)",0.7136795498570243,263.152577088,331.7687801652272,0.5985774615291005,20.47745729036038,10.937433139281676,9.409500182728046,0.8603024185751522,0.5341206666528073,0.4595053013323828,0.24543127787815142,0.39531352208435305,20231108_P021N_B013,P021N_B013,20231108,40x,0.324,0.324,0.324,111,0.26803954484386366,"(206.70653065081575, 219.92805662994087, 222.09092627247003)",44.63616891477962,3,111
16,14040.0,16805.0,"(123.08233618233618, 115.03746438746438, 214.70534188034188)",0.8354656352276109,477.53162496,405.9055421664035,0.7278813115499486,21.57521108012695,17.104341565864342,9.654089826196797,0.5644233535106525,0.792777484416792,0.4474621263422648,0.3547378988934094,0.2525580739191084,20231108_P021N_B013,P021N_B013,20231108,40x,0.324,0.324,0.324,111,0.2821434308081192,"(206.70653065081575, 219.92805662994087, 222.09092627247003)",43.52899798045419,7,111
17,23207.0,25741.0,"(127.49140345585384, 154.08613780324902, 142.82962037316327)",0.9015578260362845,789.321682368,516.12392099925,0.8002631608216109,24.185825357946616,17.7158864540302,13.518852637345953,0.7630920796667523,0.7324904646352861,0.5589576719946062,0.40943116487078696,0.4265361723680504,20231108_P021N_B013,P021N_B013,20231108,40x,0.324,0.324,0.324,111,0.2952267164862132,"(206.70653065081575, 219.92805662994087, 222.09092627247003)",42.11071421330047,4,111
18,6078.0,13519.0,"(125.0715695952616, 236.94241526818033, 119.56021717670286)",0.4495894666765293,206.726297472,349.53620170681427,0.4837145074102211,22.02666676645268,11.709629332301201,7.971655934260759,0.6807778203765014,0.5316114987554695,0.3619093174098337,0.19239515464181062,0.24637983628021395,20231108_P021N_B013,P021N_B013,20231108,40x,0.324,0.324,0.324,111,0.28804620057941127,"(206.70653065081575, 219.92805662994087, 222.09092627247003)",42.81988409655051,6,111
19,15665.0,17134.0,"(126.84723906798595, 143.7980849026492, 175.63115225023938)",0.9142640364188164,532.80148896,382.61187517845735,0.8306842302699715,19.868091808148293,16.92726697734196,11.298645900386825,0.6674819931363201,0.8519825225691658,0.5686829922817767,0.4845079703064095,0.3795856571509668,20231108_P021N_B013,P021N_B013,20231108,40x,0.324,0.324,0.324,111,0.29331524945989895,"(206.70653065081575, 219.92805662994087, 222.09092627247003)",38.78780672126981,6,111
20,14036.0,15835.0,"(130.34126531775433, 322.85294955827874, 182.89127956682816)",0.8863909062203978,477.395576064,363.07801192531434,0.8135853176722964,18.12618611956379,14.347367438805662,13.435916894331434,0.93647262828099,0.7915270947880422,0.7412434588117741,0.5867142814839234,0.6941542100695539,20231108_P021N_B013,P021N_B013,20231108,40x,0.324,0.324,0.324,111,0.303683279874642,"(206.70653065081575, 219.92805662994087, 222.09092627247003)",43.423010933617434,5,111
21,11452.0,13044.0,"(138.51108976597973, 329.3455291652113, 224.18966119455118)",0.8779515486047225,389.507989248,337.9577237583917,0.7631899828317071,25.404050283328612,11.55911517878003,9.609246541481083,0.8313133308959086,0.45501071875793325,0.378256476203999,0.17211075111242463,0.31444965116609547,20231108_P021N_B013,P021N_B013,20231108,40x,0.324,0.324,0.324,111,0.3279260823916313,"(206.70653065081575, 219.92805662994087, 222.09092627247003)",41.77867388916362,4,111
22,2811.0,4759.0,"(134.60120953397367, 258.31590181430096, 346.84702952685876)",0.590670308888422,95.608361664,189.28567075424226,0.534191496269008,14.425711425250968,10.76150477250781,5.278244756040907,0.4904746006827157,0.7459947350444512,0.36589146978233555,0.2729531100552982,0.17946047253470296,20231108_P021N_B013,P021N_B013,20231108,40x,0.324,0.324,0.324,111,0.31632406389903167,"(206.70653065081575, 219.92805662994087, 222.09092627247003)",48.315004813800186,3,111
23,1594.0,2288.0,"(133.32747804265998, 257.8086574654956, 114.2547051442911)",0.6966783216783217,54.215485056,104.3067217902986,0.6641314700754928,9.151415753632403,7.872491452026173,6.299037466027831,0.800132652339257,0.8602484756417502,0.6883128944860364,0.5921201182461736,0.5507416219044234,20231108_P021N_B013,P021N_B013,20231108,40x,0.324,0.324,0.324,111,0.31254444523044506,"(206.70653065081575, 219.92805662994087, 222.09092627247003)",44.00687687595782,8,111
24,10937.0,12277.0,"(144.12773155344243, 296.96863856633445, 136.1369662613148)",0.8908528142054247,371.991693888,313.63172335202785,0.7975409082221037,18.9763674937891,12.632416625932215,11.37462836841189,0.9004316992729405,0.6656920314210168,0.5994102070448819,0.3990225983821997,0.5397279512909682,20231108_P021N_B013,P021N_B013,20231108,40x,0.324,0.324,0.324,111,0.3445926752327669,"(206.70653065081575, 219.92805662994087, 222.09092627247003)",42.54089228916155,6,111
25,16037.0,17859.0,"(151.02993078505955, 112.5219180644759, 284.22834694768346)",0.8979786102245366,545.454036288,412.0197211243643,0.7835587424272027,21.529436140918826,18.23926668908439,9.98226402388071,0.5472952500801347,0.8471780946654175,0.46365654718232163,0.3927996702210655,0.25375702594144045,20231108_P021N_B013,P021N_B013,20231108,40x,0.324,0.324,0.324,111,0.36507397859068114,"(206.70653065081575, 219.92805662994087, 222.09092627247003)",44.06521667744148,4,111
26,13728.0,17047.0,"(151.7596153846154, 229.66280594405595, 109.21787587412588)",0.8053029858626152,466.919811072,405.93870870997245,0.716998960460372,18.764344077561525,14.974787882809503,12.945832663234196,0.864508583663848,0.7980448355088741,0.6899166104460253,0.5505843878982383,0.5964388317428561,20231108_P021N_B013,P021N_B013,20231108,40x,0.324,0.324,0.324,111,0.3672392147911436,"(206.70653065081575, 219.92805662994087, 222.09092627247003)",40.79603172374575,7,111
27,15395.0,18488.0,"(151.7165962974992, 138.62643715492044, 191.74446248782073)",0.8327022933794894,523.61818848,429.8985748891097,0.7307933750297151,21.920106029783724,17.73046843790033,9.976201021233308,0.5626586266558169,0.8088678227107676,0.45511645827252134,0.3681290586827303,0.2560752013800763,20231108_P021N_B013,P021N_B013,20231108,40x,0.324,0.324,0.324,111,0.36711156171364745,"(206.70653065081575, 219.92805662994087, 222.09092627247003)",33.286571821655414,6,111
28,38885.0,56755.0,"(185.2035232094638, 133.68725729715828, 306.77186575800437)",0.6851378733151264,1322.56533024,1076.6716606939765,0.5411848101040694,56.76919344349089,18.44241591380147,11.612771593720959,0.6296773507331264,0.3248666185852965,0.2045611517324185,0.06645508965722458,0.12880752408578636,20231108_P021N_B013,P021N_B013,20231108,40x,0.324,0.324,0.324,111,0.46647929735745935,"(206.70653065081575, 219.92805662994087, 222.09092627247003)",39.77516204159941,3,111
29,37465.0,42482.0,"(172.35587882023222, 171.69243293740826, 134.86160416388628)",0.8819029235911681,1274.26797216,755.9938050674848,0.7518647650836878,36.22570779445278,18.994920504265547,14.270168371034671,0.7512623370984957,0.5243491890356998,0.3939237972106608,0.20655362360927348,0.2959401125311949,20231108_P021N_B013,P021N_B013,20231108,40x,0.324,0.324,0.324,111,0.42835572350217277,"(206.70653065081575, 219.92805662994087, 222.09092627247003)",34.159492724348446,5,111
30,6302.0,7831.0,"(155.32576959695334, 172.62250079339893, 339.5333227546811)",0.8047503511684332,214.345035648,245.83771840556227,0.7045490400320202,15.09837076617183,11.029344274376932,9.842889414390203,0.8924274344447596,0.7304989687422683,0.651917320539205,0.47622493035911206,0.5817889018389047,20231108_P021N_B013,P021N_B013,20231108,40x,0.324,0.324,0.324,111,0.37782127476840754,"(206.70653065081575, 219.92805662994087, 222.09092627247003)",44.27138977147733,4,111
31,16491.0,18576.0,"(162.19495482384332, 304.3717785458735, 157.75168273603785)",0.8877583979328165,560.895585984,416.67334015672577,0.7893623812121024,20.085303648286533,17.933147935662333,11.390369841028898,0.635157300987726,0.8928492319403994,0.5670997083482282,0.50633453903234,0.3601975201453872,20231108_P021N_B013,P021N_B013,20231108,40x,0.324,0.324,0.324,111,0.39820461372060334,"(206.70653065081575, 219.92805662994087, 222.09092627247003)",37.297397333438454,6,111
32,21901.0,23928.0,"(167.77261312268845, 332.07150358431124, 193.39527875439478)",0.9152875292544299,744.901717824,479.3098536910702,0.8290875959542905,23.553752369498646,15.75043319084778,14.604862852201368,0.927267375775285,0.6687016549959184,0.6200652288046552,0.41463864470709577,0.5749662575231943,20231108_P021N_B013,P021N_B013,20231108,40x,0.324,0.324,0.324,111,0.4147555285539717,"(206.70653065081575, 219.92805662994087, 222.09092627247003)",39.56972990793524,5,111
33,19683.0,22406.0,"(157.38617080729563, 153.52974648173551, 161.05629223187523)",0.8784700526644649,669.462604992,468.1004330309494,0.7906105955309394,21.75163355988802,15.896352394725302,14.21260443428907,0.8940796027524572,0.7308118882638596,0.6534040027457247,0.47751541304576717,0.584195191211763,20231108_P021N_B013,P021N_B013,20231108,40x,0.324,0.324,0.324,111,0.3839352249474648,"(206.70653065081575, 219.92805662994087, 222.09092627247003)",33.30502528087438,5,111
34,16467.0,18247.0,"(166.21394303759033, 116.70692900953422, 219.7197425153337)",0.9024497177618238,560.0792926080001,414.85558816461025,0.7920516884170891,21.85637658163944,17.359610205953988,10.812042654656842,0.6228275016767678,0.7942583776917999,0.4946859610636263,0.39290846890130465,0.3081040212438292,20231108_P021N_B013,P021N_B013,20231108,40x,0.324,0.324,0.324,111,0.4101303947702977,"(206.70653065081575, 219.92805662994087, 222.09092627247003)",35.93315328385678,6,111
35,28664.0,32679.0,"(171.79929528328216, 269.913933854312, 132.62587217415575)",0.8771382233238472,974.926388736,618.9021899345623,0.7682631258023196,24.20953006848334,20.447463715029322,14.54628509703731,0.7113980149208178,0.8446039083446901,0.6008495437907769,0.5074798730128142,0.4274431727188377,20231108_P021N_B013,P021N_B013,20231108,40x,0.324,0.324,0.324,111,0.42670414030647524,"(206.70653065081575, 219.92805662994087, 222.09092627247003)",35.07754379849902,7,111
36,1894.0,2784.0,"(159.21488912354803, 220.9572333685322, 338.9065469904963)",0.680316091954023,64.419152256,126.04799251918946,0.616535651062511,10.691338588368144,8.258265250322971,6.305983954053022,0.7635966831903834,0.7724257521230986,0.5898217423320353,0.4555935029393789,0.4503859261183151,20231108_P021N_B013,P021N_B013,20231108,40x,0.324,0.324,0.324,111,0.3893616887939111,"(206.70653065081575, 219.92805662994087, 222.09092627247003)",40.85793449203333,5,111
37,14774.0,16894.0,"(174.44727223500743, 128.58630025720862, 195.64511980506296)",0.8745116609447141,502.496597376,404.263768793645,0.7560921357640027,22.788049691898586,17.67756913953578,9.14369183266713,0.517248257409856,0.7757385725650914,0.40124942486490267,0.31126465608726356,0.20754556579807787,20231108_P021N_B013,P021N_B013,20231108,40x,0.324,0.324,0.324,111,0.4345616386795473,"(206.70653065081575, 219.92805662994087, 222.09092627247003)",32.534757920378865,8,111
38,16498.0,18997.0,"(175.57025093950782, 336.20832828221603, 242.94981209843618)",0.8684529136179396,561.133671552,430.49380878495754,0.7642370724904772,20.949970118620012,16.648439987543345,11.867504862660825,0.7128298430087324,0.794676073201005,0.5664688205026683,0.45015921786786545,0.40379588038825887,20231108_P021N_B013,P021N_B013,20231108,40x,0.324,0.324,0.324,111,0.4378939197018036,"(206.70653065081575, 219.92805662994087, 222.09092627247003)",39.5832838191161,6,111
39,16752.0,18533.0,"(184.99671680993313, 106.90735434574977, 259.8809694364852)",0.9039011493012464,569.7727764480001,424.49931541282126,0.7829636386330553,23.94487309462275,17.333158095370436,9.921129036784901,0.5723786157258188,0.7238776345514609,0.41433207841944536,0.29992572484505853,0.23715482149652356,20231108_P021N_B013,P021N_B013,20231108,40x,0.324,0.324,0.324,111,0.46586562851612207,"(206.70653065081575, 219.92805662994087, 222.09092627247003)",39.24692995707773,5,111
40,5049.0,6548.0,"(185.0736779560309, 238.70608041196277, 345.8888888888889)",0.7710751374465485,171.727718976,226.0753004694822,0.6608830426944299,19.04287485551244,9.82607042925083,7.004960192300023,0.7128953779373738,0.5159972170066762,0.36785203103260744,0.18981062428307896,0.2622400126880212,20231108_P021N_B013,P021N_B013,20231108,40x,0.324,0.324,0.324,111,0.46609399986952793,"(206.70653065081575, 219.92805662994087, 222.09092627247003)",41.1703550818806,7,111
41,9330.0,10760.0,"(180.49046087888533, 243.832154340836, 109.73547695605573)",0.8671003717472119,317.33404992,292.15252115852417,0.7701091242646074,16.959018853399424,14.420955058674716,9.50731976260645,0.6592711594983759,0.8503413542572981,0.5606055305906281,0.47670606608656585,0.36959105817368565,20231108_P021N_B013,P021N_B013,20231108,40x,0.324,0.324,0.324,111,0.45249394919550545,"(206.70653065081575, 219.92805662994087, 222.09092627247003)",38.17489380200478,5,111
42,6700.0,9497.0,"(183.37850746268657, 285.53731343283584, 312.89014925373135)",0.7054859429293461,227.8819008,322.3559743861316,0.5596995482996107,16.272910175236,11.712405865709233,9.525728339884308,0.8133024460647383,0.7197486951985448,0.5853733743568802,0.4213217223973338,0.47608559722562044,20231108_P021N_B013,P021N_B013,20231108,40x,0.324,0.324,0.324,111,0.46106382036405513,"(206.70653065081575, 219.92805662994087, 222.09092627247003)",37.07396830684103,2,111
43,30815.0,44854.0,"(199.93003407431445, 272.82122343014765, 342.50436475742333)",0.6870067329558122,1048.08668256,895.7720605798236,0.5570379027843656,36.43409045856925,17.205554692805823,13.702015267216591,0.7963716085797472,0.4722377991669914,0.37607677575477655,0.17759766890025383,0.29949686685731625,20231108_P021N_B013,P021N_B013,20231108,40x,0.324,0.324,0.324,111,0.510178142653752,"(206.70653065081575, 219.92805662994087, 222.09092627247003)",42.66848023443532,6,111
44,15153.0,16649.0,"(193.5699201478255, 210.83725994852503, 122.03372269517587)",0.910144753438645,515.387230272,388.37530590528235,0.8004267952137855,25.185473837991594,13.119080145890846,11.141079627950605,0.8492271945941431,0.5208986827200794,0.44236132699415776,0.23042543251756314,0.37566526872019096,20231108_P021N_B013,P021N_B013,20231108,40x,0.324,0.324,0.324,111,0.49130540103212317,"(206.70653065081575, 219.92805662994087, 222.09092627247003)",32.82914248832629,5,111
45,1080.0,1689.0,"(177.40092592592592, 185.33425925925926, 347.88055555555553)",0.6394316163410302,36.73320192,90.59467227367219,0.5898668505457105,12.83640242920563,6.488816357023331,3.677813045048582,0.5667925924683953,0.5055011630252297,0.2865143146868589,0.14483331929758383,0.1623941912006704,20231108_P021N_B013,P021N_B013,20231108,40x,0.324,0.324,0.324,111,0.4433261896911748,"(206.70653065081575, 219.92805662994087, 222.09092627247003)",43.322301724126014,6,111
46,11907.0,13367.0,"(197.77802973041068, 329.07340220038634, 274.77063911984544)",0.8907757911274033,404.983551168,340.7301245433487,0.7769001082994577,25.168587313376673,11.989643965529943,9.733762699154692,0.8118475183365846,0.4763733385686551,0.38674251271867627,0.18423382195022636,0.3139759491859124,20231108_P021N_B013,P021N_B013,20231108,40x,0.324,0.324,0.324,111,0.5037923730872721,"(206.70653065081575, 219.92805662994087, 222.09092627247003)",39.373101671504585,3,111
47,19120.0,25718.0,"(202.12965481171548, 157.07348326359832, 325.9613493723849)",0.7434481685978692,650.31372288,577.8513130708468,0.6281788339402968,27.43206131564662,21.77705107100114,9.021960236160421,0.4142875087515539,0.7938539805822031,0.3288837879279054,0.26108570419552085,0.1362524451694263,20231108_P021N_B013,P021N_B013,20231108,40x,0.324,0.324,0.324,111,0.5167052071564258,"(206.70653065081575, 219.92805662994087, 222.09092627247003)",39.36394658706726,7,111
48,25112.0,27685.0,"(194.90864925135392, 292.26760114686203, 149.03954284804078)",0.9070615856962254,854.1149690880001,528.0659447543374,0.8244041819942529,25.238499020003722,16.895103603714773,14.477780046699467,0.8569216493893649,0.6694179234004337,0.5736387110511032,0.38400403473393097,0.49156343042750067,20231108_P021N_B013,P021N_B013,20231108,40x,0.324,0.324,0.324,111,0.49527789095357244,"(206.70653065081575, 219.92805662994087, 222.09092627247003)",33.52844979110827,7,111
49,10993.0,14340.0,"(197.24260893295732, 179.0006367688529, 337.90439370508506)",0.7665969316596931,373.896378432,399.33754468387554,0.62850897954128,23.978670923080283,17.09573062746573,7.10021535144823,0.41532096557728493,0.712955721453707,0.29610545864800336,0.21111008089676805,0.12297880499839356,20231108_P021N_B013,P021N_B013,20231108,40x,0.324,0.324,0.324,111,0.5022035873381523,"(206.70653065081575, 219.92805662994087, 222.09092627247003)",39.91566749549564,9,111
50,18459.0,20767.0,"(198.02280730267077, 108.95162251476245, 219.93434097188364)",0.8888621370443492,627.831642816,441.25220455154425,0.803574296180344,21.69443988218867,17.310265020111736,12.128774357356676,0.7006694780966667,0.7979125118746955,0.5590729432620433,0.44609129647939605,0.3917253473733832,20231108_P021N_B013,P021N_B013,20231108,40x,0.324,0.324,0.324,111,0.504518716031664,"(206.70653065081575, 219.92805662994087, 222.09092627247003)",36.07304143517429,5,111
51,20106.0,22919.0,"(198.08112006366258, 325.2083457674326, 194.75887794688154)",0.8772634059077621,683.849775744,488.18560346434697,0.7689054910915885,24.899059686327284,15.441862984341373,12.880036739625522,0.8340986286878961,0.6201785601092759,0.517290086528781,0.32081222102222207,0.4314709518074993,20231108_P021N_B013,P021N_B013,20231108,40x,0.324,0.324,0.324,111,0.5046917509307495,"(206.70653065081575, 219.92805662994087, 222.09092627247003)",35.35221274032964,6,111
52,7273.0,11074.0,"(199.28901416196894, 205.3336999862505, 357.2487281726935)",0.656763590391909,247.370905152,318.9205432003004,0.5975405394315892,21.190697527704387,10.831681134000288,9.461415076855138,0.8734946089906644,0.5111526470442569,0.44648908156446626,0.22822407591803606,0.39000580571975435,20231108_P021N_B013,P021N_B013,20231108,40x,0.324,0.324,0.324,111,0.5082760064153381,"(206.70653065081575, 219.92805662994087, 222.09092627247003)",44.1112003539636,10,111
53,1037.0,2458.0,"(195.2536162005786, 244.1764705882353, 357.7830279652845)",0.42188771358828314,35.270676288,120.42447281958744,0.4318953836110855,11.56286594188946,8.612598742446469,4.7297011657438786,0.5491607477814964,0.7448498309787639,0.4090422901652192,0.30467508069272997,0.2246299699413876,20231108_P021N_B013,P021N_B013,20231108,40x,0.324,0.324,0.324,111,0.4963015317524587,"(206.70653065081575, 219.92805662994087, 222.09092627247003)",44.8146011863724,7,111
54,16667.0,18752.0,"(213.29603407931842, 338.01619967600647, 231.04367912641746)",0.8888118600682594,566.881737408,410.109034365405,0.8076932100697167,19.300510660923873,16.40017936167983,13.010401564527005,0.7933084924014138,0.8497277429495116,0.674096234710933,0.5727982720516853,0.5347662676919999,20231108_P021N_B013,P021N_B013,20231108,40x,0.324,0.324,0.324,111,0.5498398637368499,"(206.70653065081575, 219.92805662994087, 222.09092627247003)",38.42970933878677,6,111
55,27496.0,32675.0,"(217.78211376200176, 121.09812336339832, 234.65838667442537)",0.8414996174445295,935.200111104,663.8699229400039,0.6966331942638089,36.32736492573949,17.84225297985475,10.731150844197053,0.6014459528352912,0.4911518635146793,0.2954013005384152,0.14508689924410245,0.17766791667111137,20231108_P021N_B013,P021N_B013,20231108,40x,0.324,0.324,0.324,111,0.5631516728842783,"(206.70653065081575, 219.92805662994087, 222.09092627247003)",32.47761085053178,6,111
56,1100.0,3678.0,"(207.61272727272728, 213.5990909090909, 361.89)",0.29907558455682437,37.4134464,150.93393463366397,0.35841186205405917,16.546483053867345,12.182678636982875,4.217972186117244,0.3462269925854216,0.7362699733424901,0.2549165386013189,0.18768739308055293,0.08825898652022017,20231108_P021N_B013,P021N_B013,20231108,40x,0.324,0.324,0.324,111,0.5329754518478554,"(206.70653065081575, 219.92805662994087, 222.09092627247003)",45.34224365565689,8,111
57,10994.0,13295.0,"(214.19801710023648, 292.4689830816809, 320.3146261597235)",0.8269274163219256,373.930390656,327.03811085933216,0.7675021508809269,18.103897617861854,13.765045115831525,11.375528702891822,0.8264069319909849,0.7603360009200734,0.6283469418026525,0.4777548009205868,0.5192702684010481,20231108_P021N_B013,P021N_B013,20231108,40x,0.324,0.324,0.324,111,0.5525163712173189,"(206.70653065081575, 219.92805662994087, 222.09092627247003)",39.637005298506125,4,111
58,14985.0,16650.0,"(221.54134134134134, 138.11831831831833, 176.12632632632634)",0.9,509.67317664,393.6830714276023,0.7837879267570542,22.784062325989407,17.077275993308938,9.639747323554749,0.5644780424777176,0.7495272681829512,0.42309168512758355,0.31711875494459907,0.2388259662094172,20231108_P021N_B013,P021N_B013,20231108,40x,0.324,0.324,0.324,111,0.5743066508645144,"(206.70653065081575, 219.92805662994087, 222.09092627247003)",30.78110727404068,7,111
59,27606.0,40514.0,"(237.59534159240744, 245.6383394914149, 368.99351590234005)",0.6813940859949646,938.941455744,817.8299729496923,0.566996151178048,45.677624205457505,18.07294567128969,10.551605423124107,0.5838342910467644,0.3956629966129096,0.23100162512093644,0.0913987952178017,0.13486667003313235,20231108_P021N_B013,P021N_B013,20231108,40x,0.324,0.324,0.324,111,0.6219446338053634,"(206.70653065081575, 219.92805662994087, 222.09092627247003)",49.34543201809296,5,111
60,7413.0,10599.0,"(216.08215297450425, 213.8907324969648, 364.24888709024685)",0.6994056043022927,252.132616512,293.43025922324216,0.6577566502109449,16.310571835223417,14.118692837235287,9.363004027555034,0.6631636607931539,0.8656160544135756,0.5740451114862327,0.49690266446011394,0.3806858575936243,20231108_P021N_B013,P021N_B013,20231108,40x,0.324,0.324,0.324,111,0.5581072788560957,"(206.70653065081575, 219.92805662994087, 222.09092627247003)",46.200670226265224,7,111
61,14548.0,15853.0,"(231.0722436073687, 175.46411877921363, 150.0607643662359)",0.917681195988141,494.80983475200003,373.7368166620925,0.8094880794339768,24.591784790864068,13.583495071509411,10.49915432630839,0.7729346733691357,0.5523590575888467,0.42693746775991886,0.23582277734123738,0.3299947721920588,20231108_P021N_B013,P021N_B013,20231108,40x,0.324,0.324,0.324,111,0.6025882599625184,"(206.70653065081575, 219.92805662994087, 222.09092627247003)",28.539736301563288,4,111
62,17566.0,19243.0,"(221.47478082659683, 301.00204941364, 165.58061026983947)",0.9128514264927506,597.458726784,400.2801960554953,0.8570219792523025,17.714291788259818,17.026138347705782,14.26481822543633,0.8378187663063638,0.9611526416760217,0.8052717204811071,0.773989041407411,0.674671759394884,20231108_P021N_B013,P021N_B013,20231108,40x,0.324,0.324,0.324,111,0.5741091419186849,"(206.70653065081575, 219.92805662994087, 222.09092627247003)",32.374895394913544,6,111
63,9136.0,14282.0,"(225.6707530647986, 171.09741681260945, 326.89098073555164)",0.6396863184427951,310.735678464,384.7553010627779,0.5766251669475027,23.22536962740518,13.773368395457753,9.076258407990546,0.6589715854099827,0.5930311816956242,0.39079069799952104,0.23175106943031376,0.25751996582421816,20231108_P021N_B013,P021N_B013,20231108,40x,0.324,0.324,0.324,111,0.5865600981151293,"(206.70653065081575, 219.92805662994087, 222.09092627247003)",37.96075111075148,7,111
64,15477.0,17054.0,"(225.39368094591975, 264.8212831944175, 137.97893648639916)",0.9075290254485752,526.407190848,373.70929258434217,0.8436547762460762,18.16229359928092,15.92963010213752,13.356381815073076,0.8384615166475742,0.8770715006373537,0.7353907006327595,0.6449902253587292,0.6165968021810656,20231108_P021N_B013,P021N_B013,20231108,40x,0.324,0.324,0.324,111,0.5857379256555483,"(206.70653065081575, 219.92805662994087, 222.09092627247003)",31.478793890950143,6,111
65,14376.0,16944.0,"(228.65435447968838, 221.95687256538676, 140.45471619365608)",0.8484419263456091,488.959732224,386.74279530144315,0.7760873817770927,21.557202152513877,13.79095987746411,12.45831409392937,0.9033681632478372,0.6397379298062521,0.5779188786090478,0.36971662699730296,0.5220735158753053,20231108_P021N_B013,P021N_B013,20231108,40x,0.324,0.324,0.324,111,0.5954135147765234,"(206.70653065081575, 219.92805662994087, 222.09092627247003)",27.397248919328618,4,111
66,5476.0,7957.0,"(233.32742878013147, 98.05788897005114, 127.21073776479182)",0.6881990700012568,186.250938624,287.7036617810012,0.5481983386948045,17.634290276183744,12.36578919582179,7.520180843038191,0.6081440273605137,0.7012354340408353,0.42645214098549145,0.29904335218160455,0.2593443224954303,20231108_P021N_B013,P021N_B013,20231108,40x,0.324,0.324,0.324,111,0.6092802040953456,"(206.70653065081575, 219.92805662994087, 222.09092627247003)",50.77945251691114,0,111
67,9321.0,10817.0,"(233.8933590816436, 187.02092050209205, 246.70904409398133)",0.861699177221041,317.027939904,297.14031851625236,0.7566950604520728,19.217982228608925,14.805298925948652,8.22122236912772,0.5552891846525783,0.7703877935691232,0.42778800975729725,0.3295626609522508,0.2375460551422788,20231108_P021N_B013,P021N_B013,20231108,40x,0.324,0.324,0.324,111,0.6109595224974588,"(206.70653065081575, 219.92805662994087, 222.09092627247003)",15.965196487394532,5,111
68,11313.0,12496.0,"(248.8662600548042, 136.86484575267392, 251.28400954653938)",0.9053297055057619,384.780290112,346.35519583305467,0.7386481751784123,29.045780379851468,11.545582000077733,8.239345629840855,0.7136362315719885,0.3974960166016642,0.2836675593524883,0.11275672488173025,0.20243544807553313,20231108_P021N_B013,P021N_B013,20231108,40x,0.324,0.324,0.324,111,0.6553894957115851,"(206.70653065081575, 219.92805662994087, 222.09092627247003)",31.628069318685746,8,111
69,11195.0,15366.0,"(243.97445288075033, 185.3906208128629, 349.62626172398393)",0.7285565534296499,380.76684768,417.38938844891163,0.608670340730376,27.33491786285269,16.37753694006304,7.5169945743932365,0.45898199478366136,0.5991434480335355,0.2749960549399931,0.16476208455236702,0.12621823785399536,20231108_P021N_B013,P021N_B013,20231108,40x,0.324,0.324,0.324,111,0.6408737474206241,"(206.70653065081575, 219.92805662994087, 222.09092627247003)",44.48013121012612,8,111
70,15139.0,17806.0,"(242.92753814650902, 332.2698328819605, 202.07556641786115)",0.8502190272941705,514.9110591360001,420.88325318155705,0.7381488688579992,23.822675203548613,17.17538039207793,9.783563047863142,0.5696271537820361,0.7209677437704182,0.41068280385259953,0.29608905449891787,0.23393607666578248,20231108_P021N_B013,P021N_B013,20231108,40x,0.324,0.324,0.324,111,0.6377671755089288,"(206.70653065081575, 219.92805662994087, 222.09092627247003)",38.78978378475527,5,111
71,4813.0,8318.0,"(238.69561603989195, 278.88468730521504, 339.9160606690214)",0.5786246693916807,163.700834112,265.93994832543683,0.5441698460447186,20.290092013777336,11.036553124493322,7.688721231451305,0.6966596495048618,0.5439380519811987,0.3789396926455792,0.20611971823599054,0.2639919934619493,20231108_P021N_B013,P021N_B013,20231108,40x,0.324,0.324,0.324,111,0.6252095431450799,"(206.70653065081575, 219.92805662994087, 222.09092627247003)",43.92793407573503,4,111
72,9175.0,11806.0,"(247.05732970027248, 172.56555858310628, 328.89613079019074)",0.7771472132813824,312.0621552,363.94718580307784,0.6113264143074648,24.58920353854544,16.87825929446244,5.79811547056967,0.3435256781765383,0.6864093531132266,0.23579923853494011,0.16185480278735964,0.08100309333122661,20231108_P021N_B013,P021N_B013,20231108,40x,0.324,0.324,0.324,111,0.6500217498524405,"(206.70653065081575, 219.92805662994087, 222.09092627247003)",40.04873938630275,7,111
73,16252.0,18177.0,"(245.025412256953, 282.2314792025597, 160.79645582082205)",0.8940969356879573,552.766664448,392.4316725514949,0.8300061353177923,18.66816305269064,16.57814591471195,12.902175435655943,0.7782640774205131,0.8880437709870197,0.6911325661362463,0.613755970283568,0.5378836489592974,20231108_P021N_B013,P021N_B013,20231108,40x,0.324,0.324,0.324,111,0.6439923212372493,"(206.70653065081575, 219.92805662994087, 222.09092627247003)",30.919626173485426,6,111
74,12863.0,14085.0,"(246.60063748736687, 136.29938583534167, 205.11132706211615)",0.9132410365637202,437.499237312,331.4920617179933,0.8407415774221283,18.463776181686576,15.50212655495795,10.966254802725201,0.707403256182161,0.8395967543374926,0.5939334778983162,0.49866462033580516,0.4201504762208645,20231108_P021N_B013,P021N_B013,20231108,40x,0.324,0.324,0.324,111,0.6486665800812074,"(206.70653065081575, 219.92805662994087, 222.09092627247003)",30.520733150853548,8,111
75,8411.0,9745.0,"(251.02972298180953, 126.09844251575318, 236.63678516228748)",0.8631092868137507,286.076816064,287.41236999446966,0.7305228044217,20.875069607698034,14.500182362997695,7.3252303006246855,0.505181943043529,0.6946171981937013,0.3509080658549461,0.24374677752773347,0.17727241853824832,20231108_P021N_B013,P021N_B013,20231108,40x,0.324,0.324,0.324,111,0.6618092670083369,"(206.70653065081575, 219.92805662994087, 222.09092627247003)",33.9506919488305,6,111
76,18740.0,22724.0,"(256.7798826040555, 233.7376734258271, 148.15346851654215)",0.8246787537405387,637.38907776,478.2905804037099,0.7488509322265479,22.014637182062536,19.027621577514292,11.53303174280638,0.6061205125308687,0.8643168370277728,0.523880164248333,0.45279844654470924,0.31753451365895524,20231108_P021N_B013,P021N_B013,20231108,40x,0.324,0.324,0.324,111,0.6788720552049125,"(206.70653065081575, 219.92805662994087, 222.09092627247003)",29.27639644552612,3,111
77,2960.0,6523.0,"(246.05236486486487, 305.677027027027, 317.802027027027)",0.45377893607235936,100.67618304,224.09345442889378,0.46702426709964573,19.787687089084066,11.27889261020233,5.080209621994676,0.4504174122022732,0.5699955007083352,0.25673589839598726,0.146338306956025,0.11563831897494632,20231108_P021N_B013,P021N_B013,20231108,40x,0.324,0.324,0.324,111,0.6470396583527147,"(206.70653065081575, 219.92805662994087, 222.09092627247003)",43.54347297701776,3,111
78,13606.0,14745.0,"(259.27032191680144, 337.3680729090107, 229.29325297662797)",0.9227534757544931,462.770319744,352.9653069828802,0.8197141563797781,23.912454419873878,13.207369465975827,10.422675553576171,0.7891560526436815,0.5523217832042808,0.4358680782226095,0.24073943420573465,0.3439679320835419,20231108_P021N_B013,P021N_B013,20231108,40x,0.324,0.324,0.324,111,0.6862620828391733,"(206.70653065081575, 219.92805662994087, 222.09092627247003)",41.75325923109108,6,111
79,11870.0,13139.0,"(253.04734625105309, 339.6201347935973, 263.38298230834033)",0.9034173072532156,403.72509888,330.27532562626055,0.7998314828848552,19.716816888534535,15.568594604645067,9.531758889417862,0.6122427316961515,0.7896099402180031,0.4834329467735051,0.38172346020124037,0.29597830792453095,20231108_P021N_B013,P021N_B013,20231108,40x,0.324,0.324,0.324,111,0.6677962796767154,"(206.70653065081575, 219.92805662994087, 222.09092627247003)",43.6844030547365,6,111
80,11260.0,13391.0,"(260.4961811722913, 160.67433392539965, 312.5688277087034)",0.8408632663729371,382.97764224,364.849274659404,0.6990146074642603,25.02424730916837,15.75694858024503,7.91259783883468,0.5021656190942291,0.6296672337661884,0.31619723626754864,0.19909903908510126,0.1587833809061778,20231108_P021N_B013,P021N_B013,20231108,40x,0.324,0.324,0.324,111,0.6898996473955231,"(206.70653065081575, 219.92805662994087, 222.09092627247003)",39.13643840051645,9,111
81,13193.0,15859.0,"(268.9385280072766, 176.24778291518228, 267.5339195027666)",0.8318935620152594,448.723271232,441.2177695569461,0.6424167535254228,32.599319292141836,14.794459370415188,7.373159905173329,0.49837305443669017,0.4538272482880168,0.2261752719158971,0.10264450128438554,0.11271966110277458,20231108_P021N_B013,P021N_B013,20231108,40x,0.324,0.324,0.324,111,0.7149511216833133,"(206.70653065081575, 219.92805662994087, 222.09092627247003)",28.698890410081745,10,111
82,11876.0,13002.0,"(257.67244863590435, 161.76574604243854, 178.63859885483328)",0.9133979387786494,403.929172224,324.0468754555672,0.8154795963687184,21.90525238647299,13.583348610204808,9.783591203601798,0.7202635730229029,0.6200955081710379,0.44663220633072437,0.27695462495020234,0.32169290875886997,20231108_P021N_B013,P021N_B013,20231108,40x,0.324,0.324,0.324,111,0.6815206190976391,"(206.70653065081575, 219.92805662994087, 222.09092627247003)",28.74024997656487,6,111
83,10658.0,13089.0,"(261.67498592606495, 216.8044661287296, 263.5180146368925)",0.8142715257086103,362.502283392,336.80391432036316,0.7299853739208586,20.864187992784387,14.389601302081397,9.473006900906643,0.6583230974951622,0.689679430949235,0.45403189926120113,0.31313646191526556,0.2988996862832453,20231108_P021N_B013,P021N_B013,20231108,40x,0.324,0.324,0.324,111,0.693397584350341,"(206.70653065081575, 219.92805662994087, 222.09092627247003)",22.32426196431944,5,111
84,17994.0,19557.0,"(262.4012448593976, 302.72579748805157, 183.97677003445594)",0.9200797668354042,612.0159586560001,415.2451934661882,0.839501239199175,19.748885333192636,18.7778006135535,11.984765021089325,0.6382411480308788,0.9508283782474041,0.6068577957129618,0.57701761372455,0.38732161622732925,20231108_P021N_B013,P021N_B013,20231108,40x,0.324,0.324,0.324,111,0.6955526553691322,"(206.70653065081575, 219.92805662994087, 222.09092627247003)",34.6089878119356,5,111
85,12651.0,15384.0,"(271.03232946012173, 192.6680104339578, 232.65884119832424)",0.8223478939157566,430.288645824,390.74770311847146,0.7053872653149589,26.44185594342284,13.557742948316854,9.837557181762653,0.7256043442676388,0.5127379476435433,0.37204488228102806,0.190761529372058,0.2699573828456562,20231108_P021N_B013,P021N_B013,20231108,40x,0.324,0.324,0.324,111,0.7211641823742485,"(206.70653065081575, 219.92805662994087, 222.09092627247003)",22.893298320575816,11,111
86,10789.0,11929.0,"(273.33877097043285, 150.68254703865048, 239.3821484845676)",0.9044345712130103,366.957884736,318.3873080702401,0.7785249343612306,25.45285703684557,10.911942262353234,9.584213649444935,0.8783233469362249,0.4287118827783105,0.3765476557531762,0.1614304544537033,0.33073059728211923,20231108_P021N_B013,P021N_B013,20231108,40x,0.324,0.324,0.324,111,0.7280082224641924,"(206.70653065081575, 219.92805662994087, 222.09092627247003)",31.635713089932516,10,111
87,14473.0,17360.0,"(275.2243487873972, 203.7256270296414, 208.9619291093761)",0.8336981566820276,492.258917952,459.94101587645355,0.655507572174195,28.12570607661663,18.046688448450954,7.623266171691222,0.42241911547741984,0.6416439252863683,0.2710426593709273,0.17391287587881785,0.11449360042811473,20231108_P021N_B013,P021N_B013,20231108,40x,0.324,0.324,0.324,111,0.7336034088646802,"(206.70653065081575, 219.92805662994087, 222.09092627247003)",23.205233523874107,7,111
88,10853.0,12275.0,"(274.7524186860776, 157.77545379157837, 211.23293098682393)",0.8841547861507129,369.134667072,325.54100468520045,0.7644251739913561,22.887949357618044,13.884933210112571,8.699320919425709,0.626529547372247,0.6066481969688167,0.3800830202610624,0.23057667893983566,0.23813324264804,20231108_P021N_B013,P021N_B013,20231108,40x,0.324,0.324,0.324,111,0.7322030228073519,"(206.70653065081575, 219.92805662994087, 222.09092627247003)",30.065881940006825,9,111
89,13184.0,15461.0,"(274.29080703883494, 236.32364987864077, 218.55271541262135)",0.8527262143457732,448.417161216,376.6203669501476,0.7522608706517514,22.52152521722837,15.309359326219694,10.386149669516875,0.6784183092318536,0.6797656543486869,0.46116546589712076,0.31348444468857334,0.3128630956500448,20231108_P021N_B013,P021N_B013,20231108,40x,0.324,0.324,0.324,111,0.7308332553081156,"(206.70653065081575, 219.92805662994087, 222.09092627247003)",22.561590187499352,7,111
90,13052.0,15144.0,"(285.6012871590561, 170.7858565737052, 232.09783941158443)",0.8618594823032224,443.92754764800003,411.2828398630712,0.6842554502535199,31.132049367569454,13.902055539383179,7.828602800683509,0.5631255592747298,0.4465512493329488,0.25146442202544617,0.11229175181825087,0.14160604329077606,20231108_P021N_B013,P021N_B013,20231108,40x,0.324,0.324,0.324,111,0.7643955108577332,"(206.70653065081575, 219.92805662994087, 222.09092627247003)",30.289194614728906,9,111
91,14154.0,15614.0,"(283.0505864066695, 156.33234421364986, 272.08131976826337)",0.9064941718970155,481.409018496,390.5580680572111,0.7605737376439774,24.11181391278118,17.125348865173176,8.578128228850282,0.5009023930773826,0.7102472226735036,0.35576453351372256,0.252680771853856,0.1782033062090823,20231108_P021N_B013,P021N_B013,20231108,40x,0.324,0.324,0.324,111,0.7568266658951617,"(206.70653065081575, 219.92805662994087, 222.09092627247003)",36.03816466851838,8,111
92,12590.0,15984.0,"(291.40865766481335, 322.10420969023033, 268.6915806195393)",0.7876626626626627,428.21390016,415.01171459585555,0.6620095825318171,27.31520607236064,15.183183616221221,8.247790282043734,0.5432187669279098,0.5558509635987915,0.301948675041826,0.16783846197937732,0.16402418693173682,20231108_P021N_B013,P021N_B013,20231108,40x,0.324,0.324,0.324,111,0.7816280642872799,"(206.70653065081575, 219.92805662994087, 222.09092627247003)",45.57476361922144,5,111
93,9244.0,11106.0,"(292.02650367806143, 186.6176979662484, 207.37927304197316)",0.8323428777237529,314.408998656,315.7204424825496,0.708236111292975,19.470613266474913,17.305687724569644,7.035083696574109,0.4065185855969244,0.8888106136013239,0.3613180335047447,0.32114330306457584,0.14688249593101094,20231108_P021N_B013,P021N_B013,20231108,40x,0.324,0.324,0.324,111,0.783461435246473,"(206.70653065081575, 219.92805662994087, 222.09092627247003)",30.056148682994593,7,111
94,12944.0,14855.0,"(302.6500309023486, 187.54048207663783, 278.31929851668724)",0.8713564456411983,440.254227456,406.3042020933551,0.6888137911823567,26.763807628472623,16.002429753496617,7.995518037063604,0.4996440015814811,0.5979130464408384,0.2987436671214745,0.17862273611350857,0.14926548128769945,20231108_P021N_B013,P021N_B013,20231108,40x,0.324,0.324,0.324,111,0.8149852549031116,"(206.70653065081575, 219.92805662994087, 222.09092627247003)",37.527732808069565,8,111
95,16324.0,17886.0,"(297.99650820877235, 268.8670668953688, 190.66981132075472)",0.9126691266912669,555.215544576,418.34559470240106,0.7808902532879597,25.743886532737882,16.13847802111075,9.66923007553667,0.5991413851348526,0.6268858433860729,0.37559325252776193,0.2354540928809843,0.22503346156678777,20231108_P021N_B013,P021N_B013,20231108,40x,0.324,0.324,0.324,111,0.8011765822218764,"(206.70653065081575, 219.92805662994087, 222.09092627247003)",35.07017247061879,5,111
96,11845.0,15167.0,"(300.1237653018151, 178.59181089067116, 306.8786829886028)",0.7809718467725985,402.87479328,370.38241602312837,0.7122194472785796,23.544160411433612,14.609002773554353,10.069991730208821,0.6893004188100926,0.6204936815865334,0.4277065545866138,0.26538921469413956,0.2948183072043747,20231108_P021N_B013,P021N_B013,20231108,40x,0.324,0.324,0.324,111,0.8074889178095405,"(206.70653065081575, 219.92805662994087, 222.09092627247003)",43.013277251646976,8,111
97,14623.0,16515.0,"(298.6973261300691, 296.7527867058743, 199.7585310811735)",0.8854374810778081,497.360751552,388.1898528198627,0.7820255686061168,23.435813022841348,16.47372232059963,9.439903351611983,0.5730279512971892,0.7029294142491995,0.402798202153752,0.28313870430056753,0.23081462856635557,20231108_P021N_B013,P021N_B013,20231108,40x,0.324,0.324,0.324,111,0.8032561606233504,"(206.70653065081575, 219.92805662994087, 222.09092627247003)",39.500213181104996,5,111
98,11578.0,13351.0,"(298.30152012437384, 234.54897218863363, 191.16859561236828)",0.8672009587296832,393.793529472,352.68876460412775,0.7366675678130197,22.29294606259299,17.32758362550115,7.6619952374906894,0.4421848656505381,0.7772675525634722,0.34369594830480155,0.2671437085648548,0.15197714672579296,20231108_P021N_B013,P021N_B013,20231108,40x,0.324,0.324,0.324,111,0.8020816620901301,"(206.70653065081575, 219.92805662994087, 222.09092627247003)",31.67852535562581,5,111
99,10519.0,11869.0,"(304.964635421618, 259.6717368571157, 249.9280349843141)",0.8862583199932598,357.774584256,345.0229443695219,0.7063866310369274,26.525944661970215,14.55575589717841,6.894174930723109,0.47363908679311695,0.548736570277429,0.2599030880361885,0.14261832913349073,0.1231002612721714,20231108_P021N_B013,P021N_B013,20231108,40x,0.324,0.324,0.324,111,0.8218535175715669,"(206.70653065081575, 219.92805662994087, 222.09092627247003)",35.50590612622066,6,111
100,11825.0,13549.0,"(301.5933192389006, 318.32219873150103, 236.5939957716702)",0.8727581371318917,402.1945488,352.17619881699534,0.7481951859860079,21.60827035844846,17.44447254177947,8.059285725815153,0.461996526780227,0.8073053628264597,0.37297227367687535,0.30110251672491944,0.1723118950240407,20231108_P021N_B013,P021N_B013,20231108,40x,0.324,0.324,0.324,111,0.8118496119848683,"(206.70653065081575, 219.92805662994087, 222.09092627247003)",44.537036786588054,5,111
101,11710.0,13290.0,"(310.8555081127242, 262.76182749786506, 221.1929974380871)",0.8811136192626035,398.28314304,375.5259244388844,0.6971166962107076,27.028325186552507,15.04323787120055,7.443487701536481,0.49480622225529175,0.5565730679711173,0.27539581717182626,0.15327789486973625,0.13626756391970032,20231108_P021N_B013,P021N_B013,20231108,40x,0.324,0.324,0.324,111,0.8393338519665406,"(206.70653065081575, 219.92805662994087, 222.09092627247003)",36.48784905051851,8,111
102,12118.0,14127.0,"(312.0295428288496, 193.3064036969797, 326.21463937943554)",0.857790047426913,412.160130432,376.27862512571426,0.7117900211517125,27.827076755488775,13.465272408645546,8.226816190539903,0.6109654480705324,0.48389101474662005,0.2956406906419733,0.14305787379513604,0.18062624702595487,20231108_P021N_B013,P021N_B013,20231108,40x,0.324,0.324,0.324,111,0.8428176345069722,"(206.70653065081575, 219.92805662994087, 222.09092627247003)",48.75462271577091,4,111
103,10884.0,12243.0,"(310.7691106210952, 287.8789966923925, 244.44423006247703)",0.888997794658172,370.189046016,331.23528165601374,0.7527138560970371,21.618301058776776,15.787428661706935,8.051825903763278,0.5100150300785408,0.7302807292202744,0.3724541480790569,0.27199608686028975,0.18995721353541747,20231108_P021N_B013,P021N_B013,20231108,40x,0.324,0.324,0.324,111,0.8390774795878195,"(206.70653065081575, 219.92805662994087, 222.09092627247003)",40.9139279469957,9,111
104,12295.0,16119.0,"(305.01081740544936, 209.90662871085806, 352.57877185847906)",0.7627644394813574,418.18029408,394.1449401371703,0.6861260019136826,23.415820789402023,16.572862186477277,9.146366357904178,0.5518881563721207,0.7077634534159972,0.39060626745332,0.2764568407786944,0.2155709728122083,20231108_P021N_B013,P021N_B013,20231108,40x,0.324,0.324,0.324,111,0.8219905560992563,"(206.70653065081575, 219.92805662994087, 222.09092627247003)",53.0324162592207,2,111
105,10926.0,13735.0,"(320.69018854109464, 286.77887607541646, 270.0030203185063)",0.7954859847105934,371.61755942400004,399.06286561500673,0.6263834755272233,26.96058208120915,17.414593123161175,6.226576203519022,0.3575493357486348,0.6459279354839564,0.23095110427377566,0.14917776998129986,0.08257641392350218,20231108_P021N_B013,P021N_B013,20231108,40x,0.324,0.324,0.324,111,0.868516879943901,"(206.70653065081575, 219.92805662994087, 222.09092627247003)",45.541165099895004,7,111
106,12271.0,14644.0,"(321.3421889006601, 290.39776709314646, 301.1673865210659)",0.8379541108986616,417.36400070400003,384.96330811936247,0.7015760871695085,25.40073649048878,16.315356087471,7.673847512225596,0.47034508294419325,0.6423182293781218,0.30211122087342,0.19405154446667783,0.14209652724008026,20231108_P021N_B013,P021N_B013,20231108,40x,0.324,0.324,0.324,111,0.8704515991117511,"(206.70653065081575, 219.92805662994087, 222.09092627247003)",50.56933294441237,4,111
107,11116.0,13934.0,"(332.65994962216627, 268.72598056854986, 250.59715725080963)",0.7977608726855174,378.079881984,355.39905748860303,0.711470501825691,21.55943051311234,13.878607418867455,9.99116261202464,0.7198966229451828,0.6437371993859743,0.4634242359021526,0.29832341974723675,0.3336175424169114,20231108_P021N_B013,P021N_B013,20231108,40x,0.324,0.324,0.324,111,0.9040354588194844,"(206.70653065081575, 219.92805662994087, 222.09092627247003)",44.72855654629907,7,111
108,12700.0,13978.0,"(329.8588188976378, 206.73661417322833, 276.99653543307085)",0.9085706109600801,431.9552448,349.48136842388305,0.7907137020823634,21.331747990851312,15.874028122892359,9.39927857060273,0.5921167896287005,0.7441503682539452,0.44062392705154124,0.3278904575769039,0.2609008251193493,20231108_P021N_B013,P021N_B013,20231108,40x,0.324,0.324,0.324,111,0.895723498212575,"(206.70653065081575, 219.92805662994087, 222.09092627247003)",43.895873667263075,3,111
109,12616.0,13997.0,"(331.8933893468611, 261.40567533291056, 292.32339885859227)",0.901336000571551,429.09821798400003,338.1920765186166,0.8135017723528057,20.478089862514715,15.601778447528115,9.837989861453208,0.6305684890052967,0.7618766472984025,0.48041540629537505,0.3660172790588202,0.30293481684254037,20231108_P021N_B013,P021N_B013,20231108,40x,0.324,0.324,0.324,111,0.901760799248846,"(206.70653065081575, 219.92805662994087, 222.09092627247003)",48.41035203675745,5,111
110,14585.0,16348.0,"(334.25039424065824, 233.83962975659924, 286.3502913952691)",0.892158062148275,496.06828704000003,383.1451305023519,0.7909489554517773,24.844899664360405,13.876372505275368,10.671294774162595,0.7690262545276655,0.5585199655759042,0.42951651720575834,0.2398935504040424,0.3303094784845119,20231108_P021N_B013,P021N_B013,20231108,40x,0.324,0.324,0.324,111,0.9087548790523984,"(206.70653065081575, 219.92805662994087, 222.09092627247003)",46.491725184680305,5,111
111,11833.0,12850.0,"(349.70320290712414, 323.52353587425, 308.41325107749515)",0.9208560311284046,402.466646592,305.2350512326522,0.8636470969092607,17.63570273860067,13.250277416947446,12.311207786175324,0.92912830416886,0.7513325447443331,0.6980843331651764,0.5244934784831428,0.6486099126406097,20231108_P021N_B013,P021N_B013,20231108,40x,0.324,0.324,0.324,111,0.9546089107036324,"(206.70653065081575, 219.92805662994087, 222.09092627247003)",63.681963330360674,1,111
1,18027.0,19881.0,"(28.301658623176348, 92.11233150274587, 123.41781771786765)",0.9067451335445903,613.138362048,424.01504914642186,0.8231427925903011,22.71043986612183,16.74701643849203,11.770495634529405,0.7028413495478285,0.7374148865991053,0.518285674073974,0.38219157157320044,0.36427260261745786,20231108_P021N_B002,P021N_B002,20231108,40x,0.324,0.324,0.324,8,0.18212272234922472,"(58.57765515251517, 87.99503187355171, 104.83700758292984)",11.58649834250507,0,8
2,13838.0,15478.0,"(27.969142939731174, 99.85250758780171, 90.98836537071831)",0.8940431580307533,470.661155712,361.8959027951918,0.8085484138313512,22.83995822569322,14.040527060434336,10.707582760228242,0.7626197160647763,0.6147352338254195,0.4688092094749553,0.28819353900609673,0.35752314621834264,20231108_P021N_B002,P021N_B002,20231108,40x,0.324,0.324,0.324,8,0.17862255726032816,"(58.57765515251517, 87.99503187355171, 104.83700758292984)",11.543068481248424,0,8
3,12021.0,13554.0,"(36.85209217203228, 64.03011396722403, 100.339406039431)",0.8868968570163789,408.860944704,349.1625090996616,0.7629690785346751,22.7108202936256,15.965787096226887,8.199835833162233,0.5135879480129143,0.703003541475255,0.36105414631208793,0.25382234352172267,0.1854330581259798,20231108_P021N_B002,P021N_B002,20231108,40x,0.324,0.324,0.324,8,0.27212728602139236,"(58.57765515251517, 87.99503187355171, 104.83700758292984)",10.58119613070671,0,8
4,15219.0,16719.0,"(65.27472238649057, 100.27307970300282, 130.44792693343845)",0.9102817154136013,517.6320370560001,397.3450954312178,0.7846278145402992,22.503871263484,18.012708113673824,9.345608358734916,0.5188341641777046,0.8004270866454084,0.41528891848486554,0.3324084991389634,0.21546607891435812,20231108_P021N_B002,P021N_B002,20231108,40x,0.324,0.324,0.324,8,0.5713128672262165,"(58.57765515251517, 87.99503187355171, 104.83700758292984)",9.454586247064727,0,8
5,12907.0,14231.0,"(68.21197799643605, 96.00464864027272, 70.66615015108081)",0.9069636708593914,438.995775168,361.984579000875,0.771674736234745,22.52098783763835,17.44855152195172,7.994948547024348,0.45820127458523086,0.7747684803057667,0.35499990518456465,0.27504273704853643,0.16266140903320364,20231108_P021N_B002,P021N_B002,20231108,40x,0.324,0.324,0.324,8,0.6022313473309057,"(58.57765515251517, 87.99503187355171, 104.83700758292984)",11.792093993849848,0,8
6,11894.0,13136.0,"(74.4836892550866, 67.39448461409114, 125.70153018328568)",0.9054506699147381,404.541392256,324.8785256472415,0.8142137434790464,22.186527351155927,12.54666672029903,10.684230490076759,0.8515592809037426,0.5655083610750532,0.4815638933021263,0.2723284080542072,0.41008020268956524,20231108_P021N_B002,P021N_B002,20231108,40x,0.324,0.324,0.324,8,0.668249360579859,"(58.57765515251517, 87.99503187355171, 104.83700758292984)",10.807781266833256,0,8
7,11509.0,12551.0,"(87.19549917455905, 113.06351550960119, 93.1861152141802)",0.9169787267946777,391.446686016,316.0958675287538,0.8186791314406234,19.49058414429852,15.84865849840831,8.986565169500118,0.5670237118430335,0.8131443563247147,0.461072131187454,0.3749182013336867,0.2614388312532882,20231108_P021N_B002,P021N_B002,20231108,40x,0.324,0.324,0.324,8,0.80205788604799,"(58.57765515251517, 87.99503187355171, 104.83700758292984)",12.891589749033486,0,8
8,15492.0,17412.0,"(89.92847921507875, 69.66595662277304, 95.02194681125742)",0.8897312198483804,526.917374208,401.30134304905084,0.7861556208863546,22.104655743779702,17.92111574090418,9.838425935345803,0.5489851233363789,0.8107394183665232,0.4450838795856098,0.36084704565955295,0.24434442852934005,20231108_P021N_B002,P021N_B002,20231108,40x,0.324,0.324,0.324,8,0.830826097000829,"(58.57765515251517, 87.99503187355171, 104.83700758292984)",12.188450175253605,0,8
1,1546.0,2663.0,"(25.522639068564036, 80.70375161707632, 98.66817593790427)",0.5805482538490424,52.582898304000004,122.9934314381779,0.551863773747617,11.689725865467363,8.09958348097086,5.531337876073302,0.6829163362620574,0.6928805323739757,0.4731794346361394,0.32785681857910515,0.323141965896264,20231108_P021N_A008,P021N_A008,20231108,40x,0.324,0.324,0.324,13,0.0655587620658772,"(98.41500904159132, 105.09241858342769, 95.50129286305791)",24.925128212762548,0,13
2,3245.0,5005.0,"(55.736825885978426, 102.17473035439137, 76.5346687211094)",0.6483516483516484,110.36966688,197.866854241747,0.5623554344498919,17.519880487889974,8.030469559613714,6.634810001846273,0.8262044893630635,0.4583632613912238,0.3787017843205244,0.17358298495583138,0.3128851143354199,20231108_P021N_A008,P021N_A008,20231108,40x,0.324,0.324,0.324,13,0.2979755837382956,"(98.41500904159132, 105.09241858342769, 95.50129286305791)",15.16123736554974,1,13
3,18703.0,20932.0,"(83.36336416617655, 83.61690637865583, 117.56194193444902)",0.893512325625836,636.130625472,471.6189986372371,0.7584443183559657,25.933690261863354,17.544896138692273,10.199980078449672,0.5813645175108992,0.6765291002373397,0.39331001394156373,0.2660856698462217,0.22865648648734227,20231108_P021N_A008,P021N_A008,20231108,40x,0.324,0.324,0.324,13,0.5104874166628965,"(98.41500904159132, 105.09241858342769, 95.50129286305791)",11.1034278845863,0,13
4,8258.0,9559.0,"(75.66832162751271, 95.01719544683942, 58.06030515863405)",0.8638978972695889,280.872945792,287.1196545137649,0.7223723947401095,18.498006114805914,16.157638816856768,6.775012611555421,0.4193070960645103,0.8734800235536789,0.3662563721466532,0.31991762456934364,0.15357389581993575,20231108_P021N_A008,P021N_A008,20231108,40x,0.324,0.324,0.324,13,0.45129478175009785,"(98.41500904159132, 105.09241858342769, 95.50129286305791)",14.56469005323606,0,13
5,10739.0,12434.0,"(82.67808920756123, 77.76794859856598, 83.93621380016761)",0.8636802316229693,365.257273536,312.3932074762165,0.7910096667226084,20.550903348939237,12.80839955854926,10.233119267655086,0.7989381671674004,0.6232523865774681,0.4979401194149104,0.3103423677980124,0.39782336636446497,20231108_P021N_A008,P021N_A008,20231108,40x,0.324,0.324,0.324,13,0.5052160708273941,"(98.41500904159132, 105.09241858342769, 95.50129286305791)",10.881907235031322,0,13
6,9573.0,12227.0,"(81.18604408231485, 136.33364671471847, 103.327588007939)",0.782939396417764,325.599020352,356.5624322525972,0.6419047665291435,22.116104691399016,18.011567295004085,6.669809626602427,0.370307009787674,0.8144095692406813,0.3015815723279844,0.24561091841056112,0.11167777025584102,20231108_P021N_A008,P021N_A008,20231108,40x,0.324,0.324,0.324,13,0.49373880063319114,"(98.41500904159132, 105.09241858342769, 95.50129286305791)",11.834219040745218,0,13
7,12601.0,13664.0,"(101.43996508213634, 112.81430045234505, 122.20966589953179)",0.9222043325526932,428.588034624,322.71547500822436,0.8518393430843413,19.740345809250275,13.967776271145578,11.052423870657886,0.7912801333659544,0.7075750549719506,0.5598900838646276,0.3961642568687639,0.44302990023067795,20231108_P021N_A008,P021N_A008,20231108,40x,0.324,0.324,0.324,13,0.6495381929395103,"(98.41500904159132, 105.09241858342769, 95.50129286305791)",9.061087416767718,0,13
8,8572.0,9967.0,"(104.40247316845543, 130.0901773215119, 65.56731217918805)",0.8600381258151901,291.552784128,295.7231200187924,0.7190244196880611,19.64337400994239,16.098694596766517,6.815741213539424,0.42337229099981755,0.8195483417776522,0.3469740590435061,0.2843620147289666,0.14689920229475514,20231108_P021N_A008,P021N_A008,20231108,40x,0.324,0.324,0.324,13,0.6723267166804264,"(98.41500904159132, 105.09241858342769, 95.50129286305791)",12.783764250724015,0,13
9,13986.0,15156.0,"(110.32711282711283, 98.92964392964393, 64.78814528814529)",0.9228028503562945,475.694964864,341.7415943433474,0.8623270038157913,17.77457685769234,16.320836645511168,11.66559629465928,0.7147670519616254,0.918212387061578,0.656307960974651,0.6026300994940513,0.46910730644479676,20231108_P021N_A008,P021N_A008,20231108,40x,0.324,0.324,0.324,13,0.7179008679008679,"(98.41500904159132, 105.09241858342769, 95.50129286305791)",10.858474349475046,0,13
10,5869.0,7254.0,"(107.670812744931, 165.45186573521895, 108.1449991480661)",0.8090708574579543,199.617742656,216.10346209478803,0.7643433533269997,14.386803606454361,11.178913604995147,9.445814418777223,0.8449671186792684,0.7770255235832888,0.6565610178024215,0.5101646686223035,0.5547724714496399,20231108_P021N_A008,P021N_A008,20231108,40x,0.324,0.324,0.324,13,0.6974677903456231,"(98.41500904159132, 105.09241858342769, 95.50129286305791)",20.204708767496243,0,13
11,7688.0,8985.0,"(116.86329344432882, 132.68548387096774, 100.96462018730489)",0.8556483027267668,261.485978112,262.40369875413535,0.7536096348701761,18.475492074174905,13.807157140582174,7.682593645171546,0.5564211058763696,0.7473228363904774,0.4158261990710546,0.3107564145352518,0.23137447353948362,20231108_P021N_A008,P021N_A008,20231108,40x,0.324,0.324,0.324,13,0.7681791803409909,"(98.41500904159132, 105.09241858342769, 95.50129286305791)",10.898949670058911,0,13
12,9314.0,10735.0,"(132.65793429246295, 70.15170710757998, 133.3260682843032)",0.8676292501164415,316.789854336,297.260669567347,0.7560099573701788,16.344737595516673,13.452669547533525,10.551588424483759,0.7843490384715751,0.8230581536667535,0.645564871434708,0.531337431155166,0.5063481861808392,20231108_P021N_A008,P021N_A008,20231108,40x,0.324,0.324,0.324,13,0.8896764176343304,"(98.41500904159132, 105.09241858342769, 95.50129286305791)",20.036053337079338,0,13
13,8248.0,9848.0,"(132.7664888457808, 112.37378758486906, 81.38906401551891)",0.8375304630381804,280.532823552,265.26065101302765,0.781268681585404,16.153461394838192,14.11436380099808,9.106767020657044,0.6452127172755083,0.8737671422861912,0.5637656721405292,0.49259992026528393,0.36374878122844423,20231108_P021N_A008,P021N_A008,20231108,40x,0.324,0.324,0.324,13,0.8905114526598523,"(98.41500904159132, 105.09241858342769, 95.50129286305791)",12.261580852538753,1,13
1,9611.0,12177.0,"(37.245864114036, 59.52315055665383, 58.695349079180104)",0.7892748624455942,326.891484864,329.6363895742218,0.6961743974882385,19.17814964805088,16.088111623952354,8.614683881567492,0.5354689277977007,0.8388771554709099,0.4491926509939932,0.37681745332427824,0.24052870720236033,20231108_P021N_A002,P021N_A002,20231108,40x,0.324,0.324,0.324,4,0.13517810023009838,"(59.58029847259134, 56.51508425571683, 58.098536841797845)",7.304253627445079,0,4
2,8059.0,10147.0,"(62.102866360590646, 46.1016255118501, 75.32038714480704)",0.7942248940573569,274.104513216,306.2767492238071,0.6662658491600921,19.703693773289356,15.789163901221102,6.782392579161776,0.42955995780354395,0.801330150726619,0.34421934573283397,0.27583334019910993,0.14786284762815965,20231108_P021N_A002,P021N_A002,20231108,40x,0.324,0.324,0.324,4,0.5426699403375516,"(59.58029847259134, 56.51508425571683, 58.098536841797845)",6.571656143287482,0,4
3,8427.0,10105.0,"(68.04912780348879, 47.101459594161625, 44.02693722558443)",0.833943592281049,286.621011648,311.2132729709451,0.6755093477390884,19.74056665316762,16.65439307373618,6.401851380383504,0.3843941566672377,0.8436633743268852,0.32429927128541913,0.2735994175044067,0.12465874489355842,20231108_P021N_A002,P021N_A002,20231108,40x,0.324,0.324,0.324,4,0.640149636122767,"(59.58029847259134, 56.51508425571683, 58.098536841797845)",6.133340669415322,0,4
4,8144.0,10148.0,"(74.67853634577604, 73.01068271119843, 54.91269646365422)",0.8025226645644462,276.995552256,290.7233967239196,0.7068371016406613,20.004594923042106,14.542047965526638,7.564302736829871,0.5201676376506115,0.726935387668186,0.3781282633279917,0.2748748156906316,0.19669008546424976,20231108_P021N_A002,P021N_A002,20231108,40x,0.324,0.324,0.324,4,0.748828464684853,"(59.58029847259134, 56.51508425571683, 58.098536841797845)",7.318464594655751,0,4
1,35513.0,41746.0,"(28.63894911722468, 208.4477515276096, 246.8378340326078)",0.8506922818952714,1207.876110912,784.6961822088078,0.6989790827694952,33.00058709615798,20.657225922510758,13.155462388503889,0.6368455492452165,0.6259654066856202,0.3986432832292091,0.24953690490906275,0.2538742006610221,20231108_P021N_A004,P021N_A004,20231108,40x,0.324,0.324,0.324,138,0.06818797408863018,"(197.97945348188645, 241.19285414659555, 273.28257696935054)",56.535700010899184,9,138
2,31600.0,35148.0,"(18.514367088607596, 218.13946202531645, 324.92227848101265)",0.8990554227836577,1074.7862784000001,597.7337741747594,0.8489023533314521,24.250039094201867,20.310502771036695,16.071643284035563,0.7912971660629763,0.8375451557887548,0.6627471082254156,0.5550806300072023,0.5244299085552039,20231108_P021N_A004,P021N_A004,20231108,40x,0.324,0.324,0.324,138,0.04408182640144666,"(197.97945348188645, 241.19285414659555, 273.28257696935054)",60.96525997567487,5,138
3,22228.0,24926.0,"(14.441560194349469, 230.27069461939897, 284.16218283246354)",0.8917596084409853,756.023715072,454.53515707499497,0.8829584285504222,19.973445669000313,19.220150966452053,14.696901180887028,0.7646610688198984,0.9622851902955629,0.7358220221209644,0.7080706345803381,0.5626544538962355,20231108_P021N_A004,P021N_A004,20231108,40x,0.324,0.324,0.324,138,0.034384667129403496,"(197.97945348188645, 241.19285414659555, 273.28257696935054)",59.67567915986129,7,138
4,34172.0,38412.0,"(21.231885754418823, 267.3457801709001, 304.0331850637949)",0.8896178277621577,1162.265718528,663.7547582456823,0.805403345535859,26.987606662946014,21.856558188356527,14.541457152743746,0.6653132221197711,0.8098738973532463,0.538819812158785,0.43637610124417936,0.35848394536933104,20231108_P021N_A004,P021N_A004,20231108,40x,0.324,0.324,0.324,138,0.050552108939092434,"(197.97945348188645, 241.19285414659555, 273.28257696935054)",58.74083197861897,8,138
5,40945.0,48080.0,"(26.539259982903896, 258.498033947979, 260.246818903407)",0.8516014975041597,1392.63051168,827.9868471326458,0.728368726696094,27.522787596930176,21.923286256745893,17.050000650955578,0.7777119019147605,0.7965503559381886,0.619486692287568,0.4934523452406334,0.48178217366984855,20231108_P021N_A004,P021N_A004,20231108,40x,0.324,0.324,0.324,138,0.06318871424500928,"(197.97945348188645, 241.19285414659555, 273.28257696935054)",55.988418908557016,8,138
6,30362.0,35608.0,"(27.840557275541794, 178.01646795336276, 288.99423621632303)",0.8526735565041563,1032.679145088,702.024647611801,0.7037882880521457,27.55907221398318,22.679990624442876,12.195160092789516,0.5377056937425028,0.8229591492900582,0.44250982029075064,0.3641675052589727,0.23794004990730833,20231108_P021N_A004,P021N_A004,20231108,40x,0.324,0.324,0.324,138,0.06628704113224236,"(197.97945348188645, 241.19285414659555, 273.28257696935054)",59.02258832527788,6,138
7,29911.0,35805.0,"(35.25218147169937, 274.74748420313597, 348.71348333389057)",0.835386119257087,1017.339632064,740.506412277988,0.6605909351904924,30.771490354731704,19.89611689517356,12.16879320024023,0.6116164910144934,0.6465763167728453,0.3954567380376832,0.25569296112340917,0.24186786246664554,20231108_P021N_A004,P021N_A004,20231108,40x,0.324,0.324,0.324,138,0.08393376540880804,"(197.97945348188645, 241.19285414659555, 273.28257696935054)",59.120811790405554,4,138
8,31574.0,38247.0,"(41.69405206815735, 306.54098308735036, 317.46405270158994)",0.8255287996444166,1073.901960576,767.3227149057811,0.6609204044090202,33.61717994420765,16.98677425103369,13.679822480969005,0.8053219686566772,0.5053003934067518,0.4069295075813188,0.20562164026965615,0.3277092721498799,20231108_P021N_A004,P021N_A004,20231108,40x,0.324,0.324,0.324,138,0.09927155254323178,"(197.97945348188645, 241.19285414659555, 273.28257696935054)",56.72083164027833,9,138
9,28019.0,33019.0,"(41.03808130197366, 177.28377172632855, 252.03301331239516)",0.8485720342832914,952.988504256,693.4384258115915,0.6753589536969669,33.32151521893046,16.877449812580767,12.48997922344095,0.7400394823944719,0.506503071714831,0.37483227102305366,0.18985369665102272,0.27739067983264504,20231108_P021N_A004,P021N_A004,20231108,40x,0.324,0.324,0.324,138,0.09770971738565158,"(197.97945348188645, 241.19285414659555, 273.28257696935054)",55.333384646706826,9,138
10,34108.0,42951.0,"(44.10144247683828, 281.4052128532895, 247.20974551424885)",0.7941142231845592,1160.0889361920001,846.6434769754603,0.6306345317171621,33.702502114792495,22.154377137718022,11.635229043559644,0.5251887232591416,0.6573511088956852,0.34523338961390587,0.22693955149051712,0.18131268311775303,20231108_P021N_A004,P021N_A004,20231108,40x,0.324,0.324,0.324,138,0.10500343446866257,"(197.97945348188645, 241.19285414659555, 273.28257696935054)",52.2185771248436,8,138
11,37567.0,44731.0,"(57.84419836558682, 242.04264380972663, 206.22887108366385)",0.8398426147414545,1277.737219008,846.9106156663089,0.6723688396059386,38.136077849564494,17.34016652884132,14.17284804796723,0.8173420955556572,0.4546919218395538,0.37163884822857,0.1689811821312868,0.30375607500103025,20231108_P021N_A004,P021N_A004,20231108,40x,0.324,0.324,0.324,138,0.13772428182282576,"(197.97945348188645, 241.19285414659555, 273.28257696935054)",50.33463971696167,6,138
12,20620.0,25434.0,"(43.70572259941804, 163.0033462657614, 321.1556256062076)",0.8107258001100889,701.33205888,584.4879260465168,0.6531170799006503,23.543589481599614,22.250680599790545,10.075037807202744,0.452796837472809,0.9450844620434987,0.42793125555798717,0.40443118045061927,0.19376591917242503,20231108_P021N_A004,P021N_A004,20231108,40x,0.324,0.324,0.324,138,0.10406124428432867,"(197.97945348188645, 241.19285414659555, 273.28257696935054)",58.14496811625163,4,138
13,37804.0,44643.0,"(64.10337530420061, 204.89874087398158, 200.35959157761084)",0.8468068902179513,1285.798116096,873.3240202937764,0.65477271835227,40.03484534458184,17.57336942989669,13.409874851099074,0.7630793232108083,0.43895185003568404,0.33495508064736196,0.1470291523290113,0.25559729624641064,20231108_P021N_A004,P021N_A004,20231108,40x,0.324,0.324,0.324,138,0.15262708405762052,"(197.97945348188645, 241.19285414659555, 273.28257696935054)",50.7738380706736,7,138
14,29070.0,39511.0,"(51.682559339525284, 320.44661162710696, 265.79312005503954)",0.7357444762218116,988.73535168,771.0573268314004,0.6224686704057233,25.280792606812312,22.014207534456553,13.960597544274682,0.6341630750243273,0.870787869543476,0.5522215130435735,0.4808677948592882,0.3501984928062993,20231108_P021N_A004,P021N_A004,20231108,40x,0.324,0.324,0.324,138,0.12305371271315543,"(197.97945348188645, 241.19285414659555, 273.28257696935054)",53.963297927029814,10,138
15,18503.0,26923.0,"(54.731070637193966, 317.8889909744366, 294.488515375885)",0.6872562493035694,629.328180672,622.4323116462194,0.5705715520372265,22.5686785307136,19.04580892827745,11.909623876081124,0.625314677939398,0.8439044803778876,0.5277058583591138,0.4453333381909151,0.3299822188665628,20231108_P021N_A004,P021N_A004,20231108,40x,0.324,0.324,0.324,138,0.1303120729456999,"(197.97945348188645, 241.19285414659555, 273.28257696935054)",53.09260620387579,10,138
16,24714.0,30040.0,"(65.62199563000728, 178.805859027272, 206.1908634781905)",0.8227030625832223,840.578103936,721.4673446075697,0.5970162622929606,37.9585123406002,18.94511697616942,8.664550648546511,0.45735007387103643,0.49910061822696444,0.22826370461518217,0.11392655609221462,0.10439642216782999,20231108_P021N_A004,P021N_A004,20231108,40x,0.324,0.324,0.324,138,0.15624284673811256,"(197.97945348188645, 241.19285414659555, 273.28257696935054)",52.1548747059967,9,138
17,27664.0,32865.0,"(58.50173510699827, 137.703007518797, 270.5842972816657)",0.8417465388711395,940.914164736,706.8758097652244,0.656912726681709,31.566617376461352,20.89609888919371,10.702793525971721,0.5121909875487145,0.6619682634977401,0.33905417860681514,0.22444310584400604,0.17366049457314284,20231108_P021N_A004,P021N_A004,20231108,40x,0.324,0.324,0.324,138,0.13928984549285303,"(197.97945348188645, 241.19285414659555, 273.28257696935054)",56.2785882817205,8,138
18,1184.0,2552.0,"(39.097972972972975, 157.7998310810811, 212.8581081081081)",0.46394984326018807,40.270473216,108.48883088714638,0.5237092572642373,13.874277690617562,8.903435256077127,3.986883606478805,0.4477916098460444,0.641722434465763,0.28735792200374677,0.18440402527126723,0.1286764664960718,20231108_P021N_A004,P021N_A004,20231108,40x,0.324,0.324,0.324,138,0.09309041184041185,"(197.97945348188645, 241.19285414659555, 273.28257696935054)",61.34547720895726,8,138
19,18822.0,26631.0,"(62.36972691531187, 155.21129529274253, 219.2247901391988)",0.7067703052833164,640.178080128,644.9021402281194,0.5570029638129137,28.23907051613147,20.298625974166757,8.916231212020605,0.43925294369027407,0.7188135304443267,0.31574095921206896,0.22695887359710543,0.13869014577749203,20231108_P021N_A004,P021N_A004,20231108,40x,0.324,0.324,0.324,138,0.1484993497983616,"(197.97945348188645, 241.19285414659555, 273.28257696935054)",54.893929571829595,8,138
20,25625.0,29386.0,"(78.24308292682927, 330.42579512195124, 343.8548682926829)",0.8720138841625263,871.5632400000001,601.6088769479741,0.7334477125973363,30.157746953776417,15.614992117219465,13.429578787073671,0.8600439043618969,0.5177771449953797,0.4453110773711824,0.2305718982760675,0.38298707763791445,20231108_P021N_A004,P021N_A004,20231108,40x,0.324,0.324,0.324,138,0.18629305458768874,"(197.97945348188645, 241.19285414659555, 273.28257696935054)",53.51374176090508,4,138
21,26541.0,30138.0,"(78.0247541539505, 288.59153762103915, 212.76741645002073)",0.8806490145331475,902.718437184,606.2812319099521,0.7450376301169804,30.321143254211037,17.49172433345889,12.237636945585473,0.6996243887846333,0.5768820847818664,0.4036007759663183,0.23283005705902876,0.28236894619843916,20231108_P021N_A004,P021N_A004,20231108,40x,0.324,0.324,0.324,138,0.18577322417607262,"(197.97945348188645, 241.19285414659555, 273.28257696935054)",46.16044924135953,6,138
22,22762.0,27741.0,"(81.66123363500571, 339.5427466830683, 308.12270450751254)",0.8205183663170037,774.186242688,578.9493158808993,0.7042722002628437,27.24359269822746,18.35957295078911,11.878376370399776,0.6469854392713003,0.6739042516952485,0.43600623830984725,0.29382645776265776,0.28208968761792375,20231108_P021N_A004,P021N_A004,20231108,40x,0.324,0.324,0.324,138,0.19443150865477551,"(197.97945348188645, 241.19285414659555, 273.28257696935054)",50.62748993543746,7,138
23,20347.0,25777.0,"(85.07111613505677, 316.20356809357645, 256.19187103749937)",0.7893470923691663,692.046721728,565.6305108328984,0.6689211182877788,25.661696784828607,22.123811381951693,9.55955888986457,0.43209367160231393,0.8621336136678016,0.3725224785414913,0.321164150597462,0.16096460550738717,20231108_P021N_A004,P021N_A004,20231108,40x,0.324,0.324,0.324,138,0.20255027651203994,"(197.97945348188645, 241.19285414659555, 273.28257696935054)",44.26721315413585,9,138
24,2870.0,3405.0,"(74.5843205574913, 424.7184668989547, 314.3090592334495)",0.8428781204111601,97.61508288,140.91547760355252,0.7275620631100987,17.29662284607983,6.859617768022883,6.065249867818089,0.8841964775489596,0.39658711582403333,0.3506609308529115,0.13906760719912695,0.31005315987418364,20231108_P021N_A004,P021N_A004,20231108,40x,0.324,0.324,0.324,138,0.1775817156130745,"(197.97945348188645, 241.19285414659555, 273.28257696935054)",72.8756466932292,0,138
25,9014.0,12654.0,"(82.47215442644774, 115.35300643443533, 277.63146216995784)",0.7123439228702386,306.586187136,373.56486767763596,0.5885994088916265,20.559259169074302,13.662998314206142,8.4689870954016,0.6198483598285996,0.664566665649039,0.41193055769931824,0.27375531720918506,0.2553344805532028,20231108_P021N_A004,P021N_A004,20231108,40x,0.324,0.324,0.324,138,0.1963622724439232,"(197.97945348188645, 241.19285414659555, 273.28257696935054)",55.361841422038566,6,138
26,25729.0,29544.0,"(99.71829453146255, 347.00991099537487, 272.58711959267754)",0.8708705659355538,875.100511296,618.4078187056941,0.7154530032050875,29.864034566434366,16.174253483669627,13.053099751892498,0.8070295030971038,0.5415963957478356,0.43708427013955803,0.23672326534565793,0.3527399013422878,20231108_P021N_A004,P021N_A004,20231108,40x,0.324,0.324,0.324,138,0.23742451078919655,"(197.97945348188645, 241.19285414659555, 273.28257696935054)",46.78742699604311,6,138
27,14416.0,19251.0,"(94.88845726970034, 156.342397336293, 181.83622364039957)",0.7488442158848891,490.320221184,485.2331051385196,0.619707716972502,20.134492314828396,15.809617331205754,12.245486994864578,0.7745593544945499,0.785200693615825,0.6081845423957463,0.4775469245355631,0.47107502657161243,20231108_P021N_A004,P021N_A004,20231108,40x,0.324,0.324,0.324,138,0.22592489826119128,"(197.97945348188645, 241.19285414659555, 273.28257696935054)",52.43376103392971,7,138
28,21319.0,25963.0,"(108.404615601107, 126.10769735916318, 203.18279469018248)",0.8211300697145938,725.106603456,553.6565640942456,0.7049823510338492,32.132697506175376,15.634516327697764,11.17110386508954,0.714515475307609,0.4865609656547841,0.34765533964095724,0.1691555177707461,0.2484051202467868,20231108_P021N_A004,P021N_A004,20231108,40x,0.324,0.324,0.324,138,0.25810622762168334,"(197.97945348188645, 241.19285414659555, 273.28257696935054)",52.42618797355093,5,138
29,22001.0,25126.0,"(116.40525430662242, 82.43720739966365, 261.70183173492114)",0.8756268407227573,748.302940224,582.4444264566993,0.6843547172077762,31.820177665741475,19.19663850958282,9.17071477572693,0.47772503353381257,0.603285082542153,0.2882043862878989,0.17386940697070566,0.13768245010397837,20231108_P021N_A004,P021N_A004,20231108,40x,0.324,0.324,0.324,138,0.27715536739672003,"(197.97945348188645, 241.19285414659555, 273.28257696935054)",57.95147273280561,7,138
30,16611.0,19920.0,"(105.69730901210042, 90.6668472698814, 305.0555053879959)",0.8338855421686747,564.977052864,482.43315272765994,0.6850687946876269,25.276874084798973,16.062967394248236,10.337067075217577,0.6435340881610102,0.635480769511298,0.40895353755131025,0.25988210873747414,0.2631755418883019,20231108_P021N_A004,P021N_A004,20231108,40x,0.324,0.324,0.324,138,0.25166025955262006,"(197.97945348188645, 241.19285414659555, 273.28257696935054)",58.12490640693739,7,138
31,2832.0,5156.0,"(107.00776836158192, 437.9339689265537, 181.2295197740113)",0.5492629945694336,96.32261836800001,205.8565085118354,0.4936339736165247,23.621862767325293,7.111889976762066,6.223313649149951,0.8750576386142759,0.30107236024584466,0.2634556686087554,0.07931921996818508,0.23053889525232274,20231108_P021N_A004,P021N_A004,20231108,40x,0.324,0.324,0.324,138,0.25478040086090936,"(197.97945348188645, 241.19285414659555, 273.28257696935054)",76.29954352969168,0,138
32,25188.0,30019.0,"(121.13569953946323, 362.23884389391776, 246.40626488804193)",0.8390685898930678,856.699898112,616.7401652810261,0.7072957282678798,29.388465701502675,17.83096403628035,12.057804246566278,0.6762283980850656,0.6067334109030614,0.41029036251966516,0.24893687111221002,0.277449994596414,20231108_P021N_A004,P021N_A004,20231108,40x,0.324,0.324,0.324,138,0.28841833223681723,"(197.97945348188645, 241.19285414659555, 273.28257696935054)",47.263405248605864,4,138
33,3157.0,4913.0,"(112.98701298701299, 177.24548622109597, 153.5011086474501)",0.6425809077956443,107.376591168,229.8039632381102,0.4754078535543441,23.16074980478553,7.528247390648504,5.300351657997311,0.7040618331142176,0.3250433364248423,0.22885060728483578,0.07438636493471436,0.1611249780742634,20231108_P021N_A004,P021N_A004,20231108,40x,0.324,0.324,0.324,138,0.2690166975881262,"(197.97945348188645, 241.19285414659555, 273.28257696935054)",51.901301975726255,6,138
34,7080.0,12004.0,"(112.68785310734464, 111.91822033898305, 342.8957627118644)",0.5898033988670444,240.80654592,448.04260593390813,0.4177761744992002,19.618519877924733,12.571048885760383,8.821662440213661,0.701744342924816,0.6407745825874281,0.44965993842073804,0.28813065934783705,0.31554631802667404,20231108_P021N_A004,P021N_A004,20231108,40x,0.324,0.324,0.324,138,0.2683044121603444,"(197.97945348188645, 241.19285414659555, 273.28257696935054)",55.01571869308995,4,138
35,18948.0,27532.0,"(126.13605657589191, 233.16561114629513, 147.76979100696644)",0.688217347087026,644.463620352,675.8924444239215,0.5338330658027411,25.528527359602688,19.203352325755116,11.22306561775918,0.584432625480034,0.7522311042564575,0.4396283992283467,0.3307021562140379,0.2569331795966072,20231108_P021N_A004,P021N_A004,20231108,40x,0.324,0.324,0.324,138,0.3003239442283141,"(197.97945348188645, 241.19285414659555, 273.28257696935054)",46.9289923053313,6,138
36,24503.0,28105.0,"(130.8891156184957, 301.81463494266006, 177.22580908460188)",0.8718377512898061,833.401524672,598.5576911414729,0.7155076848557238,31.595136344029605,15.77956750817993,12.156095044455801,0.7703693423887716,0.49943027105061777,0.3847457694783104,0.19215368393613108,0.2963963454198679,20231108_P021N_A004,P021N_A004,20231108,40x,0.324,0.324,0.324,138,0.31164075147260883,"(197.97945348188645, 241.19285414659555, 273.28257696935054)",42.74223963942193,2,138
37,10869.0,18977.0,"(114.4373907443187, 416.4411629404729, 453.63115281994664)",0.5727459556305001,369.678862656,503.9165498020358,0.49432045531235697,27.53692679651397,14.435712988054757,9.857589488181828,0.6828612827325379,0.524231084126724,0.3579771105550437,0.18766272875882276,0.2444487089025047,20231108_P021N_A004,P021N_A004,20231108,40x,0.324,0.324,0.324,138,0.2724699779626636,"(197.97945348188645, 241.19285414659555, 273.28257696935054)",85.85502052145515,2,138
38,5562.0,10023.0,"(109.96637900035958, 411.77544048903275, 424.03308162531465)",0.5549236755462437,189.175989888,348.9077269525662,0.4567559503114975,23.26451161253741,10.651680920284896,8.607232065764018,0.8080632653361347,0.4578510435845397,0.36997260931648007,0.1693923452732456,0.298961274769205,20231108_P021N_A004,P021N_A004,20231108,40x,0.324,0.324,0.324,138,0.26182471190561807,"(197.97945348188645, 241.19285414659555, 273.28257696935054)",79.07885907593514,2,138
39,2963.0,3982.0,"(119.22375970300371, 97.93621329733378, 342.4751940600743)",0.7440984429934706,100.778219712,152.17336331052203,0.6882136357025441,12.854837676921608,9.643879325608065,6.4574755333675915,0.6695931497422004,0.7502140103193833,0.5023381621504835,0.3768611271633829,0.3363621922300504,20231108_P021N_A004,P021N_A004,20231108,40x,0.324,0.324,0.324,138,0.28386609453096123,"(197.97945348188645, 241.19285414659555, 273.28257696935054)",57.515742918886325,3,138
40,7391.0,10035.0,"(125.17602489514275, 104.44919496685158, 217.53619266675688)",0.7365221723966119,251.384347584,304.6829972037283,0.6322100479114,15.131999032422103,13.329748616170791,10.10446459208562,0.7580386459672267,0.8808980616249197,0.6677547738693087,0.5882238859422606,0.5061839246220424,20231108_P021N_A004,P021N_A004,20231108,40x,0.324,0.324,0.324,138,0.29803815451224464,"(197.97945348188645, 241.19285414659555, 273.28257696935054)",53.34384932617825,6,138
41,13521.0,18296.0,"(146.53072997559352, 210.54441239553287, 127.85777679165743)",0.7390139921294272,459.879280704,480.89125305808955,0.5991466595814902,28.002859154080124,12.665358483574595,10.52888293443458,0.8313134561559581,0.45228804722710625,0.3759931397183949,0.17005720293402132,0.3125681564702289,20231108_P021N_A004,P021N_A004,20231108,40x,0.324,0.324,0.324,138,0.3488826904180798,"(197.97945348188645, 241.19285414659555, 273.28257696935054)",50.95632232599774,4,138
42,6067.0,11071.0,"(136.38388000659305, 272.55678259436297, 147.43052579528597)",0.5480083099990968,206.352163008,350.3297142100898,0.48203639894877864,18.295604437113123,12.14777089248443,10.489732082237015,0.8635108593237292,0.6639720996504687,0.5733471183361569,0.38068648999020377,0.4950914628452387,20231108_P021N_A004,P021N_A004,20231108,40x,0.324,0.324,0.324,138,0.3247235238252215,"(197.97945348188645, 241.19285414659555, 273.28257696935054)",46.521311234188396,4,138
43,3772.0,5620.0,"(137.71792152704137, 373.81283138918343, 290.27571580063625)",0.6711743772241993,128.294108928,219.24580034314062,0.5610789614057372,15.823532781545115,11.445946670117344,5.865159940604489,0.5124224417292658,0.7233496355167083,0.3706605864554461,0.26811720011295626,0.1899348027643013,20231108_P021N_A004,P021N_A004,20231108,40x,0.324,0.324,0.324,138,0.3278998131596223,"(197.97945348188645, 241.19285414659555, 273.28257696935054)",47.516869895203115,6,138
44,1209.0,2532.0,"(137.40942928039703, 380.0860215053763, 427.05045492142267)",0.4774881516587678,41.120778816,124.68081408996326,0.462088736723233,10.788276564375758,8.330753773363925,5.455921853555854,0.6549133490177292,0.7722043204632998,0.5057269176405795,0.3905245107766429,0.3312073093204053,20231108_P021N_A004,P021N_A004,20231108,40x,0.324,0.324,0.324,138,0.32716530781046915,"(197.97945348188645, 241.19285414659555, 273.28257696935054)",69.9454394221828,2,138
45,2021.0,3340.0,"(142.3122216724394, 104.96635329045027, 208.46808510638297)",0.6050898203592814,68.738704704,141.62062356338396,0.5730051407711305,11.26605042091828,9.859652106723502,6.055749796682356,0.6141950781968072,0.8751649192352767,0.5375219860048133,0.47042038546908793,0.3301433582267294,20231108_P021N_A004,P021N_A004,20231108,40x,0.324,0.324,0.324,138,0.3388386230296176,"(197.97945348188645, 241.19285414659555, 273.28257696935054)",52.099984392746315,4,138
46,14542.0,16535.0,"(160.6177279603906, 170.267913629487, 136.92985834135607)",0.8794677955851224,494.60576140800003,409.2694590459897,0.7390053247920507,25.46207287750165,14.950442595885946,9.520079166162816,0.6367757412601648,0.5871651796698844,0.37389254252644843,0.21953668190977196,0.2380857009189269,20231108_P021N_A004,P021N_A004,20231108,40x,0.324,0.324,0.324,138,0.3824231618104538,"(197.97945348188645, 241.19285414659555, 273.28257696935054)",51.24765427233481,3,138
47,16969.0,19016.0,"(172.00088396487712, 85.14620779067712, 326.30166774706817)",0.8923538073201515,577.153429056,465.94645824760505,0.7194638263430742,32.77621750970071,13.663548451147305,9.501293645502857,0.6953752664963873,0.4168738643226093,0.2898837744987133,0.12084496927970248,0.20157800694502137,20231108_P021N_A004,P021N_A004,20231108,40x,0.324,0.324,0.324,138,0.4095259142020884,"(197.97945348188645, 241.19285414659555, 273.28257696935054)",54.057014755864735,5,138
48,19259.0,22136.0,"(172.77049691053534, 74.14424424944183, 283.57562697959395)",0.8700307191904589,655.041422016,518.0694948659486,0.7040582841757105,33.48563755954877,15.332164265804726,9.387766829841361,0.6122923461483429,0.45787284887555035,0.28035204087563637,0.12836558764380235,0.1716574088552195,20231108_P021N_A004,P021N_A004,20231108,40x,0.324,0.324,0.324,138,0.4113583259774651,"(197.97945348188645, 241.19285414659555, 273.28257696935054)",54.83806621142005,7,138
49,23060.0,25683.0,"(172.96071118820467, 83.91682567215959, 233.45542064180398)",0.8978701865046919,784.32188544,565.5718877492318,0.7272089231305997,29.86409225293217,19.59246716363477,9.657658491629665,0.4929271240303556,0.6560543343389621,0.32338697623335394,0.21215942742666274,0.15940621214358008,20231108_P021N_A004,P021N_A004,20231108,40x,0.324,0.324,0.324,138,0.41181121711477303,"(197.97945348188645, 241.19285414659555, 273.28257696935054)",53.18723148973102,6,138
50,6025.0,7983.0,"(165.35933609958505, 6.9050622406639, 202.51203319502073)",0.7547287986972316,204.9236496,272.98385620060526,0.6157558520970309,22.035565278731706,12.204964392149028,5.7645880265317615,0.4723150220937878,0.5538757112770336,0.26160381880902456,0.14489600121563667,0.12355941346060367,20231108_P021N_A004,P021N_A004,20231108,40x,0.324,0.324,0.324,138,0.393712704999012,"(197.97945348188645, 241.19285414659555, 273.28257696935054)",79.99802855920603,0,138
51,16341.0,19264.0,"(173.8314668624931, 388.4546845358301, 308.441588642066)",0.848266196013289,555.793752384,463.5447724951548,0.7052366553705628,29.581154934620287,13.276791719253591,10.268678183200942,0.7734306902103182,0.4488260092818454,0.34713581014320033,0.15580358034539293,0.2684854892357734,20231108_P021N_A004,P021N_A004,20231108,40x,0.324,0.324,0.324,138,0.41388444491069787,"(197.97945348188645, 241.19285414659555, 273.28257696935054)",49.67388969356682,5,138
52,7132.0,9493.0,"(172.39175546831183, 446.89666292765, 391.296270330903)",0.751290424523333,242.575181568,319.3310144274839,0.5890343213276853,21.709248760824227,16.78055249932917,5.21155586686305,0.3105711726161216,0.7729679034131657,0.2400615481576519,0.1855598715695389,0.07455619651136351,20231108_P021N_A004,P021N_A004,20231108,40x,0.324,0.324,0.324,138,0.4104565606388377,"(197.97945348188645, 241.19285414659555, 273.28257696935054)",77.28335200145132,1,138
53,14611.0,16981.0,"(173.3329683115461, 370.71295599206076, 225.58154814865512)",0.8604322478063718,496.952604864,392.0942141785489,0.7738147521327701,20.732276817952062,15.823794751249178,11.138659545096024,0.7039183533530542,0.763244427527003,0.5372617606307025,0.41006204492473025,0.3781884138627269,20231108_P021N_A004,P021N_A004,20231108,40x,0.324,0.324,0.324,138,0.4126975435989193,"(197.97945348188645, 241.19285414659555, 273.28257696935054)",45.427404593987305,5,138
54,16592.0,20485.0,"(185.39404532304727, 168.05243490838959, 427.7819431051109)",0.8099585062240664,564.330820608,529.4175437878002,0.6237946448646762,31.355240389647534,13.192665372884395,10.52481533224407,0.7977777829396248,0.42074834091337976,0.3356636785894015,0.14122993587137264,0.26778502531841153,20231108_P021N_A004,P021N_A004,20231108,40x,0.324,0.324,0.324,138,0.441414393626303,"(197.97945348188645, 241.19285414659555, 273.28257696935054)",55.53360714654054,6,138
55,4448.0,6199.0,"(172.40512589928056, 377.86241007194246, 349.0647482014389)",0.7175350863042427,151.286372352,227.11865833267763,0.6045485492004594,13.71926407103538,10.897352110729306,7.921189126668144,0.7268911792681366,0.794310252671366,0.5773771162690609,0.45861656311034243,0.4196903329272537,20231108_P021N_A004,P021N_A004,20231108,40x,0.324,0.324,0.324,138,0.41048839499828704,"(197.97945348188645, 241.19285414659555, 273.28257696935054)",51.30624782005477,5,138
56,12741.0,14340.0,"(186.7050466996311, 195.22973079036183, 433.2277686209874)",0.8884937238493724,433.349745984,363.91237949028135,0.7609912428603108,26.470005442937882,12.531646124397682,9.506244895231923,0.7585791045219791,0.47342816575585883,0.3591327140345625,0.1700235420683063,0.2724305726168864,20231108_P021N_A004,P021N_A004,20231108,40x,0.324,0.324,0.324,138,0.4445358254753122,"(197.97945348188645, 241.19285414659555, 273.28257696935054)",54.0431468638097,6,138
57,16826.0,18635.0,"(191.52632830143824, 225.35385712587663, 438.70949720670393)",0.9029246042393346,572.2896810240001,428.5482986077574,0.7778483940176439,28.197169314710475,13.302825063199409,11.055069414688354,0.8310317065862057,0.47177874185616636,0.3920630929758229,0.1849670327323709,0.32581686124516435,20231108_P021N_A004,P021N_A004,20231108,40x,0.324,0.324,0.324,138,0.45601506738437675,"(197.97945348188645, 241.19285414659555, 273.28257696935054)",53.88401772337739,5,138
58,2160.0,5943.0,"(181.20138888888889, 157.09675925925927, 416.1856481481482)",0.36345280161534577,73.46640384,216.22677347993397,0.3923140343012209,13.6187264513634,9.20388967882899,8.242337720942784,0.8955276528250886,0.6758260188057135,0.6052208883392048,0.4090240234643421,0.5419920415751233,20231108_P021N_A004,P021N_A004,20231108,40x,0.324,0.324,0.324,138,0.4314318783068783,"(197.97945348188645, 241.19285414659555, 273.28257696935054)",53.997245866270006,5,138
59,9133.0,12155.0,"(188.89576261907368, 357.77148801051135, 182.01357713785174)",0.7513780337309749,310.633641792,357.7848278186471,0.6199564699032706,20.636376227576616,12.751550783783266,9.613930373127737,0.7539420527073628,0.6179161807848429,0.46587299374201835,0.287870461023869,0.3512412412027817,20231108_P021N_A004,P021N_A004,20231108,40x,0.324,0.324,0.324,138,0.44975181575969925,"(197.97945348188645, 241.19285414659555, 273.28257696935054)",48.060375546276454,4,138
60,1435.0,2020.0,"(181.42020905923346, 467.66341463414636, 415.9393728222997)",0.7103960396039604,48.80754144,102.96356605754261,0.6272757572100902,10.874487053139012,9.444895418302895,4.0642059269393265,0.4303071391413673,0.8685370971660266,0.3737377135196606,0.3246050688018341,0.1608220062938811,20231108_P021N_A004,P021N_A004,20231108,40x,0.324,0.324,0.324,138,0.43195287871246063,"(197.97945348188645, 241.19285414659555, 273.28257696935054)",86.88643714838737,1,138
61,17932.0,20255.0,"(211.18904751282622, 273.21670756190053, 110.83967209457953)",0.8853122685756604,609.907200768,498.0324591425934,0.6983433195467248,29.22061467385132,17.924283225143764,8.36422451185212,0.4666420635509141,0.6134122579284305,0.28624396184714834,0.17558555495503872,0.13357347303534245,20231108_P021N_A004,P021N_A004,20231108,40x,0.324,0.324,0.324,138,0.5028310655067291,"(197.97945348188645, 241.19285414659555, 273.28257696935054)",53.814944717236926,2,138
62,11199.0,12596.0,"(211.0440217876596, 393.443253861952, 267.4010179480311)",0.8890917751667196,380.902896576,335.3083785649393,0.7578488031974902,25.768172776842285,11.366451540347438,9.386744766694695,0.82582895227896,0.44110428934109,0.3642766931123076,0.16068401183882677,0.3008302398125813,20231108_P021N_A004,P021N_A004,20231108,40x,0.324,0.324,0.324,138,0.5024857661610943,"(197.97945348188645, 241.19285414659555, 273.28257696935054)",49.547068913710355,6,138
63,18863.0,22103.0,"(213.27259714785558, 90.11896304935588, 326.1417589990988)",0.8534135637696241,641.572581312,476.3411132917042,0.7552022132143894,23.925372167617258,18.035312155483684,11.108744112728091,0.6159440999389882,0.75381532329492,0.46430810082710694,0.3500025611334359,0.2859878352583333,20231108_P021N_A004,P021N_A004,20231108,40x,0.324,0.324,0.324,138,0.5077918979710847,"(197.97945348188645, 241.19285414659555, 273.28257696935054)",52.09381376490145,8,138
64,11153.0,13199.0,"(221.51062494396126, 382.41791446247646, 350.89581278579755)",0.8449882566861125,379.338334272,365.5331133229779,0.6932798125575083,24.701156701113966,13.432458799234363,8.41440823981356,0.6264235286761626,0.5437987767847564,0.34064834864328797,0.1852441553059672,0.21339014059483616,20231108_P021N_A004,P021N_A004,20231108,40x,0.324,0.324,0.324,138,0.5274062498665745,"(197.97945348188645, 241.19285414659555, 273.28257696935054)",52.76531548019069,6,138
65,8400.0,11441.0,"(211.54416666666665, 123.46380952380953, 389.122380952381)",0.7342015558080587,285.7026816,365.4734781986743,0.5739901889601353,18.590868618749788,15.877805976907128,7.83105103508837,0.4932073767923569,0.8540647724708029,0.42123104604108585,0.3597585974947183,0.20775425924142446,20231108_P021N_A004,P021N_A004,20231108,40x,0.324,0.324,0.324,138,0.5036765873015873,"(197.97945348188645, 241.19285414659555, 273.28257696935054)",53.69315406998149,7,138
66,14269.0,16215.0,"(227.43591001471722, 391.6194547620716, 243.81953886046674)",0.8799876657415973,485.320424256,419.0364261400456,0.7127185457251826,31.909295462905302,12.322238153128472,8.916815062482923,0.7236359946686348,0.38616453213306223,0.2794425553158565,0.10791080363161508,0.2022146914687348,20231108_P021N_A004,P021N_A004,20231108,40x,0.324,0.324,0.324,138,0.5415140714636124,"(197.97945348188645, 241.19285414659555, 273.28257696935054)",50.5729809878711,5,138
67,17062.0,19269.0,"(219.17553627945142, 75.13814324229281, 261.94912671433593)",0.8854636981680419,580.316565888,451.5041721287248,0.7451876845886094,22.47900410707953,20.520933460599412,9.175068082560925,0.4471077351416412,0.9128933542984031,0.4081616800662149,0.37260808521171856,0.1824922443460125,20231108_P021N_A004,P021N_A004,20231108,40x,0.324,0.324,0.324,138,0.5218465149510748,"(197.97945348188645, 241.19285414659555, 273.28257696935054)",54.36241898842919,6,138
68,15148.0,17076.0,"(227.11770530763138, 265.1303802482176, 433.59222339582783)",0.8870929960178028,515.217169152,415.0132895302105,0.7488859313824877,28.05898091158282,14.875758698327544,9.259993674775599,0.6224888331790891,0.5301603342331934,0.3300188878546565,0.1749629238882915,0.20543307242770578,20231108_P021N_A004,P021N_A004,20231108,40x,0.324,0.324,0.324,138,0.5407564412086462,"(197.97945348188645, 241.19285414659555, 273.28257696935054)",53.35801514224166,5,138
69,13062.0,14923.0,"(221.0604042259991, 149.56446179758078, 414.4320165365181)",0.8752931716142867,444.267669888,375.2642853200093,0.7503145428541607,22.486546187496153,15.203528845118,9.556465869346965,0.6285689307200307,0.6761166752043077,0.424985935575154,0.2873400777696653,0.2671329550955264,20231108_P021N_A004,P021N_A004,20231108,40x,0.324,0.324,0.324,138,0.5263342957761883,"(197.97945348188645, 241.19285414659555, 273.28257696935054)",55.03391255152402,7,138
70,18568.0,20784.0,"(234.85119560534253, 232.92837139164155, 105.35857389056441)",0.8933795227097767,631.538975232,530.6218014886965,0.6708608891524904,37.435223293864105,15.8727088822134,7.679773519242488,0.4838350892863832,0.42400465352146166,0.20514832939439837,0.08698384632537857,0.09925796026949107,20231108_P021N_A004,P021N_A004,20231108,40x,0.324,0.324,0.324,138,0.5591695133460536,"(197.97945348188645, 241.19285414659555, 273.28257696935054)",55.76782444525397,4,138
71,10026.0,13542.0,"(231.07650109714743, 108.59365649311789, 196.5853780171554)",0.740363314133806,341.006557824,466.88236757969923,0.5055744746019878,29.496518178821393,16.143762938325178,5.638536074866454,0.3492702473647336,0.5473107992087167,0.19115937822501855,0.10462359207257625,0.06676628331874089,20231108_P021N_A004,P021N_A004,20231108,40x,0.324,0.324,0.324,138,0.5501821454693986,"(197.97945348188645, 241.19285414659555, 273.28257696935054)",50.77651889438194,4,138
72,11770.0,13974.0,"(226.19014443500424, 389.0511469838573, 217.54536958368735)",0.8422785172463146,400.32387648,375.06003617985084,0.7003648297084467,24.69737016644466,11.574140561902682,10.741108864712157,0.9280264748181369,0.4686385831325478,0.4349090122682648,0.20381514330097544,0.4036070775219556,20231108_P021N_A004,P021N_A004,20231108,40x,0.324,0.324,0.324,138,0.5385479629404863,"(197.97945348188645, 241.19285414659555, 273.28257696935054)",52.0063441760332,7,138
73,8880.0,11047.0,"(222.92668918918918, 355.3238738738739, 380.87556306306305)",0.8038381461030144,302.02854912,320.88213508391084,0.6784282389460988,20.222770227887896,10.887498105891499,10.145750135162617,0.9318715867029631,0.5383781738704257,0.5016993231308774,0.27010396541923043,0.4675193442937733,20231108_P021N_A004,P021N_A004,20231108,40x,0.324,0.324,0.324,138,0.5307778314028314,"(197.97945348188645, 241.19285414659555, 273.28257696935054)",51.45840675080373,6,138
74,12948.0,14570.0,"(226.53776645041705, 194.98833796725364, 436.48200494284833)",0.888675360329444,440.390276352,357.0465360665933,0.7840031025339798,22.40933871744934,14.55368290977943,9.793292830957359,0.6729082179175898,0.6494472279294438,0.4370183767775207,0.283820373352386,0.29407325711459925,20231108_P021N_A004,P021N_A004,20231108,40x,0.324,0.324,0.324,138,0.5393756344057549,"(197.97945348188645, 241.19285414659555, 273.28257696935054)",55.728459480827325,10,138
75,11459.0,12894.0,"(233.09224190592548, 397.23579718998167, 304.9797539052273)",0.8887079261672095,389.74607481600003,345.71882260867983,0.7463609908199675,26.090583166426782,12.62962748095046,8.515774030672134,0.6742696127432626,0.4840684242428967,0.3263926289554993,0.15799636558298502,0.22007663152808,20231108_P021N_A004,P021N_A004,20231108,40x,0.324,0.324,0.324,138,0.5549815283474416,"(197.97945348188645, 241.19285414659555, 273.28257696935054)",52.829905428845365,6,138
76,1243.0,2027.0,"(222.14802896218825, 327.37731295253417, 401.716814159292)",0.6132215096201282,42.277194432,110.05382409981647,0.5332732012749751,9.72617815128377,7.97477419721805,4.663109031356702,0.5847324220143308,0.8199288634421579,0.47943899019999053,0.3931058663245341,0.28034352194774553,20231108_P021N_A004,P021N_A004,20231108,40x,0.324,0.324,0.324,138,0.5289238784814005,"(197.97945348188645, 241.19285414659555, 273.28257696935054)",50.72150849482663,5,138
77,16887.0,18652.0,"(236.22686089891633, 232.07662699117665, 440.7739089240244)",0.9053720780613339,574.364426688,413.6309213309979,0.8078476819299681,22.490556008314563,16.807978437039893,10.95873182098134,0.6519958281735705,0.7473349449798453,0.48725926637518396,0.3641458770274179,0.3176910089155345,20231108_P021N_A004,P021N_A004,20231108,40x,0.324,0.324,0.324,138,0.5624449069021817,"(197.97945348188645, 241.19285414659555, 273.28257696935054)",55.74242371690798,8,138
78,16210.0,18399.0,"(237.6673041332511, 352.275447254781, 166.51264651449722)",0.8810261427251481,551.33815104,435.9659445651373,0.7458364242275421,23.680595392093057,18.33498851785041,9.193118606658002,0.5013975655183994,0.7742621422421015,0.38821315319325045,0.30057874763796727,0.19464912991331723,20231108_P021N_A004,P021N_A004,20231108,40x,0.324,0.324,0.324,138,0.5658745336505978,"(197.97945348188645, 241.19285414659555, 273.28257696935054)",51.549902912775266,4,138
79,19992.0,22207.0,"(252.94937975190075, 81.1578131252501, 294.687274909964)",0.9002566758229387,679.972382208,471.32776974445017,0.7933934522439066,22.9638437113182,19.753812232797777,10.837987276522185,0.5486529460135086,0.8602136681091287,0.47195876320915997,0.40598537889639924,0.25894156583159755,20231108_P021N_A004,P021N_A004,20231108,40x,0.324,0.324,0.324,138,0.6022604279807161,"(197.97945348188645, 241.19285414659555, 273.28257696935054)",55.261776843061554,8,138
80,10224.0,11366.0,"(248.63174882629107, 122.39553990610328, 378.5003912363067)",0.8995248988210452,347.740978176,296.0584381129257,0.807750548879245,18.12113265022225,15.1135295175729,9.244445477955539,0.6116668821274858,0.8340278617952469,0.5101472218317522,0.42547699662512184,0.3120401606038267,20231108_P021N_A004,P021N_A004,20231108,40x,0.324,0.324,0.324,138,0.5919803543483121,"(197.97945348188645, 241.19285414659555, 273.28257696935054)",53.97225933877795,7,138
81,14170.0,15404.0,"(253.79442484121384, 144.51171489061397, 150.70945659844742)",0.9198909374188522,481.95321408,372.57261914261335,0.797890161934228,24.21977886503657,14.758132223620445,9.756446730203297,0.6610895323588488,0.6093421540245826,0.40282971965064496,0.24546112907704276,0.2663065109840911,20231108_P021N_A004,P021N_A004,20231108,40x,0.324,0.324,0.324,138,0.6042724400981282,"(197.97945348188645, 241.19285414659555, 273.28257696935054)",53.71635032012231,5,138
82,18601.0,20387.0,"(257.561690231708, 292.72942314929304, 124.2662222461158)",0.9123951537744641,632.661378624,454.3311368695004,0.7844389900729575,23.768693036079288,18.819656175234144,10.162197889725876,0.5399778718114356,0.7917833827323683,0.4275455059434837,0.33852342696795334,0.23086511240190583,20231108_P021N_A004,P021N_A004,20231108,40x,0.324,0.324,0.324,138,0.6132421195993047,"(197.97945348188645, 241.19285414659555, 273.28257696935054)",54.61292222002159,4,138
83,13228.0,14713.0,"(255.21439371031147, 299.2486392500756, 421.95123979437557)",0.8990688506762727,449.913699072,353.4130404326941,0.803441694102846,20.36933310440433,16.715715137449063,9.5331154413937,0.5703085607169854,0.8206314390251064,0.468013134869517,0.3840662923506229,0.2669118973440786,20231108_P021N_A004,P021N_A004,20231108,40x,0.324,0.324,0.324,138,0.6076533183578845,"(197.97945348188645, 241.19285414659555, 273.28257696935054)",54.9356153898725,6,138
84,13192.0,15840.0,"(264.1547907822923, 111.22710733778047, 356.94473923590056)",0.8328282828282828,448.689259008,376.9608933838375,0.7518853251779076,24.797534349340314,12.784265613061377,10.781014818630588,0.8433034125648863,0.5155458374595003,0.4347615640632188,0.22413951464017431,0.36663591062655987,20231108_P021N_A004,P021N_A004,20231108,40x,0.324,0.324,0.324,138,0.6289399780530769,"(197.97945348188645, 241.19285414659555, 273.28257696935054)",54.475980665853314,8,138
85,12121.0,14189.0,"(270.3331408299645, 381.75901328273244, 321.8175068063691)",0.8542532948058356,412.262167104,383.7316414728698,0.6980804907707484,27.879227556019654,14.864139130870203,7.379658497279637,0.4964739923587895,0.5331617994437853,0.2647009671430523,0.14112844395650004,0.13141714593874393,20231108_P021N_A004,P021N_A004,20231108,40x,0.324,0.324,0.324,138,0.6436503353094394,"(197.97945348188645, 241.19285414659555, 273.28257696935054)",53.58213668823374,6,138
86,15438.0,17055.0,"(278.064840005182, 164.8944811504081, 130.30334240186554)",0.9051890941072999,525.080714112,424.9869178520339,0.7406151772505875,30.992867761203087,14.256363446108816,8.581233701273648,0.6019230453623039,0.45998852239014004,0.27687769222877945,0.1273605605311082,0.16665906369923364,20231108_P021N_A004,P021N_A004,20231108,40x,0.324,0.324,0.324,138,0.662059142869481,"(197.97945348188645, 241.19285414659555, 273.28257696935054)",58.56982007082051,5,138
87,15682.0,17369.0,"(277.6682183394975, 192.60432342813417, 115.07269480933554)",0.9028729345385457,533.379696768,420.89846934203797,0.755668115724287,25.35185503500398,16.42562070696199,9.430431654330857,0.5741293934988876,0.64790606779199,0.37198191774566436,0.24100934161631685,0.21356575282787135,20231108_P021N_A004,P021N_A004,20231108,40x,0.324,0.324,0.324,138,0.6611148055702322,"(197.97945348188645, 241.19285414659555, 273.28257696935054)",59.51511487094362,6,138
88,12636.0,14523.0,"(270.98876226654005, 353.2506331117442, 376.8474200696423)",0.8700681677339392,429.77846246400003,374.6593596047884,0.7350958482976375,23.73494820263356,14.559787022871522,9.073633218737369,0.6231982105565059,0.6134324329916174,0.3822899945376997,0.2345090814576132,0.23824244050955085,20231108_P021N_A004,P021N_A004,20231108,40x,0.324,0.324,0.324,138,0.6452113387298573,"(197.97945348188645, 241.19285414659555, 273.28257696935054)",54.80580598139204,9,138
89,14176.0,15581.0,"(275.9734762979684, 390.3062217832957, 278.6395316027088)",0.9098260702137219,482.157287424,386.8466927193798,0.7686660968846716,24.108155776065523,16.546694387967364,8.64317856943235,0.5223507709018671,0.6863525580996475,0.3585167878338194,0.24606891445141055,0.1872715205062567,20231108_P021N_A004,P021N_A004,20231108,40x,0.324,0.324,0.324,138,0.6570797054713533,"(197.97945348188645, 241.19285414659555, 273.28257696935054)",54.550055764959666,7,138
90,13413.0,14780.0,"(275.6372176246925, 100.02922537836427, 335.55006337135615)",0.907510148849797,456.205960512,350.9438604960142,0.8166208148711254,22.052634305795188,13.464542492139577,11.274638903341831,0.8373577423758599,0.6105639038598325,0.5112604121122609,0.3121571531082488,0.4281078644524745,20231108_P021N_A004,P021N_A004,20231108,40x,0.324,0.324,0.324,138,0.6562790895826012,"(197.97945348188645, 241.19285414659555, 273.28257696935054)",55.96403734755564,7,138
91,12326.0,13629.0,"(275.5584131104981, 153.26805127373032, 402.1439234139218)",0.9043950399882603,419.234673024,353.9926559318626,0.7652347234133541,24.235433698142934,14.629397961793632,8.64678927049253,0.5910557148745712,0.6036367305824044,0.35678293931893196,0.2153672870180605,0.21087859525420208,20231108_P021N_A004,P021N_A004,20231108,40x,0.324,0.324,0.324,138,0.6560914597869003,"(197.97945348188645, 241.19285414659555, 273.28257696935054)",56.44905055802704,8,138
92,14680.0,16255.0,"(279.77213896457766, 338.4849455040872, 396.65367847411443)",0.9031067363888035,499.29944832,385.65740967197775,0.7892050132851843,23.87542742710537,15.038684050465482,10.224511342929961,0.67988072018931,0.6298812490951394,0.42824411726854555,0.26974293950275685,0.2911549188653741,20231108_P021N_A004,P021N_A004,20231108,40x,0.324,0.324,0.324,138,0.6661241403918515,"(197.97945348188645, 241.19285414659555, 273.28257696935054)",57.39120489100897,6,138
93,13969.0,15194.0,"(279.63240031498316, 240.0544061851242, 435.91817596105665)",0.9193760695011188,475.116757056,356.24925634115516,0.8265397097147463,22.40005464802352,13.758071056754702,11.199204402955946,0.8140097806412733,0.6141981023233196,0.49996326254249174,0.30707648708497404,0.40697498567090906,20231108_P021N_A004,P021N_A004,20231108,40x,0.324,0.324,0.324,138,0.6657914293213885,"(197.97945348188645, 241.19285414659555, 273.28257696935054)",58.96340493991221,6,138
94,17489.0,18831.0,"(276.8713477042713, 270.4017954142604, 430.65406827148496)",0.9287345334820243,594.839785536,395.9018102245137,0.8639659814785361,19.687144826460948,16.908412238483614,12.75457911885224,0.7543333424189154,0.8588554809510764,0.6478633256006306,0.5564209680992934,0.4887049078309579,20231108_P021N_A004,P021N_A004,20231108,40x,0.324,0.324,0.324,138,0.6592174945339793,"(197.97945348188645, 241.19285414659555, 273.28257696935054)",57.816417376454176,6,138
95,16756.0,18730.0,"(283.49970159942706, 364.8189305323466, 179.61130341370256)",0.8946075814201815,569.908825344,445.29919310787943,0.7465103003747465,24.916053727679305,18.643573923666718,8.939263376382174,0.4794822823661724,0.7482554873027716,0.3587752488449455,0.26845554865664784,0.17202637517266592,20231108_P021N_A004,P021N_A004,20231108,40x,0.324,0.324,0.324,138,0.6749992895224454,"(197.97945348188645, 241.19285414659555, 273.28257696935054)",57.386818436087374,4,138
96,9999.0,11492.0,"(289.2580258025803, 135.75067506750676, 175.57095709570956)",0.8700835363731292,340.088227776,307.693545194889,0.7657614009227948,21.39320473263453,13.381127624618095,8.857668944271827,0.6619523550448634,0.6254849514998418,0.41404123669044246,0.25897656285025594,0.2740755717129261,20231108_P021N_A004,P021N_A004,20231108,40x,0.324,0.324,0.324,138,0.6887095852442388,"(197.97945348188645, 241.19285414659555, 273.28257696935054)",55.172730361853795,6,138
97,13528.0,14910.0,"(288.1421496156121, 200.17740981667652, 420.3637640449438)",0.9073105298457411,460.117366272,359.10391316398363,0.8026195555404241,23.34356393574006,14.701293835441186,9.708416229550773,0.6603783543286633,0.6297793205832137,0.41589263131696635,0.26192057878636404,0.2746464914465157,20231108_P021N_A004,P021N_A004,20231108,40x,0.324,0.324,0.324,138,0.6860527371800288,"(197.97945348188645, 241.19285414659555, 273.28257696935054)",57.453572623677566,6,138
98,16048.0,18236.0,"(292.2434571286142, 101.81574027916251, 262.6784646061815)",0.8800175477078307,545.828170752,418.50000811385934,0.7717783969137628,21.9456273903803,18.237791692147386,10.096893274377546,0.5536247723854061,0.8310444430557399,0.4600867906288906,0.38235257067548917,0.2547154447394515,20231108_P021N_A004,P021N_A004,20231108,40x,0.324,0.324,0.324,138,0.695817755068129,"(197.97945348188645, 241.19285414659555, 273.28257696935054)",54.624641082660325,4,138
99,14805.0,16561.0,"(305.26038500506587, 251.561094224924, 122.91057075312395)",0.8939677555703158,503.55097632,414.78067864636296,0.7379516388092079,26.534306956444226,16.921554070384907,8.15982318529598,0.48221476297953125,0.6377236118569614,0.30751974033805524,0.19611259952569945,0.1482905586986423,20231108_P021N_A004,P021N_A004,20231108,40x,0.324,0.324,0.324,138,0.726810440488252,"(197.97945348188645, 241.19285414659555, 273.28257696935054)",59.943011306714325,5,138
100,14172.0,15596.0,"(313.37073101891053, 121.41412644651426, 230.31555179226643)",0.9086945370607848,482.021238528,383.5336637371083,0.7751601145705261,26.615418432364073,14.497475746362356,9.015711905520778,0.6218814960102942,0.5447021538738454,0.3387401903310964,0.18451251127698454,0.21065625632191404,20231108_P021N_A004,P021N_A004,20231108,40x,0.324,0.324,0.324,138,0.7461207881402632,"(197.97945348188645, 241.19285414659555, 273.28257696935054)",55.656613804593505,5,138
101,12312.0,13320.0,"(308.88393437296946, 142.71418128654972, 363.7367608836907)",0.9243243243243243,418.758501888,324.549969047824,0.8340235440812624,19.611515281581543,15.706617613531801,9.76169928370252,0.6215023198433554,0.8008875085895537,0.49775344452197273,0.39864451607507145,0.3093549204804269,20231108_P021N_A004,P021N_A004,20231108,40x,0.324,0.324,0.324,138,0.7354379389832606,"(197.97945348188645, 241.19285414659555, 273.28257696935054)",56.28637467144199,7,138
102,14479.0,15867.0,"(312.6514262034671, 214.09821120243112, 126.00366047378962)",0.9125228461586942,492.462991296,372.012069138848,0.8106676209344719,20.988353403977122,17.31267807032001,9.78356290853177,0.5651097345421227,0.8248707145858998,0.4661424705512089,0.3845072727824124,0.26342164779200294,20231108_P021N_A004,P021N_A004,20231108,40x,0.324,0.324,0.324,138,0.7444081576273026,"(197.97945348188645, 241.19285414659555, 273.28257696935054)",61.11060897601118,6,138
103,11243.0,12988.0,"(317.21399982211153, 360.452103531086, 327.0088054789647)",0.8656452109639667,382.399434432,326.85267938174707,0.7794894397377771,21.087234829427505,14.442757952934748,9.72619758886957,0.6734307685945274,0.6849052552295617,0.4612362724436747,0.31590314689916665,0.3106106974554187,20231108_P021N_A004,P021N_A004,20231108,40x,0.324,0.324,0.324,138,0.7552714281478846,"(197.97945348188645, 241.19285414659555, 273.28257696935054)",57.34539442669417,9,138
104,16824.0,18400.0,"(315.5379220161674, 118.00017831669044, 317.1820613409415)",0.9143478260869565,572.221656576,413.4884872717628,0.8061148023420504,24.519765340069036,15.447167736136365,10.910045622197467,0.706281294316176,0.6299884000477499,0.44494902258990177,0.2803127228442223,0.3142591715795133,20231108_P021N_A004,P021N_A004,20231108,40x,0.324,0.324,0.324,138,0.7512807667051604,"(197.97945348188645, 241.19285414659555, 273.28257696935054)",56.97574189898306,8,138
105,16480.0,17743.0,"(314.2831917475728, 351.5445388349515, 374.85467233009706)",0.9288169982528321,560.52145152,395.47122563060896,0.8313120198474259,22.303702417652623,16.52092108202171,10.835464899719229,0.6558632443024335,0.7407254980655572,0.4858146282988122,0.35985528251417126,0.3186279582456398,20231108_P021N_A004,P021N_A004,20231108,40x,0.324,0.324,0.324,138,0.7482933136846971,"(197.97945348188645, 241.19285414659555, 273.28257696935054)",61.49255775917311,6,138
106,13525.0,14714.0,"(320.9289463955638, 137.09463955637707, 202.0177449168207)",0.9191926056816637,460.01532960000003,358.1587423515172,0.8046186678649218,24.29055976383749,13.705292194741308,9.912797296789261,0.7232824485560972,0.5642229873658584,0.40809258383361396,0.23025521677245367,0.2951662032727607,20231108_P021N_A004,P021N_A004,20231108,40x,0.324,0.324,0.324,138,0.7641165390370567,"(197.97945348188645, 241.19285414659555, 273.28257696935054)",57.07523928001568,7,138
107,14877.0,16508.0,"(322.45943402567724, 171.81125226860254, 151.14707266249917)",0.9011994184637752,505.999856448,391.9707881732347,0.7834248648812484,25.780725407701816,14.93981247604589,9.44825485420853,0.6324212482156398,0.579495426904579,0.3664852212182489,0.21237650972408822,0.23177304105542984,20231108_P021N_A004,P021N_A004,20231108,40x,0.324,0.324,0.324,138,0.7677605572039934,"(197.97945348188645, 241.19285414659555, 273.28257696935054)",60.81036675858297,9,138
108,15245.0,16420.0,"(323.5039029189898, 379.92850114791736, 278.06887504099706)",0.9284409257003654,518.51635488,367.6555105643315,0.8489550269978258,22.417627456075635,13.056409546943462,12.669205575698,0.970343763355975,0.5824170988890668,0.5651447995788861,0.32914999462297795,0.5483847316644345,20231108_P021N_A004,P021N_A004,20231108,40x,0.324,0.324,0.324,138,0.7702473879023567,"(197.97945348188645, 241.19285414659555, 273.28257696935054)",60.638117669194294,7,138
109,13435.0,15192.0,"(325.30331224413845, 172.2368440640119, 372.1035355414961)",0.8843470247498684,456.95422944,357.543256012154,0.8024241692699869,23.43018417118873,14.286019483527287,10.046999587094978,0.7032749464383571,0.6097271527679369,0.42880583070488276,0.2614545582459781,0.3015683976214316,20231108_P021N_A004,P021N_A004,20231108,40x,0.324,0.324,0.324,138,0.7745316958193773,"(197.97945348188645, 241.19285414659555, 273.28257696935054)",56.79885249585443,6,138
110,15937.0,17164.0,"(329.05603313045117, 378.29848779569556, 236.96718328418146)",0.9285131670939175,542.0528138880001,383.6726016973631,0.8379492943976645,21.492601934530004,16.668954425188414,10.748747161757235,0.6448363159188216,0.7755670754041222,0.500113815651529,0.3878718093740527,0.3224915504248366,20231108_P021N_A004,P021N_A004,20231108,40x,0.324,0.324,0.324,138,0.7834667455486932,"(197.97945348188645, 241.19285414659555, 273.28257696935054)",62.572975369481505,6,138
111,13737.0,15174.0,"(333.97786998616874, 281.222683264177, 397.16153454174855)",0.9052985369711348,467.225921088,387.0847290801181,0.7522508817527417,24.658138022912325,16.774664770653025,8.154080413852354,0.4860949846293066,0.6802891911411161,0.33068516391122427,0.2249615426795341,0.1607443996685663,20231108_P021N_A004,P021N_A004,20231108,40x,0.324,0.324,0.324,138,0.7951854047289731,"(197.97945348188645, 241.19285414659555, 273.28257696935054)",60.998068595201715,4,138
112,13672.0,15794.0,"(333.9033060269163, 128.54893212404914, 280.8146576945582)",0.8656451817145752,465.015126528,378.5678919834366,0.766746380659356,25.57375350436964,14.253168474276638,9.465278796487901,0.6640824328688975,0.5573358041415891,0.37011691673928987,0.20627940941729772,0.24578814251416276,20231108_P021N_A004,P021N_A004,20231108,40x,0.324,0.324,0.324,138,0.7950078714926578,"(197.97945348188645, 241.19285414659555, 273.28257696935054)",57.24877299238781,5,138
113,14450.0,16039.0,"(337.7973702422145, 331.138339100346, 178.10484429065744)",0.9009289855976058,491.4766368,386.1775700451642,0.7798881666820869,22.395332460618455,16.866041324684797,9.474096763387857,0.5617261680440543,0.753105199681373,0.42303889795107,0.3185927937144286,0.23763201907963433,20231108_P021N_A004,P021N_A004,20231108,40x,0.324,0.324,0.324,138,0.8042794529576537,"(197.97945348188645, 241.19285414659555, 273.28257696935054)",62.06781406190578,5,138
114,15669.0,17064.0,"(339.3418852511328, 334.27181058140275, 371.73399706426704)",0.9182489451476793,532.9375378560001,388.0424041808046,0.8191984940752673,23.998163831442426,13.97247526924233,11.508883423273755,0.8236825044599154,0.5822310143135024,0.4795735000439825,0.2792225653684845,0.39501630158883494,20231108_P021N_A004,P021N_A004,20231108,40x,0.324,0.324,0.324,138,0.8079568696455542,"(197.97945348188645, 241.19285414659555, 273.28257696935054)",63.440913772546075,9,138
115,16408.0,17757.0,"(342.0136518771331, 225.09714773281326, 151.31131155533885)",0.9240299600157684,558.072571392,384.2321797158344,0.8531345075219969,18.917646386971708,17.82391346340664,11.791060298695616,0.6615303829264676,0.9421845138030329,0.623283682203508,0.5872482330782763,0.41232109295990543,20231108_P021N_A004,P021N_A004,20231108,40x,0.324,0.324,0.324,138,0.8143182187550788,"(197.97945348188645, 241.19285414659555, 273.28257696935054)",61.373769301850636,6,138
116,13485.0,14934.0,"(347.0880978865406, 197.71857619577307, 362.59466073414904)",0.902973081558859,458.65484064000003,374.05331107853755,0.7689084057646421,23.656576280517097,16.20037360426577,8.626420390193218,0.5324828057003431,0.6848148021152136,0.3646521072154342,0.24971916064363323,0.19417097715461673,20231108_P021N_A004,P021N_A004,20231108,40x,0.324,0.324,0.324,138,0.8264002330631919,"(197.97945348188645, 241.19285414659555, 273.28257696935054)",58.04941638250138,3,138
117,14328.0,15636.0,"(353.99392797319933, 345.6038525963149, 339.15103294249025)",0.9163468917881811,487.327145472,360.3175758269922,0.8311493696241324,21.923500158001243,14.381640101743411,11.142649153071831,0.7747829228267968,0.6559919719978956,0.5082513774154438,0.33340882334140365,0.39378448772468294,20231108_P021N_A004,P021N_A004,20231108,40x,0.324,0.324,0.324,138,0.8428426856504746,"(197.97945348188645, 241.19285414659555, 273.28257696935054)",64.45957512972703,8,138
118,13718.0,15050.0,"(352.2339262283132, 356.3297856830442, 312.2748214025368)",0.9114950166112957,466.579688832,352.4886589232213,0.8253209362101506,20.998877807994617,14.842839142845945,10.95701022169795,0.7382017763750466,0.706839635839732,0.5217902747891812,0.36882204781669853,0.38518650774459723,20231108_P021N_A004,P021N_A004,20231108,40x,0.324,0.324,0.324,138,0.8386522053055075,"(197.97945348188645, 241.19285414659555, 273.28257696935054)",63.63227238777386,8,138
119,15322.0,16988.0,"(358.8565461428012, 177.6364704346691, 186.98022451377105)",0.901930774664469,521.135296128,384.4647039501016,0.8145691816132449,24.01957901897614,14.05377568611639,11.137263059117345,0.7924747987915984,0.585096669471747,0.4636743654132571,0.27129432692272254,0.367450249435693,20231108_P021N_A004,P021N_A004,20231108,40x,0.324,0.324,0.324,138,0.8544203479590505,"(197.97945348188645, 241.19285414659555, 273.28257696935054)",62.63260156647304,7,138
120,14033.0,15286.0,"(359.54792275350957, 350.16767619183355, 227.1155134326231)",0.9180295695407562,477.293539392,352.4239038292402,0.8380613344339606,22.08867750567905,13.572812599859438,11.528047960446912,0.8493484954302175,0.6144692273392028,0.5218985137287202,0.3206905764803651,0.4432737174027553,20231108_P021N_A004,P021N_A004,20231108,40x,0.324,0.324,0.324,138,0.8560664827464514,"(197.97945348188645, 241.19285414659555, 273.28257696935054)",64.8900740821842,8,138
121,14412.0,15495.0,"(359.437898973078, 281.9174299195115, 170.93984179850125)",0.930106485963214,490.184172288,352.29962939691023,0.8533845858596713,20.658518310270676,14.936622944201634,11.37287642343617,0.7614088181727247,0.7230248907432862,0.5505175275703089,0.3980378752237867,0.41916890005067936,20231108_P021N_A004,P021N_A004,20231108,40x,0.324,0.324,0.324,138,0.8558045213644715,"(197.97945348188645, 241.19285414659555, 273.28257696935054)",63.32634176693194,6,138
122,18198.0,19676.0,"(362.970271458402, 173.80745136828222, 319.89257061215517)",0.9248831063224232,618.954452352,416.53018520429,0.8432249324444752,23.369728898877764,15.482228871507692,12.20453292914637,0.7882930184300955,0.6624907348519204,0.5222368210583924,0.3459770553497053,0.41167564000745777,20231108_P021N_A004,P021N_A004,20231108,40x,0.324,0.324,0.324,138,0.8642149320438143,"(197.97945348188645, 241.19285414659555, 273.28257696935054)",59.685737217652594,6,138
123,17045.0,18644.0,"(366.02282194191844, 157.47515400410677, 252.17365796421237)",0.9142351426732461,579.73835808,408.72771018494785,0.8226303590703781,22.22774186746737,17.25924303260412,10.795272226251441,0.6254777342122299,0.776473072951456,0.4856666183464841,0.3771070515774365,0.3037736560258747,20231108_P021N_A004,P021N_A004,20231108,40x,0.324,0.324,0.324,138,0.8714829093855201,"(197.97945348188645, 241.19285414659555, 273.28257696935054)",61.211835342506824,8,138
124,12582.0,14070.0,"(364.77960578604353, 359.7213479573995, 267.89190907645843)",0.8942430703624733,427.941802368,331.271903049351,0.8290027977096126,21.21063755568145,13.290106169171104,11.22287301617764,0.844453225077404,0.6265774017533591,0.5291153076712443,0.33153169470857746,0.44681312800080514,20231108_P021N_A004,P021N_A004,20231108,40x,0.324,0.324,0.324,138,0.8685228709191513,"(197.97945348188645, 241.19285414659555, 273.28257696935054)",66.3214260754654,9,138
125,13818.0,14914.0,"(368.7008973802287, 174.58981039224201, 220.72079895788102)",0.926512002145635,469.980911232,342.3634366615965,0.853853887265371,21.220038916865693,13.108403782765958,12.060766556055617,0.9200789627728966,0.6177370283872285,0.5683668443449327,0.3511012454594652,0.52294237661939,20231108_P021N_A004,P021N_A004,20231108,40x,0.324,0.324,0.324,138,0.877859279476735,"(197.97945348188645, 241.19285414659555, 273.28257696935054)",61.768131374708126,6,138
126,14349.0,15668.0,"(371.4271377796362, 216.5640114293679, 187.17144051850303)",0.9158156752616798,488.041402176,375.0558570957098,0.7992683514142758,23.734453385650728,15.410358168037348,9.568029835882701,0.6208830276072212,0.6492822024438986,0.40312829962485247,0.26174403024788806,0.2502955191852294,20231108_P021N_A004,P021N_A004,20231108,40x,0.324,0.324,0.324,138,0.8843503280467528,"(197.97945348188645, 241.19285414659555, 273.28257696935054)",63.24709626075853,8,138
127,15044.0,16278.0,"(372.44781972879554, 306.42767880882747, 349.91903749002927)",0.9241921611991645,511.679897856,374.92243454393156,0.8251665216613852,22.03378468659744,16.09860505318967,10.31790835398246,0.6409194038795393,0.7306327660986003,0.4682767169027737,0.3421383129702448,0.3001276342479935,20231108_P021N_A004,P021N_A004,20231108,40x,0.324,0.324,0.324,138,0.8867805231637989,"(197.97945348188645, 241.19285414659555, 273.28257696935054)",65.2584101534744,6,138
128,15756.0,17041.0,"(369.27373698908355, 321.4208555470932, 215.8151815181518)",0.9245936271345578,535.896601344,371.1575949634941,0.8596330568254207,19.749289310993095,15.106115993707814,12.939024635866376,0.8565421211683996,0.7648941567380483,0.6551640634817221,0.501131163861925,0.5611756166479422,20231108_P021N_A004,P021N_A004,20231108,40x,0.324,0.324,0.324,138,0.8792231833073417,"(197.97945348188645, 241.19285414659555, 273.28257696935054)",64.05109225671131,7,138
129,13468.0,14562.0,"(376.69178794178794, 337.990495990496, 279.27398277398277)",0.9248729570113995,458.07663283200003,332.5504983882471,0.864142331534552,17.140965118172517,16.65635271306442,11.44879057982122,0.6873527942789873,0.9717278226886815,0.6679198342037016,0.6490362862213481,0.45909656439427227,20231108_P021N_A004,P021N_A004,20231108,40x,0.324,0.324,0.324,138,0.8968852093852093,"(197.97945348188645, 241.19285414659555, 273.28257696935054)",65.87946974296021,11,138
130,11831.0,13144.0,"(377.339278167526, 286.34832220437835, 199.39802214521174)",0.9001065124771759,402.398622144,334.3536981856834,0.7883437882965502,23.645360994440086,13.884564885972685,8.84071257075351,0.6367295369612278,0.5872003768196844,0.3738878240358561,0.21954707116214653,0.23806542107379167,20231108_P021N_A004,P021N_A004,20231108,40x,0.324,0.324,0.324,138,0.8984268527798238,"(197.97945348188645, 241.19285414659555, 273.28257696935054)",64.53043055570872,6,138
131,14748.0,16057.0,"(383.1101844317874, 328.160292921074, 316.92995660428534)",0.9184779224014449,501.612279552,366.5148333010054,0.8329865872073465,21.934318054577997,14.985954325205642,11.04201468971051,0.7368242589087824,0.6832195233021099,0.5034127189290887,0.343941397850951,0.3709267035501809,20231108_P021N_A004,P021N_A004,20231108,40x,0.324,0.324,0.324,138,0.91216710578997,"(197.97945348188645, 241.19285414659555, 273.28257696935054)",67.7631238188792,10,138
132,16017.0,17336.0,"(386.63264031966037, 325.6573640506961, 253.26159705313106)",0.9239155514536225,544.773791808,378.58158697943423,0.8520572468588977,21.553695748914404,14.425361475012288,12.592020346306857,0.8729084791475654,0.6692755452734296,0.5842162983552869,0.3910016816393592,0.5099673604905338,20231108_P021N_A004,P021N_A004,20231108,40x,0.324,0.324,0.324,138,0.9205539055230009,"(197.97945348188645, 241.19285414659555, 273.28257696935054)",67.28374532128059,10,138
133,14307.0,16103.0,"(386.40972950304047, 189.80478087649402, 294.90522122038163)",0.8884679873315531,486.612888768,398.6084169847189,0.7505737955523788,25.206682376465796,15.952208483870917,8.931783361749389,0.559908891034129,0.6328563293503745,0.3543418855504976,0.22424750502457844,0.19839917218552136,20231108_P021N_A004,P021N_A004,20231108,40x,0.324,0.324,0.324,138,0.9200231654834297,"(197.97945348188645, 241.19285414659555, 273.28257696935054)",63.66764202420412,4,138
134,15723.0,17414.0,"(396.2234306430071, 210.34567194555746, 245.17420339629842)",0.9028942230389342,534.774197952,395.24947821742995,0.8061077859742061,21.704340009469984,16.950082171135243,10.635098029035284,0.6274363700222104,0.7809535864135756,0.48999868341516045,0.3826662291509998,0.30744299523767055,20231108_P021N_A004,P021N_A004,20231108,40x,0.324,0.324,0.324,138,0.9433891205785883,"(197.97945348188645, 241.19285414659555, 273.28257696935054)",65.63883669915289,7,138
135,16223.0,17673.0,"(402.445478641435, 254.4014054120693, 285.1541022005794)",0.9179539410400045,551.780309952,383.21154484883454,0.8489647781665827,20.72753325533791,15.723652690540563,12.081338718352098,0.7683544629308875,0.7585877439849862,0.5828642786155377,0.4421536981643972,0.4478463697572406,20231108_P021N_A004,P021N_A004,20231108,40x,0.324,0.324,0.324,138,0.9582035205748453,"(197.97945348188645, 241.19285414659555, 273.28257696935054)",66.49641560299428,5,138
136,18449.0,20603.0,"(401.54360669955014, 254.2852729145211, 240.33790449346847)",0.8954521186235014,627.491520576,441.12424021103175,0.8035170725963361,21.894196586057753,17.993748273571992,11.895804170832363,0.6611076241576704,0.8218501283134741,0.5433313857429974,0.44653696908962026,0.3592005215588478,20231108_P021N_A004,P021N_A004,20231108,40x,0.324,0.324,0.324,138,0.9560562064275003,"(197.97945348188645, 241.19285414659555, 273.28257696935054)",66.94746962047684,6,138
137,14949.0,16380.0,"(400.59656164291926, 289.95852565388986, 311.2652351327848)",0.9126373626373626,508.448736576,372.05537012328296,0.8280209569488788,21.543744724192493,15.177172555386587,11.410121517932183,0.7517949391622732,0.7044816372310344,0.5296257296030442,0.3731116011104337,0.39816994316569515,20231108_P021N_A004,P021N_A004,20231108,40x,0.324,0.324,0.324,138,0.9538013372450459,"(197.97945348188645, 241.19285414659555, 273.28257696935054)",68.63484462314764,7,138
138,13576.0,15294.0,"(405.81423099587505, 296.48600471420156, 278.13464938126106)",0.8876683666797437,461.74995302400004,348.6422695559661,0.8286579941591713,20.73632915550391,14.282136117808571,11.499218974775767,0.8051469948138394,0.6887494893963794,0.5545445815670612,0.3819422974018422,0.4464899033390174,20231108_P021N_A004,P021N_A004,20231108,40x,0.324,0.324,0.324,138,0.9662243595139882,"(197.97945348188645, 241.19285414659555, 273.28257696935054)",69.69854522329783,7,138
1,11780.0,14358.0,"(14.935823429541596, 271.49804753820035, 308.98336162988113)",0.8204485304359939,400.66399872,377.27280923789357,0.6966513760697622,22.627812213876226,14.311783719659276,9.395305175671352,0.6564733900195515,0.6324864102806524,0.41521049789823683,0.2626149973264982,0.2725746431269614,20231108_P021N_B014,P021N_B014,20231108,40x,0.324,0.324,0.324,18,0.2715604259916654,"(26.96688367378762, 298.9647103539685, 277.45718657414625)",14.097029969887036,3,18
2,3552.0,4272.0,"(5.475788288288288, 290.08164414414415, 235.25140765765767)",0.8314606741573034,120.811419648,133.87540980655166,0.8827857274639362,13.644130853399826,9.898006396848315,7.707961971842955,0.7787388351554606,0.7254405944356612,0.5649287634853117,0.4098222579965875,0.4399319672223664,20231108_P021N_B014,P021N_B014,20231108,40x,0.324,0.324,0.324,18,0.09955978705978706,"(26.96688367378762, 298.9647103539685, 277.45718657414625)",15.612980837087626,2,18
3,12399.0,14209.0,"(11.500362932494555, 302.2493749495927, 312.3236551334785)",0.8726159476388204,421.717565376,314.37631605908666,0.8650650465032027,22.465076917415658,13.662110359756165,10.468295923091222,0.7662283239877192,0.608148835188935,0.4659808627219014,0.2833857188846594,0.357047735453754,20231108_P021N_B014,P021N_B014,20231108,40x,0.324,0.324,0.324,18,0.20909750786353737,"(26.96688367378762, 298.9647103539685, 277.45718657414625)",12.40405094879548,2,18
4,7318.0,8421.0,"(10.409128177097568, 301.7728887674228, 219.51229844219733)",0.8690179313620711,248.90145523200002,213.67051993600367,0.8955526875263441,16.55064159708481,11.778665185806371,9.777862669843904,0.8301333398649032,0.7116742343016501,0.5907845090166265,0.42044611309168395,0.49042991761041915,20231108_P021N_B014,P021N_B014,20231108,40x,0.324,0.324,0.324,18,0.1892568759472285,"(26.96688367378762, 298.9647103539685, 277.45718657414625)",19.54677578567178,2,18
5,23134.0,25548.0,"(20.54746260914671, 304.58161148093717, 413.61117835220887)",0.9055111946140598,786.838790016,504.7665016045289,0.8165524886828691,23.333695721769033,15.840687687230915,15.181246417486594,0.9583704140397963,0.6788760715882842,0.6506147418097743,0.44168678003724543,0.6235299194886286,20231108_P021N_B014,P021N_B014,20231108,40x,0.324,0.324,0.324,18,0.3735902292572129,"(26.96688367378762, 298.9647103539685, 277.45718657414625)",44.20037880262965,0,18
6,5629.0,6411.0,"(8.2435601350151, 344.0943329188133, 259.54716645940664)",0.878022149430666,191.454808896,177.7206682210658,0.903906910206227,13.989163859184567,13.293282974935941,7.981575296214715,0.6004216799765505,0.9502557199805944,0.5705541357980751,0.5421723311007056,0.34257307273344917,20231108_P021N_B014,P021N_B014,20231108,40x,0.324,0.324,0.324,18,0.14988291154572908,"(26.96688367378762, 298.9647103539685, 277.45718657414625)",16.86050206577045,1,18
7,9304.0,10541.0,"(15.68615649183147, 351.6482158211522, 220.45077386070508)",0.8826487050564462,316.449732096,274.3188936544359,0.8186499233078317,21.202931189643852,11.964380317125727,9.118929583158804,0.7621731624584046,0.564279542772345,0.4300787236253808,0.2426846255234436,0.3277944608916306,20231108_P021N_B014,P021N_B014,20231108,40x,0.324,0.324,0.324,18,0.28520284530602674,"(26.96688367378762, 298.9647103539685, 277.45718657414625)",25.41394876384027,3,18
8,18184.0,19815.0,"(27.07358117025957, 243.17608886933567, 229.55147382314124)",0.9176886197325259,618.478281216,476.5530984506669,0.7366408449995926,28.38239758348252,18.306396219124537,8.473186456765825,0.46285387660920174,0.6449911838941389,0.2985366698441607,0.19255352011859891,0.13817885494737117,20231108_P021N_B014,P021N_B014,20231108,40x,0.324,0.324,0.324,18,0.4922469303683558,"(26.96688367378762, 298.9647103539685, 277.45718657414625)",23.82521389960914,1,18
9,14537.0,15978.0,"(30.067895714383987, 270.34511935062255, 218.50312994428012)",0.9098134935536363,494.435700288,390.63509516249553,0.7740804162958448,28.6575539201307,12.644506672081796,9.910312884801469,0.7837642971617675,0.44122770238249726,0.3458185200461195,0.15258471104126486,0.2710402093094694,20231108_P021N_B014,P021N_B014,20231108,40x,0.324,0.324,0.324,18,0.5466890129887998,"(26.96688367378762, 298.9647103539685, 277.45718657414625)",21.25666703450444,1,18
10,9936.0,13007.0,"(19.403683574879228, 331.66737117552333, 214.07840177133656)",0.7638963634965787,337.945457664,359.099487989566,0.6533818720415365,23.15224983220334,15.255783734033544,7.611172570903081,0.4989040683582586,0.6589330991415658,0.328744403937643,0.2166205689120779,0.1640119205745008,20231108_P021N_B014,P021N_B014,20231108,40x,0.324,0.324,0.324,18,0.352794246815986,"(26.96688367378762, 298.9647103539685, 277.45718657414625)",23.23677850752102,2,18
11,24280.0,29015.0,"(35.992092257001644, 254.56334431630972, 294.07512355848434)",0.836808547303119,825.8167987200001,573.2615333799592,0.7425410460316625,27.920847301876098,17.67967803930617,13.012739494411845,0.7360280806857115,0.6332070745617456,0.4660581877662958,0.2951113416510449,0.3430319134294877,20231108_P021N_B014,P021N_B014,20231108,40x,0.324,0.324,0.324,18,0.6544016774000299,"(26.96688367378762, 298.9647103539685, 277.45718657414625)",15.636454585070656,2,18
12,10977.0,12237.0,"(27.573745103398014, 350.82545322036987, 243.35310194042088)",0.8970335866633979,373.352182848,322.01615030254493,0.7786678923228497,19.684202406857715,16.668988809026043,8.230125875386722,0.49373876062177297,0.8468206363910782,0.41810817148067203,0.35406262785357273,0.20643621039270274,20231108_P021N_B014,P021N_B014,20231108,40x,0.324,0.324,0.324,18,0.501340820061782,"(26.96688367378762, 298.9647103539685, 277.45718657414625)",20.111485469047082,4,18
13,12940.0,15868.0,"(32.612132921174656, 350.57642967542506, 284.3765069551777)",0.8154776909503403,440.11817856,371.81324942551277,0.7525559621731234,21.661943616393124,15.07604684950809,10.031471238667438,0.6653913548295155,0.6959692591065088,0.463091928236574,0.322297746193013,0.30813736553994675,20231108_P021N_B014,P021N_B014,20231108,40x,0.324,0.324,0.324,18,0.5929478712940847,"(26.96688367378762, 298.9647103539685, 277.45718657414625)",16.970659184209612,1,18
14,15562.0,18018.0,"(39.75947821616759, 293.57466906567277, 319.6166302531808)",0.8636918636918637,529.298229888,376.0155801650946,0.8415473924131583,23.49424491495657,15.970220782378808,10.56203787735607,0.6613582881089529,0.6797503320573659,0.44955851595095175,0.305587550496876,0.29731925051412283,20231108_P021N_B014,P021N_B014,20231108,40x,0.324,0.324,0.324,18,0.7228996039303197,"(26.96688367378762, 298.9647103539685, 277.45718657414625)",14.381081210768633,2,18
15,13178.0,14806.0,"(40.14660798300197, 309.7055698892093, 221.06002428289574)",0.8900445765230312,448.213087872,332.2270014017768,0.8525219192734653,21.60299255538032,16.006657864771892,10.036024877220383,0.6269906536397006,0.7409463213829309,0.4645664183558155,0.3442187787187852,0.29127880230396735,20231108_P021N_B014,P021N_B014,20231108,40x,0.324,0.324,0.324,18,0.7299383269636722,"(26.96688367378762, 298.9647103539685, 277.45718657414625)",19.08497821798105,2,18
16,8217.0,9843.0,"(44.98929049531459, 354.4931240111963, 227.06827309236948)",0.8348064614446815,279.478444608,232.4290658072627,0.8893906637862568,16.867598699648973,15.057464217590304,9.365883735395148,0.6220093635988067,0.8926857038579926,0.5552588665504627,0.4956716521099911,0.345376214215648,20231108_P021N_B014,P021N_B014,20231108,40x,0.324,0.324,0.324,18,0.8179870999148108,"(26.96688367378762, 298.9647103539685, 277.45718657414625)",24.986375998470606,2,18
17,3225.0,4001.0,"(48.83286821705426, 238.68093023255813, 273.0248062015504)",0.8060484878780305,109.6894224,135.66377843673757,0.8168269324827911,12.78767933485831,9.875608002411685,7.143797227151477,0.7233779657320256,0.7722752302281678,0.5586468850276837,0.4314291517510032,0.40411284725385865,20231108_P021N_B014,P021N_B014,20231108,40x,0.324,0.324,0.324,18,0.8878703312191684,"(26.96688367378762, 298.9647103539685, 277.45718657414625)",20.826677210434088,1,18
18,1064.0,1848.0,"(53.07048872180451, 342.82612781954884, 283.421992481203)",0.5757575757575758,36.189006336,89.30876528249112,0.5924355962452066,15.790743886024222,8.260584975590763,2.7795024447082595,0.33647767717678867,0.5231282981482518,0.1760209946263703,0.09208156335725569,0.059227135406229085,20231108_P021N_B014,P021N_B014,20231108,40x,0.324,0.324,0.324,18,0.964917976760082,"(26.96688367378762, 298.9647103539685, 277.45718657414625)",16.649946871552377,1,18
1,17740.0,20606.0,"(52.69537767756483, 193.2943066516347, 207.7447576099211)",0.8609142968067554,603.37685376,503.6361693529128,0.6856349958470871,24.552589798088796,20.987304757067243,8.535886124634953,0.40671664243883376,0.8547898584083753,0.3476572612026205,0.29717390107803154,0.14139799399581046,20231108_P021N_B012,P021N_B012,20231108,40x,0.324,0.324,0.324,16,0.14188848908721452,"(115.39569935463916, 246.13993127718078, 182.77691486593017)",27.772269185821,0,16
2,16180.0,21077.0,"(69.26402966625463, 227.46285537700865, 250.92608158220025)",0.7676614318925843,550.31778432,573.0053502899173,0.5667625504724821,37.66929846510384,17.714968800514566,6.683187868266864,0.37726218677126533,0.4702760476658569,0.17741737012856898,0.08343513961133389,0.0669328650259109,20231108_P021N_B012,P021N_B012,20231108,40x,0.324,0.324,0.324,16,0.24110197404942896,"(115.39569935463916, 246.13993127718078, 182.77691486593017)",27.3415939236162,1,16
3,13798.0,17954.0,"(63.22778663574431, 299.19067980866794, 229.02732280040587)",0.7685195499610115,469.300666752,467.90974057863946,0.6241507344411142,24.77253998487969,18.51295429372436,8.113535653408404,0.4382626092345932,0.7473175663466093,0.32752134655391124,0.24476245563323337,0.1435403599207446,20231108_P021N_B012,P021N_B012,20231108,40x,0.324,0.324,0.324,16,0.20495680620206172,"(115.39569935463916, 246.13993127718078, 182.77691486593017)",28.38464363222261,0,16
4,23789.0,26756.0,"(82.26432384715625, 196.0690234982555, 141.97574509226953)",0.8891089849005831,809.116796736,670.9623550714897,0.6258353850425428,36.88316914200195,21.912087285434552,7.266622005702834,0.3316261892828949,0.5940944825286564,0.1970172893149717,0.11704688454477669,0.06533609287836967,20231108_P021N_B012,P021N_B012,20231108,40x,0.324,0.324,0.324,16,0.31894804698895957,"(115.39569935463916, 246.13993127718078, 182.77691486593017)",23.51963134123448,0,16
5,15441.0,19598.0,"(86.14597500161906, 316.94818988407485, 190.45197849880188)",0.7878865190325544,525.1827507840001,521.5581840035971,0.6035616850888492,29.08285336461136,20.511752218362393,6.879337394815489,0.33538516464025026,0.7052867874141102,0.23654272531547454,0.16683045882392938,0.07933292087438391,20231108_P021N_B012,P021N_B012,20231108,40x,0.324,0.324,0.324,16,0.34219146707556325,"(115.39569935463916, 246.13993127718078, 182.77691486593017)",24.946448251439936,0,16
6,17984.0,21029.0,"(97.30271352313167, 292.28030471530246, 140.79187055160142)",0.8551999619572971,611.675836416,515.9537853927653,0.6753893442556703,37.15960710228496,16.208917933651474,7.601622436119161,0.46897778539166807,0.4361972366670901,0.20456681404609722,0.08923147900069808,0.09593729141596787,20231108_P021N_B012,P021N_B012,20231108,40x,0.324,0.324,0.324,16,0.4089982845696507,"(115.39569935463916, 246.13993127718078, 182.77691486593017)",21.045125997150556,0,16
7,15671.0,18306.0,"(97.48829047284794, 251.2163231446621, 117.34311786101716)",0.8560581230197749,533.005562304,503.8707211080759,0.6309372407578108,29.9985462106972,19.151606527782985,6.9085013254570065,0.36072698733836944,0.6384178217594325,0.23029453750640422,0.14702413699793454,0.0830734547151683,20231108_P021N_B012,P021N_B012,20231108,40x,0.324,0.324,0.324,16,0.4101095237895086,"(115.39569935463916, 246.13993127718078, 182.77691486593017)",22.04159126101742,0,16
8,19523.0,22126.0,"(103.84438866977412, 199.53403677713467, 233.2422271167341)",0.8823555997469041,664.020649152,521.8309891243716,0.7053564599588855,32.68116620865279,16.940271722977485,8.813565381766375,0.5202729640878081,0.5183496701073144,0.26968331930066997,0.1397902595929478,0.14030893989759832,20231108_P021N_B012,P021N_B012,20231108,40x,0.324,0.324,0.324,16,0.4481699920345756,"(115.39569935463916, 246.13993127718078, 182.77691486593017)",22.56931515961592,1,16
9,14007.0,16881.0,"(116.20354108659956, 182.40701078032413, 202.26593845934175)",0.8297494224275813,476.409221568,471.59921926378956,0.6255055294861545,32.66358009093581,16.89060211024866,6.678559961281299,0.39540094057564523,0.5171081082730373,0.20446503239045155,0.10573052610741172,0.08084566612201431,20231108_P021N_B012,P021N_B012,20231108,40x,0.324,0.324,0.324,16,0.522176892734129,"(115.39569935463916, 246.13993127718078, 182.77691486593017)",21.594933729445685,1,16
10,18941.0,21131.0,"(138.68570825194024, 199.27749326857082, 148.32638192281294)",0.8963607969334154,644.225534784,491.7988480692179,0.7334805024022454,25.60593781297194,20.35011445122129,8.968098431286434,0.44069031910276174,0.7947420086645662,0.35023510940275754,0.2783465543516016,0.15434522212369187,20231108_P021N_B012,P021N_B012,20231108,40x,0.324,0.324,0.324,16,0.656800648215211,"(115.39569935463916, 246.13993127718078, 182.77691486593017)",20.29945156328917,0,16
11,13791.0,15920.0,"(145.87035022840982, 313.12754695091, 194.23863389166848)",0.8662688442211055,469.062581184,406.2899672387306,0.7185691243191245,26.9960146904845,15.541247612916736,8.374594525856295,0.5388624346282181,0.5756867371388223,0.31021595675780084,0.17858721195429636,0.16716372571903057,20231108_P021N_B012,P021N_B012,20231108,40x,0.324,0.324,0.324,16,0.6998224564575439,"(115.39569935463916, 246.13993127718078, 182.77691486593017)",24.131836695207323,0,16
12,15184.0,16961.0,"(149.3401606954689, 218.9161617492097, 226.3721680716544)",0.8952302340663876,516.441609216,405.969033506335,0.7667822198202938,23.464835031216285,17.84369718712507,8.844554068536338,0.49566824497100476,0.7604441779960024,0.3769280311056969,0.2866327267778233,0.1868312556585371,20231108_P021N_B012,P021N_B012,20231108,40x,0.324,0.324,0.324,16,0.7205997646435264,"(115.39569935463916, 246.13993127718078, 182.77691486593017)",19.956680477657287,1,16
13,20684.0,23040.0,"(160.59364726358538, 285.52992651324695, 149.54491394314445)",0.8977430555555556,703.5088412160001,489.8729486258868,0.7808729397444902,24.89205392638059,19.230154079663155,10.741046369483053,0.5585522781038059,0.7725418776826224,0.43150502571022054,0.33335570279166205,0.24101811512368504,20231108_P021N_B012,P021N_B012,20231108,40x,0.324,0.324,0.324,16,0.7879859117579963,"(115.39569935463916, 246.13993127718078, 182.77691486593017)",22.209466450962683,0,16
14,14705.0,16902.0,"(162.11118667120027, 273.8923495409725, 227.16613396803808)",0.8700153827949355,500.14975392,414.26862490010575,0.7355329306615613,23.705228285049888,18.222819183675874,8.665503819872553,0.4755303629218453,0.7687257411972873,0.3655524306989105,0.28100956323549003,0.17383128003721565,20231108_P021N_B012,P021N_B012,20231108,40x,0.324,0.324,0.324,16,0.7970729740790435,"(115.39569935463916, 246.13993127718078, 182.77691486593017)",22.73301905789944,0,16
15,12192.0,14352.0,"(161.79076443569554, 282.70472440944883, 103.21998031496064)",0.8494983277591973,414.677035008,351.74523753712435,0.7645323880074415,17.972065905557,13.186725765521793,13.076975107853341,0.9916771866178178,0.7337345542141837,0.7276278184474003,0.5338856730023422,0.7215719079027783,20231108_P021N_B012,P021N_B012,20231108,40x,0.324,0.324,0.324,16,0.795154278058057,"(115.39569935463916, 246.13993127718078, 182.77691486593017)",32.10510097405189,0,16
16,15493.0,19083.0,"(184.73329890918478, 259.51649131866003, 184.56554573032983)",0.8118744432217156,526.951386432,446.68154812841374,0.7063172498410476,27.01865954666758,14.617863736188959,10.169165225845557,0.6956669872814653,0.5410284589041314,0.3763756380393712,0.2036299314175002,0.26183210620098857,20231108_P021N_B012,P021N_B012,20231108,40x,0.324,0.324,0.324,16,0.9325347240070945,"(115.39569935463916, 246.13993127718078, 182.77691486593017)",22.886957911043655,0,16
1,19524.0,26288.0,"(40.99743904937513, 257.17055931161644, 253.45943454210203)",0.742696287279367,664.054661376,591.2631523927191,0.6225475519453612,30.363568834480382,14.7600421685607,13.010125639024405,0.8814423082568378,0.48611025433214006,0.42847814464584,0.20828761986955277,0.37767876485423646,20240220_P013T_A010,P013T_A010,20240220,40x,0.324,0.324,0.324,9,0.13886517638310303,"(75.17256348437704, 252.03272270188958, 256.2219909744689)",11.232889884209937,1,9
2,1205.0,1609.0,"(38.96763485477178, 263.1759336099585, 239.4929460580913)",0.7489123679303915,40.98472992,88.43932734460205,0.6500100609424984,11.367110521496937,7.285259946803968,4.115879721392838,0.5649598986784911,0.6409069334749963,0.3620867161983763,0.2320638869307326,0.2045644744962622,20240220_P013T_A010,P013T_A010,20240220,40x,0.324,0.324,0.324,9,0.12007069309973874,"(75.17256348437704, 252.03272270188958, 256.2219909744689)",13.416999809175582,1,9
3,15664.0,19708.0,"(59.40283452502553, 282.53096271705823, 271.00376659857)",0.7948041404505785,532.767476736,429.68058359963584,0.7396567052516312,24.856024056642543,16.433234945084383,10.993789651324649,0.6689972904338706,0.6611369102168515,0.4422988015408949,0.2924200630433636,0.2958966997930069,20240220_P013T_A010,P013T_A010,20240220,40x,0.324,0.324,0.324,9,0.30928550486134754,"(75.17256348437704, 252.03272270188958, 256.2219909744689)",12.111395137169916,0,9
4,17296.0,22502.0,"(62.412523126734506, 271.56117021276594, 223.24820767807586)",0.7686427873077949,588.275426304,511.3760227753185,0.6639431606134246,29.88971602645411,17.58790686266854,9.611230033784288,0.5464680992929716,0.588426696563535,0.3215564184443171,0.18921238106399124,0.1757203248027214,20240220_P013T_A010,P013T_A010,20240220,40x,0.324,0.324,0.324,9,0.3371529919142084,"(75.17256348437704, 252.03272270188958, 256.2219909744689)",13.086749760785871,0,9
5,22286.0,24603.0,"(65.51049986538634, 230.72547787848873, 268.4822758682581)",0.9058244929480145,757.996424064,506.4705695093449,0.7937943712116103,27.44981914041072,16.114973763236648,12.530981577765095,0.7775986335362349,0.5870703074874805,0.4565050688919621,0.2680005711639976,0.3549777177727545,20240220_P013T_A010,P013T_A010,20240220,40x,0.324,0.324,0.324,9,0.3658379617165402,"(75.17256348437704, 252.03272270188958, 256.2219909744689)",8.557947987524402,0,9
6,17976.0,19414.0,"(84.70699821984869, 236.3195927903872, 227.63256564307966)",0.9259297414237149,611.403738624,417.97960065154155,0.8334529686101587,23.22166849015807,16.645244899473916,11.352550797140456,0.6820296646701342,0.7167979728299279,0.4888774810454276,0.35042638737556403,0.3334289444621929,20240220_P013T_A010,P013T_A010,20240220,40x,0.324,0.324,0.324,9,0.5435833168504508,"(75.17256348437704, 252.03272270188958, 256.2219909744689)",11.012011877366648,0,9
7,19608.0,22822.0,"(84.40748674010608, 265.4229906160751, 284.80237658098736)",0.8591709753746385,666.911688192,466.2715093874956,0.7916942016397929,21.331533127711666,16.994569818643576,14.295328170029395,0.8411703457387295,0.7966876884515175,0.6701500583405522,0.5339003008949842,0.5637103562711521,20240220_P013T_A010,P013T_A010,20240220,40x,0.324,0.324,0.324,9,0.5408100624083896,"(75.17256348437704, 252.03272270188958, 256.2219909744689)",10.654731619299294,0,9
8,15453.0,17133.0,"(95.23406458292888, 224.48644276192326, 266.5519963761082)",0.9019436175801085,525.590897472,377.1894097708032,0.8350065020673723,20.11117359745163,14.662838018411419,12.960210657692377,0.88388145878846,0.7290891278602164,0.6444283619198942,0.4698457123605635,0.5695982806184137,20240220_P013T_A010,P013T_A010,20240220,40x,0.324,0.324,0.324,9,0.6410561535456378,"(75.17256348437704, 252.03272270188958, 256.2219909744689)",11.5371772214374,0,9
9,16575.0,19044.0,"(119.300814479638, 251.50190045248868, 252.21140271493212)",0.8703528670447385,563.7526128000001,407.2793756384227,0.810309165639363,23.509743920308782,14.870302695768347,12.106160527137192,0.8141166171810511,0.632516574666843,0.514942254078716,0.3257095107010925,0.4192230459341495,20240220_P013T_A010,P013T_A010,20240220,40x,0.324,0.324,0.324,9,0.8638964303670186,"(75.17256348437704, 252.03272270188958, 256.2219909744689)",14.357511281819901,0,9
1,17947.0,23320.0,"(15.14709979383741, 282.9204323842425, 354.4833119741461)",0.7695969125214408,610.417384128,557.6368203124364,0.6240469687059106,23.544218147960848,19.1997153884932,10.641822395644477,0.5542697993337103,0.8154747491649484,0.4519930255813638,0.36858889916026877,0.2505260835892191,20240220_P013T_B006,P013T_B006,20240220,40x,0.324,0.324,0.324,20,0.05994533810948056,"(124.52150714675284, 284.54346193029215, 324.3267131111271)",36.76338734545455,0,20
2,15997.0,17592.0,"(62.733324998437205, 307.69419266112396, 300.86841282740517)",0.9093337880854934,544.093547328,414.2454592702412,0.7780522294383687,23.52196010270016,18.36693973471384,8.972290295252286,0.4885021906123261,0.7808422280507754,0.3814431389254133,0.29784691047320117,0.18633580895910623,20240220_P013T_B006,P013T_B006,20240220,40x,0.324,0.324,0.324,20,0.26158188558659834,"(124.52150714675284, 284.54346193029215, 324.3267131111271)",22.689319192234887,0,20
3,10348.0,12504.0,"(63.90094704290684, 278.1793583301121, 364.88973714727484)",0.827575175943698,351.958493952,337.32245002909076,0.7146606097635649,25.51873212240022,13.62662800491662,7.71981135340246,0.5665239669430381,0.5339853069328327,0.3025154743728842,0.1615388184349361,0.17138226660338132,20240220_P013T_B006,P013T_B006,20240220,40x,0.324,0.324,0.324,20,0.2665294366224866,"(124.52150714675284, 284.54346193029215, 324.3267131111271)",23.72227249192172,1,20
4,4743.0,7550.0,"(56.94075479654227, 259.5918195235083, 314.78705460678896)",0.6282119205298013,161.319978432,258.67889258857974,0.5540069780332785,23.968167695917476,10.264399565745224,5.821632803880521,0.5671673989883163,0.42825132467233074,0.24289018992770675,0.10401804558645443,0.13775939726107558,20240220_P013T_B006,P013T_B006,20240220,40x,0.324,0.324,0.324,20,0.2370370965955181,"(124.52150714675284, 284.54346193029215, 324.3267131111271)",23.544675902492596,0,20
5,6239.0,7414.0,"(75.38034941497035, 269.10274082384996, 349.68632793716944)",0.8415160507148638,212.202265536,234.82088032534585,0.732679583950955,20.246628155018588,10.094892336211036,7.669323150800979,0.7597231248609376,0.4985962234757982,0.3787950809428958,0.18886579682933716,0.28777938257588864,20240220_P013T_B006,P013T_B006,20240220,40x,0.324,0.324,0.324,20,0.315170972097332,"(124.52150714675284, 284.54346193029215, 324.3267131111271)",18.60216963254,1,20
6,17013.0,21909.0,"(91.58337741726915, 312.31299594427793, 348.356609651443)",0.7765301930713405,578.649966912,497.77613487484996,0.6746222722453935,27.47168771835706,18.346896538604472,9.39086599168684,0.5118503814488258,0.6678474481327463,0.34183797107637115,0.22829561665823003,0.17496989588913325,20240220_P013T_B006,P013T_B006,20240220,40x,0.324,0.324,0.324,20,0.3838278704121574,"(124.52150714675284, 284.54346193029215, 324.3267131111271)",15.983098770970546,0,20
7,1162.0,3136.0,"(83.5172117039587, 277.87091222030983, 311.80206540447506)",0.3705357142857143,39.522204288,119.30258346400228,0.47032173430517665,16.27828518036153,7.69645930636295,6.145465503707883,0.7984795682122554,0.47280528760167706,0.37752536189265834,0.17849598730658553,0.30144628795322526,20240220_P013T_B006,P013T_B006,20240220,40x,0.324,0.324,0.324,20,0.34964920213541817,"(124.52150714675284, 284.54346193029215, 324.3267131111271)",14.058546172079017,2,20
8,6784.0,8142.0,"(98.94590212264151, 269.93661556603774, 309.36704009433964)",0.8332105133873741,230.738927616,243.7418719053913,0.7463935806339967,18.209149234359664,10.82793017848013,8.81139179708528,0.81376511039916,0.5946422888362308,0.48389914782282456,0.287746896827266,0.39378024345010026,20240220_P013T_B006,P013T_B006,20240220,40x,0.324,0.324,0.324,20,0.4150250089942437,"(124.52150714675284, 284.54346193029215, 324.3267131111271)",10.703105222854232,3,20
9,8746.0,14535.0,"(111.03361536702492, 239.95369311685343, 306.838669105877)",0.60171998624011,297.470911104,433.948286015569,0.4966027835787598,21.6358654866725,14.5544657856628,8.516108661890113,0.5851199753603527,0.6727008815352554,0.3936107232287962,0.2647822804977406,0.23030949667720385,20240220_P013T_B006,P013T_B006,20240220,40x,0.324,0.324,0.324,20,0.46624413291112254,"(124.52150714675284, 284.54346193029215, 324.3267131111271)",16.12206025787255,0,20
10,1786.0,2342.0,"(94.24524076147816, 298.1164613661814, 309.1069428891377)",0.762596071733561,60.745832064,102.85918400203654,0.7265274705228908,10.200241818272296,7.611866550633179,6.143062380581645,0.8070375826636957,0.7462437348296579,0.6022467398348551,0.44942285642334756,0.4860357530834132,20240220_P013T_B006,P013T_B006,20240220,40x,0.324,0.324,0.324,20,0.3951069523791447,"(124.52150714675284, 284.54346193029215, 324.3267131111271)",11.827198408749377,3,20
11,10136.0,11862.0,"(118.89601420678768, 276.3288279400158, 313.16485793212314)",0.8544933400775586,344.747902464,292.7577643984182,0.812163480824796,15.073857752373897,14.689409296563115,11.360176395965281,0.7733582860015498,0.9744956823842763,0.7536343106446146,0.7344133818198274,0.5828293387520787,20240220_P013T_B006,P013T_B006,20240220,40x,0.324,0.324,0.324,20,0.4995593822321512,"(124.52150714675284, 284.54346193029215, 324.3267131111271)",4.84608472797241,2,20
12,8382.0,9413.0,"(140.83345263660223, 272.10677642567407, 307.06191839656407)",0.8904706257303728,285.090461568,249.731921791238,0.8388130722223298,16.19452339870044,12.595335356417198,10.077265192172845,0.8000791489079787,0.7777527653223765,0.622263770539954,0.4839673682973779,0.4978602679298761,20240220_P013T_B006,P013T_B006,20240220,40x,0.324,0.324,0.324,20,0.5925146298161111,"(124.52150714675284, 284.54346193029215, 324.3267131111271)",8.686728516789158,1,20
13,3653.0,4073.0,"(156.37339173282234, 298.50971803996714, 298.8100191623323)",0.8968819052295606,124.246654272,142.20853117983756,0.8467364891402127,13.30592038373974,8.930801865953104,7.489635899999737,0.838629723558472,0.6711900874491049,0.5628799574926294,0.3777994478928264,0.4720478631486483,20240220_P013T_B006,P013T_B006,20240220,40x,0.324,0.324,0.324,20,0.6583618293763659,"(124.52150714675284, 284.54346193029215, 324.3267131111271)",13.97601155526254,4,20
14,22238.0,25180.0,"(174.50773450849897, 289.5053961687202, 317.90444284557964)",0.8831612390786339,756.363837312,526.0898326406966,0.7630940259224606,28.354864702815515,17.14861151595522,11.642886675795628,0.678940488270026,0.6047855172538502,0.4106133743829693,0.2483330220175529,0.27878204489377617,20240220_P013T_B006,P013T_B006,20240220,40x,0.324,0.324,0.324,20,0.7352022648665211,"(124.52150714675284, 284.54346193029215, 324.3267131111271)",16.407614874854573,3,20
15,8805.0,10543.0,"(172.8160136286201, 312.91027825099377, 316.37762634866556)",0.8351512852129375,299.47763232,293.13870379081914,0.7384490826035868,20.65289306005493,13.001835139510783,8.414279566154363,0.6471609181218217,0.6295406218249311,0.40741408681520497,0.2564837175538806,0.26366247447909164,20240220_P013T_B006,P013T_B006,20240220,40x,0.324,0.324,0.324,20,0.7280339560534751,"(124.52150714675284, 284.54346193029215, 324.3267131111271)",18.328848112836646,2,20
16,12626.0,13470.0,"(182.42610486298116, 278.48408046887374, 292.18216378900684)",0.9373422420193022,429.438340224,312.3811140481532,0.8811839241046587,18.848032755030776,13.80915576902255,11.643963160884905,0.843206011695898,0.7326576703521864,0.617781352156075,0.4526222462576936,0.5209169500516231,20240220_P013T_B006,P013T_B006,20240220,40x,0.324,0.324,0.324,20,0.7687546816228016,"(124.52150714675284, 284.54346193029215, 324.3267131111271)",21.547657918503003,1,20
17,19260.0,21448.0,"(188.06022845275183, 271.2855659397716, 338.81697819314644)",0.8979858261842596,655.07543424,442.5491360007602,0.8242333246798367,19.662451108369076,18.174562363830926,13.452637190822806,0.7401904332835441,0.9243284198731028,0.6841790536021656,0.6324061435263646,0.506422790129312,20240220_P013T_B006,P013T_B006,20240220,40x,0.324,0.324,0.324,20,0.7926280866642027,"(124.52150714675284, 284.54346193029215, 324.3267131111271)",21.547604576912573,0,20
18,11205.0,13578.0,"(197.7487728692548, 310.4070504239179, 305.868630075859)",0.8252319929297393,381.10696992,352.44909030201393,0.7212497210386782,19.830764914326867,13.558362626900818,10.649536132399739,0.7854588659009792,0.6837034620437404,0.5370209459094496,0.3671630799082949,0.4218078631391074,20240220_P013T_B006,P013T_B006,20240220,40x,0.324,0.324,0.324,20,0.8336812409714186,"(124.52150714675284, 284.54346193029215, 324.3267131111271)",25.862950648518545,2,20
19,4376.0,6872.0,"(211.11288848263254, 239.53404936014624, 332.3676873857404)",0.6367869615832363,148.83749222400002,236.6437820448327,0.573936602912538,19.840608139061175,12.87813199519846,4.559884695500664,0.3540796675481189,0.6490794992238496,0.22982585329748018,0.14917524976702234,0.08137666172953453,20240220_P013T_B006,P013T_B006,20240220,40x,0.324,0.324,0.324,20,0.8903088495026803,"(124.52150714675284, 284.54346193029215, 324.3267131111271)",31.726486004691303,0,20
20,2908.0,4456.0,"(218.11863823933976, 269.0189133425034, 341.8504126547455)",0.6526032315978456,98.907547392,190.52911649737666,0.5428448551103024,12.56972511745123,11.221066820546117,6.408507375582911,0.5711139126137933,0.8927058241685256,0.5098367160540077,0.45513420579636754,0.2911748416997719,20240220_P013T_B006,P013T_B006,20240220,40x,0.324,0.324,0.324,20,0.9199942298277108,"(124.52150714675284, 284.54346193029215, 324.3267131111271)",31.259728549642528,1,20
1,5390.0,6575.0,"(6.587940630797774, 432.00296846011133, 28.11465677179963)",0.8197718631178708,183.32588736,173.1154927754262,0.9014965147529703,14.778227529952561,11.933885024146994,8.536934252313076,0.7153524803565195,0.8075315527494319,0.5776696992254577,0.46648650919183127,0.41323745216773583,20240220_P013T_A006,P013T_A006,20240220,40x,0.324,0.324,0.324,70,0.023034757450341867,"(193.10832564425633, 266.94065156796944, 285.44820653784353)",116.03361400891357,4,70
2,1367.0,2210.0,"(3.0387710314557426, 453.0160936356986, 51.76005852231163)",0.618552036199095,46.494710208,104.8562801657815,0.5963373912699463,14.23782435872729,7.851493647286433,4.491490046430643,0.5720554901019316,0.5514531890171648,0.31546182431148734,0.17396242902974224,0.18046166851495735,20240220_P013T_A006,P013T_A006,20240220,40x,0.324,0.324,0.324,70,0.010625073536558541,"(193.10832564425633, 266.94065156796944, 285.44820653784353)",114.7164340927464,4,70
3,4350.0,5956.0,"(11.137471264367816, 457.52022988505746, 6.623908045977012)",0.7303559435862995,147.9531744,183.86213985752232,0.7357687516337462,16.1320181009219,9.534179104553305,7.957804064331355,0.8346606432567321,0.591009695433484,0.4932925325614771,0.29154066942877066,0.4117318625415049,20240220_P013T_A006,P013T_A006,20240220,40x,0.324,0.324,0.324,70,0.038942207218069284,"(193.10832564425633, 266.94065156796944, 285.44820653784353)",124.29822296489914,4,70
4,8947.0,11073.0,"(26.56331731306583, 494.64580306247905, 68.7789203084833)",0.8080014449561997,304.307368128,317.8078464466111,0.6884321667318034,18.625250851636633,16.776533063705568,7.402094127683651,0.44121715133726747,0.9007413214105187,0.3974225199245151,0.35797488575510583,0.17534963211837298,20240220_P013T_A006,P013T_A006,20240220,40x,0.324,0.324,0.324,70,0.09287873186386654,"(193.10832564425633, 266.94065156796944, 285.44820653784353)",115.25133855779339,2,70
5,15117.0,18065.0,"(29.359396705695573, 450.0590064166171, 49.19554144340808)",0.8368115139773041,514.162790208,430.02844865964454,0.7217509533513319,27.765116737290917,13.70471583109401,10.22154605015215,0.7458415173382104,0.4935947491510961,0.36814345665702686,0.18171367714024259,0.2745766743112106,20240220_P013T_A006,P013T_A006,20240220,40x,0.324,0.324,0.324,70,0.10265523323669781,"(193.10832564425633, 266.94065156796944, 285.44820653784353)",110.42715015624361,6,70
6,8282.0,9422.0,"(54.42248249215165, 437.5172663607824, 10.703091040811398)",0.879006580343876,281.68923916800003,280.7200429934919,0.7402712346450327,21.25749512144439,13.679195089412474,7.271331682675463,0.5315613700329037,0.643499857874271,0.3420596660676263,0.22011534649903813,0.18182570472790496,20240220_P013T_A006,P013T_A006,20240220,40x,0.324,0.324,0.324,70,0.19028840032220856,"(193.10832564425633, 266.94065156796944, 285.44820653784353)",114.00704304719244,4,70
7,9697.0,11327.0,"(52.02155305764669, 278.3390739403939, 390.58162318242756)",0.8560960536770549,329.816536128,308.0312490228356,0.7494413162011602,18.00401384751942,15.128490190870364,8.907895518889875,0.5888158967948798,0.8402843009896238,0.494772754249864,0.4157497779535579,0.29133006300330627,20240220_P013T_A006,P013T_A006,20240220,40x,0.324,0.324,0.324,70,0.18189354215960382,"(193.10832564425633, 266.94065156796944, 285.44820653784353)",57.127399151700956,0,70
8,2690.0,4726.0,"(54.94795539033457, 163.06691449814127, 259.4639405204461)",0.5691917054591621,91.49288256,199.9637784226662,0.4910484341611509,12.5646266981281,10.039011650022104,7.508002066718362,0.7478825932731964,0.7989900449265026,0.5975507467991005,0.47743709803087847,0.44689780212844643,20240220_P013T_A006,P013T_A006,20240220,40x,0.324,0.324,0.324,70,0.19212571814802298,"(193.10832564425633, 266.94065156796944, 285.44820653784353)",56.633516251896374,3,70
9,12668.0,16615.0,"(68.5394695295232, 156.130959898958, 272.7797600252605)",0.7624435750827565,430.866853632,433.43373879076887,0.6364878737097744,20.43669264705601,15.174539716655062,10.594716845741026,0.69819032692719,0.7425144556764187,0.5184164105568833,0.38493167889836694,0.3619533231711306,20240220_P013T_A006,P013T_A006,20240220,40x,0.324,0.324,0.324,70,0.23964849485847273,"(193.10832564425633, 266.94065156796944, 285.44820653784353)",54.17361117458575,4,70
10,14202.0,17486.0,"(75.08541050556259, 473.6197718631179, 14.92684128995916)",0.8121926112318426,483.041605248,418.0007010846723,0.7122461990132013,25.96851689846117,14.404076943698977,10.203690844563024,0.7083890820943303,0.5546746084891943,0.39292543676869235,0.21794576280512012,0.2783440894840878,20240220_P013T_A006,P013T_A006,20240220,40x,0.324,0.324,0.324,70,0.2625364003691,"(193.10832564425633, 266.94065156796944, 285.44820653784353)",116.74231946515535,2,70
11,16210.0,20284.0,"(98.25009253547194, 190.83028994447872, 379.7954349167181)",0.7991520410175508,551.33815104,504.97890886744034,0.6439066572279376,24.33121266968058,19.829686519986836,8.812994495695179,0.44443438310597305,0.8149896509143932,0.36220942274189066,0.29519693099831734,0.16097832135146278,20240220_P013T_A006,P013T_A006,20240220,40x,0.324,0.324,0.324,70,0.3435317920820697,"(193.10832564425633, 266.94065156796944, 285.44820653784353)",49.87103211744588,5,70
12,12069.0,14026.0,"(100.70859226116497, 167.89477172922363, 339.99088574032646)",0.8604734065307287,410.493531456,375.5471163532377,0.7112526620023684,21.081496162562395,18.03370659029172,8.01819383216712,0.44462261776420603,0.8554282130277312,0.3803427313857467,0.32535590304739564,0.16910898087631895,20240220_P013T_A006,P013T_A006,20240220,40x,0.324,0.324,0.324,70,0.35212794496910826,"(193.10832564425633, 266.94065156796944, 285.44820653784353)",47.311434657502716,4,70
13,2844.0,5401.0,"(89.26722925457102, 195.74964838255977, 249.37025316455697)",0.5265691538603963,96.730765056,215.11329768326883,0.47372533861822347,16.552566758760335,10.12572208012176,6.619626119654392,0.6537436112975751,0.6117312334513189,0.39991538569998514,0.24464073217041185,0.26144212846097087,20240220_P013T_A006,P013T_A006,20240220,40x,0.324,0.324,0.324,70,0.3121231792117868,"(193.10832564425633, 266.94065156796944, 285.44820653784353)",42.43379766296108,5,70
14,8884.0,10438.0,"(101.72118415128321, 169.7830932012607, 290.653196758217)",0.8511209043878137,302.164598016,290.1585527771895,0.7504892371690661,16.814366323472782,15.451654346844991,8.527585285903172,0.5518881729090959,0.918955496126818,0.5071606697422013,0.4660580848789539,0.27989597539537686,20240220_P013T_A006,P013T_A006,20240220,40x,0.324,0.324,0.324,70,0.3556684760534378,"(193.10832564425633, 266.94065156796944, 285.44820653784353)",43.249197618042075,5,70
15,12534.0,14139.0,"(115.77836285303974, 226.06199138343706, 417.28067655975747)",0.8864841926586039,426.309215616,390.49069774655584,0.7014928452606791,26.721109357965073,15.783827837520853,7.394679345726706,0.4684972125803533,0.5906875955663115,0.276735492028608,0.1634642223942386,0.12964980663745546,20240220_P013T_A006,P013T_A006,20240220,40x,0.324,0.324,0.324,70,0.404819450535104,"(193.10832564425633, 266.94065156796944, 285.44820653784353)",51.260433254594574,4,70
16,25150.0,33908.0,"(127.95113320079523, 296.7442147117296, 196.67522862823063)",0.7417128701191459,855.4074336,772.5482371593046,0.5640797795754837,39.14186750457531,18.087069701858262,9.739545510798822,0.5384811178008665,0.4620901059394792,0.24882679677101155,0.11498040088049798,0.13398853166406333,20240220_P013T_A006,P013T_A006,20240220,40x,0.324,0.324,0.324,70,0.44738158461816513,"(193.10832564425633, 266.94065156796944, 285.44820653784353)",36.96207238607498,1,70
17,7367.0,10560.0,"(122.39663363648704, 172.71385910139813, 259.54934165874846)",0.6976325757575758,250.568054208,314.0037317720117,0.6121151314055323,25.597443341849367,11.4938987588895,7.715971317792731,0.6713101863564893,0.44902526417933614,0.301435233775002,0.1353520354787802,0.20235654295990851,20240220_P013T_A006,P013T_A006,20240220,40x,0.324,0.324,0.324,70,0.4279602574702344,"(193.10832564425633, 266.94065156796944, 285.44820653784353)",39.08141535001273,7,70
18,14823.0,17344.0,"(133.049112865142, 163.24779059569588, 318.01315523173446)",0.8546471402214022,504.163196352,421.3572282644783,0.7270223612376772,21.838814417857172,17.7165781499775,9.641929420079975,0.5442320372736437,0.8112426714653064,0.44150425181487685,0.358167088705592,0.2402807584301862,20240220_P013T_A006,P013T_A006,20240220,40x,0.324,0.324,0.324,70,0.4652066883396574,"(193.10832564425633, 266.94065156796944, 285.44820653784353)",40.2331745031899,7,70
19,16720.0,19391.0,"(132.97637559808612, 167.9361842105263, 362.0420454545455)",0.8622556856273529,568.68438528,432.2758390195735,0.7678988748215007,21.639802658742212,17.590111820805934,11.128199180375622,0.6326394791426492,0.8128591604184406,0.5142467958634533,0.41801021873343996,0.3253328250858314,20240220_P013T_A006,P013T_A006,20240220,40x,0.324,0.324,0.324,70,0.46495236223107034,"(193.10832564425633, 266.94065156796944, 285.44820653784353)",44.993267824449106,8,70
20,7285.0,9161.0,"(139.2808510638298, 325.82882635552505, 207.04186684969113)",0.7952188625695885,247.77905184,304.17559001565206,0.6271953403551571,23.280334242270957,11.671393886907943,6.790646265559867,0.5818196465100097,0.501341336659839,0.2916902392762833,0.14623637444940013,0.16971111190614732,20240220_P013T_A006,P013T_A006,20240220,40x,0.324,0.324,0.324,70,0.48699598274066364,"(193.10832564425633, 266.94065156796944, 285.44820653784353)",36.24279735488134,3,70
21,13317.0,16701.0,"(129.3708793271758, 191.48712172411203, 231.58166253660735)",0.7973774025507455,452.94078700800003,426.3382652494238,0.6689968881656002,29.05674798600949,13.701650260266362,8.921248549000204,0.6511075950370064,0.4715479607994521,0.3070284587007358,0.1447786436077308,0.19990856135255494,20240220_P013T_A006,P013T_A006,20240220,40x,0.324,0.324,0.324,70,0.4523457319132021,"(193.10832564425633, 266.94065156796944, 285.44820653784353)",36.45151454837731,5,70
22,5466.0,8701.0,"(141.55031101353825, 356.37321624588367, 229.43139407244786)",0.6282036547523273,185.91081638400001,303.9741156922609,0.5182237262626346,22.874927814620037,14.422279567994496,5.056736005817658,0.35061974648164634,0.6304841564910554,0.2210601951095885,0.13937495064741706,0.0775080695665072,20240220_P013T_A006,P013T_A006,20240220,40x,0.324,0.324,0.324,70,0.4949311573899939,"(193.10832564425633, 266.94065156796944, 285.44820653784353)",38.05351486281306,1,70
23,2319.0,3569.0,"(136.55023717119448, 191.14920224234584, 393.85424752048294)",0.6497618380498739,78.874347456,152.6335928499267,0.5827172171770091,12.162153553575829,8.396816580818271,6.749973625224844,0.8038729392570653,0.6904054075480325,0.5549982242446089,0.38317377519803353,0.44614805380596545,20240220_P013T_A006,P013T_A006,20240220,40x,0.324,0.324,0.324,70,0.47744838171746323,"(193.10832564425633, 266.94065156796944, 285.44820653784353)",46.60988695644896,6,70
24,6238.0,8521.0,"(147.12968900288553, 385.9216094902212, 336.4711445976275)",0.7320737002699214,212.168253312,302.82122836258384,0.5680912172055902,18.16647094865864,17.85256067168037,5.039900199347578,0.2823068517751856,0.9827203490504328,0.2774286879158392,0.2726348170252571,0.07832001947764104,20240220_P013T_A006,P013T_A006,20240220,40x,0.324,0.324,0.324,70,0.5144394720380613,"(193.10832564425633, 266.94065156796944, 285.44820653784353)",44.511802974577115,1,70
25,4537.0,8915.0,"(155.33083535375798, 197.54683711703768, 396.4513996032621)",0.5089175546831184,154.31346028800002,325.81523983847626,0.42702038070231535,19.91113484321553,10.959353630231178,7.742341203291501,0.7064596567022341,0.550413309764985,0.38884479786091175,0.21402535217552104,0.27470316240726933,20240220_P013T_A006,P013T_A006,20240220,40x,0.324,0.324,0.324,70,0.5431148089292237,"(193.10832564425633, 266.94065156796944, 285.44820653784353)",44.14534079605449,6,70
26,10791.0,12521.0,"(168.82652210175146, 203.5802057269947, 216.268464461125)",0.8618321220349813,367.025909184,348.51923756240535,0.7113038914075802,21.905010830278037,17.074267677395927,7.156116750872794,0.4191170529876691,0.7794685795724487,0.3266885739668891,0.2546434787125199,0.13692075236574672,20240220_P013T_A006,P013T_A006,20240220,40x,0.324,0.324,0.324,70,0.5903025248312989,"(193.10832564425633, 266.94065156796944, 285.44820653784353)",31.396233271917886,4,70
27,10041.0,11469.0,"(165.0530823623145, 172.07429538890548, 272.41071606413703)",0.8754904525241957,341.516741184,294.79612243653935,0.801500300465873,17.153627243487936,12.831876548690834,11.376625245512763,0.8865909208480857,0.7480561613324216,0.6632198009217959,0.4961256583972115,0.5880046540239391,20240220_P013T_A006,P013T_A006,20240220,40x,0.324,0.324,0.324,70,0.5771086795885123,"(193.10832564425633, 266.94065156796944, 285.44820653784353)",32.32977525278098,8,70
28,14580.0,19409.0,"(170.6539780521262, 275.29609053497944, 424.45637860082303)",0.7511978978824256,495.89822592,505.874049510289,0.5989217609379861,31.92782210124798,18.372485396996975,7.069799016713594,0.38480362694255665,0.5754381034426661,0.221430669285684,0.1274196443777942,0.08520732465744899,20240220_P013T_A006,P013T_A006,20240220,40x,0.324,0.324,0.324,70,0.5966922309514903,"(193.10832564425633, 266.94065156796944, 285.44820653784353)",45.70270428302283,3,70
29,8148.0,9522.0,"(169.91863033873344, 178.32191948944526, 247.73490427098673)",0.8557025834908633,277.13160115200003,280.72808258877717,0.7322436807216026,18.92951872867449,11.222226625081687,9.788093681315054,0.8722060254458465,0.5928426805739242,0.517080958138044,0.3065476612962911,0.4510011273313135,20240220_P013T_A006,P013T_A006,20240220,40x,0.324,0.324,0.324,70,0.5941210851004666,"(193.10832564425633, 266.94065156796944, 285.44820653784353)",32.09617789029837,6,70
30,8295.0,11467.0,"(165.64629294755878, 165.04544906570223, 331.05846895720316)",0.7233801342984215,282.13139808,320.48789131592673,0.6490927816412448,23.953377744724094,10.693153077602167,8.965873444625291,0.8384686331111421,0.4464152484698076,0.3743051831844505,0.16709554135482335,0.31384315531108187,20240220_P013T_A006,P013T_A006,20240220,40x,0.324,0.324,0.324,70,0.5791828424739818,"(193.10832564425633, 266.94065156796944, 285.44820653784353)",37.24885776414783,6,70
31,18512.0,20283.0,"(181.05369490060502, 231.01728608470182, 412.6934961106309)",0.9126855001725583,629.634290688,463.9560598636439,0.765713294991516,27.634157214400496,17.480171848767913,9.559504793281771,0.5468770488063349,0.6325567200456825,0.34593075226119785,0.21882082201327893,0.18918158888795925,20240220_P013T_A006,P013T_A006,20240220,40x,0.324,0.324,0.324,70,0.6330548772748428,"(193.10832564425633, 266.94065156796944, 285.44820653784353)",43.0166174984151,5,70
32,18050.0,21256.0,"(176.44349030470914, 186.83562326869807, 384.7297506925208)",0.8491719984945427,613.9206432,499.3864521141144,0.6995018373237389,27.120343838335145,15.616529499050188,10.888523923590155,0.6972435152286816,0.5758234332182733,0.4014891547281569,0.23118686347546985,0.2799357095688521,20240220_P013T_A006,P013T_A006,20240220,40x,0.324,0.324,0.324,70,0.6169352807856963,"(193.10832564425633, 266.94065156796944, 285.44820653784353)",41.68327343788876,7,70
33,12310.0,16981.0,"(181.63736799350121, 167.64492282696995, 332.76872461413484)",0.7249278605500264,418.69047744,417.4061717093961,0.6484163850690452,21.17999486018039,13.44949407207279,12.13447408004908,0.9022253190360309,0.6350093170871639,0.5729214836998185,0.3638104801087864,0.516904268413665,20240220_P013T_A006,P013T_A006,20240220,40x,0.324,0.324,0.324,70,0.6350956922849693,"(193.10832564425633, 266.94065156796944, 285.44820653784353)",35.83161109902958,6,70
34,4284.0,6363.0,"(191.98506069094304, 382.81605975723625, 326.86811391223154)",0.6732673267326733,145.708367616,232.86257309043026,0.5750524096851881,15.702338994325826,13.60473943866654,5.785298404338401,0.4252413969719837,0.8664148343493748,0.36843545451597803,0.3192179432928977,0.15667400737238227,20240220_P013T_A006,P013T_A006,20240220,40x,0.324,0.324,0.324,70,0.6712764359823183,"(193.10832564425633, 266.94065156796944, 285.44820653784353)",39.87172576203595,3,70
35,11116.0,12962.0,"(192.66399784094997, 297.3194494422454, 197.60219503418494)",0.8575837062181763,378.079881984,324.1672282397302,0.7800169904676495,18.92445065021903,14.608014880271604,10.341472230194038,0.7079313866362765,0.7719122288024003,0.546460894497582,0.4218198470249818,0.3868568187841733,20240220_P013T_A006,P013T_A006,20240220,40x,0.324,0.324,0.324,70,0.6736503421012237,"(193.10832564425633, 266.94065156796944, 285.44820653784353)",30.116301985946272,5,70
36,8915.0,11242.0,"(195.9073471676949, 172.45664610207515, 283.8641615255188)",0.7930083615015122,303.21897696,316.66720809087906,0.6892635039042182,18.401112979904614,12.885699047715992,9.967612204964501,0.7735406645812727,0.7002673730544525,0.5416852891371232,0.3793245344462948,0.41901559855302917,20240220_P013T_A006,P013T_A006,20240220,40x,0.324,0.324,0.324,70,0.6849907243625696,"(193.10832564425633, 266.94065156796944, 285.44820653784353)",30.630547729962608,7,70
37,16523.0,19329.0,"(206.6228287841191, 334.9067360648793, 222.9918900925982)",0.8548295307568938,561.983977152,457.7526967705099,0.7194531226816321,27.853877350446748,18.01479105401538,8.430071649154792,0.46795278523509626,0.6467606224928839,0.3026534346759297,0.19574432381061366,0.14162751771756957,20240220_P013T_A006,P013T_A006,20240220,40x,0.324,0.324,0.324,70,0.7224574433011157,"(193.10832564425633, 266.94065156796944, 285.44820653784353)",30.225608875015595,4,70
38,10809.0,11981.0,"(200.25895087427145, 232.09963918956424, 213.5750763252845)",0.9021784492112511,367.638129216,303.76899494466204,0.8169980974475423,18.98926332325419,14.377025712416675,9.83882389749827,0.6843434862191975,0.7571133996973235,0.5181256234121351,0.3922798522118568,0.35457589542535567,20240220_P013T_A006,P013T_A006,20240220,40x,0.324,0.324,0.324,70,0.700206121938012,"(193.10832564425633, 266.94065156796944, 285.44820653784353)",25.982243488552832,5,70
39,17120.0,18655.0,"(213.54071261682242, 259.1769275700935, 404.5120911214953)",0.9177164299115519,582.28927488,402.41114783678046,0.8379922107529414,23.898982540956066,14.507117562147755,12.076962711906633,0.8324853410865072,0.607018208297641,0.5053337601803821,0.30674679369700536,0.42068294770629266,20240220_P013T_A006,P013T_A006,20240220,40x,0.324,0.324,0.324,70,0.7466458483105679,"(193.10832564425633, 266.94065156796944, 285.44820653784353)",39.22135621176774,5,70
40,16835.0,18213.0,"(208.1945945945946, 197.66195426195426, 240.02061182061183)",0.9243397573162027,572.59579104,383.08229886891775,0.870477347193958,19.79312626759448,15.91177166360043,12.971754967623449,0.8152300851134933,0.8039039133323448,0.6553666556889978,0.5268518191759166,0.534274614497887,20240220_P013T_A006,P013T_A006,20240220,40x,0.324,0.324,0.324,70,0.7279531279531279,"(193.10832564425633, 266.94065156796944, 285.44820653784353)",27.28303130108642,6,70
41,19554.0,23271.0,"(218.15270532883298, 293.42794313184004, 399.2923187071699)",0.8402733015340982,665.075028096,540.2692247680336,0.6820051526679125,29.414339197205013,19.72072912094464,8.724247267818724,0.4423896912895087,0.6704461041510845,0.29659844504165206,0.19885327197544517,0.13121209453892477,20240220_P013T_A006,P013T_A006,20240220,40x,0.324,0.324,0.324,70,0.7627716969539615,"(193.10832564425633, 266.94065156796944, 285.44820653784353)",38.730238817905864,4,70
42,12342.0,14386.0,"(217.56935666828716, 294.3341435747853, 203.3494571382272)",0.8579174197136105,419.778868608,354.8048548881316,0.7641435515124668,18.83613469777447,17.24048847940778,9.766189165838247,0.5664682400097355,0.9152880225179523,0.5184815952177356,0.47455999399879467,0.2937033567204308,20240220_P013T_A006,P013T_A006,20240220,40x,0.324,0.324,0.324,70,0.7607320163226824,"(193.10832564425633, 266.94065156796944, 285.44820653784353)",29.140103384935657,6,70
43,16610.0,18777.0,"(220.5485851896448, 190.78759783263095, 344.7381697772426)",0.8845928529584065,564.94304064,412.39981301558714,0.8013743546780216,21.77223726337698,17.140768977189367,11.07755657268082,0.6462695219463396,0.7872764185801799,0.5087927546754393,0.40056053770042394,0.32881725033385734,20240220_P013T_A006,P013T_A006,20240220,40x,0.324,0.324,0.324,70,0.7711488992644923,"(193.10832564425633, 266.94065156796944, 285.44820653784353)",32.509255180218204,5,70
44,10863.0,12834.0,"(229.0514590812851, 265.00672005891556, 217.7903893951947)",0.8464235624123422,369.474789312,332.5716808963573,0.7487245367376966,18.731462028442394,16.177436067925903,9.153066328782526,0.5657921496552719,0.8636504744457009,0.4886466584874285,0.42201991843897396,0.27647244332746773,20240220_P013T_A006,P013T_A006,20240220,40x,0.324,0.324,0.324,70,0.8008792275569409,"(193.10832564425633, 266.94065156796944, 285.44820653784353)",24.830386697569335,7,70
45,14403.0,16491.0,"(229.48101090050685, 190.35388460737346, 279.2985489134208)",0.8733854829907222,489.878062272,375.09104270499085,0.8011972048809517,20.772102935562398,15.598245790285997,11.137047506815135,0.713993589827317,0.7509228044302333,0.5361540688183386,0.4026103169637471,0.3828105682961279,20240220_P013T_A006,P013T_A006,20240220,40x,0.324,0.324,0.324,70,0.8023811569947792,"(193.10832564425633, 266.94065156796944, 285.44820653784353)",27.542522119925614,5,70
46,14186.0,16263.0,"(230.09791343578175, 214.02572959255605, 360.64584801917385)",0.8722867859558507,482.49740966400003,374.5731016102519,0.7942261730662236,21.75093527855595,14.018922931590843,11.831198937361057,0.8439449303698021,0.6445204655365773,0.5439397794091791,0.3505803198486673,0.45905521925884524,20240220_P013T_A006,P013T_A006,20240220,40x,0.324,0.324,0.324,70,0.8045381588663697,"(193.10832564425633, 266.94065156796944, 285.44820653784353)",32.1118226716117,4,70
47,10878.0,12180.0,"(235.71685971685972, 197.29242507813936, 309.9271924986211)",0.8931034482758621,369.984972672,309.6400936682828,0.8049143271460893,18.552196660417298,16.126064000174516,9.091516940940823,0.5637778034889626,0.8692266633083324,0.4900506989740117,0.42596513392109614,0.2762797066657991,20240220_P013T_A006,P013T_A006,20240220,40x,0.324,0.324,0.324,70,0.8241848241848242,"(193.10832564425633, 266.94065156796944, 285.44820653784353)",27.617238840593963,7,70
48,1743.0,2368.0,"(232.38841078600115, 365.188181296615, 298.8892713711991)",0.7360641891891891,59.283306432,108.0337622149114,0.6805806060885717,10.431099802912483,9.185027402134663,4.969786335535096,0.5410747423987089,0.8805425674836413,0.47643934287230905,0.41952512222300187,0.2577892947132448,20240220_P013T_A006,P013T_A006,20240220,40x,0.324,0.324,0.324,70,0.8125468908601439,"(193.10832564425633, 266.94065156796944, 285.44820653784353)",34.55754961139275,6,70
49,6790.0,9866.0,"(238.58144329896908, 355.8157584683358, 325.5038291605302)",0.6882221771741334,230.94300096,296.8669786359307,0.6131858182683215,19.478661990006493,11.50498418453485,8.93797773925042,0.7768787506257475,0.5906455068853019,0.4588599434517648,0.27102356388942855,0.35647853958100817,20240220_P013T_A006,P013T_A006,20240220,40x,0.324,0.324,0.324,70,0.834200850695696,"(193.10832564425633, 266.94065156796944, 285.44820653784353)",34.85228401035692,5,70
50,15388.0,19148.0,"(240.29386534962308, 312.19671172342083, 368.23583311671433)",0.8036348443701692,523.380102912,516.6283856230857,0.6079259269042971,26.02927377882789,22.558810026502307,6.8582424210738875,0.3040161432724846,0.8666707422644867,0.26348189655035076,0.2283520508565472,0.0801027500113574,20240220_P013T_A006,P013T_A006,20240220,40x,0.324,0.324,0.324,70,0.8401883403832975,"(193.10832564425633, 266.94065156796944, 285.44820653784353)",34.17912419114137,3,70
51,14837.0,16861.0,"(241.47273707622836, 256.495585360922, 373.22437150367324)",0.8799596702449439,504.639367488,426.1758890452688,0.7192546310987883,22.18325836457345,17.795777530287214,9.377679506065029,0.5269609316089083,0.802216574220989,0.42273679330359937,0.33912646212117986,0.22276577442462725,20240220_P013T_A006,P013T_A006,20240220,40x,0.324,0.324,0.324,70,0.8443102694973019,"(193.10832564425633, 266.94065156796944, 285.44820653784353)",32.64671145797877,6,70
52,9992.0,16591.0,"(247.8781024819856, 427.91273018414734, 266.4037229783827)",0.6022542342233741,339.850142208,427.2686253776792,0.5511985820589618,29.600331181819048,15.317004754867996,7.464339895734458,0.48732373040245797,0.5174605872070757,0.2521708236939985,0.13048846250518845,0.12288882650121989,20240220_P013T_A006,P013T_A006,20240220,40x,0.324,0.324,0.324,70,0.8667066520349147,"(193.10832564425633, 266.94065156796944, 285.44820653784353)",55.43566233449656,3,70
53,2798.0,4343.0,"(238.78127233738385, 292.74624731951394, 231.96461758398857)",0.6442551231867373,95.166202752,162.23641311856852,0.6213328026789879,12.149893662410676,8.905273997699808,7.330025445268065,0.8231106024543857,0.732950776783416,0.6032995554476075,0.4421888777984134,0.4965822605449433,20240220_P013T_A006,P013T_A006,20240220,40x,0.324,0.324,0.324,70,0.8348995536272162,"(193.10832564425633, 266.94065156796944, 285.44820653784353)",24.2728576587044,8,70
54,2193.0,3198.0,"(238.6078431372549, 359.5107159142727, 268.4573643410853)",0.6857410881801126,74.58880723200001,134.27021216126084,0.6381952353950154,10.269282301278215,9.956688605457737,6.006563347272347,0.6032691776641345,0.9695603172013715,0.5849058552538487,0.5671015065528611,0.35285567430992665,20240220_P013T_A006,P013T_A006,20240220,40x,0.324,0.324,0.324,70,0.8342931578225695,"(193.10832564425633, 266.94065156796944, 285.44820653784353)",33.87018520487647,4,70
55,8628.0,9776.0,"(241.836578581363, 221.91400092721372, 242.2610106629578)",0.882569558101473,293.457468672,267.0854290861389,0.7995838989387103,17.375394256747935,11.954821304940031,10.243132378791524,0.8568201997765375,0.6880316571980655,0.5895194219730286,0.4056080248505486,0.5051121489070792,20240220_P013T_A006,P013T_A006,20240220,40x,0.324,0.324,0.324,70,0.8455824425921783,"(193.10832564425633, 266.94065156796944, 285.44820653784353)",25.649211498721886,7,70
56,16934.0,23220.0,"(262.16930435809616, 421.66830046061176, 282.098559111846)",0.7292850990525409,575.9630012160001,588.6880235183928,0.5686721783483641,32.89831593475598,15.312193040771623,9.52688067647274,0.6221761083540163,0.46544002650891925,0.28958566436550953,0.13478475929888575,0.18017328169004507,20240220_P013T_A006,P013T_A006,20240220,40x,0.324,0.324,0.324,70,0.9166758893639726,"(193.10832564425633, 266.94065156796944, 285.44820653784353)",54.90943029657876,3,70
57,1857.0,2486.0,"(242.5541195476575, 439.0947765212709, 274.01184706515886)",0.7469831053901851,63.160699968,108.4252448201984,0.7073781962503364,10.712737818148753,8.31724477951569,5.997398713720984,0.7210799817376795,0.7763883444832571,0.5598380932613343,0.4346517704058306,0.4036880420649403,20240220_P013T_A006,P013T_A006,20240220,40x,0.324,0.324,0.324,70,0.8480913270897116,"(193.10832564425633, 266.94065156796944, 285.44820653784353)",58.151203356439055,3,70
58,13202.0,19552.0,"(257.36342978336614, 242.39706105135585, 244.3035903650962)",0.6752250409165302,449.029381248,480.66521068229923,0.5899627713241569,29.54608126935284,14.06691127853878,10.021840531954437,0.7124407294189936,0.4761007441325194,0.33919356142669776,0.16149030700021025,0.24165530831706278,20240220_P013T_A006,P013T_A006,20240220,40x,0.324,0.324,0.324,70,0.8998721321096719,"(193.10832564425633, 266.94065156796944, 285.44820653784353)",25.968525585759835,6,70
59,15814.0,19315.0,"(263.56898950297204, 402.59997470595675, 275.14771721259643)",0.8187419104323065,537.869310336,489.0776836608851,0.6539694405047378,28.40600274429974,17.212184357196378,9.102011424019452,0.5288121039799297,0.6059347565419201,0.3204256334814993,0.19415702821340278,0.16944495341045346,20240220_P013T_A006,P013T_A006,20240220,40x,0.324,0.324,0.324,70,0.9215698933670351,"(193.10832564425633, 266.94065156796944, 285.44820653784353)",49.641047756451556,5,70
60,1506.0,2372.0,"(246.13811420982736, 312.67596281540506, 240.72377158034527)",0.6349072512647554,51.222409344,112.11039938846385,0.5949469280318118,8.887199787186278,7.548052947830892,7.096016118399254,0.9401121279148497,0.8493173472609233,0.7984535386084619,0.6781404413220362,0.7506358552223428,20240220_P013T_A006,P013T_A006,20240220,40x,0.324,0.324,0.324,70,0.8606227769574384,"(193.10832564425633, 266.94065156796944, 285.44820653784353)",26.921558031733046,8,70
61,32738.0,37181.0,"(264.1801270694606, 216.78932738713422, 283.7575600219928)",0.8805034829617278,1113.492189312,658.1304436474197,0.7893996455400408,26.716963015946927,18.07916525656272,17.352259624851634,0.9597931861678614,0.6766923787621952,0.6494847342676766,0.43950136980132637,0.6233710224701601,20240220_P013T_A006,P013T_A006,20240220,40x,0.324,0.324,0.324,70,0.9237067380051069,"(193.10832564425633, 266.94065156796944, 285.44820653784353)",28.188399523722058,7,70
62,23210.0,30575.0,"(264.13528651443346, 229.9382593709608, 328.5134424816889)",0.7591169255928045,789.42371904,751.6465256291128,0.54955426688617,27.033607626237448,22.921926081489758,10.662838553640428,0.4651807407341321,0.8479048153100698,0.39442899005797577,0.33443823996804534,0.18348076976218483,20240220_P013T_A006,P013T_A006,20240220,40x,0.324,0.324,0.324,70,0.9235499528476694,"(193.10832564425633, 266.94065156796944, 285.44820653784353)",29.461953964321065,8,70
63,10161.0,15676.0,"(265.9494144277138, 287.706229701801, 248.2929829741167)",0.6481883133452412,345.598208064,427.3423753162022,0.5573001408731172,22.748190137909848,12.534236338635388,9.863718177124813,0.7869420928916906,0.5509992778611028,0.43360452490182644,0.23891578009821293,0.3412216523135504,20240220_P013T_A006,P013T_A006,20240220,40x,0.324,0.324,0.324,70,0.9298930574395587,"(193.10832564425633, 266.94065156796944, 285.44820653784353)",27.334434477969737,8,70
64,21944.0,25804.0,"(268.20397375136713, 336.7016040831207, 300.635891359825)",0.8504107890249574,746.364243456,563.4343170623447,0.7062222230846474,22.990561310374964,19.53995687500214,12.632694090964884,0.646505730374776,0.849912127468777,0.5494730607235814,0.4670038180263596,0.3552374824443627,20240220_P013T_A006,P013T_A006,20240220,40x,0.324,0.324,0.324,70,0.9377761319977872,"(193.10832564425633, 266.94065156796944, 285.44820653784353)",33.57211115673795,6,70
65,26202.0,29237.0,"(269.93454698114647, 253.20574765285093, 270.1047629951912)",0.8961931798748162,891.188293248,519.1376520298152,0.8626763878848981,23.413647362552602,20.96991146945608,13.56874047902116,0.6470575948203137,0.8956277142447702,0.5795227146336362,0.5190366042602478,0.3749845738745797,20240220_P013T_A006,P013T_A006,20240220,40x,0.324,0.324,0.324,70,0.943827087346666,"(193.10832564425633, 266.94065156796944, 285.44820653784353)",25.770400978269873,9,70
66,16208.0,19538.0,"(270.06718904244815, 251.56891658440276, 304.9315153010859)",0.8295629030607022,551.270126592,451.00218113270176,0.7209112253996481,25.583012858919158,20.77621449098494,8.15890786314755,0.39270425643169027,0.8121097622691303,0.3189189603328155,0.25899720105900104,0.12524083317946602,20240220_P013T_A006,P013T_A006,20240220,40x,0.324,0.324,0.324,70,0.9442908707777907,"(193.10832564425633, 266.94065156796944, 285.44820653784353)",26.19907397110623,7,70
67,38687.0,45833.0,"(270.3926900509215, 278.8179233334195, 333.1713753974203)",0.8440861388082822,1315.830909888,836.8355135407435,0.6939221409933136,27.44590465113405,20.184055407328984,18.738204329029067,0.9283666711608948,0.7354122833220216,0.682732253398498,0.5020896853693785,0.6338258693817401,20240220_P013T_A006,P013T_A006,20240220,40x,0.324,0.324,0.324,70,0.9454289861920332,"(193.10832564425633, 266.94065156796944, 285.44820653784353)",29.679962325666626,7,70
68,3700.0,5506.0,"(269.3454054054054, 282.9745945945946, 285.81405405405405)",0.6719941881583726,125.8452288,201.73608706825146,0.6019933605542023,19.029758946224568,8.663693903321443,6.9869258162380605,0.8064603729316254,0.45527081702946565,0.3671578728864687,0.1671562647678233,0.2960982750928039,20240220_P013T_A006,P013T_A006,20240220,40x,0.324,0.324,0.324,70,0.9417671517671518,"(193.10832564425633, 266.94065156796944, 285.44820653784353)",25.241478847024297,6,70
69,17493.0,23104.0,"(271.8122105985251, 297.4826502029383, 278.189390041731)",0.757141620498615,594.975834432,464.86874846939986,0.7359020136537666,20.55764422432619,19.145875030275306,13.168499646645,0.6877982659879319,0.9313263145015267,0.6405646241830814,0.5965746906404847,0.4405792377663347,20240220_P013T_A006,P013T_A006,20240220,40x,0.324,0.324,0.324,70,0.9503923447500877,"(193.10832564425633, 266.94065156796944, 285.44820653784353)",27.453729676155586,8,70
70,4519.0,5624.0,"(271.1498119052888, 292.6866563398982, 294.6222615622925)",0.8035206258890469,153.701240256,205.43674165967758,0.6754464458962225,17.62351394885052,11.54178333061934,5.978749494525807,0.5180091605657428,0.6549081734844455,0.3392484331943214,0.22217657174075295,0.17573379610223389,20240220_P013T_A006,P013T_A006,20240220,40x,0.324,0.324,0.324,70,0.9480762654031077,"(193.10832564425633, 266.94065156796944, 285.44820653784353)",26.791280872563036,7,70
1,22744.0,28829.0,"(33.95229511079845, 267.41940731621526, 292.6625483644038)",0.788927815741094,773.574022656,591.956620168977,0.6884337621185781,28.33273693193207,16.83169055271951,13.313497998529536,0.7909780634826644,0.5940721714657067,0.4698980557548861,0.27915335834981886,0.37167905417526886,20240220_P013T_A007,P013T_A007,20240220,40x,0.324,0.324,0.324,11,0.14105938783772126,"(72.6730681672251, 263.6329722030891, 282.6634367302147)",13.015034389988347,0,11
2,18483.0,23578.0,"(44.96050424714603, 280.11026348536495, 263.65395228047396)",0.7839087284756977,628.647936192,492.3619011772004,0.7207832415526207,33.239116687289076,14.223954121520054,10.957641285568224,0.77036534229184,0.4279281623316848,0.3296610252509664,0.14107123672802518,0.2539594285577397,20240220_P013T_A007,P013T_A007,20240220,40x,0.324,0.324,0.324,11,0.2449104174259059,"(72.6730681672251, 263.6329722030891, 282.6634367302147)",12.126640152555154,0,11
3,17761.0,19238.0,"(61.154270592872024, 227.32757164574068, 275.2093350599628)",0.9232248674498389,604.091110464,440.9747544500327,0.7836798747070285,28.790443927342483,15.463173690668244,9.669467058847816,0.6253222819765112,0.5370939652647301,0.33585682399515404,0.18038667336077585,0.2100187555980332,20240220_P013T_A007,P013T_A007,20240220,40x,0.324,0.324,0.324,11,0.3976817980459625,"(72.6730681672251, 263.6329722030891, 282.6634367302147)",12.574908914256584,0,11
4,5757.0,8559.0,"(53.101094319958314, 292.59162758381103, 331.3578252562098)",0.6726253066947073,195.808373568,283.59939694355455,0.5749979921811308,18.406131864214323,14.637894224395694,6.7375294951846945,0.46027996868264326,0.7952727021832907,0.36604809445508607,0.29110805720634075,0.16848460545212826,20240220_P013T_A007,P013T_A007,20240220,40x,0.324,0.324,0.324,11,0.3217084369807388,"(72.6730681672251, 263.6329722030891, 282.6634367302147)",19.42057555582641,0,11
5,22961.0,24870.0,"(72.6395191847045, 256.5770654588215, 252.94886982274292)",0.9232408524326498,780.954675264,502.8582234188663,0.8155597559883526,27.68236392750966,17.580050450713536,11.640833021774629,0.6621615253272582,0.6350631939074814,0.4205144131569783,0.26705322630360084,0.27844846523812167,20240220_P013T_A007,P013T_A007,20240220,40x,0.324,0.324,0.324,11,0.5060331998557028,"(72.6730681672251, 263.6329722030891, 282.6634367302147)",9.89522963570727,0,11
6,5764.0,8821.0,"(71.55170020818876, 262.1001040943789, 325.22796668979873)",0.6534406529871897,196.046459136,265.81902712367616,0.6139562085582239,16.54862667039957,14.829249387227692,7.699718374534338,0.5192250918084931,0.8961015123842682,0.46527839003745114,0.4169366689922774,0.2415842147837034,20240220_P013T_A007,P013T_A007,20240220,40x,0.324,0.324,0.324,11,0.495770756681026,"(72.6730681672251, 263.6329722030891, 282.6634367302147)",13.804629645024056,0,11
7,19978.0,21567.0,"(77.9610071078186, 288.891080188207, 300.481980178196)",0.9263226225251542,679.496211072,435.53598340360827,0.8581926205125383,22.9341340757956,15.481045616892938,13.661245234765408,0.8824497758638628,0.6750220246262291,0.5956730343345867,0.40209241765178205,0.5256515356367031,20240220_P013T_A007,P013T_A007,20240220,40x,0.324,0.324,0.324,11,0.5562359161114963,"(72.6730681672251, 263.6329722030891, 282.6634367302147)",10.160563586104793,0,11
8,13968.0,17109.0,"(88.53636884306988, 289.76202749140896, 276.56393184421535)",0.8164124145186744,475.082744832,397.1300714828229,0.7414198147018639,25.654349352172368,13.418468536251385,11.343386595071664,0.8453562762714931,0.5230484839840669,0.4421623187302205,0.2312723304867216,0.3737846912693482,20240220_P013T_A007,P013T_A007,20240220,40x,0.324,0.324,0.324,11,0.6560034796516027,"(72.6730681672251, 263.6329722030891, 282.6634367302147)",10.099115853268396,1,11
9,16609.0,18851.0,"(95.20621349870552, 235.41646095490395, 294.6552471551568)",0.8810673173836931,564.909028416,438.34666813985126,0.7539087059315447,25.080909637162605,17.992040849611993,9.363035491197964,0.5203987457264962,0.7173599805548132,0.37331323411510847,0.2677999743656686,0.19427173879660428,20240220_P013T_A007,P013T_A007,20240220,40x,0.324,0.324,0.324,11,0.7189265424406182,"(72.6730681672251, 263.6329722030891, 282.6634367302147)",12.327838795661092,0,11
10,10367.0,11823.0,"(106.0002893797627, 264.7605864763191, 301.05189543744575)",0.8768502072232089,352.604726208,291.5517232241557,0.827867050701776,18.062131893242412,12.643361456994525,11.587652558344763,0.9165009319522598,0.6999927545499093,0.6415440119048214,0.4490761600582557,0.5879756847991604,20240220_P013T_A007,P013T_A007,20240220,40x,0.324,0.324,0.324,11,0.8207574469788934,"(72.6730681672251, 263.6329722030891, 282.6634367302147)",12.338022956892809,0,11
11,16922.0,19896.0,"(112.28980026001655, 254.51252806996808, 268.0280108734192)",0.8505227181342984,575.554854528,437.0994179948995,0.7655291111732497,23.3119729540819,18.29755669456079,10.204541630484638,0.557699686402288,0.7848995334115172,0.4377382236409053,0.3435805274921329,0.2441264700508275,20240220_P013T_A007,P013T_A007,20240220,40x,0.324,0.324,0.324,11,0.880092455283175,"(72.6730681672251, 263.6329722030891, 282.6634367302147)",13.999138503050151,0,11
1,25135.0,28248.0,"(33.1609707579073, 311.9367018102248, 223.24372389098866)",0.889797507788162,854.8972502400001,526.1438325943335,0.8279210421371391,23.360576841076938,18.049039468944752,14.794595178176646,0.8196887819782479,0.7726281586166808,0.6333146342586036,0.4893167196922215,0.5191209011644343,20240220_P013T_A008,P013T_A008,20240220,40x,0.324,0.324,0.324,24,0.09358623924634137,"(107.79693842987051, 309.6245498840512, 236.73915161937518)",24.585602251490638,0,24
2,14892.0,17115.0,"(47.597502014504435, 301.795326349718, 255.82164920762827)",0.87011393514461,506.510039808,381.6681311454804,0.8051131712900504,19.445805097218074,16.657840374523044,11.536887915630327,0.6925800497689459,0.8566289897097715,0.5932841483267155,0.5082244005919364,0.4108967649752433,20240220_P013T_A008,P013T_A008,20240220,40x,0.324,0.324,0.324,24,0.18270062971916315,"(107.79693842987051, 309.6245498840512, 236.73915161937518)",20.61773331756942,3,24
3,20727.0,22191.0,"(62.26019202007044, 331.3407632556569, 253.1080715974333)",0.9340273083682574,704.971366848,443.4266967204511,0.8638598177450397,23.025273113582507,16.65476578616712,13.114034887156231,0.7874043415277747,0.7233254391385501,0.5695495911151786,0.41196970810456823,0.4484658207594605,20240220_P013T_A008,P013T_A008,20240220,40x,0.324,0.324,0.324,24,0.27321106185228666,"(107.79693842987051, 309.6245498840512, 236.73915161937518)",17.184621391128953,0,24
4,13751.0,16693.0,"(66.02639808013963, 269.3956075921751, 232.99156424987274)",0.8237584616306236,467.702092224,414.33460292285525,0.7032544057373681,22.899316514535695,15.819190161751775,10.324235151407976,0.6526399294680896,0.6908149486343971,0.4508534193522548,0.3114562817314702,0.2942449438065026,20240220_P013T_A008,P013T_A008,20240220,40x,0.324,0.324,0.324,24,0.2964592474082693,"(107.79693842987051, 309.6245498840512, 236.73915161937518)",18.828805689607076,2,24
5,7153.0,8861.0,"(67.4398154620439, 269.07591220466935, 206.06458828463582)",0.8072452319151338,243.289438272,249.28045425304475,0.7560399317065418,18.807184435868052,11.38731370987146,9.000570017806485,0.7904032721961503,0.6054767925896546,0.4785708381016927,0.2897635360807557,0.37826395641323196,20240220_P013T_A008,P013T_A008,20240220,40x,0.324,0.324,0.324,24,0.30518404606199934,"(107.79693842987051, 309.6245498840512, 236.73915161937518)",21.032113119417907,1,24
6,10844.0,11849.0,"(66.82552563629658, 293.13002582073034, 269.0571744743637)",0.9151827158409992,368.828557056,292.2365916196178,0.8510711917435598,16.318380036647866,14.741343286894356,11.300866075945894,0.7666103323156999,0.9033582533185404,0.6925237707766565,0.6255970639503696,0.5308958780516142,20240220_P013T_A008,P013T_A008,20240220,40x,0.324,0.324,0.324,24,0.3013921335573862,"(107.79693842987051, 309.6245498840512, 236.73915161937518)",17.731950760906418,2,24
7,12341.0,13970.0,"(76.63998055262945, 294.8386678551171, 242.15549793371687)",0.8833929849677881,419.744856384,334.69440838705646,0.8100141202631987,20.069667219110336,13.71688530419829,11.501606295915288,0.8384998518865666,0.6834635150869404,0.5730840561702717,0.39168204347041546,0.48053089621732564,20240220_P013T_A008,P013T_A008,20240220,40x,0.324,0.324,0.324,24,0.36197518859647804,"(107.79693842987051, 309.6245498840512, 236.73915161937518)",11.310872664158143,3,24
8,15618.0,17163.0,"(85.36726853630427, 310.8237290306057, 284.20649250864386)",0.9099807725922041,531.2029144320001,392.639036066639,0.8078504087311938,24.013697778484534,14.861623354578116,10.866649285018045,0.7311885805308462,0.6188810857732053,0.45251878262389883,0.2800553155230476,0.33087656633031515,20240220_P013T_A008,P013T_A008,20240220,40x,0.324,0.324,0.324,24,0.4158473366438535,"(107.79693842987051, 309.6245498840512, 236.73915161937518)",17.01440142803512,2,24
9,15951.0,17689.0,"(87.47426493636763, 313.1634380289637, 175.3321421854429)",0.901746848323817,542.528985024,419.70121792708585,0.7664653485494827,25.0034079949487,17.955112830763106,8.7623866506019,0.48801623989736254,0.7181066210810334,0.35044769306536605,0.2516588087328131,0.17102416545046495,20240220_P013T_A008,P013T_A008,20240220,40x,0.324,0.324,0.324,24,0.4288534872615286,"(107.79693842987051, 309.6245498840512, 236.73915161937518)",20.988487914197748,0,24
10,17150.0,19161.0,"(94.78629737609329, 340.32489795918366, 272.74256559766764)",0.8950472313553572,583.3096416,460.9663793132939,0.7323988324593957,27.947724133195944,17.90384749772529,8.5078398121815,0.4751961729601658,0.6406191578390218,0.30441977213006755,0.19501713805151083,0.14465911068961387,20240220_P013T_A008,P013T_A008,20240220,40x,0.324,0.324,0.324,24,0.47398948997588447,"(107.79693842987051, 309.6245498840512, 236.73915161937518)",15.899238161109203,0,24
11,11968.0,15682.0,"(103.63444184491979, 265.925300802139, 235.06308489304814)",0.763167963269991,407.058296832,384.4884104507053,0.690831202727284,25.72846801299208,16.135209274113066,8.763436963682134,0.5431250884202646,0.627134474775773,0.34061246706398796,0.21360982063425443,0.18499517629117296,20240220_P013T_A008,P013T_A008,20240220,40x,0.324,0.324,0.324,24,0.5286076657093814,"(107.79693842987051, 309.6245498840512, 236.73915161937518)",14.233006719653599,1,24
12,28737.0,31215.0,"(112.83359432091032, 348.0936423426245, 220.41197758986672)",0.9206150888995676,977.4092810880001,570.9177224169368,0.8342474841900958,26.048485358106408,19.701870377205694,13.951783075638199,0.708145105440338,0.7563537805116327,0.5356082276506084,0.405109307856673,0.3792883448443527,20240220_P013T_A008,P013T_A008,20240220,40x,0.324,0.324,0.324,24,0.5853925575364834,"(107.79693842987051, 309.6245498840512, 236.73915161937518)",13.63811252573669,0,24
13,10725.0,11963.0,"(113.00764568764569, 278.4099766899767, 198.03198135198136)",0.8965142522778567,364.7811024,303.51694274503575,0.8134347841327066,18.220861870863438,14.429242711728744,10.204268434140864,0.7071936232555276,0.7919078040321581,0.5600321492178302,0.44349382947450167,0.39605116474493757,20240220_P013T_A008,P013T_A008,20240220,40x,0.324,0.324,0.324,24,0.5864669486891709,"(107.79693842987051, 309.6245498840512, 236.73915161937518)",16.199177278060986,2,24
14,14373.0,15420.0,"(119.49586029360607, 268.56613093995685, 252.56759201280178)",0.9321011673151751,488.857695552,341.12142477178605,0.8797584191846403,18.53174961532159,15.076845669277045,12.479975547413854,0.8277577300432953,0.8135683884273875,0.6734375224396363,0.5478874798377474,0.557443114900614,20240220_P013T_A008,P013T_A008,20240220,40x,0.324,0.324,0.324,24,0.6265176561333708,"(107.79693842987051, 309.6245498840512, 236.73915161937518)",14.752492670487706,1,24
15,15399.0,17507.0,"(130.02643028768102, 319.8360932528086, 186.4495746477044)",0.8795910207345633,523.754237376,393.7935811619074,0.7979344052945913,23.76015898011279,15.94253537286424,10.34340153440538,0.6487927605298506,0.6709776389210237,0.4353254346093723,0.2920936322764651,0.2824359904490716,20240220_P013T_A008,P013T_A008,20240220,40x,0.324,0.324,0.324,24,0.6915211746153149,"(107.79693842987051, 309.6245498840512, 236.73915161937518)",18.119299820727647,0,24
16,17913.0,20282.0,"(128.57310333277508, 292.5929213420421, 277.983531513426)",0.8831969233803373,609.260968512,444.75691281785384,0.7814424301150057,25.67403153775379,16.120460715533078,11.028790374931997,0.6841485841843877,0.6278897294267112,0.4295698694112028,0.2697225090744677,0.2938896179659467,20240220_P013T_A008,P013T_A008,20240220,40x,0.324,0.324,0.324,24,0.6825500205726857,"(107.79693842987051, 309.6245498840512, 236.73915161937518)",15.947990492443735,1,24
17,14336.0,16034.0,"(127.13288225446429, 359.73604910714283, 253.00955636160714)",0.8941000374204815,487.599243264,400.1828809524487,0.7486307009949248,24.026502987318775,18.083152700044256,8.108811060377949,0.4484179940789918,0.752633569254276,0.3374944354015144,0.25400964151969846,0.15133857773556894,20240220_P013T_A008,P013T_A008,20240220,40x,0.324,0.324,0.324,24,0.673659767002866,"(107.79693842987051, 309.6245498840512, 236.73915161937518)",18.183782779599703,0,24
18,13163.0,16632.0,"(129.86256932310263, 275.18354478462356, 216.22365722099826)",0.7914261664261665,447.70290451200003,388.34141373273513,0.7287809722751216,19.778580644976735,19.496540526585715,9.68784192977851,0.4969005612338278,0.9857401234469951,0.4898148205715146,0.48283012169633255,0.24338925924263227,20240220_P013T_A008,P013T_A008,20240220,40x,0.324,0.324,0.324,24,0.6905096871796459,"(107.79693842987051, 309.6245498840512, 236.73915161937518)",14.82617914149155,3,24
19,13537.0,15004.0,"(140.6986776981606, 324.49109847085765, 276.8088202703701)",0.9022260730471874,460.423476288,360.00536643462544,0.8009648472774029,22.55335127996223,15.474956886954102,9.815177481298813,0.63426202431448,0.686148887358616,0.4351981822772039,0.29861074854999564,0.27602968006912143,20240220_P013T_A008,P013T_A008,20240220,40x,0.324,0.324,0.324,24,0.757399245050374,"(107.79693842987051, 309.6245498840512, 236.73915161937518)",17.47533897939264,1,24
20,14637.0,16723.0,"(142.71981963517115, 290.34604085536654, 202.31543349046936)",0.8752616157388029,497.836922688,388.56583830645945,0.7817674383809599,21.668308762747078,15.103558854362664,11.52016873149857,0.7627453133783081,0.697034504157022,0.5316598013087414,0.37058522598545934,0.4055210217598849,20240220_P013T_A008,P013T_A008,20240220,40x,0.324,0.324,0.324,24,0.7698754298467354,"(107.79693842987051, 309.6245498840512, 236.73915161937518)",17.071636286078366,1,24
21,22947.0,24813.0,"(146.8658648189306, 348.30213099751603, 214.54652024229748)",0.9247974851892153,780.478504128,483.6927460504925,0.8475301974046051,24.037411275096357,18.227304513065253,12.769914446300277,0.7005925882868121,0.75828899811476,0.5312516518586333,0.4028422828346943,0.3721909698072843,20240220_P013T_A008,P013T_A008,20240220,40x,0.324,0.324,0.324,24,0.7954683013514234,"(107.79693842987051, 309.6245498840512, 236.73915161937518)",19.208716959989246,0,24
22,18031.0,19486.0,"(153.75913704176142, 283.2084188342299, 253.84543286562032)",0.925331006876732,613.274410944,408.28943206813676,0.8549732916908558,22.42355366995727,15.025754358526616,12.964524059721377,0.8628201786331241,0.6700880056606678,0.5781654527440513,0.38742173517115847,0.49885281921612334,20240220_P013T_A008,P013T_A008,20240220,40x,0.324,0.324,0.324,24,0.8380193644553174,"(107.79693842987051, 309.6245498840512, 236.73915161937518)",18.048168481522776,2,24
23,18339.0,19989.0,"(166.8096951851246, 293.9348383227003, 229.28551175091334)",0.9174546000300166,623.750175936,417.82379541539353,0.8449507753075463,22.888973159502466,15.464883093734386,12.700975157969351,0.8212784462053363,0.6756477447007738,0.5548949299499912,0.37491350796660544,0.4557232458765478,20240220_P013T_A008,P013T_A008,20240220,40x,0.324,0.324,0.324,24,0.9185783653402754,"(107.79693842987051, 309.6245498840512, 236.73915161937518)",19.93121296810997,1,24
24,16123.0,18689.0,"(166.13862184456988, 334.0549525522545, 251.52037462010793)",0.8626999839477768,548.379087552,425.5826519388852,0.7612970222517846,25.170340996662635,16.72908758882782,10.014095718560332,0.5986038189702613,0.6646349205617019,0.397853001669231,0.26442699815966403,0.2381563261879834,20240220_P013T_A008,P013T_A008,20240220,40x,0.324,0.324,0.324,24,0.9144359373121598,"(107.79693842987051, 309.6245498840512, 236.73915161937518)",21.045243238537353,0,24
1,13461.0,18140.0,"(51.8417650991754, 304.2617190401902, 236.72483470767403)",0.7420617420066152,457.838547264,487.4932146234404,0.5892828282465874,23.85759341734859,15.390764126767882,9.84364326329824,0.6395811918251678,0.6451096662405245,0.41260000919205087,0.26617225422072127,0.2638912056261271,20240220_P013T_A002,P013T_A002,20240220,40x,0.324,0.324,0.324,57,0.11435479109515914,"(153.68451254125148, 246.71458415567747, 249.4751833323935)",38.125025522719866,1,57
2,15435.0,19457.0,"(77.69627470035633, 254.28351149983803, 303.528215095562)",0.7932877627589042,524.97867744,428.03266568749916,0.7352499217144208,28.23088098146786,14.199193969858836,10.52647982811787,0.7413434769933297,0.5029667327484355,0.3728711064677,0.18754176215635313,0.27642556253911477,20240220_P013T_A002,P013T_A002,20240220,40x,0.324,0.324,0.324,57,0.2497187157086719,"(153.68451254125148, 246.71458415567747, 249.4751833323935)",30.31302026904271,2,57
3,13775.0,17431.0,"(83.50119782214156, 293.5675499092559, 222.77669691470055)",0.7902587344386438,468.5183856,426.29970060596725,0.6843110017830332,21.45585433817366,14.925906939224333,11.379878581753815,0.7624245969166683,0.6956566121288666,0.5303857120947663,0.3689663275974015,0.4043791127542122,20240220_P013T_A002,P013T_A002,20240220,40x,0.324,0.324,0.324,57,0.2801109833619977,"(153.68451254125148, 246.71458415567747, 249.4751833323935)",28.676667369515723,1,57
4,12926.0,16615.0,"(83.09809685904379, 324.8974934241065, 260.02452421476096)",0.7779717123081553,439.642007424,426.9845350599279,0.6548443734850895,18.662505210310556,16.75577616524178,11.506520784745565,0.6867196524512376,0.8978310240998428,0.6165582088297827,0.5535650880508086,0.4234026388835459,20240220_P013T_A002,P013T_A002,20240220,40x,0.324,0.324,0.324,57,0.27800050711541247,"(153.68451254125148, 246.71458415567747, 249.4751833323935)",34.29857629808416,2,57
5,13168.0,15230.0,"(92.5400212636695, 208.8914034021871, 264.960890036452)",0.8646093237032173,447.872965632,377.2390606948681,0.7504193694933126,20.908311720607827,16.94568751600754,9.596855224562292,0.566330236852104,0.8104761275060476,0.458997137253476,0.37200622233755903,0.25994395745519877,20240220_P013T_A002,P013T_A002,20240220,40x,0.324,0.324,0.324,57,0.3274346663019346,"(153.68451254125148, 246.71458415567747, 249.4751833323935)",23.828980680441155,4,57
6,16204.0,19366.0,"(97.65051839052086, 237.117069859294, 284.7008763268329)",0.8367241557368584,551.134077696,468.07760020010727,0.6944981758930509,27.26426385552018,16.187869807364432,9.857868502935666,0.6089663816329295,0.5937394786504343,0.361567381946377,0.21467682885384434,0.22018238030037662,20240220_P013T_A002,P013T_A002,20240220,40x,0.324,0.324,0.324,57,0.3541911957618893,"(153.68451254125148, 246.71458415567747, 249.4751833323935)",21.668722331142988,4,57
7,1758.0,3926.0,"(84.17576791808874, 318.5887372013652, 293.080204778157)",0.4477840040753948,59.793489792,160.35839921286572,0.4611352762938168,10.994854196326372,9.002968710864543,7.500064252773167,0.833065680181948,0.8188347521582084,0.6821431297632948,0.5585625005961522,0.5682700303777021,20240220_P013T_A002,P013T_A002,20240220,40x,0.324,0.324,0.324,57,0.28364276396905097,"(153.68451254125148, 246.71458415567747, 249.4751833323935)",35.342381804520215,3,57
8,8305.0,11559.0,"(95.67296809151114, 209.60662251655629, 227.94184226369657)",0.718487758456614,282.47152032,345.8583043543282,0.6019619330725138,17.766353217413073,15.150708945006677,8.653001666078794,0.5711284994970893,0.8527753985076261,0.4870443337576929,0.4153394258110978,0.2781648995275907,20240220_P013T_A002,P013T_A002,20240220,40x,0.324,0.324,0.324,57,0.34383752927492744,"(153.68451254125148, 246.71458415567747, 249.4751833323935)",23.37750346436746,3,57
9,8482.0,10072.0,"(109.15503419004952, 227.59078047630277, 257.50235793444944)",0.8421366163621922,288.491683968,318.31179986153717,0.6633156623021628,22.98506723171875,14.695639527206415,6.422494213562971,0.4370340060174205,0.6393559513685844,0.2794202926976915,0.17864902706942082,0.12211616988023231,20240220_P013T_A002,P013T_A002,20240220,40x,0.324,0.324,0.324,57,0.4144242627751284,"(153.68451254125148, 246.71458415567747, 249.4751833323935)",15.915722435383918,4,57
10,5847.0,7745.0,"(105.1421241662391, 226.88797674020864, 206.86027022404653)",0.7549386701097482,198.869473728,246.36248862502626,0.6687877223073065,15.314307778166887,10.948067707638575,9.393793844605014,0.8580321290898549,0.7148914509375919,0.6133998337161175,0.4385142971301929,0.5263167653068034,20240220_P013T_A002,P013T_A002,20240220,40x,0.324,0.324,0.324,57,0.3934142626504665,"(153.68451254125148, 246.71458415567747, 249.4751833323935)",21.89216153150051,2,57
11,14168.0,17132.0,"(113.38742236024845, 332.60333145115754, 253.8931394692264)",0.8269904272706047,481.885189632,384.0529159103634,0.7739664053720285,21.093791232007742,14.859442038581808,11.573227107043529,0.7788466805815599,0.7044462455869039,0.5486556200235025,0.3864983916457113,0.4273186084377226,20240220_P013T_A002,P013T_A002,20240220,40x,0.324,0.324,0.324,57,0.43658336314266205,"(153.68451254125148, 246.71458415567747, 249.4751833323935)",30.77190017137239,2,57
12,1136.0,1665.0,"(103.56426056338029, 335.59242957746477, 292.0255281690141)",0.6822822822822823,38.637886464,84.16430829703422,0.6566970629858799,11.008334954301349,6.166561025573276,5.064448739702919,0.8212760270595233,0.5601720015944628,0.46005583593948135,0.257710398463433,0.37783282916592503,20240220_P013T_A002,P013T_A002,20240220,40x,0.324,0.324,0.324,57,0.3851531966669125,"(153.68451254125148, 246.71458415567747, 249.4751833323935)",35.818991909466305,4,57
13,14891.0,17233.0,"(112.76368276139951, 287.29501040897185, 306.24061513665976)",0.8640979516044798,506.476027584,399.21538726474,0.769690480109661,24.459445677393635,13.23711640347067,11.546580097648922,0.8722881740785703,0.5411862794464277,0.4720703915346993,0.25547801883148236,0.41178141986835864,20240220_P013T_A002,P013T_A002,20240220,40x,0.324,0.324,0.324,57,0.43331771079266757,"(153.68451254125148, 246.71458415567747, 249.4751833323935)",26.209176000854384,4,57
14,7264.0,9794.0,"(112.69094162995594, 327.0119768722467, 291.81015969162996)",0.7416785787216663,247.06479513600001,276.0242505933397,0.6898332588625071,16.915420334578435,13.03235541167943,8.94102732066203,0.6860638033742693,0.7704423037622505,0.5285725771995637,0.4072346740831819,0.3626345126728723,20240220_P013T_A002,P013T_A002,20240220,40x,0.324,0.324,0.324,57,0.4329368671725442,"(153.68451254125148, 246.71458415567747, 249.4751833323935)",32.27078117996788,5,57
15,11786.0,14782.0,"(119.89377227218733, 248.63829967758357, 303.1339725097573)",0.7973210661615479,400.868072064,410.6088835813672,0.640309720564745,21.912901741592215,20.599516697577315,6.819406465052569,0.3310469155742179,0.9400633900748068,0.3112050857285076,0.2925525078984617,0.1030234837414325,20240220_P013T_A002,P013T_A002,20240220,40x,0.324,0.324,0.324,57,0.47064802236747294,"(153.68451254125148, 246.71458415567747, 249.4751833323935)",20.554935030974296,6,57
16,22317.0,26494.0,"(120.04601873011606, 193.17421696464578, 250.6734776179594)",0.8423416622631539,759.050803008,566.687089594175,0.7101030346677456,25.764611111012773,15.286322096560678,15.039248306647718,0.9838369368150007,0.5933069212920014,0.5837172640350613,0.3463234928296325,0.5742826050142877,20240220_P013T_A002,P013T_A002,20240220,40x,0.324,0.324,0.324,57,0.47144512424144536,"(153.68451254125148, 246.71458415567747, 249.4751833323935)",20.490419604063526,4,57
17,13796.0,15994.0,"(130.90417512322412, 225.6037257175993, 180.01768628587996)",0.8625734650493935,469.232642304,388.57907968936064,0.7515020795020055,21.49547625121707,16.243042630034925,10.023937546705396,0.6171219133643217,0.7556493487375162,0.46632777192539954,0.3523802771536451,0.28778108686552356,20240220_P013T_A002,P013T_A002,20240220,40x,0.324,0.324,0.324,57,0.5282941105927964,"(153.68451254125148, 246.71458415567747, 249.4751833323935)",24.651601294920013,2,57
18,13917.0,16219.0,"(131.03607099231155, 236.0023712006898, 310.16196019257023)",0.858067698378445,473.348121408,379.93545989551217,0.7730864611345629,23.34337007058095,15.034586810757133,10.465227589672331,0.696076834129192,0.644062393960195,0.448316912169481,0.28874406370471845,0.3120630169095074,20240220_P013T_A002,P013T_A002,20240220,40x,0.324,0.324,0.324,57,0.5289846648812124,"(153.68451254125148, 246.71458415567747, 249.4751833323935)",21.272242877298385,4,57
19,22578.0,24554.0,"(137.18261139162016, 213.32203915315793, 278.44671804411377)",0.9195243137574326,767.927993472,488.5738799109635,0.8300435496746079,25.31799942523127,17.316750021517752,12.6112481903071,0.728268767213039,0.6839699192132978,0.49811392987627023,0.34069494437649084,0.36276081764263346,20240220_P013T_A002,P013T_A002,20240220,40x,0.324,0.324,0.324,57,0.5611655046681684,"(153.68451254125148, 246.71458415567747, 249.4751833323935)",15.28897133322566,5,57
20,12510.0,15071.0,"(135.28681055155874, 310.67306155075937, 241.88313349320543)",0.8300709972795435,425.49292224,381.92460502945886,0.7163106032028308,22.684661868755473,17.669263874415726,8.296739032772914,0.469557707199461,0.7789079677115371,0.3657422394380212,0.2848795444269356,0.1717370873765135,20240220_P013T_A002,P013T_A002,20240220,40x,0.324,0.324,0.324,57,0.5512398458196793,"(153.68451254125148, 246.71458415567747, 249.4751833323935)",21.70268354858414,4,57
21,18800.0,20807.0,"(133.38882978723404, 301.2929255319149, 275.30686170212766)",0.9035420771855626,639.4298112,443.2660331114535,0.809744968109747,23.37449014407175,15.095324072529037,13.036735926444168,0.8636274295143385,0.6458033514094647,0.557733488349501,0.36018615596939946,0.4816739388973449,20240220_P013T_A002,P013T_A002,20240220,40x,0.324,0.324,0.324,57,0.541302773755152,"(153.68451254125148, 246.71458415567747, 249.4751833323935)",20.63955198478241,5,57
22,22106.0,25249.0,"(141.72288066588257, 185.860761784131, 233.473898489098)",0.8755198225672304,751.874223744,505.5219861228773,0.7909958532108806,22.72078858201586,17.825593179730063,13.466270020464297,0.7554458291899725,0.7845499338803548,0.5926849753411827,0.4649909582158046,0.4477413926450582,20240220_P013T_A002,P013T_A002,20240220,40x,0.324,0.324,0.324,57,0.584936547988914,"(153.68451254125148, 246.71458415567747, 249.4751833323935)",20.751964652212823,3,57
23,18149.0,22376.0,"(148.89139897515014, 204.42806766213013, 170.05361176924347)",0.8110922416875224,617.287853376,477.174846613538,0.7347367046529923,22.270748211460436,19.389141604940534,12.493666060220406,0.6443640628751147,0.8706102471655156,0.5609899560442795,0.4884036042890818,0.361481767308824,20240220_P013T_A002,P013T_A002,20240220,40x,0.324,0.324,0.324,57,0.622468057461519,"(153.68451254125148, 246.71458415567747, 249.4751833323935)",29.194017158194185,3,57
24,14562.0,16756.0,"(148.77777777777777, 274.1850707320423, 315.9246669413542)",0.869061828598711,495.28600588800003,385.0850433674567,0.7861368936781499,22.572625004019244,15.692461772563707,10.577236004550198,0.6740329310881714,0.6951987980914729,0.46858688356656936,0.32576103825690794,0.31584299059984644,20240220_P013T_A002,P013T_A002,20240220,40x,0.324,0.324,0.324,57,0.6218731820826061,"(153.68451254125148, 246.71458415567747, 249.4751833323935)",23.351023127907343,5,57
25,21505.0,25290.0,"(151.77163450360382, 191.4615205766101, 196.79930248779354)",0.850336101225781,731.4328771200001,531.0260655099985,0.7392952862332208,25.58175786923563,20.390147646400777,10.826615899454158,0.5309729035417381,0.7970581126843425,0.4232162603835032,0.33732795375860025,0.22471636660190494,20240220_P013T_A002,P013T_A002,20240220,40x,0.324,0.324,0.324,57,0.637547824626198,"(153.68451254125148, 246.71458415567747, 249.4751833323935)",24.741613678093348,2,57
26,13378.0,15413.0,"(155.9230826730453, 281.7406936761848, 210.11033039318283)",0.8679685979368066,455.015532672,379.8847787292483,0.7530949119565125,23.572271737848784,15.429480368601178,10.03668967415787,0.6504878605362772,0.6545606015489316,0.4257837252929031,0.2787012513574677,0.2769671445169465,20240220_P013T_A002,P013T_A002,20240220,40x,0.324,0.324,0.324,57,0.6592831553562581,"(153.68451254125148, 246.71458415567747, 249.4751833323935)",17.087525295906552,3,57
27,10248.0,11498.0,"(148.63895394223263, 207.9863387978142, 308.53639734582356)",0.8912854409462515,348.55727155200003,300.3409535177765,0.7974785321643381,19.93496724476598,13.377492097198093,9.559347332759094,0.7145844126315195,0.671056637964149,0.4795266134820937,0.32178951705762776,0.3426622434362836,20240220_P013T_A002,P013T_A002,20240220,40x,0.324,0.324,0.324,57,0.6211463557184954,"(153.68451254125148, 246.71458415567747, 249.4751833323935)",22.941308765106974,5,57
28,12376.0,14356.0,"(150.44351971557853, 228.29314802844215, 326.7996121525533)",0.8620785734187796,420.935284224,342.11291232561445,0.7939470621214592,19.962343254500997,14.650554706884428,11.440611819360543,0.780899566484298,0.7339095676346064,0.5731096632045428,0.4206106651296609,0.4475410875443895,20240220_P013T_A002,P013T_A002,20240220,40x,0.324,0.324,0.324,57,0.6305943440606206,"(153.68451254125148, 246.71458415567747, 249.4751833323935)",25.775662409896913,4,57
29,14660.0,16934.0,"(152.9819236016371, 302.65416098226467, 295.66473396998634)",0.8657139482697531,498.61920384,381.8771861837982,0.7962933299200117,24.336987948991258,13.530256969343016,11.448200708061362,0.8461184982665743,0.5559544590193969,0.47040335197009775,0.26152284106544665,0.39801697774850187,20240220_P013T_A002,P013T_A002,20240220,40x,0.324,0.324,0.324,57,0.643884416762498,"(153.68451254125148, 246.71458415567747, 249.4751833323935)",23.50553451748637,4,57
30,13257.0,14497.0,"(154.09647733272988, 251.07422493776872, 330.2537527344045)",0.9144650617369111,450.90005356800003,338.0642804749608,0.8411466049155446,19.5359989101754,14.988182072751378,11.365356437953245,0.7582878552440021,0.7672083798563648,0.5817647968865086,0.4463348272767654,0.44114518008753306,20240220_P013T_A002,P013T_A002,20240220,40x,0.324,0.324,0.324,57,0.6497197766111512,"(153.68451254125148, 246.71458415567747, 249.4751833323935)",26.21068577014481,5,57
31,14984.0,18203.0,"(156.2442605445809, 304.1070475173518, 230.79444741057128)",0.8231610174147118,509.639164416,411.3102732889782,0.7501643663035288,25.507968947467134,15.537462800845413,10.274270865710186,0.6612579542363345,0.6091219113855882,0.40278670900335994,0.2453462100688373,0.2663459151891476,20240220_P013T_A002,P013T_A002,20240220,40x,0.324,0.324,0.324,57,0.6609647148930936,"(153.68451254125148, 246.71458415567747, 249.4751833323935)",19.572971281352338,4,57
32,12314.0,15160.0,"(157.24630501867793, 313.1980672405392, 261.5332142277083)",0.812269129287599,418.82652633600003,360.708342212617,0.7505000483778882,22.917396923419485,14.644591932660024,10.250846545816065,0.699974884445559,0.6390163761441243,0.4472954140503033,0.2858290945523105,0.3130955557628895,20240220_P013T_A002,P013T_A002,20240220,40x,0.324,0.324,0.324,57,0.6662110210401986,"(153.68451254125148, 246.71458415567747, 249.4751833323935)",21.922463468030287,5,57
33,20793.0,23631.0,"(172.9911508680806, 169.80026932140623, 233.93036117924302)",0.879903516567221,707.216173632,472.71560563359446,0.8120553666383103,24.060363587808077,15.743286938866877,14.087341507800712,0.8948157752890864,0.6543245650221325,0.5854999429409737,0.3831069954853361,0.5239145853744432,20240220_P013T_A002,P013T_A002,20240220,40x,0.324,0.324,0.324,57,0.7486447689428304,"(153.68451254125148, 246.71458415567747, 249.4751833323935)",26.182326745459754,2,57
34,13046.0,15705.0,"(170.99149164494864, 195.94573049210487, 152.43032347079566)",0.8306908627825533,443.72347430400004,376.3039248015199,0.7476304472543785,26.563596357894266,14.475200107362289,8.980589983905686,0.6204121474865161,0.5449262182852171,0.33807884530803756,0.18422802665594182,0.20974822243732127,20240220_P013T_A002,P013T_A002,20240220,40x,0.324,0.324,0.324,57,0.7381753489264327,"(153.68451254125148, 246.71458415567747, 249.4751833323935)",35.92561449044356,3,57
35,14620.0,17471.0,"(180.07250341997263, 206.81935704514365, 291.48358413132695)",0.8368152939156316,497.25871488,410.2387238910841,0.7398932649635381,27.238985658696205,15.113056494801285,9.669213656804482,0.6397920672188699,0.5548318386068959,0.3549770089811523,0.19695254655618935,0.22711147439122278,20240220_P013T_A002,P013T_A002,20240220,40x,0.324,0.324,0.324,57,0.785719913193574,"(153.68451254125148, 246.71458415567747, 249.4751833323935)",20.62600629108368,4,57
36,16382.0,17760.0,"(170.96819680136736, 250.44225369307776, 172.10682456354536)",0.9224099099099099,557.188253568,390.16822187641935,0.8392670990193704,22.117472845561764,14.99115133616037,12.127214635679778,0.8089581889836274,0.677796755571403,0.5483092358860204,0.37164222113337975,0.4435592464653517,20240220_P013T_A002,P013T_A002,20240220,40x,0.324,0.324,0.324,57,0.7380533863945935,"(153.68451254125148, 246.71458415567747, 249.4751833323935)",25.71360879802558,1,57
37,3668.0,4198.0,"(172.4618320610687, 212.35005452562706, 320.63767720828787)",0.873749404478323,124.756837632,151.1014890818129,0.7990824980921334,12.172507267193032,12.052557422179737,6.402360258793337,0.5312034645038392,0.9901458391126551,0.5259689001007033,0.5207859179373712,0.2793965019547673,20240220_P013T_A002,P013T_A002,20240220,40x,0.324,0.324,0.324,57,0.7458734662883177,"(153.68451254125148, 246.71458415567747, 249.4751833323935)",26.317116467170816,4,57
38,6430.0,7690.0,"(175.9099533437014, 270.00886469673407, 328.6592534992224)",0.8361508452535761,218.69860032,221.6984374141604,0.7918060724342626,16.8813411056433,11.599978220282111,8.735459218614505,0.7530582431043615,0.687147907721877,0.5174623961418746,0.35557320283363814,0.38967932291117324,20240220_P013T_A002,P013T_A002,20240220,40x,0.324,0.324,0.324,57,0.763926457296866,"(153.68451254125148, 246.71458415567747, 249.4751833323935)",27.695293132690118,4,57
39,21263.0,22766.0,"(181.02342096599727, 284.7477307999812, 261.55396698490335)",0.9339804972327155,723.201918912,443.3730143899383,0.8787956823315147,19.562807810565694,17.38696220147421,15.239839526250165,0.8765096139081735,0.8887764154225176,0.7790210727326814,0.692375556561957,0.6828194596872538,20240220_P013T_A002,P013T_A002,20240220,40x,0.324,0.324,0.324,57,0.790698539088991,"(153.68451254125148, 246.71458415567747, 249.4751833323935)",15.672470356293514,6,57
40,15311.0,17392.0,"(183.42681732088042, 293.4554895173405, 296.50617203317876)",0.8803472861085556,520.761161664,393.9593841514335,0.7945570144573774,24.388207933378602,15.116018885701745,10.365980344664043,0.6857612723988611,0.6198085126629335,0.42504067428737885,0.2634438281513106,0.2914764336205828,20240220_P013T_A002,P013T_A002,20240220,40x,0.324,0.324,0.324,57,0.8032817660779079,"(153.68451254125148, 246.71458415567747, 249.4751833323935)",23.545753060154517,3,57
41,15958.0,17771.0,"(190.22997869407195, 288.87949617746585, 233.3960396039604)",0.89797985481965,542.767070592,394.3934573297352,0.8158871321439416,21.49700932700369,14.824930001018958,12.980438397066228,0.8755817664011937,0.6896275558850166,0.6038253135407406,0.41641457515860475,0.5286984346277563,20240220_P013T_A002,P013T_A002,20240220,40x,0.324,0.324,0.324,57,0.8389004120108479,"(153.68451254125148, 246.71458415567747, 249.4751833323935)",18.814303005656775,5,57
42,18335.0,21319.0,"(189.43512407962913, 263.62841559858197, 213.08230160894465)",0.8600309583001079,623.61412704,455.78207032042246,0.774469259573437,21.81179881694563,17.615583032752482,12.248478916261478,0.6953206654294666,0.8076171608123811,0.5615529016683214,0.453519760091324,0.3904593372618651,20240220_P013T_A002,P013T_A002,20240220,40x,0.324,0.324,0.324,57,0.834738869526854,"(153.68451254125148, 246.71458415567747, 249.4751833323935)",17.413683634948693,4,57
43,10805.0,11923.0,"(194.25765849143914, 188.78000925497454, 192.8266543267006)",0.9062316531074394,367.50208032,300.77839013704755,0.8249178386029125,19.29450097254128,14.229903981399614,9.818990575415697,0.6900250759422151,0.7375108587493773,0.5089009863167473,0.37532000343686944,0.35115444173028165,20240220_P013T_A002,P013T_A002,20240220,40x,0.324,0.324,0.324,57,0.8599877407928751,"(153.68451254125148, 246.71458415567747, 249.4751833323935)",29.36028394358703,4,57
44,1724.0,4214.0,"(183.74245939675174, 198.03712296983758, 254.00348027842227)",0.4091124822021832,58.637074176,167.8048993984138,0.43497171387575706,14.385329174834828,9.679544194012863,6.507980306771428,0.6723436740747402,0.672876100113573,0.45240398934744236,0.3044118320279295,0.304170960363929,20240220_P013T_A002,P013T_A002,20240220,40x,0.324,0.324,0.324,57,0.8049343423913704,"(153.68451254125148, 246.71458415567747, 249.4751833323935)",18.593989561104383,2,57
45,3646.0,4330.0,"(186.5030170049369, 224.68239166209545, 146.8036204059243)",0.8420323325635104,124.008568704,150.70124314343428,0.7979979081959463,11.121387273205364,10.052278315947431,8.457191160348682,0.841320832405901,0.9038691009498675,0.760443904397116,0.6873417481902281,0.639777298645375,20240220_P013T_A002,P013T_A002,20240220,40x,0.324,0.324,0.324,57,0.8193875235860572,"(153.68451254125148, 246.71458415567747, 249.4751833323935)",35.64577494268662,4,57
46,6425.0,7533.0,"(191.14147859922178, 263.37291828793775, 325.54661478599223)",0.852913845745387,218.5285392,218.38312606230795,0.8034098545822518,15.723657975899851,12.627730526400978,8.301172842700533,0.6573764640720794,0.8031038671634744,0.5279415804785377,0.42399192491871024,0.3470563694116063,20240220_P013T_A002,P013T_A002,20240220,40x,0.324,0.324,0.324,57,0.8436726628231507,"(153.68451254125148, 246.71458415567747, 249.4751833323935)",27.99815041590326,5,57
47,8390.0,10339.0,"(198.41215733015494, 206.63456495828368, 147.7636471990465)",0.8114904729664377,285.36255936,288.1505097739082,0.7274381270283706,20.957689660720025,12.199378199204137,8.444498951675119,0.6922073251426881,0.5820955647639365,0.4029308138626669,0.23454423965618165,0.278911660881443,20240220_P013T_A002,P013T_A002,20240220,40x,0.324,0.324,0.324,57,0.8817390436133766,"(153.68451254125148, 246.71458415567747, 249.4751833323935)",38.270704901670314,4,57
48,24197.0,26349.0,"(199.18109683018557, 223.02198619663594, 217.67764598917222)",0.9183270712361,822.993784128,498.21081382100243,0.8524495347867721,22.029082181441428,19.31569605013478,14.08908988977023,0.7294114513503085,0.8768270911625832,0.6395677211481691,0.5607903045358312,0.46650801971949535,20240220_P013T_A002,P013T_A002,20240220,40x,0.324,0.324,0.324,57,0.8857649048700815,"(153.68451254125148, 246.71458415567747, 249.4751833323935)",19.5540422479212,2,57
49,11717.0,13153.0,"(197.55125032004779, 182.40940513783391, 221.83903729623623)",0.8908233862997035,398.521228608,314.74627365715105,0.8320661115689055,18.919890195783125,14.799382903775166,10.575844110377647,0.7146138578305087,0.7822129383749626,0.55898020553707,0.4372415490665921,0.39945500112973625,20240220_P013T_A002,P013T_A002,20240220,40x,0.324,0.324,0.324,57,0.8772316770683131,"(153.68451254125148, 246.71458415567747, 249.4751833323935)",26.763269411248338,3,57
50,11002.0,13437.0,"(197.5714415560807, 259.2365933466642, 265.80503544810034)",0.8187839547518048,374.202488448,369.20453728113444,0.6801763736913242,29.018491931390166,12.33420555205827,8.123929656453068,0.6586504191262962,0.42504640079920875,0.2799569900345225,0.11899471099275376,0.18439378882357457,20240220_P013T_A002,P013T_A002,20240220,40x,0.324,0.324,0.324,57,0.8773373903459724,"(153.68451254125148, 246.71458415567747, 249.4751833323935)",15.704903063145181,4,57
51,11417.0,15815.0,"(206.78549531400543, 199.94061487255846, 181.3979153893317)",0.7219095795131204,388.317561408,356.2802084739177,0.7224655025067019,27.719086675354212,12.813388154550125,10.019341148686223,0.7819431541319759,0.46225867051899855,0.3614600028504795,0.16708802036345607,0.282641174721457,20240220_P013T_A002,P013T_A002,20240220,40x,0.324,0.324,0.324,57,0.9255785094974106,"(153.68451254125148, 246.71458415567747, 249.4751833323935)",31.81480873089089,3,57
52,13134.0,15713.0,"(203.58824425156084, 229.88525963149078, 311.06745850464443)",0.8358683892318463,446.716550016,397.24141278227114,0.7114061824482927,23.56199445159118,19.342115268141935,7.515571629404511,0.38855996488570615,0.8209031416199035,0.3189700958823956,0.2618435537926604,0.12393900925565395,20240220_P013T_A002,P013T_A002,20240220,40x,0.324,0.324,0.324,57,0.908838975139062,"(153.68451254125148, 246.71458415567747, 249.4751833323935)",26.2564309828096,2,57
53,10666.0,13162.0,"(206.585505344084, 234.52165760360023, 155.59225576598539)",0.8103631666919922,362.774381184,333.0717782409888,0.7385343428804024,23.256510813947735,14.20548364146857,8.702350416776712,0.6126050077853639,0.6108174934371088,0.37418985532247645,0.22856170949766946,0.22923057923302986,20240220_P013T_A002,P013T_A002,20240220,40x,0.324,0.324,0.324,57,0.9245314415920628,"(153.68451254125148, 246.71458415567747, 249.4751833323935)",35.137477471187324,3,57
54,14218.0,16573.0,"(209.43247995498663, 267.42917428611617, 298.20727247151495)",0.8579014059011646,483.585800832,393.1027197222981,0.7579265192507593,21.54489370150358,18.95073288097539,9.002370956134515,0.4750407814133658,0.8795927769953608,0.4178424401094286,0.36753119224237,0.19849219925725045,20240220_P013T_A002,P013T_A002,20240220,40x,0.324,0.324,0.324,57,0.9394370678271552,"(153.68451254125148, 246.71458415567747, 249.4751833323935)",24.91167424934077,4,57
55,15051.0,18155.0,"(212.07501162713442, 253.77855292007175, 239.73204438243306)",0.8290278160286423,511.917983424,437.4286612891868,0.707473993271135,31.68769854871634,12.294177353238801,10.75139974106929,0.8745115213615267,0.38797949729097114,0.33929254043300744,0.1316385492717747,0.29671523572068664,20240220_P013T_A002,P013T_A002,20240220,40x,0.324,0.324,0.324,57,0.9532723121839498,"(153.68451254125148, 246.71458415567747, 249.4751833323935)",19.31615828168317,5,57
56,10135.0,11470.0,"(211.66571287617168, 233.57237296497286, 188.4709422792304)",0.8836094158674804,344.71389024,291.2799248988411,0.8162303884706793,18.514772552407386,13.840518651013129,10.210419174846537,0.7377194043302078,0.747539221010496,0.5514741888373307,0.41224858553085325,0.40683321009256007,20240220_P013T_A002,P013T_A002,20240220,40x,0.324,0.324,0.324,57,0.9511293867862392,"(153.68451254125148, 246.71458415567747, 249.4751833323935)",27.59912320578708,3,57
57,16426.0,21036.0,"(211.88274686472664, 257.68866431267503, 264.6425179593328)",0.780851872979654,558.684791424,484.34491388487464,0.6772888827366658,32.38266833342415,14.752649005405083,9.168339811407149,0.6214707479346963,0.4555723714150499,0.2831249024016943,0.12898388319379445,0.17595384485451881,20240220_P013T_A002,P013T_A002,20240220,40x,0.324,0.324,0.324,57,0.952265690391239,"(153.68451254125148, 246.71458415567747, 249.4751833323935)",19.807805526878724,4,57
1,2720.0,4340.0,"(38.32573529411765, 273.98014705882355, 227.07389705882352)",0.6267281105990783,92.51324928,204.5286661892525,0.4836515249406751,14.17843579688033,11.776721076075498,5.388104382128977,0.4575216095654123,0.8306079207035463,0.38002107279806685,0.31564851310033326,0.1738678528953463,20240220_P013T_A009,P013T_A009,20240220,40x,0.324,0.324,0.324,24,0.12349771805273833,"(86.74963329081632, 241.78873166454082, 246.7029974489796)",19.88437046672624,1,24
2,16536.0,19221.0,"(49.975145137880986, 228.64840348330915, 237.63884857281084)",0.8603090369907913,562.426136064,438.94117743300114,0.7506799153770172,29.392414172031263,13.385486531980145,10.91441272238913,0.8153915583354246,0.4554061620673977,0.3713343401636904,0.16910794669777574,0.30278288628952815,20240220_P013T_A009,P013T_A009,20240220,40x,0.324,0.324,0.324,24,0.22392366498173263,"(86.74963329081632, 241.78873166454082, 246.7029974489796)",12.98908685317825,2,24
3,10757.0,13418.0,"(45.859812215301666, 254.86538997861857, 208.08840754857303)",0.8016843046653749,365.869493568,346.0506147834131,0.7148725681637913,23.51823598845969,13.386433384541643,8.940158531976854,0.6678521660818745,0.5691937690866915,0.3801372916048532,0.2163717777789731,0.25387551360679833,20240220_P013T_A009,P013T_A009,20240220,40x,0.324,0.324,0.324,24,0.1884466570284626,"(86.74963329081632, 241.78873166454082, 246.7029974489796)",18.708196035362324,1,24
4,13181.0,15650.0,"(57.4259160913436, 234.42113648433352, 212.04301646309082)",0.8422364217252396,448.315124544,377.4821020940373,0.7504297106202811,24.38562623977947,14.324954436422255,10.10001796979006,0.7050645790614187,0.587434347413003,0.41417915088496815,0.24330305921218293,0.2920230486747259,20240220_P013T_A009,P013T_A009,20240220,40x,0.324,0.324,0.324,24,0.2881544490633069,"(86.74963329081632, 241.78873166454082, 246.7029974489796)",14.902154956108166,2,24
5,11775.0,14346.0,"(51.488067940552014, 255.07575371549893, 274.02445859872614)",0.8207862818904225,400.4939376,350.4894466491652,0.749675197971145,23.73237709040737,13.35044859689044,10.282107517340672,0.770169439829577,0.5625415669923218,0.4332523235313289,0.24372244098237814,0.3336776993189862,20240220_P013T_A009,P013T_A009,20240220,40x,0.324,0.324,0.324,24,0.23696610293579326,"(86.74963329081632, 241.78873166454082, 246.7029974489796)",15.080399570670478,2,24
6,14928.0,18013.0,"(53.145163451232584, 232.04970525187568, 272.8650857449089)",0.828734802642536,507.734479872,412.87645396293226,0.7454555968293493,27.14009485145079,12.235758681233655,11.533580712769608,0.9426126334494486,0.4508369903718146,0.42496464275079987,0.191589780552204,0.40057704102623554,20240220_P013T_A009,P013T_A009,20240220,40x,0.324,0.324,0.324,24,0.2512514090623499,"(86.74963329081632, 241.78873166454082, 246.7029974489796)",14.15462479887527,1,24
7,1371.0,2209.0,"(51.39679066374909, 292.82421590080236, 242.68198395331873)",0.6206428248076052,46.630759104,98.70050034864485,0.6347651774851757,9.76107993074674,6.977842145306146,6.121740091511213,0.8773113469798374,0.7148637440542225,0.6271580742032596,0.448332569038778,0.5502128948485425,20240220_P013T_A009,P013T_A009,20240220,40x,0.324,0.324,0.324,24,0.23617922985990591,"(86.74963329081632, 241.78873166454082, 246.7029974489796)",20.15741642587452,0,24
8,6137.0,9119.0,"(62.01026560208571, 272.510510021183, 267.328173374613)",0.6729904594802062,208.73301868800002,246.18256922444306,0.6912273717030663,22.071337466672304,10.093249385650214,8.54307665894515,0.8464148989611832,0.4573012125291913,0.387066559597722,0.17700600703354077,0.32761890293315865,20240220_P013T_A009,P013T_A009,20240220,40x,0.324,0.324,0.324,24,0.3276747034662561,"(86.74963329081632, 241.78873166454082, 246.7029974489796)",14.421683158353444,3,24
9,4508.0,4883.0,"(61.76353149955634, 207.3005767524401, 263.56011535048805)",0.9232029490067581,153.327105792,157.1443783728883,0.8815857612521395,11.904345870515826,11.440166714532449,7.971807847886464,0.696826195527367,0.9610075882343913,0.6696552615823014,0.6435437878816778,0.4666333282432788,20240220_P013T_A009,P013T_A009,20240220,40x,0.324,0.324,0.324,24,0.325547685341003,"(86.74963329081632, 241.78873166454082, 246.7029974489796)",14.840121517617304,4,24
10,7760.0,9378.0,"(70.39677835051546, 197.68569587628866, 287.1604381443299)",0.8274685433994455,263.93485824,274.11422264925943,0.7259115767655029,22.241916361718644,12.717183010747712,7.064424946257498,0.5555023420113652,0.5717665152556598,0.31761763830819595,0.18160313023920976,0.17643734194432154,20240220_P013T_A009,P013T_A009,20240220,40x,0.324,0.324,0.324,24,0.39997222715961606,"(86.74963329081632, 241.78873166454082, 246.7029974489796)",20.101838755212995,2,24
11,1067.0,1279.0,"(62.5651358950328, 288.17900656044986, 271.23055295220246)",0.8342455043002346,36.291043008,66.04218202512563,0.8026551760486937,8.271729169510317,6.093527335349834,5.554280352288365,0.9115049538002097,0.7366691063593621,0.6714775397581321,0.4946567591540061,0.6120551038551146,20240220_P013T_A009,P013T_A009,20240220,40x,0.324,0.324,0.324,24,0.3324580680606276,"(86.74963329081632, 241.78873166454082, 246.7029974489796)",18.720776349919902,2,24
12,5988.0,7178.0,"(79.07331329325318, 188.1442885771543, 274.65280561122245)",0.834215658957927,203.665197312,227.0570065251331,0.7372709092091506,19.48457390370913,11.54876566322527,6.913644320153717,0.59864790071625,0.5927132777087222,0.35482655942697416,0.21031041305607054,0.2124161749193278,20240220_P013T_A009,P013T_A009,20240220,40x,0.324,0.324,0.324,24,0.474769942183217,"(86.74963329081632, 241.78873166454082, 246.7029974489796)",19.755616552211087,2,24
13,2442.0,3145.0,"(69.78542178542179, 277.8910728910729, 279.9140049140049)",0.7764705882352941,83.057851008,126.23215640094017,0.7292916649503937,13.368260602541806,9.350500516094066,5.185078255400903,0.5545241398015385,0.6994552839818358,0.3878648396796682,0.2712941115847115,0.21508041658262964,20240220_P013T_A009,P013T_A009,20240220,40x,0.324,0.324,0.324,24,0.39470191194329124,"(86.74963329081632, 241.78873166454082, 246.7029974489796)",16.81723718431541,3,24
14,20123.0,23702.0,"(91.5356060229588, 265.02340605277544, 204.1433185906674)",0.8490000843810649,684.427983552,521.8795121132108,0.7196683144428255,28.517010370194512,20.111212887474103,8.991897264444516,0.44710865101751035,0.7052356690410295,0.3153169686343661,0.2223727733348465,0.14098094448904205,20240220_P013T_A009,P013T_A009,20240220,40x,0.324,0.324,0.324,24,0.5822035001979207,"(86.74963329081632, 241.78873166454082, 246.7029974489796)",15.78675460143875,0,24
15,12028.0,13428.0,"(90.27144995011639, 202.85999334885267, 244.9299135350848)",0.8957402442657134,409.099030272,343.98861669073744,0.7747454245710409,25.548505821076674,13.013589384340708,9.17389271167011,0.7049471472266585,0.5093679245071516,0.35907746527008055,0.18290254322190974,0.25313063477552283,20240220_P013T_A009,P013T_A009,20240220,40x,0.324,0.324,0.324,24,0.5713056030182447,"(86.74963329081632, 241.78873166454082, 246.7029974489796)",12.677444268519034,1,24
16,14353.0,16302.0,"(96.52595276248867, 296.0466104647112, 231.27450707169234)",0.8804441172862225,488.177451072,389.93231147141523,0.7689180288530144,26.98194755776318,13.741175639724219,9.799324718501477,0.713135831709531,0.5092729355546701,0.3631807784639341,0.18495814118535805,0.25899722651079254,20240220_P013T_A009,P013T_A009,20240220,40x,0.324,0.324,0.324,24,0.6252237307111093,"(86.74963329081632, 241.78873166454082, 246.7029974489796)",18.548914117526458,0,24
17,16402.0,20168.0,"(101.45610291427874, 232.50201194976222, 211.13967808803804)",0.8132685442284807,557.868498048,473.6616797286696,0.6918900724089398,28.82035451269063,16.691631628170988,9.24562667009078,0.5539079028371707,0.5791612181876897,0.32080197577096425,0.1857960630845294,0.17769474962531567,20240220_P013T_A009,P013T_A009,20240220,40x,0.324,0.324,0.324,24,0.6677250251230926,"(86.74963329081632, 241.78873166454082, 246.7029974489796)",12.826771242455196,0,24
18,16805.0,20919.0,"(102.58066051770307, 233.8613507884558, 295.6365367450164)",0.8033366795735933,571.57542432,501.0029124533236,0.6648029004763424,26.895791774781376,21.870623699685364,7.756463561769323,0.3546521429053214,0.8131615489450725,0.28838948586158036,0.23450724102267576,0.10227794915217336,20240220_P013T_A009,P013T_A009,20240220,40x,0.324,0.324,0.324,24,0.6774194872215782,"(86.74963329081632, 241.78873166454082, 246.7029974489796)",16.86032013968932,0,24
19,15011.0,17178.0,"(114.881087202718, 230.2975817733662, 236.39371127839584)",0.8738502736057748,510.557494464,437.6575969666516,0.7058505488523091,30.2525072387532,15.705037494894151,8.011639680100556,0.5101318403541037,0.5191317655409444,0.2648256429416771,0.13747940358082858,0.1350959926067965,20240220_P013T_A009,P013T_A009,20240220,40x,0.324,0.324,0.324,24,0.7834576482992932,"(86.74963329081632, 241.78873166454082, 246.7029974489796)",10.39684955695064,2,24
20,13819.0,16500.0,"(111.82234604529995, 200.15428033866417, 274.44388161227295)",0.8375151515151515,470.014923456,408.16895907133846,0.7162290231291571,23.934836653924155,19.483930352628544,7.779381830683176,0.3992716915883285,0.8140406652591098,0.32502339343969305,0.26458225942042113,0.12977264010444506,20240220_P013T_A009,P013T_A009,20240220,40x,0.324,0.324,0.324,24,0.7570891900456892,"(86.74963329081632, 241.78873166454082, 246.7029974489796)",18.131339669260093,0,24
21,8646.0,11179.0,"(105.17823270876706, 287.8994910941476, 262.43395789960675)",0.7734144377851329,294.069688704,299.39473962764225,0.7142881855123179,19.20437547408849,13.75522766440618,9.09174647731223,0.6609666302244169,0.716254880715357,0.47342057488822126,0.33908979739475864,0.3129152020627738,20240220_P013T_A009,P013T_A009,20240220,40x,0.324,0.324,0.324,24,0.699812350937647,"(86.74963329081632, 241.78873166454082, 246.7029974489796)",16.876881429795695,0,24
22,16834.0,19485.0,"(122.06908637281691, 267.9629321611025, 233.14090531068078)",0.8639466256094431,572.561778816,428.67356182501493,0.7778675608546337,21.139290215817873,20.051488376102217,10.22620171214614,0.5099971393811316,0.9485412315829939,0.48375331469238225,0.4588599649006679,0.24671280665925527,20240220_P013T_A009,P013T_A009,20240220,40x,0.324,0.324,0.324,24,0.8454231583863527,"(86.74963329081632, 241.78873166454082, 246.7029974489796)",14.90570048324748,0,24
23,14574.0,19209.0,"(127.14635652531906, 237.5793879511459, 262.31405242212156)",0.7587068561611745,495.694152576,423.1245478262552,0.7158550611048842,29.15003328384642,12.70386541971856,11.554355662707625,0.9095149610742332,0.435809636854118,0.39637538489914886,0.17274421255080932,0.36050934276733365,20240220_P013T_A009,P013T_A009,20240220,40x,0.324,0.324,0.324,24,0.8891927286665436,"(86.74963329081632, 241.78873166454082, 246.7029974489796)",14.097980019947649,2,24
24,3115.0,3788.0,"(131.18459069020867, 233.83595505617978, 270.4491171749599)",0.8223336853220697,105.94807776,139.9640994290935,0.7736232704732756,10.584132170991184,10.47898555429778,7.561918234982909,0.721626935718173,0.9900656364645949,0.7144580314018083,0.7073603455870728,0.5155721598997253,20240220_P013T_A009,P013T_A009,20240220,40x,0.324,0.324,0.324,24,0.9240050921569712,"(86.74963329081632, 241.78873166454082, 246.7029974489796)",16.525874954395256,1,24
1,1023.0,1609.0,"(53.604105571847505, 286.04007820136854, 248.32355816226783)",0.6357986326911125,34.794505152,85.82872548578219,0.6005169044039248,9.168860954511388,6.2469968117992725,5.739156554907557,0.9187064965468669,0.6813274672603188,0.6259399704478776,0.42647009472225117,0.5750551172988191,20240220_P013T_A003,P013T_A003,20240220,40x,0.324,0.324,0.324,34,0.06083284457478006,"(114.87159101736708, 355.2754306908949, 144.99898674636356)",44.921879512450076,5,34
2,1095.0,1775.0,"(56.28767123287671, 292.59908675799085, 242.4283105022831)",0.6169014084507042,37.24338528,85.50007775864236,0.630788423905861,8.431435201341824,7.886226518483242,5.127960632729497,0.6502426250008043,0.9353361948661107,0.6081954626080037,0.5688672297306041,0.39547461411980683,20240220_P013T_A003,P013T_A003,20240220,40x,0.324,0.324,0.324,34,0.0823013698630137,"(114.87159101736708, 355.2754306908949, 144.99898674636356)",42.06123135125712,6,34
3,15633.0,21605.0,"(68.12454423335252, 310.45218448154543, 254.2071899187616)",0.7235825040499885,531.713097792,487.3983441003743,0.6512058812067268,22.326716842958913,18.13050112758895,10.546896403974593,0.5817211741558271,0.8120540630812315,0.4723890430536241,0.3836054417667502,0.2747987087835018,20240220_P013T_A003,P013T_A003,20240220,40x,0.324,0.324,0.324,34,0.1769963538668202,"(114.87159101736708, 355.2754306908949, 144.99898674636356)",41.13759168105076,7,34
4,4786.0,5859.0,"(62.188048474717924, 254.27287923109068, 192.66130380275806)",0.8168629458952039,162.782504064,195.14099586692862,0.7388235964264103,15.38531867119544,10.966334050861695,7.537764568252978,0.6873550024368159,0.7127791295862453,0.48993230035366525,0.3492135186022724,0.33675741750346844,20240220_P013T_A003,P013T_A003,20240220,40x,0.324,0.324,0.324,34,0.12950438779774343,"(114.87159101736708, 355.2754306908949, 144.99898674636356)",40.009431632282734,3,34
5,1033.0,1442.0,"(58.63988383349468, 288.56631171345595, 258.081316553727)",0.7163661581137309,35.134627392,80.95872339067589,0.6407825965425422,9.562555798089287,6.344037314482154,5.020725683816231,0.7914085991195117,0.663424867622709,0.5250401451063357,0.3483246887637787,0.41552128572011027,20240220_P013T_A003,P013T_A003,20240220,40x,0.324,0.324,0.324,34,0.1011190706679574,"(114.87159101736708, 355.2754306908949, 144.99898674636356)",46.276144033819705,7,34
6,8273.0,11311.0,"(69.79560014505016, 316.6319352109271, 221.3616584068657)",0.7314118999204314,281.383129152,309.9965264203863,0.6698732985388054,19.37157193413445,11.538569838260093,10.584879611833992,0.9173476228168405,0.5956444772521582,0.5464130452512469,0.32546791270243886,0.5012507081373421,20240220_P013T_A003,P013T_A003,20240220,40x,0.324,0.324,0.324,34,0.1903648011604013,"(114.87159101736708, 355.2754306908949, 144.99898674636356)",31.340066837456817,6,34
7,6537.0,9287.0,"(68.23267553923819, 233.62750497169955, 212.50849013308857)",0.7038871540863573,222.337908288,289.57332310405343,0.6129164132972603,20.369801995123144,11.023614629117889,7.959643952351337,0.722053901569332,0.5411743634894988,0.39075706058689247,0.21146770354213903,0.28214766016252957,20240220_P013T_A003,P013T_A003,20240220,40x,0.324,0.324,0.324,34,0.17786140431390546,"(114.87159101736708, 355.2754306908949, 144.99898674636356)",47.54189610928376,3,34
8,14694.0,17062.0,"(70.86205253845107, 409.96474751599294, 53.81856540084388)",0.8612120501699684,499.775619456,372.96806056040896,0.8165745865670565,19.95180631091477,14.341452744701467,13.45818479166522,0.9384115424873832,0.7188047298181659,0.6745346552558917,0.48485870062420094,0.6329911062998766,20240220_P013T_A003,P013T_A003,20240220,40x,0.324,0.324,0.324,34,0.19889642030760854,"(114.87159101736708, 355.2754306908949, 144.99898674636356)",37.28341937360607,5,34
9,15769.0,17106.0,"(84.94235525397933, 411.9244720654449, 84.46997273130826)",0.9218402899567403,536.338760256,383.4203476243559,0.8325974767938837,22.798751473081133,15.767270995317572,10.616538469941228,0.6733275830100235,0.6915848446321393,0.46566315188252094,0.3220455785455855,0.3135438445538873,20240220_P013T_A003,P013T_A003,20240220,40x,0.324,0.324,0.324,34,0.31153884203183463,"(114.87159101736708, 355.2754306908949, 144.99898674636356)",28.5573140129724,5,34
10,4692.0,7119.0,"(81.27152600170503, 221.39982949701619, 237.79262574595055)",0.6590813316477033,159.585355008,257.107507541608,0.553390104462491,18.964128180102293,13.827210270517138,5.627356096877208,0.4069769669212346,0.7291244890985837,0.29673687308133634,0.21635812098214066,0.12076507258033362,20240220_P013T_A003,P013T_A003,20240220,40x,0.324,0.324,0.324,34,0.28217220801364024,"(114.87159101736708, 355.2754306908949, 144.99898674636356)",53.88763909368401,3,34
11,2485.0,6433.0,"(78.14245472837023, 241.54446680080483, 272.5521126760563)",0.3862894450489663,84.52037664,233.80638624845477,0.3983535613554753,14.280731376592358,11.712276545250004,6.937403900874904,0.5923189974273974,0.8201454278768715,0.4857877175846924,0.39841657549582643,0.2877412938423087,20240220_P013T_A003,P013T_A003,20240220,40x,0.324,0.324,0.324,34,0.25713963782696175,"(114.87159101736708, 355.2754306908949, 144.99898674636356)",56.63382978069692,3,34
12,23685.0,25642.0,"(96.23031454507073, 284.83006122018156, 175.5409753008233)",0.9236799001637938,805.57952544,513.4237775475151,0.8154808367642692,28.69769830779409,17.170078101817865,11.742621358849616,0.6839002880019736,0.5983085443878471,0.40918338582089014,0.24481791595818764,0.27984063540852944,20240220_P013T_A003,P013T_A003,20240220,40x,0.324,0.324,0.324,34,0.4018425163605657,"(114.87159101736708, 355.2754306908949, 144.99898674636356)",25.59981457633005,4,34
13,21437.0,23199.0,"(103.43396930540653, 314.53626906750014, 193.84102253113775)",0.9240484503642399,729.120045888,486.95934897499313,0.80449640685737,26.548887948031876,18.47468938793927,10.792293929740122,0.5841664616448489,0.6958743215197019,0.40650644015167414,0.2828773932339355,0.23746742877924698,20240220_P013T_A003,P013T_A003,20240220,40x,0.324,0.324,0.324,34,0.45947175444325233,"(114.87159101736708, 355.2754306908949, 144.99898674636356)",20.937628415101862,4,34
14,12419.0,13976.0,"(93.42185361140189, 277.69651340687653, 289.35840244786215)",0.8885947338294219,422.397809856,361.0175567623604,0.7541138322966481,20.424014681662708,18.117152980303956,8.36370815581626,0.4616458317103607,0.8870515059201401,0.409503630220431,0.36325081186679753,0.18904564396152287,20240220_P013T_A003,P013T_A003,20240220,40x,0.324,0.324,0.324,34,0.3793748288912151,"(114.87159101736708, 355.2754306908949, 144.99898674636356)",53.55144741056423,6,34
15,13657.0,15890.0,"(97.99179907739621, 393.0608479168192, 74.90459105220766)",0.8594713656387665,464.504943168,372.52635174115676,0.7786112693305002,20.931824661994696,16.587468712764586,10.26839163433671,0.6190451244941825,0.7924521144533553,0.4905636178474555,0.38874817623710384,0.30368101588269464,20240220_P013T_A003,P013T_A003,20240220,40x,0.324,0.324,0.324,34,0.41593439261916965,"(114.87159101736708, 355.2754306908949, 144.99898674636356)",26.373459570309812,5,34
16,14873.0,16667.0,"(99.3137228534929, 407.266590465945, 35.360115645801116)",0.8923621527569449,505.863807552,373.6114247630595,0.8217752339745719,20.021146675048875,16.113591910052904,11.359385845177409,0.7049567786367077,0.8048286230345779,0.5673693934490732,0.4566351276815812,0.39997089990292145,20240220_P013T_A003,P013T_A003,20240220,40x,0.324,0.324,0.324,34,0.4265097828279432,"(114.87159101736708, 355.2754306908949, 144.99898674636356)",39.63648410114123,6,34
17,20660.0,24628.0,"(110.54123910939012, 311.40730880929334, 271.4127783155857)",0.8388825726815007,702.69254784,539.1313635744591,0.7089785442356064,31.35383446072917,19.460956795846883,8.689179071542956,0.44649290179798834,0.6206882548997898,0.2771329000421366,0.17201313610247168,0.12373787272350541,20240220_P013T_A003,P013T_A003,20240220,40x,0.324,0.324,0.324,34,0.516329912875121,"(114.87159101736708, 355.2754306908949, 144.99898674636356)",43.37682518994214,4,34
18,16791.0,18271.0,"(104.58019176940027, 328.20094098028704, 236.52677029360967)",0.9189973181544524,571.099253184,414.35918308303667,0.8033686579521733,24.21448561877007,17.37082638677278,9.681485836351696,0.5573416958288051,0.7173733384329103,0.3998220729845695,0.28682169527610735,0.22283751218700826,20240220_P013T_A003,P013T_A003,20240220,40x,0.324,0.324,0.324,34,0.46864153415520216,"(114.87159101736708, 355.2754306908949, 144.99898674636356)",31.10446583534571,5,34
19,12441.0,14427.0,"(103.37681858371513, 230.96921469335263, 196.43654047102322)",0.8623414431274693,423.146078784,370.33005937776664,0.7360184597617144,22.49777861150753,18.005368714157484,7.816995981725534,0.43414806471466977,0.8003176235785254,0.3474563474336604,0.27807543827538156,0.15084750081115159,20240220_P013T_A003,P013T_A003,20240220,40x,0.324,0.324,0.324,34,0.4590145486697211,"(114.87159101736708, 355.2754306908949, 144.99898674636356)",43.7459840651879,5,34
20,18831.0,20649.0,"(113.28421220328183, 437.4398598056396, 32.98895438372896)",0.91195699549615,640.484190144,438.7422621171502,0.8189931393345763,26.538726525669976,13.964189633522766,12.498364785791871,0.8950297234425977,0.5261816018193525,0.4709481735569581,0.24780426433609862,0.42151261353448066,20240220_P013T_A003,P013T_A003,20240220,40x,0.324,0.324,0.324,34,0.5382736976262547,"(114.87159101736708, 355.2754306908949, 144.99898674636356)",45.01123928227072,6,34
21,1126.0,1867.0,"(105.82326820603907, 241.02486678507992, 277.7371225577265)",0.6031065881092662,38.297764224,102.65777688907997,0.5352309475197626,10.667352279640294,6.81852321647024,5.211859749502582,0.7643678233599411,0.639195466478038,0.48858044741336015,0.31229840699643124,0.3734551731255763,20240220_P013T_A003,P013T_A003,20240220,40x,0.324,0.324,0.324,34,0.4785861456483126,"(114.87159101736708, 355.2754306908949, 144.99898674636356)",56.81973154876899,4,34
22,15988.0,18331.0,"(124.05447835876907, 390.47923442581936, 50.51238428821616)",0.8721837324750423,543.7874373120001,422.37775619268666,0.7627856821664264,22.204829128419945,19.050207312801955,9.740841329234394,0.5113246889805991,0.8579308222831405,0.4386812108707965,0.3763581319625462,0.22430853371014262,20240220_P013T_A003,P013T_A003,20240220,40x,0.324,0.324,0.324,34,0.6244358268701526,"(114.87159101736708, 355.2754306908949, 144.99898674636356)",32.804662016524425,7,34
23,21227.0,23035.0,"(123.65939605219768, 426.85532576435673, 88.34489094078296)",0.9215107445192099,721.977478848,450.2617790874694,0.8643735624175061,20.95820628656602,17.599999762235615,14.106984869296202,0.8015332420381965,0.8397665106253401,0.6731007738166326,0.5652474881272098,0.5395126454556644,20240220_P013T_A003,P013T_A003,20240220,40x,0.324,0.324,0.324,34,0.6212751684175815,"(114.87159101736708, 355.2754306908949, 144.99898674636356)",29.713809245120316,7,34
24,11456.0,13151.0,"(132.56948324022346, 282.4451815642458, 285.97189245810057)",0.8711124629305756,389.64403814400004,342.8118562573837,0.7525585850884147,23.58679236238796,15.217441508829824,8.061012782541683,0.5297219495053969,0.6451679090157212,0.3417596025221284,0.22049232814524558,0.1810375629102114,20240220_P013T_A003,P013T_A003,20240220,40x,0.324,0.324,0.324,34,0.6925558659217877,"(114.87159101736708, 355.2754306908949, 144.99898674636356)",51.72933786634841,4,34
25,14145.0,16113.0,"(126.66709084482149, 462.41901732060796, 80.4045245669848)",0.8778625954198473,481.10290848,358.3228253295416,0.8286446020450735,17.714744183317382,15.681055172564385,12.988631619628226,0.8283008685763168,0.8851979464276883,0.7332102278880263,0.6490361880262583,0.6073186686086913,20240220_P013T_A003,P013T_A003,20240220,40x,0.324,0.324,0.324,34,0.6453367267585719,"(114.87159101736708, 355.2754306908949, 144.99898674636356)",40.71498854691312,6,34
26,16209.0,18257.0,"(136.30137577888829, 256.2578814239003, 187.5547535319884)",0.8878238483869201,551.304138816,417.7427400638799,0.7783400573440336,21.75439163204986,19.47788877929378,9.653516983974837,0.4956141342298418,0.8953543316098898,0.4437502618897742,0.39731371913603236,0.21992890186076597,20240220_P013T_A003,P013T_A003,20240220,40x,0.324,0.324,0.324,34,0.7224110062311062,"(114.87159101736708, 355.2754306908949, 144.99898674636356)",35.6027264359591,3,34
27,14967.0,17523.0,"(141.494554686978, 452.58956370682165, 31.978686443509055)",0.8541345659989728,509.060956608,396.2834661423879,0.7780210805419614,25.572109159322412,13.778077722940944,10.839417927054937,0.7867148193689572,0.5387931686471036,0.4238765703494342,0.22838180045383857,0.33346997947718815,20240220_P013T_A003,P013T_A003,20240220,40x,0.324,0.324,0.324,34,0.7639564374958242,"(114.87159101736708, 355.2754306908949, 144.99898674636356)",49.086172115066276,5,34
28,22228.0,24813.0,"(140.98884290084578, 303.37830664027354, 205.85329314378262)",0.8958207391286825,756.023715072,506.67320257387246,0.792099613662403,28.2934354722472,17.329529990663215,11.484265833958428,0.6626992099696823,0.6124929582221151,0.4058985995257893,0.24861003396176432,0.268988681233541,20240220_P013T_A003,P013T_A003,20240220,40x,0.324,0.324,0.324,34,0.7599107432067662,"(114.87159101736708, 355.2754306908949, 144.99898674636356)",27.25968360807885,5,34
29,20719.0,22045.0,"(147.1241855301897, 415.843863120807, 42.813649307399004)",0.9398503061918803,704.699269056,438.322684633832,0.8736940761619635,22.378164448238323,16.318377971724573,13.640644072584255,0.835906858893689,0.7292098513919538,0.6095515163513819,0.44449097065433135,0.5095282933671688,20240220_P013T_A003,P013T_A003,20240220,40x,0.324,0.324,0.324,34,0.8089934842415174,"(114.87159101736708, 355.2754306908949, 144.99898674636356)",39.880449224872194,8,34
30,14248.0,15805.0,"(147.2099241998877, 463.70943290286357, 55.963644020213366)",0.9014868712432774,484.606167552,361.8505789267008,0.824544585327448,21.23418263933132,15.747289361995522,10.825976000793375,0.6874818739865646,0.7416009191155482,0.5098371896237157,0.3780957284242356,0.3505038265505556,20240220_P013T_A003,P013T_A003,20240220,40x,0.324,0.324,0.324,34,0.8096793935991017,"(114.87159101736708, 355.2754306908949, 144.99898674636356)",46.65036665338722,6,34
31,19566.0,20910.0,"(152.6523561279771, 412.28851068179495, 78.02550342430747)",0.9357245337159253,665.483174784,425.46781112330154,0.8663807656234218,22.560450937949014,16.041827140774416,13.074020945761957,0.8149957502366412,0.7110596851497504,0.5795106215616506,0.4120666401085634,0.47229869378973965,20240220_P013T_A003,P013T_A003,20240220,40x,0.324,0.324,0.324,34,0.8532188490238168,"(114.87159101736708, 355.2754306908949, 144.99898674636356)",31.014983509946763,6,34
32,12350.0,13779.0,"(158.60744939271254, 441.8228340080972, 76.30404858299595)",0.8962914580158212,420.0509664,329.64042549561754,0.8228329046601726,21.542262736628434,13.036003995101053,11.104118169941687,0.8518038329931955,0.6051362456431219,0.5154573735219231,0.31192193980212085,0.4390685665105794,20240220_P013T_A003,P013T_A003,20240220,40x,0.324,0.324,0.324,34,0.9008595951417004,"(114.87159101736708, 355.2754306908949, 144.99898674636356)",38.50324292246577,6,34
33,2074.0,3877.0,"(151.5284474445516, 255.0433944069431, 265.6268081002893)",0.5349497033789012,70.541352576,173.0539466818602,0.4770879760970761,17.237546349141457,8.173444556078943,5.591894747609919,0.684153995202792,0.4741651967471597,0.32440201374068717,0.1538201446705277,0.22194093375252213,20240220_P013T_A003,P013T_A003,20240220,40x,0.324,0.324,0.324,34,0.8442275795564127,"(114.87159101736708, 355.2754306908949, 144.99898674636356)",52.184379347474525,2,34
34,13180.0,18365.0,"(157.351062215478, 293.6864188163885, 247.86479514415782)",0.7176694799891097,448.28111232000003,469.66641724541114,0.6031077519643971,22.80298777350196,21.280817887745343,7.982565621228018,0.3751061478621465,0.9332469104103347,0.35006665356827044,0.32669862288027335,0.13131215391498646,20240220_P013T_A003,P013T_A003,20240220,40x,0.324,0.324,0.324,34,0.890808497723824,"(114.87159101736708, 355.2754306908949, 144.99898674636356)",41.21184020795525,4,34
1,13913.0,16058.0,"(24.154675483360887, 275.88614964421765, 232.20204125637892)",0.8664217212604309,473.212072512,390.9757061954084,0.7511123374279274,23.39587054362027,16.394368097589528,9.32592937035225,0.5688495777841811,0.7007376821915287,0.39861433465211676,0.27932408495244265,0.22675159596557887,20240305_P013T_D004,P013T_D004,20240305,40x,0.324,0.324,0.324,10,0.13880199625623832,"(53.44339254665776, 264.8871288699665, 247.75213703466193)",11.319675706591166,2,10
2,6140.0,6740.0,"(19.735179153094464, 270.6547231270358, 258.2903908794788)",0.9109792284866469,208.83505536,197.35547905661872,0.8625227079327605,14.456979054002508,11.224819122957008,9.190069325423018,0.8187276093053011,0.7764290922071541,0.6356839344578484,0.4935635001617793,0.520451987932462,20240305_P013T_D004,P013T_D004,20240305,40x,0.324,0.324,0.324,10,0.10677666052967001,"(53.44339254665776, 264.8871288699665, 247.75213703466193)",11.594328061284125,1,10
3,24548.0,27295.0,"(36.96268535114877, 232.30792732605508, 260.74368583998694)",0.8993588569335043,834.9320747520001,536.0181626913562,0.7999669574244196,28.922496922373682,17.886145204442784,11.771445519072795,0.6581320560983066,0.6184163577732644,0.4069996290661445,0.2516952282221548,0.2678595027085498,20240305_P013T_D004,P013T_D004,20240305,40x,0.324,0.324,0.324,10,0.23161366196484617,"(53.44339254665776, 264.8871288699665, 247.75213703466193)",12.555986272713355,1,10
4,21023.0,22528.0,"(40.29776911002236, 240.26556628454549, 231.73486181800885)",0.9331942471590909,715.038985152,464.6633611984408,0.8322085540655457,26.54129004268824,15.535144464792054,12.329149351467402,0.793629526871119,0.5853198710313545,0.4645271323148783,0.27189696117710954,0.3686624482378546,20240305_P013T_D004,P013T_D004,20240305,40x,0.324,0.324,0.324,10,0.25578093557987214,"(53.44339254665776, 264.8871288699665, 247.75213703466193)",10.426468331398697,1,10
5,19655.0,22400.0,"(42.544085474433984, 257.74006614093105, 296.76794708725515)",0.8774553571428572,668.51026272,480.23610907809945,0.7699006719560558,23.337985677007552,18.81219263835193,11.331358199668285,0.602341174019627,0.8060761069403515,0.4855328286036217,0.3913764122725443,0.29245641400617584,20240305_P013T_D004,P013T_D004,20240305,40x,0.324,0.324,0.324,10,0.2720585903944492,"(53.44339254665776, 264.8871288699665, 247.75213703466193)",16.43298179023441,0,10
6,11911.0,13789.0,"(49.713122323902276, 262.1681638821258, 210.23994626815548)",0.8638044818333455,405.119600064,345.8350929368628,0.7656034837830972,20.88121764143501,16.20158654946763,9.225410700167338,0.5694140306567986,0.7758928060458746,0.4418042500481952,0.3427927392928874,0.2515695387812469,20240305_P013T_D004,P013T_D004,20240305,40x,0.324,0.324,0.324,10,0.32400813278190055,"(53.44339254665776, 264.8871288699665, 247.75213703466193)",12.245623366985244,1,10
7,18558.0,20103.0,"(62.71225347559004, 307.26500700506523, 270.091766354133)",0.9231457991344575,631.198852992,462.0712543285905,0.7701097824601341,23.031874662080906,21.94748592215553,8.9464414405851,0.4076294420379991,0.9529179124220102,0.38843739694859897,0.37014895340689863,0.1583385193848502,20240305_P013T_D004,P013T_D004,20240305,40x,0.324,0.324,0.324,10,0.4182047353303626,"(53.44339254665776, 264.8871288699665, 247.75213703466193)",15.809259121819897,0,10
8,14728.0,18122.0,"(74.39496197718631, 296.5523492667029, 228.04739272134708)",0.812713828495751,500.932035072,411.8397862662114,0.7406420441163298,28.23418723075932,13.753645145938005,10.46281470583679,0.76073030784329,0.48712736207098245,0.37057254810714824,0.18051602781535736,0.28190576859982325,20240305_P013T_D004,P013T_D004,20240305,40x,0.324,0.324,0.324,10,0.5028620433129443,"(53.44339254665776, 264.8871288699665, 247.75213703466193)",13.859973949962706,1,10
9,19582.0,23517.0,"(103.08563987335307, 278.14615463180473, 233.442191808804)",0.8326742356593103,666.027370368,491.8257880364206,0.7498957275134323,25.782793872085293,18.964368626452373,10.509685159947693,0.5541805987302051,0.7355435846300915,0.4076239841224654,0.2998252064626377,0.22589730357777948,20240305_P013T_D004,P013T_D004,20240305,40x,0.324,0.324,0.324,10,0.7107655063286454,"(53.44339254665776, 264.8871288699665, 247.75213703466193)",17.281471823919684,0,10
10,1203.0,2133.0,"(137.7057356608479, 89.77472984206152, 88.74147963424771)",0.5639943741209564,40.916705472000004,106.81510084409504,0.537590899553557,12.096299091301596,6.390781537261525,5.632509826087363,0.8813491422366654,0.5283253571215937,0.46563910032099654,0.24600894396686804,0.4103906216597628,20240305_P013T_D004,P013T_D004,20240305,40x,0.324,0.324,0.324,10,0.9616357656583181,"(53.44339254665776, 264.8871288699665, 247.75213703466193)",81.35489929410322,0,10
1,6000.0,7203.0,"(38.3355, 334.59866666666665, 401.9691666666667)",0.8329862557267805,204.073344,222.16217058108566,0.7545213536595639,16.42054343177462,11.235275673795543,8.577573685367586,0.7634502200398504,0.6842206971088843,0.5223684417635975,0.3574152993711704,0.39880230180629234,20240305_P013T_D002,P013T_D002,20240305,40x,0.324,0.324,0.324,36,0.11604746835443037,"(110.1235659218607, 294.5581209983013, 310.4418283679603)",39.85861822027221,6,36
2,19602.0,22945.0,"(43.99795939189879, 312.8152739516376, 384.0750943781247)",0.8543037698845064,666.707614848,476.8554571301856,0.7739643872098516,20.122462738855905,16.667922202062027,14.768565375141115,0.8860471746930798,0.8283241677906921,0.7339342886009392,0.6079355088184266,0.6503004028252376,20240305_P013T_D002,P013T_D002,20240305,40x,0.324,0.324,0.324,36,0.15188581893606826,"(110.1235659218607, 294.5581209983013, 310.4418283679603)",32.6063422304493,6,36
3,9984.0,11123.0,"(47.32702323717949, 336.2217548076923, 426.16997195512823)",0.8975995684617459,339.578044416,287.7120986336222,0.8181238779341675,19.185177712708025,12.983204506204567,9.865857252314637,0.7598938495962091,0.676731000391237,0.5142437250283908,0.3480046704833791,0.39077064384251825,20240305_P013T_D002,P013T_D002,20240305,40x,0.324,0.324,0.324,36,0.1729558432732879,"(110.1235659218607, 294.5581209983013, 310.4418283679603)",44.745171133865114,7,36
4,4390.0,5965.0,"(42.05671981776765, 357.3348519362187, 402.92095671981775)",0.7359597652975691,149.31366336,213.00302697623954,0.6389958679891696,14.7526619481473,10.930707672131536,7.478718707099627,0.6841934604259016,0.7409312102826473,0.5069402887008359,0.37560788164814496,0.3468452303555304,20240305_P013T_D002,P013T_D002,20240305,40x,0.324,0.324,0.324,36,0.1395994925175168,"(110.1235659218607, 294.5581209983013, 310.4418283679603)",42.4011939256618,4,36
5,21620.0,24426.0,"(53.04592969472711, 369.73806660499537, 349.44555966697504)",0.8851224105461394,735.34428288,498.9112016504762,0.789686444403438,22.451645934674065,19.638212561883872,12.112202822882491,0.6167670700535782,0.874689215170405,0.5394795044481145,0.47187690434624036,0.33273319331242,20240305_P013T_D002,P013T_D002,20240305,40x,0.324,0.324,0.324,36,0.2091514537640956,"(110.1235659218607, 294.5581209983013, 310.4418283679603)",33.09112712556869,1,36
6,9504.0,11567.0,"(56.10374579124579, 304.2444234006734, 425.01473063973066)",0.8216477911299386,323.252176896,326.35732657790976,0.6979404939313721,21.588449227051765,14.996345596618635,7.649884091518873,0.5101165508778194,0.6946467270019199,0.3543507924567856,0.24614861819064268,0.18076020404887747,20240305_P013T_D002,P013T_D002,20240305,40x,0.324,0.324,0.324,36,0.2285047201977582,"(110.1235659218607, 294.5581209983013, 310.4418283679603)",41.16064599137494,7,36
7,8687.0,10611.0,"(61.530793139173475, 317.93772303441926, 440.7292506043513)",0.8186787296202055,295.464189888,316.09271950482065,0.6786922129562096,21.915358626329276,13.772192633737887,7.549158113385977,0.54814496966102,0.628426523542803,0.34446883768155007,0.21647335413304664,0.18881886058012007,20240305_P013T_D002,P013T_D002,20240305,40x,0.324,0.324,0.324,36,0.2628531211340093,"(110.1235659218607, 294.5581209983013, 310.4418283679603)",45.68592529045957,5,36
8,12093.0,13816.0,"(65.3712891755561, 362.204911932523, 437.94079219383116)",0.8752895193977996,411.309824832,341.83280886508925,0.7824377036779673,19.172965415154298,16.237767480592908,9.775210576455114,0.602004591341653,0.8469095483663986,0.5098434365676576,0.43179127460108757,0.3069280896791367,20240305_P013T_D002,P013T_D002,20240305,40x,0.324,0.324,0.324,36,0.28716005807313993,"(110.1235659218607, 294.5581209983013, 310.4418283679603)",48.96029210633282,6,36
9,29469.0,31912.0,"(78.87583562387594, 336.5641521598968, 333.561607112559)",0.923445725745801,1002.306229056,604.1767591982921,0.8016541812813213,26.706392324887464,21.80877134046252,12.482455357429595,0.5723594035887061,0.8166124078144059,0.4673957906997906,0.38168120204567413,0.2675183760048038,20240305_P013T_D002,P013T_D002,20240305,40x,0.324,0.324,0.324,36,0.3726318710371895,"(110.1235659218607, 294.5581209983013, 310.4418283679603)",18.54302547365626,3,36
10,14873.0,16506.0,"(70.50648826733006, 281.0846500369798, 396.1530289786862)",0.9010662789288744,505.863807552,395.6834063775386,0.775935030510961,25.010560522758855,15.52482769989741,9.398626407126605,0.6053932828632109,0.6207308982847579,0.37578631628723946,0.2332621776720983,0.22749851167220483,20240305_P013T_D002,P013T_D002,20240305,40x,0.324,0.324,0.324,36,0.31966131814765864,"(110.1235659218607, 294.5581209983013, 310.4418283679603)",30.90331153878126,5,36
11,31278.0,40199.0,"(76.40255131402263, 191.50076731248802, 169.77933371698958)",0.7780790566929525,1063.834342272,717.2752208432038,0.702609957814614,32.55243111886293,22.423978352168902,11.84005771281676,0.5280087916099669,0.6888572552473673,0.363722686934921,0.2505530117931872,0.19204877640963794,20240305_P013T_D002,P013T_D002,20240305,40x,0.324,0.324,0.324,36,0.356978172873561,"(110.1235659218607, 294.5581209983013, 310.4418283679603)",57.544317676192705,2,36
12,16772.0,18588.0,"(84.45754829477701, 293.29620796565706, 355.41455998092056)",0.9023025607919087,570.453020928,426.29122755520837,0.7802928938281104,26.925469537253953,15.888194801735885,9.784689308065474,0.6158465093212752,0.5900805101932597,0.3633990224210361,0.2144346805539368,0.22379801944875888,20240305_P013T_D002,P013T_D002,20240305,40x,0.324,0.324,0.324,36,0.4079591664226393,"(110.1235659218607, 294.5581209983013, 310.4418283679603)",16.782084959076638,5,36
13,9124.0,12350.0,"(81.46098202542744, 405.87297238053486, 411.9849846558527)",0.7387854251012146,310.327531776,362.7466362090333,0.6110746515150817,23.107717993726784,17.643032970229807,6.398464937756708,0.3626624145946583,0.7635125621240265,0.2768973093532535,0.2114145741095518,0.100420246804815,20240305_P013T_D002,P013T_D002,20240305,40x,0.324,0.324,0.324,36,0.38899355712295847,"(110.1235659218607, 294.5581209983013, 310.4418283679603)",49.6931427989101,3,36
14,13519.0,15216.0,"(92.0105037354834, 386.4958206967971, 434.37510170870627)",0.8884726603575184,459.81125625600004,372.71996583192634,0.7729555727334679,20.334849855727654,18.939301321863358,8.720489859363799,0.46044411624081105,0.9313715840655092,0.42884456591684766,0.39941364267586016,0.19745895715825718,20240305_P013T_D002,P013T_D002,20240305,40x,0.324,0.324,0.324,36,0.45576268187014807,"(110.1235659218607, 294.5581209983013, 310.4418283679603)",50.34013335682146,4,36
15,13150.0,14933.0,"(94.77634980988593, 344.3054752851711, 438.3841825095057)",0.8806000133931561,447.2607456,357.71992664597315,0.7906449725790727,25.670365547961246,12.022478714778249,10.97097986624955,0.9125389303258922,0.4683407679690436,0.4273791834304779,0.20015909498181278,0.39000014289120155,20240305_P013T_D002,P013T_D002,20240305,40x,0.324,0.324,0.324,36,0.4732680367714299,"(110.1235659218607, 294.5581209983013, 310.4418283679603)",44.75375101449487,7,36
16,57405.0,61270.0,"(107.73061580001742, 189.55918474000524, 137.17237174462156)",0.9369185572058103,1952.4717187200001,864.6154096237154,0.8737442302964725,26.28572596616134,25.453592394008016,20.942771237898445,0.8227825335502954,0.9683427586050101,0.7967355082701123,0.7715130599568454,0.6555400600639654,20240305_P013T_D002,P013T_D002,20240305,40x,0.324,0.324,0.324,36,0.5552570620254267,"(110.1235659218607, 294.5581209983013, 310.4418283679603)",65.64723537334602,2,36
17,11240.0,12977.0,"(105.95996441281139, 274.6526690391459, 390.43487544483986)",0.8661477999537643,382.29739776,369.56850130070586,0.6892711010569297,22.687150744052964,18.96126091312957,6.532198532433676,0.34450232831881494,0.8357709228030731,0.2879250288468232,0.24063936705741087,0.09919084281899254,20240305_P013T_D002,P013T_D002,20240305,40x,0.324,0.324,0.324,36,0.5440504076760214,"(110.1235659218607, 294.5581209983013, 310.4418283679603)",26.74217211936884,4,36
18,9210.0,11199.0,"(107.50933767643865, 398.4086862106406, 346.7923995656895)",0.8223948566836324,313.25258304,311.90430883094905,0.7151423939443337,20.40917477819989,16.46846192884703,7.392619585118277,0.4488955688186626,0.8069146404899162,0.3622204065308276,0.29228094911393404,0.16259913542738305,20240305_P013T_D002,P013T_D002,20240305,40x,0.324,0.324,0.324,36,0.5538565675723965,"(110.1235659218607, 294.5581209983013, 310.4418283679603)",35.659343604486416,5,36
19,25629.0,28454.0,"(118.80607905107496, 291.41133091419874, 415.6740411252878)",0.9007169466507345,871.699288896,562.6706633855018,0.7842857301021927,30.212191271733218,18.554781459807955,11.325348315449137,0.6103735762116789,0.6141488147259271,0.3748602083704279,0.23021995265861236,0.2288047659625132,20240305_P013T_D002,P013T_D002,20240305,40x,0.324,0.324,0.324,36,0.6253549307030061,"(110.1235659218607, 294.5581209983013, 310.4418283679603)",34.226282422150206,5,36
20,28672.0,31770.0,"(115.43157087053571, 214.68659319196428, 187.66709681919642)",0.9024866225999371,975.198486528,583.2306309419025,0.8154033262918515,26.468042284087534,20.76924997622874,12.943449357031975,0.6232025408643204,0.7846915821467882,0.489021787788722,0.3837312803641832,0.30475962068794404,20240305_P013T_D002,P013T_D002,20240305,40x,0.324,0.324,0.324,36,0.6039972839907324,"(110.1235659218607, 294.5581209983013, 310.4418283679603)",47.48702833560159,4,36
21,18025.0,19280.0,"(118.21908460471568, 246.74957004160888, 116.89054091539528)",0.9349066390041494,613.0703376,411.86438877792534,0.8473641463315199,22.68840301697269,16.6042142098959,11.563097045957084,0.6963953186694993,0.7318370621975755,0.5096479041432307,0.3729792249233335,0.35491641461506757,20240305_P013T_D002,P013T_D002,20240305,40x,0.324,0.324,0.324,36,0.6216397759792132,"(110.1235659218607, 294.5581209983013, 310.4418283679603)",64.6485927479941,2,36
22,7314.0,9967.0,"(121.46540880503144, 371.3218485097074, 332.51121137544436)",0.7338216113173472,248.765406336,272.8898480483173,0.7009548893323404,17.804355886850676,15.230928752250945,7.972007891450655,0.5234091775442447,0.8554608124576794,0.44775604026980526,0.383037745992041,0.23435962077808642,20240305_P013T_D002,P013T_D002,20240305,40x,0.324,0.324,0.324,36,0.6421861316774142,"(110.1235659218607, 294.5581209983013, 310.4418283679603)",26.13851787414208,6,36
23,16651.0,17959.0,"(120.30532700738695, 328.90895441715213, 444.7813945108402)",0.9271674369396959,566.337541824,392.31189200812713,0.8437935847355024,21.326462339861113,16.939311338559623,11.2102947865012,0.6617916491671514,0.7942860409107092,0.5256518689247457,0.4175179418655513,0.34787201722350275,20240305_P013T_D002,P013T_D002,20240305,40x,0.324,0.324,0.324,36,0.6348438418189047,"(110.1235659218607, 294.5581209983013, 310.4418283679603)",45.047381738653606,3,36
24,17939.0,19527.0,"(128.58370031774348, 410.7025475221584, 385.8312614972964)",0.9186767040508015,610.145286336,424.1420649154528,0.8202160911180881,20.604214067539687,20.26319438129243,10.618246137601213,0.5240163982932665,0.9834490320703614,0.5153434196905099,0.506813987278462,0.27004840267035624,20240305_P013T_D002,P013T_D002,20240305,40x,0.324,0.324,0.324,36,0.6872386096059713,"(110.1235659218607, 294.5581209983013, 310.4418283679603)",45.260226715178376,5,36
25,10341.0,11634.0,"(124.9366598974954, 387.00193404893145, 427.13712406923895)",0.8888602372356885,351.720408384,292.12121459287744,0.8248710707378214,18.424368179917494,14.172990366287399,9.92332221391202,0.7001572679761459,0.7692524502270811,0.5385976939349492,0.41431759574611526,0.3771030899237464,20240305_P013T_D002,P013T_D002,20240305,40x,0.324,0.324,0.324,36,0.6641560753006038,"(110.1235659218607, 294.5581209983013, 310.4418283679603)",48.473560156683874,6,36
26,1562.0,2530.0,"(123.82778489116517, 330.4699103713188, 326.9955185659411)",0.6173913043478261,53.127093888,124.26428609798842,0.5499820331068075,12.93593010554594,9.77188535483779,3.4983312477820143,0.3579996204161449,0.7554064744558531,0.27043523111509365,0.2042885245053067,0.09681571008635595,20240305_P013T_D002,P013T_D002,20240305,40x,0.324,0.324,0.324,36,0.6571378790580074,"(110.1235659218607, 294.5581209983013, 310.4418283679603)",13.559649259778663,4,36
27,24088.0,26711.0,"(138.28337761541016, 306.2385835270674, 368.1133759548323)",0.9018007562427465,819.286451712,519.5035166176956,0.8150535590661074,25.58833453175262,18.25858701155451,12.809382078433863,0.701553853555467,0.7135512078325141,0.5005945995640582,0.3571998811533674,0.35119407039322087,20240305_P013T_D002,P013T_D002,20240305,40x,0.324,0.324,0.324,36,0.7486289722494314,"(110.1235659218607, 294.5581209983013, 310.4418283679603)",21.135669094805415,5,36
28,49918.0,54269.0,"(146.24712528546817, 205.74251772907567, 142.1710004407228)",0.9198253146363485,1697.822197632,813.765075016883,0.8457588463810313,27.649549764961016,24.328553945618896,18.18195844821613,0.7473505613551006,0.879889696303458,0.6575860584629583,0.5786031972743604,0.4914473099315798,20240305_P013T_D002,P013T_D002,20240305,40x,0.324,0.324,0.324,36,0.7990324385156213,"(110.1235659218607, 294.5581209983013, 310.4418283679603)",62.749185024704104,2,36
29,1798.0,2095.0,"(138.58509454949944, 381.06173526140157, 315.9332591768632)",0.8582338902147971,61.153978752,90.9820086769011,0.8250464798301103,9.278099261476079,8.419323446273367,5.675915180271672,0.6741533588169717,0.9074405445554495,0.6117540910387581,0.5551304655062348,0.4124160752438023,20240305_P013T_D002,P013T_D002,20240305,40x,0.324,0.324,0.324,36,0.7505385730980978,"(110.1235659218607, 294.5581209983013, 310.4418283679603)",29.558833956090822,3,36
30,18162.0,20075.0,"(155.62691333553573, 348.3382336747054, 432.84418015637044)",0.9047073474470735,617.730012288,446.15023908030133,0.7862043862190241,26.66780853296526,15.482247174770427,11.05335901449046,0.7139376402995815,0.5805594095079892,0.4144832148778522,0.24063213048045887,0.2959151683736782,20240305_P013T_D002,P013T_D002,20240305,40x,0.324,0.324,0.324,36,0.8583981856679477,"(110.1235659218607, 294.5581209983013, 310.4418283679603)",45.757691775585734,6,36
31,10720.0,11654.0,"(150.12733208955223, 373.7797574626866, 344.8109141791045)",0.9198558434872147,364.61104128,293.25229216302534,0.8416455917350523,19.042816327517144,14.36139097636021,9.535494936711546,0.6639673658636266,0.7541631830795844,0.5007397421006796,0.3776394777970987,0.33247484754581996,20240305_P013T_D002,P013T_D002,20240305,40x,0.324,0.324,0.324,36,0.8235907094275458,"(110.1235659218607, 294.5581209983013, 310.4418283679603)",30.835546661305496,5,36
32,24091.0,25915.0,"(154.25121414636172, 229.25598771325392, 164.6683823834627)",0.9296160524792592,819.388488384,493.7818799329124,0.8575817846001832,23.891051379369245,18.24854261420457,13.423775445767843,0.7356080827692424,0.7638233380537963,0.561874621280156,0.42917294879392137,0.41331951291658975,20240305_P013T_D002,P013T_D002,20240305,40x,0.324,0.324,0.324,36,0.8496912287744413,"(110.1235659218607, 294.5581209983013, 310.4418283679603)",53.69171306175443,2,36
33,13707.0,15174.0,"(155.8360691617422, 377.6444152622748, 417.6111475888232)",0.9033214709371293,466.20555436800004,355.4434524782394,0.8180224727511369,20.233042699444113,15.761717022900593,10.745414147466184,0.6817413440333882,0.7790087362062273,0.5310824628349845,0.41371787819437206,0.3620608720056843,20240305_P013T_D002,P013T_D002,20240305,40x,0.324,0.324,0.324,36,0.8597219567198873,"(110.1235659218607, 294.5581209983013, 310.4418283679603)",46.36509987687497,5,36
34,19192.0,21302.0,"(163.16506877865777, 319.4116298457691, 410.81273447269695)",0.9009482677682846,652.762603008,447.708896225063,0.8128153763371213,22.696696395107125,18.86373760940553,11.108010764673722,0.588855241452003,0.8311226127813081,0.4894109068255567,0.40676047160452594,0.2881921777080069,20240305_P013T_D002,P013T_D002,20240305,40x,0.324,0.324,0.324,36,0.9061080302446695,"(110.1235659218607, 294.5581209983013, 310.4418283679603)",37.65294975907353,6,36
35,13827.0,15286.0,"(165.59499529905258, 346.21877486077966, 362.607217762349)",0.9045531859217585,470.28702124800003,357.67114071824227,0.8176652737651832,18.980985454792123,17.961627231810997,9.945341924050497,0.5536993834521167,0.9462958219208915,0.5239634131609116,0.4958243887135805,0.29011821881866334,20240305_P013T_D002,P013T_D002,20240305,40x,0.324,0.324,0.324,36,0.9214873120193201,"(110.1235659218607, 294.5581209983013, 310.4418283679603)",29.81351186671088,4,36
36,12684.0,14495.0,"(167.9647587511826, 371.6590192368338, 396.4415011037528)",0.8750603656433252,431.411049216,350.5352864985551,0.7876740863673889,22.976052619790842,13.547176676237086,10.197903443473603,0.7527696498829607,0.5896215899404748,0.4438492378229258,0.2617030932990214,0.3341162353567828,20240305_P013T_D002,P013T_D002,20240305,40x,0.324,0.324,0.324,36,0.9364858148809024,"(110.1235659218607, 294.5581209983013, 310.4418283679603)",41.85259362950571,6,36
1,18796.0,22125.0,"(29.13726324749947, 122.94296658863588, 241.92099382847414)",0.8495367231638418,639.293762304,567.2183010966925,0.6327044189929975,21.667859512344652,16.098882852599594,13.888727923922994,0.8627137703334669,0.7429844578523185,0.6409829229329406,0.4762403494879252,0.5529847941628432,20240305_P013T_A002,P013T_A002,20240305,40x,0.324,0.324,0.324,12,0.17820586944689795,"(65.04545454545455, 115.91298351924566, 252.07340253529165)",12.303002586655499,0,12
2,12729.0,14346.0,"(34.80076989551418, 139.32186346138738, 269.15437190666984)",0.8872856545378502,432.941599296,337.5732276292032,0.8198524013915058,17.96609167473205,14.317633956340163,12.348777427470292,0.8624872981895155,0.7969253533575604,0.6873379948760874,0.547757074442703,0.5928202901436757,20240305_P013T_A002,P013T_A002,20240305,40x,0.324,0.324,0.324,12,0.22832539730543522,"(65.04545454545455, 115.91298351924566, 252.07340253529165)",13.571215333695601,0,12
3,22142.0,24246.0,"(47.04182097371511, 90.91504832445126, 259.1259597145696)",0.9132227996370536,753.098663808,500.49325954624226,0.7998105766358513,22.960879821337464,19.945166961524414,11.793778931498549,0.5913101130840144,0.8686586540551221,0.513646646960742,0.4461836050088447,0.3037244568995811,20240305_P013T_A002,P013T_A002,20240305,40x,0.324,0.324,0.324,12,0.3366532829532311,"(65.04545454545455, 115.91298351924566, 252.07340253529165)",10.239456782992518,0,12
4,17952.0,19585.0,"(60.0458444741533, 109.51804812834224, 285.99420677361854)",0.9166198621393924,610.587445248,432.2730168770463,0.805176784015462,25.520805325122527,14.276877102929886,12.256991297100623,0.858520473961722,0.5594211045086345,0.48027447178694294,0.2686756754743526,0.41232546715024193,20240305_P013T_A002,P013T_A002,20240305,40x,0.324,0.324,0.324,12,0.4517331369394097,"(65.04545454545455, 115.91298351924566, 252.07340253529165)",11.300645599859083,0,12
5,8023.0,9367.0,"(73.1958120403839, 147.4694004736383, 253.27159416677054)",0.8565175616526103,272.880073152,258.32016768241795,0.7876023907885913,14.385375387276689,13.715541759387923,10.313525286788089,0.7519590161087698,0.9534364860244656,0.71694516195316,0.6835616758848624,0.5391133785862409,20240305_P013T_A002,P013T_A002,20240305,40x,0.324,0.324,0.324,12,0.5681045313308309,"(65.04545454545455, 115.91298351924566, 252.07340253529165)",10.566928278399736,0,12
6,11668.0,12871.0,"(78.49065821049022, 117.18700719917723, 214.0083990401097)",0.9065340688369202,396.854629632,316.93700961940743,0.8240093429601378,20.572848532617254,12.764338588829787,10.817536824630576,0.8474811874778315,0.6204458545734465,0.5258161895996024,0.32624047510467874,0.4456193287569397,20240305_P013T_A002,P013T_A002,20240305,40x,0.324,0.324,0.324,12,0.6149615770839842,"(65.04545454545455, 115.91298351924566, 252.07340253529165)",13.086315996488624,0,12
7,6423.0,7772.0,"(73.77720691265763, 141.90191499299394, 223.47361046240076)",0.8264282038085435,218.460514752,231.0917468869464,0.759069702529786,15.385710145751629,11.948432396959138,8.900084133426747,0.744874627711984,0.7765928438641744,0.5784643054571178,0.4492312400488575,0.430883384172042,20240305_P013T_A002,P013T_A002,20240305,40x,0.324,0.324,0.324,12,0.5732496186960853,"(65.04545454545455, 115.91298351924566, 252.07340253529165)",12.836355657040635,0,12
8,15894.0,18144.0,"(77.38442179438782, 89.52655089971059, 237.42852648798288)",0.8759920634920635,540.590288256,420.1477278135543,0.7638256966422674,23.3639282439492,16.73093391791417,10.295027427458779,0.6153289157657643,0.716101065849111,0.4406376924276417,0.31554112120072697,0.2711371135270291,20240305_P013T_A002,P013T_A002,20240305,40x,0.324,0.324,0.324,12,0.6051718742866179,"(65.04545454545455, 115.91298351924566, 252.07340253529165)",10.56342528896908,0,12
9,9054.0,10204.0,"(78.58316766070246, 136.5632869449967, 278.8510050806274)",0.8872990983927871,307.94667609600003,271.9603065263827,0.8108906317203435,16.579608400211132,14.734446118540442,9.166786653130258,0.6221331008564778,0.8887089346665634,0.552895245282966,0.491362944417633,0.3439744333966945,20240305_P013T_A002,P013T_A002,20240305,40x,0.324,0.324,0.324,12,0.6157802447849775,"(65.04545454545455, 115.91298351924566, 252.07340253529165)",11.801540249539363,0,12
10,6035.0,8225.0,"(95.23214581607292, 112.2387738193869, 264.5012427506214)",0.7337386018237082,205.26377184,247.3315711429519,0.6803714869536373,15.594532326748302,13.524482896602601,8.119010823099588,0.6003195009503183,0.867257998715673,0.5206318889841646,0.451522170107967,0.31254547577379516,20240305_P013T_A002,P013T_A002,20240305,40x,0.324,0.324,0.324,12,0.7631163346555125,"(65.04545454545455, 115.91298351924566, 252.07340253529165)",10.643719848802474,0,12
11,6684.0,8770.0,"(103.7631657690006, 142.10891681627768, 250.05041891083184)",0.7621436716077538,227.33770521600002,261.5861396192761,0.6886264665311185,15.669860310804731,12.674489141518523,9.141801471147284,0.7212757349880857,0.808845062439974,0.5834003169028763,0.4718804657528076,0.42079249236640426,20240305_P013T_A002,P013T_A002,20240305,40x,0.324,0.324,0.324,12,0.8386120864513327,"(65.04545454545455, 115.91298351924566, 252.07340253529165)",15.160224676527744,0,12
12,11802.0,12999.0,"(108.28385019488222, 105.9763599389934, 231.34502626673446)",0.9079159935379645,401.412267648,307.1347107993857,0.8568056416864193,16.704959864066964,14.624162870990405,11.72999287407898,0.8020967064957598,0.8754383721955276,0.7021862350780418,0.614720774614827,0.5632212665027547,20240305_P013T_A002,P013T_A002,20240305,40x,0.324,0.324,0.324,12,0.8786181433175417,"(65.04545454545455, 115.91298351924566, 252.07340253529165)",15.865949278508632,0,12
1,13109.0,17229.0,"(24.685178121900986, 167.27370508810742, 213.4840948966359)",0.7608683034418713,445.86624441600003,409.7158303672673,0.6888708001041912,25.4005817905951,14.321043655281274,10.308326759840137,0.7198027607463274,0.5638077022544353,0.4058303406127859,0.22881027184602964,0.29211779956770567,20240305_P013T_A004,P013T_A004,20240305,40x,0.324,0.324,0.324,87,0.06526745831955993,"(129.20558062237734, 164.74417134072874, 200.95233703103577)",34.11699697638476,5,87
2,12038.0,14786.0,"(24.565625519189233, 199.7967270310683, 207.63681674696792)",0.8141485188692006,409.439152512,377.3943136506671,0.7065588687382546,17.3935499330196,16.002990564039244,11.059031534116157,0.691060304626262,0.9200531591115542,0.6358122164079854,0.5849810383078861,0.4393845839560012,20240305_P013T_A004,P013T_A004,20240305,40x,0.324,0.324,0.324,87,0.06473611341861882,"(129.20558062237734, 164.74417134072874, 200.95233703103577)",35.82051765116881,3,87
3,11761.0,15202.0,"(26.558625967179662, 141.85630473599184, 198.8767961908001)",0.7736482041836601,400.01776646400003,388.91815427266283,0.6750647467956996,21.38687135901962,16.167480448649403,8.999989576809986,0.5566723649609748,0.7559535089189654,0.42081842761046784,0.3181191669698948,0.23425798931707795,20240305_P013T_A004,P013T_A004,20240305,40x,0.324,0.324,0.324,87,0.07359389318746516,"(129.20558062237734, 164.74417134072874, 200.95233703103577)",34.080980170104006,2,87
4,6149.0,8512.0,"(30.391445763538787, 191.6287201170922, 242.14506423808749)",0.722391917293233,209.141165376,252.15545666125647,0.6757334785819444,15.489838396153393,13.390603500820356,8.195413894576866,0.6120272244693665,0.8644766432260299,0.5290832405722219,0.45738010379702443,0.3238133472406752,20240305_P013T_A004,P013T_A004,20240305,40x,0.324,0.324,0.324,87,0.09062864783795016,"(129.20558062237734, 164.74417134072874, 200.95233703103577)",35.763279366028,4,87
5,2971.0,3745.0,"(29.920565466173006, 181.96869740828004, 185.8061258835409)",0.793324432576769,101.050317504,141.50301840133608,0.7414414740742206,11.846716048658013,9.638083817112415,6.605185853753991,0.6853214787390088,0.8135658673277824,0.55755416324866,0.45360703640561206,0.38210384363466243,20240305_P013T_A004,P013T_A004,20240305,40x,0.324,0.324,0.324,87,0.08853584651632447,"(129.20558062237734, 164.74417134072874, 200.95233703103577)",33.01559403023425,5,87
6,3096.0,4102.0,"(33.03359173126615, 236.60045219638243, 232.2357881136951)",0.7547537786445636,105.301845504,161.2503167726569,0.6687660271056888,14.067755746192237,10.730158202701812,5.313793835727182,0.4952204557794115,0.7627484011162319,0.37772861084579773,0.2881118939784876,0.18705893482397992,20240305_P013T_A004,P013T_A004,20240305,40x,0.324,0.324,0.324,87,0.10237151880562734,"(129.20558062237734, 164.74417134072874, 200.95233703103577)",40.19563229105865,2,87
7,10873.0,12861.0,"(40.17262944909409, 161.54198473282443, 252.54235261657317)",0.845424150532618,369.814911552,337.62074101796117,0.7379800442109435,18.03577667237019,13.624595885780959,10.933203269358827,0.8024607379929007,0.7554205251750031,0.6061953121269177,0.457932381045541,0.4864479375372031,20240305_P013T_A004,P013T_A004,20240305,40x,0.324,0.324,0.324,87,0.13410057532930705,"(129.20558062237734, 164.74417134072874, 200.95233703103577)",33.35571754718858,3,87
8,17696.0,19201.0,"(47.95976491862568, 142.68173598553346, 127.91235307414105)",0.9216186656944951,601.880315904,407.77970036808154,0.8454059152444653,19.764135702959965,18.14198404758569,11.99788760390593,0.6613327171072335,0.9179244830255171,0.6070534924585178,0.5572292632338196,0.401464335597027,20240305_P013T_A004,P013T_A004,20240305,40x,0.324,0.324,0.324,87,0.16871006630500301,"(129.20558062237734, 164.74417134072874, 200.95233703103577)",36.11179188309847,4,87
9,21654.0,23446.0,"(50.64607001015978, 147.38764200609586, 89.80003694467536)",0.9235690522903693,736.500698496,472.9566764780646,0.8338953254181323,24.15376980164203,15.935760014802431,13.655426713413917,0.8569046409289325,0.6597628505062212,0.5653538485112825,0.37299946663846606,0.4844543365563505,20240305_P013T_A004,P013T_A004,20240305,40x,0.324,0.324,0.324,87,0.18064920004515458,"(129.20558062237734, 164.74417134072874, 200.95233703103577)",44.457333445883535,4,87
10,2511.0,3663.0,"(43.772600557546795, 149.56989247311827, 167.9394663480685)",0.6855036855036855,85.404694464,151.48174824511676,0.619124957799644,12.078482437442265,11.11138104556489,5.314220297941987,0.4782682077187119,0.919931879117575,0.4399741710488693,0.40474626593618374,0.2104256582300687,20240305_P013T_A004,P013T_A004,20240305,40x,0.324,0.324,0.324,87,0.15010044692243021,"(129.20558062237734, 164.74417134072874, 200.95233703103577)",30.079526323869256,6,87
11,18074.0,21384.0,"(50.85293792187673, 172.09029545203055, 140.31420825495186)",0.8452113729891507,614.7369365760001,468.18761687738373,0.7467760950646779,21.373132053865024,18.254158746173477,11.99299525964988,0.6570007101622204,0.8540703674205987,0.5611248379238418,0.47924009649443955,0.3686594170056249,20240305_P013T_A004,P013T_A004,20240305,40x,0.324,0.324,0.324,87,0.1815686129861188,"(129.20558062237734, 164.74417134072874, 200.95233703103577)",32.188849373149566,6,87
12,10734.0,12989.0,"(51.939444754984166, 120.04546301471959, 153.59195081050868)",0.8263915620910001,365.087212416,333.76184581284934,0.7401365481520121,19.288898275466593,13.929536674286659,10.030916471534429,0.7201184580712638,0.7221530475902573,0.5200357391221601,0.37554539386291996,0.3744873345985999,20240305_P013T_A004,P013T_A004,20240305,40x,0.324,0.324,0.324,87,0.18639753224437408,"(129.20558062237734, 164.74417134072874, 200.95233703103577)",32.74009412805875,4,87
13,12355.0,16077.0,"(47.40437070012141, 209.77272359368678, 154.44856333468232)",0.7684891459849474,420.22102752,428.13606532539995,0.6337055313540187,20.96231363652003,16.258340127782127,9.516219861347675,0.5853131246212786,0.7755985531796091,0.4539680126133,0.3520969337726981,0.26571343594080266,20240305_P013T_A004,P013T_A004,20240305,40x,0.324,0.324,0.324,87,0.16624164755609516,"(129.20558062237734, 164.74417134072874, 200.95233703103577)",33.79804478962923,6,87
14,24878.0,27678.0,"(56.27236916150816, 215.10270118176703, 276.40176059168743)",0.8988366211431462,846.156108672,545.2538827034265,0.7934490059604485,25.555113823585707,19.90869520279865,12.084449238849404,0.6069935330141898,0.7790493652360186,0.47287792659707284,0.36839524854957423,0.28703384334958193,20240305_P013T_A004,P013T_A004,20240305,40x,0.324,0.324,0.324,87,0.20565497405114738,"(129.20558062237734, 164.74417134072874, 200.95233703103577)",37.71205564824028,2,87
15,5824.0,9391.0,"(51.2707760989011, 105.7391826923077, 172.46548763736263)",0.6201682461931637,198.087192576,319.44281951086896,0.5144327298603396,18.23337572613629,11.467060043225382,8.673010032182344,0.7563412068559164,0.6289049386937241,0.4756667203292575,0.29914914958731653,0.3597663413150264,20240305_P013T_A004,P013T_A004,20240305,40x,0.324,0.324,0.324,87,0.18342567155067158,"(129.20558062237734, 164.74417134072874, 200.95233703103577)",32.98906048958945,4,87
16,2975.0,4341.0,"(49.09647058823529, 238.8440336134454, 188.62218487394958)",0.6853259617599632,101.1863664,164.5652881860644,0.6381075604757592,12.554216908998606,8.838800158821842,7.344956975796325,0.8309902751297596,0.704050298229782,0.5850589510311559,0.4119109289554888,0.48617829868450885,20240305_P013T_A004,P013T_A004,20240305,40x,0.324,0.324,0.324,87,0.17376209150326796,"(129.20558062237734, 164.74417134072874, 200.95233703103577)",35.581472523028225,4,87
17,12475.0,14523.0,"(60.15783567134269, 88.82324649298597, 218.38973947895792)",0.8589823039316945,424.3024944,399.11581100866744,0.6841777004459629,23.637154589995067,13.657952263098247,9.637310545185551,0.7056189946734642,0.5778171061621464,0.40771872555526417,0.23558685412846114,0.28769407723585155,20240305_P013T_A004,P013T_A004,20240305,40x,0.324,0.324,0.324,87,0.2229237140948564,"(129.20558062237734, 164.74417134072874, 200.95233703103577)",33.72658062820045,4,87
18,9483.0,11307.0,"(60.90519877675841, 113.55678582726985, 271.20731835916905)",0.8386840010612895,322.537920192,309.106449006385,0.7358058662258936,18.52039524765911,12.576576301105758,10.246288533179001,0.8147120717009546,0.6790663013898355,0.5532435132276178,0.3756890262953969,0.4507341688167869,20240305_P013T_A004,P013T_A004,20240305,40x,0.324,0.324,0.324,87,0.22624532789670404,"(129.20558062237734, 164.74417134072874, 200.95233703103577)",35.81754129267761,2,87
19,10212.0,13320.0,"(59.87641989815903, 160.11192714453583, 290.43301997649826)",0.7666666666666667,347.332831488,369.96368816069514,0.6458855702325647,16.592233055004556,13.4076679365466,12.072536421437475,0.9004203026635358,0.8080689255086478,0.7276016664794949,0.587952296830387,0.6551473127499597,20240305_P013T_A004,P013T_A004,20240305,40x,0.324,0.324,0.324,87,0.22167297732515123,"(129.20558062237734, 164.74417134072874, 200.95233703103577)",36.70618698148069,2,87
20,12376.0,13693.0,"(65.02141241111829, 96.205639948287, 247.34074014221073)",0.9038194698020886,420.935284224,331.33428454957016,0.8197749352258823,19.931104355263756,13.390683709559257,11.402842277884652,0.8515504155881497,0.67184855745451,0.572112918312687,0.38437323886946867,0.48718299335251763,20240305_P013T_A004,P013T_A004,20240305,40x,0.324,0.324,0.324,87,0.2445396107160813,"(129.20558062237734, 164.74417134072874, 200.95233703103577)",33.93352353688988,4,87
21,21007.0,22798.0,"(67.03475032132147, 182.1632313038511, 89.3145618127291)",0.9214404772348451,714.494789568,472.4671462010932,0.8180475608012516,23.51348636974726,18.28256390484553,11.85100657257427,0.6482136003601404,0.7775352245666174,0.5040089073231574,0.39188467893908663,0.3267054284295242,20240305_P013T_A004,P013T_A004,20240305,40x,0.324,0.324,0.324,87,0.2534877792058732,"(129.20558062237734, 164.74417134072874, 200.95233703103577)",41.78422966555731,4,87
22,1200.0,2339.0,"(57.1675, 237.53166666666667, 178.61833333333334)",0.5130397605814451,40.8146688,117.31610503484887,0.4886568673938902,12.945603101396884,7.677866879467454,5.143822653873512,0.6699546546749054,0.5930868434116431,0.397341291370077,0.2356578922557849,0.26620064764792095,20240305_P013T_A004,P013T_A004,20240305,40x,0.324,0.324,0.324,87,0.2096333333333333,"(129.20558062237734, 164.74417134072874, 200.95233703103577)",33.960257882772865,3,87
23,18154.0,19704.0,"(73.11220667621461, 117.1259777459513, 106.70943042855569)",0.9213357693869265,617.4579144960001,421.43013454312074,0.8320768619771913,22.36822020514122,16.694111496339794,11.793772808834866,0.7064630430568687,0.7463316859024277,0.5272557539523922,0.3935076757490444,0.37248670440645065,20240305_P013T_A004,P013T_A004,20240305,40x,0.324,0.324,0.324,87,0.2804986963387316,"(129.20558062237734, 164.74417134072874, 200.95233703103577)",38.738917980318945,4,87
24,9520.0,11314.0,"(63.05042016806723, 244.52710084033615, 233.38560924369747)",0.8414353897825703,323.79637248,307.5309410693687,0.7414979589758087,17.41701270017416,13.895632256011401,9.977145874855417,0.7180058950206598,0.797819493802887,0.5728390997128716,0.45702220056342485,0.4113018504921694,20240305_P013T_A004,P013T_A004,20240305,40x,0.324,0.324,0.324,87,0.2357796451914099,"(129.20558062237734, 164.74417134072874, 200.95233703103577)",35.18606919727247,3,87
25,14184.0,16002.0,"(74.13670332769317, 284.98963620981385, 324.16180203045684)",0.8863892013498312,482.429385216,379.66662479019476,0.7834973619050231,21.897470765381108,13.657093394072277,11.751452144898124,0.8604650935460926,0.6236835998275888,0.53665796706881,0.33470477277763105,0.4617754478361194,20240305_P013T_A004,P013T_A004,20240305,40x,0.324,0.324,0.324,87,0.2850520147897474,"(129.20558062237734, 164.74417134072874, 200.95233703103577)",58.56440069711209,0,87
26,12488.0,15574.0,"(71.99831838565022, 83.80180973734785, 190.87708199871878)",0.8018492359059972,424.744653312,384.32000727437116,0.7110111494289906,19.55100076594949,14.89673468892882,11.163386360253327,0.749384787563539,0.7619423101283564,0.5709879762112106,0.4350598976498848,0.42788970325437314,20240305_P013T_A004,P013T_A004,20240305,40x,0.324,0.324,0.324,87,0.27554808171400097,"(129.20558062237734, 164.74417134072874, 200.95233703103577)",32.27964945757921,4,87
27,1012.0,1804.0,"(61.66205533596838, 202.76679841897234, 136.17687747035572)",0.5609756097560976,34.420370688,78.96208566988932,0.648051035388944,8.492362502152373,7.94484784117299,4.931338179804605,0.6206963655425444,0.9355285810231704,0.5806791901022557,0.5432419787460471,0.3604254628426583,20240305_P013T_A004,P013T_A004,20240305,40x,0.324,0.324,0.324,87,0.22960913482652615,"(129.20558062237734, 164.74417134072874, 200.95233703103577)",32.72834346000118,4,87
28,25789.0,29323.0,"(85.98844468571872, 194.52134631044242, 295.3691496374423)",0.8794802714592641,877.141244736,578.7269859193677,0.7656966478202958,28.48038437326215,18.371736306604117,12.41676591988114,0.6758624069417797,0.6450663047880703,0.43597606539110484,0.2812334694778821,0.29465983292423886,20240305_P013T_A004,P013T_A004,20240305,40x,0.324,0.324,0.324,87,0.33772642082541654,"(129.20558062237734, 164.74417134072874, 200.95233703103577)",34.99940245276345,4,87
29,3664.0,7376.0,"(71.61271834061135, 210.8992903930131, 138.78711790393012)",0.4967462039045553,124.62078873600001,280.78955577222814,0.42969817100138963,15.246149668017324,11.805301677146936,8.44781556990912,0.7155950606719911,0.7743136420805024,0.5540950176837475,0.4290433312013628,0.39650765779744923,20240305_P013T_A004,P013T_A004,20240305,40x,0.324,0.324,0.324,87,0.27383430373605044,"(129.20558062237734, 164.74417134072874, 200.95233703103577)",31.265156026791637,6,87
30,12901.0,14856.0,"(78.88357491667313, 241.0499186109604, 182.8426478567553)",0.868403338718363,438.79170182400003,358.32596902195917,0.7793121448791703,20.189782761794454,13.790013691249223,11.722298004301948,0.8500570243625362,0.6830194189778185,0.5806054548781127,0.39656480044620057,0.49354774530234524,20240305_P013T_A004,P013T_A004,20240305,40x,0.324,0.324,0.324,87,0.30614922185188054,"(129.20558062237734, 164.74417134072874, 200.95233703103577)",30.190875931840004,5,87
31,12924.0,15220.0,"(88.79526462395543, 100.81723924481585, 153.61296812132466)",0.8491458607095926,439.573982976,385.8594502325259,0.7245632508749037,21.169410391537376,15.633460376992735,9.773272144157383,0.6251509204283651,0.7384929522289541,0.46166954881579125,0.34093970805918294,0.2886131433759399,20240305_P013T_A004,P013T_A004,20240305,40x,0.324,0.324,0.324,87,0.3502011761064686,"(129.20558062237734, 164.74417134072874, 200.95233703103577)",28.90810385151187,4,87
32,13548.0,17859.0,"(94.81908768821967, 211.04812518452908, 129.58517862415115)",0.758609104653116,460.797610752,432.19770544096974,0.6675366988356372,29.37639145353671,12.162623470728676,10.334232751378044,0.8496713539023099,0.41402714455128836,0.35178700446320055,0.14564936894815028,0.2989033403674855,20240305_P013T_A004,P013T_A004,20240305,40x,0.324,0.324,0.324,87,0.3769737230587541,"(129.20558062237734, 164.74417134072874, 200.95233703103577)",29.729994133534255,4,87
33,15223.0,17390.0,"(95.41811732247257, 140.66642580306114, 77.36293766011956)",0.8753881541115583,517.768085952,439.7810530130545,0.7090406400534872,26.381591632304136,18.833256408070852,7.653645635245364,0.4063899237290398,0.713878702640883,0.29011311151801433,0.2071055716695899,0.11789904526260025,20240305_P013T_A004,P013T_A004,20240305,40x,0.324,0.324,0.324,87,0.37963607698876695,"(129.20558062237734, 164.74417134072874, 200.95233703103577)",42.239051468531656,4,87
34,14876.0,16277.0,"(94.29261898359775, 237.04772788383974, 270.96094380209735)",0.9139276279412668,505.965844224,369.58101470331405,0.8308486869397916,18.975859298691717,17.826355477248775,10.687104194767567,0.5995114485631786,0.9394228317490637,0.5631947426752044,0.5290779999901258,0.3376416960043785,20240305_P013T_A004,P013T_A004,20240305,40x,0.324,0.324,0.324,87,0.3746338621493233,"(129.20558062237734, 164.74417134072874, 200.95233703103577)",34.51463010007573,4,87
35,17784.0,19834.0,"(90.63956365272155, 246.20192307692307, 220.51248313090417)",0.8966421296763134,604.873391616,431.8457154056413,0.8009372573579203,23.307255809328485,15.27617000361555,12.222574096418533,0.8001072319518379,0.6554255090597763,0.5244106898044417,0.3437121433214647,0.41958478542538574,20240305_P013T_A004,P013T_A004,20240305,40x,0.324,0.324,0.324,87,0.35839806067876245,"(129.20558062237734, 164.74417134072874, 200.95233703103577)",29.88063945204191,4,87
36,18010.0,22099.0,"(99.6551915602443, 77.03953359244863, 200.75935591338146)",0.8149690031223132,612.56015424,491.4609898397897,0.709731753009918,21.586249409741797,16.85663625680118,13.333910102925344,0.7910184392538864,0.7808969467940012,0.6177038840711161,0.4823630770939303,0.4886151622989978,20240305_P013T_A004,P013T_A004,20240305,40x,0.324,0.324,0.324,87,0.39846751804553027,"(129.20558062237734, 164.74417134072874, 200.95233703103577)",29.985961450317937,5,87
37,13232.0,15444.0,"(104.75808645707376, 199.97755441354292, 105.38935912938331)",0.8567728567728568,450.049747968,362.995971070879,0.7823888782117522,20.853329633552118,17.052180144873105,9.569284631290284,0.5611766090899161,0.8177197811824196,0.45888521398969845,0.3752395167715041,0.2575156483482395,20240305_P013T_A004,P013T_A004,20240305,40x,0.324,0.324,0.324,87,0.42114705092032784,"(129.20558062237734, 164.74417134072874, 200.95233703103577)",33.93713095438039,3,87
38,15945.0,18016.0,"(102.652743806836, 85.33552837880214, 265.9073690812167)",0.8850466252220248,542.32491168,393.19773712008555,0.817923747284804,18.843119889381764,17.928882900502124,11.848093978896665,0.6608383826615791,0.9514816551480512,0.6287755981202006,0.5982684468161142,0.4155190493188204,20240305_P013T_A004,P013T_A004,20240305,40x,0.324,0.324,0.324,87,0.4117899724748267,"(129.20558062237734, 164.74417134072874, 200.95233703103577)",34.33474015923498,4,87
39,14348.0,16190.0,"(103.25334541399498, 75.15786172288821, 227.99721215500418)",0.8862260654725139,488.007389952,373.57558347298595,0.8023981280046971,19.787398360698162,16.625710732931587,10.737163067403584,0.6458167858133014,0.840217113430822,0.5426263155812234,0.45592391654925774,0.35043718302637983,20240305_P013T_A004,P013T_A004,20240305,40x,0.324,0.324,0.324,87,0.4144593129510888,"(129.20558062237734, 164.74417134072874, 200.95233703103577)",31.46413804675925,5,87
40,15951.0,17360.0,"(106.944141433139, 230.39364303178485, 155.88847094226068)",0.9188364055299539,542.528985024,383.7862774394072,0.8381916165199905,20.812646176822362,15.960865803202312,11.765491911315003,0.7371462210373595,0.7668830607891105,0.5653049502382564,0.43352279051794995,0.41671240780184327,20240305_P013T_A004,P013T_A004,20240305,40x,0.324,0.324,0.324,87,0.4308628508139511,"(129.20558062237734, 164.74417134072874, 200.95233703103577)",26.788700965641276,5,87
41,16405.0,18354.0,"(114.91002743066139, 169.55330691862238, 80.61158183480646)",0.8938106134902474,557.97053472,418.71802733258096,0.7827744507592895,23.943637309856253,16.640114950841166,10.183017819725546,0.6119559780571582,0.6949702225898386,0.4252911822855656,0.2955647076184952,0.2602594814146484,20240305_P013T_A004,P013T_A004,20240305,40x,0.324,0.324,0.324,87,0.4662667885807173,"(129.20558062237734, 164.74417134072874, 200.95233703103577)",39.29545410541621,5,87
42,12789.0,14179.0,"(116.50895300648995, 120.12260536398468, 102.83923684416295)",0.9019676987093589,434.982332736,338.77887807441687,0.8194998486553756,20.11494884859399,14.954071144566042,10.348998674448824,0.692052256164998,0.743430731896259,0.5144929153112018,0.38248984458524676,0.35605598282202444,20240305_P013T_A004,P013T_A004,20240305,40x,0.324,0.324,0.324,87,0.47337312447328866,"(129.20558062237734, 164.74417134072874, 200.95233703103577)",35.163284182986814,3,87
43,20506.0,23221.0,"(119.36345459865406, 129.76260606651712, 308.29318248317566)",0.8830799707161621,697.454665344,501.59149711175866,0.7582480133716096,26.048390132150423,18.99351178311175,10.325025093508877,0.5436080073769962,0.7291625964887889,0.3963786261311073,0.2890244682224171,0.21547459511796263,20240305_P013T_A004,P013T_A004,20240305,40x,0.324,0.324,0.324,87,0.48605979821624024,"(129.20558062237734, 164.74417134072874, 200.95233703103577)",36.71741269018767,1,87
44,13517.0,15211.0,"(125.7977361840645, 165.6452615225272, 302.34179181771106)",0.888633225954901,459.743231808,360.08393429738305,0.8000011458073748,21.683706866873727,14.334527073612062,10.892512300926759,0.7598794327144849,0.6610736421414628,0.5023362641729532,0.33208126373655017,0.38171499545165727,20240305_P013T_A004,P013T_A004,20240305,40x,0.324,0.324,0.324,87,0.5146566052625089,"(129.20558062237734, 164.74417134072874, 200.95233703103577)",32.87003059835978,4,87
45,16593.0,18229.0,"(122.3218827216296, 232.5585487856325, 272.7794250587597)",0.9102528937407428,564.364832832,394.9776312724675,0.8361513964091033,21.71508714810979,15.563367475602773,12.045993216379282,0.7739965810909916,0.716707576140559,0.5547292135748042,0.3975786300755563,0.4293585147381929,20240305_P013T_A004,P013T_A004,20240305,40x,0.324,0.324,0.324,87,0.49920836765168713,"(129.20558062237734, 164.74417134072874, 200.95233703103577)",32.08304485112237,5,87
46,11269.0,12592.0,"(125.76031591090603, 241.79820747182535, 193.02147484248823)",0.894933290978399,383.283752256,307.3188852582939,0.8303129566929079,18.935392857643986,13.7410830370056,10.566881083930513,0.7689991433334067,0.7256824899441414,0.5580492130990983,0.4049665424731224,0.4291393668110883,20240305_P013T_A004,P013T_A004,20240305,40x,0.324,0.324,0.324,87,0.5144902929373601,"(129.20558062237734, 164.74417134072874, 200.95233703103577)",25.122210593783652,5,87
47,6156.0,8350.0,"(119.42170240415854, 84.1811241065627, 178.44087069525665)",0.7372455089820359,209.379250944,268.8369518779427,0.6342847302900907,16.496805589048112,12.529432248348904,8.211653950231312,0.6553891499204542,0.7595065711792672,0.49777236604417885,0.3780613829620054,0.3262346078355875,20240305_P013T_A004,P013T_A004,20240305,40x,0.324,0.324,0.324,87,0.4863186773518157,"(129.20558062237734, 164.74417134072874, 200.95233703103577)",27.28706181123065,5,87
48,11081.0,12374.0,"(124.7595884847938, 245.8689648948651, 228.15296453388683)",0.8955067076127364,376.889454144,305.05281438649513,0.8271515324920011,18.360658451049954,13.221294224392556,11.168970756918105,0.8447713640856711,0.7200882397350241,0.6083099245430061,0.4380368227775187,0.5138828047430469,20240305_P013T_A004,P013T_A004,20240305,40x,0.324,0.324,0.324,87,0.5100426154879725,"(129.20558062237734, 164.74417134072874, 200.95233703103577)",27.75996209990675,5,87
49,11384.0,12982.0,"(135.11621574139141, 188.0960997891778, 297.34636331693605)",0.8769064859035588,387.195158016,336.43423717908877,0.7636081430029046,27.421757388405204,10.399444784941624,9.991583821059374,0.9607805058523093,0.37924063865209606,0.36436701264391375,0.1381827785788342,0.3500767227239142,20240305_P013T_A004,P013T_A004,20240305,40x,0.324,0.324,0.324,87,0.5560720699617396,"(129.20558062237734, 164.74417134072874, 200.95233703103577)",32.19206424492495,4,87
50,22814.0,25359.0,"(135.36026124309635, 90.25550100815289, 232.72718506180416)",0.8996411530423124,775.954878336,505.7377103097971,0.8074514740818781,22.621923635981965,19.932222063108135,12.782767366878966,0.6413117075661199,0.8811019957385213,0.5650610254269871,0.49787639721777366,0.36238025109564376,20240305_P013T_A004,P013T_A004,20240305,40x,0.324,0.324,0.324,87,0.5571567166359838,"(129.20558062237734, 164.74417134072874, 200.95233703103577)",26.31407258928568,6,87
51,18774.0,20721.0,"(141.2565249813572, 143.8457441142005, 107.96095664216469)",0.9060373534095845,638.545493376,427.4294106566449,0.8389722933466525,20.545315593670477,16.29522805557697,13.687167956707023,0.8399494569836751,0.7931359331660567,0.6661940963770697,0.5283824762997451,0.5595693694976498,20240305_P013T_A004,P013T_A004,20240305,40x,0.324,0.324,0.324,87,0.5833623332504764,"(129.20558062237734, 164.74417134072874, 200.95233703103577)",31.12654753830853,4,87
52,22190.0,24740.0,"(149.1984677782785, 171.55561063542137, 108.99486255069851)",0.896928051738076,754.73125056,493.5788287227731,0.812186606362637,20.453835110868212,18.270102521297037,14.667363560170294,0.8028068557947546,0.8932360323756183,0.7170960106340518,0.6405359953711446,0.5756895936000851,20240305_P013T_A004,P013T_A004,20240305,40x,0.324,0.324,0.324,87,0.6186598567923489,"(129.20558062237734, 164.74417134072874, 200.95233703103577)",30.5700281704734,4,87
53,19068.0,20715.0,"(149.9226977134466, 233.4511222991399, 169.8307111390812)",0.9204923968139029,648.545087232,425.9161518049219,0.8507203020204332,20.318174352584734,16.984632355067014,13.630191413933739,0.8025014100389081,0.8359329957667357,0.6708374078008541,0.5607751239753593,0.5383479656670314,20240305_P013T_A004,P013T_A004,20240305,40x,0.324,0.324,0.324,87,0.6218786565042072,"(129.20558062237734, 164.74417134072874, 200.95233703103577)",25.3433447185764,4,87
54,13714.0,15153.0,"(148.61338777891206, 236.4757911623159, 258.5405425113023)",0.9050353065399591,466.443639936,346.82762221352465,0.8386290389577126,19.559270358102616,13.669546992410496,12.52221470061805,0.9160665461386936,0.6988781658078443,0.6402189075233373,0.4474350158054119,0.5864831233875913,20240305_P013T_A004,P013T_A004,20240305,40x,0.324,0.324,0.324,87,0.6160595012396092,"(129.20558062237734, 164.74417134072874, 200.95233703103577)",30.460290407897972,4,87
55,12429.0,13780.0,"(159.42014643173223, 197.0209188188913, 288.9338643495052)",0.9019593613933237,422.737932096,348.19490971628704,0.7823045431945032,25.65163674252995,11.332854918721035,10.63052559589437,0.938027149569658,0.44179851104515944,0.41441899799980997,0.18308969626514293,0.38873627142127554,20240305_P013T_A004,P013T_A004,20240305,40x,0.324,0.324,0.324,87,0.6640895396965877,"(129.20558062237734, 164.74417134072874, 200.95233703103577)",31.90282672820307,3,87
56,17091.0,19570.0,"(162.11631853022058, 194.28986016031828, 119.66649113568545)",0.8733265201839551,581.302920384,441.3482204825254,0.7631989212416279,24.94975839465905,16.039105249826413,11.483505458443476,0.7159692064847419,0.6428561349620073,0.4602651968325966,0.2958843054933306,0.3295357077487778,20240305_P013T_A004,P013T_A004,20240305,40x,0.324,0.324,0.324,87,0.6760725268009804,"(129.20558062237734, 164.74417134072874, 200.95233703103577)",29.982612575709588,3,87
57,7294.0,9167.0,"(151.3515217987387, 84.40869207567864, 162.85906224293942)",0.7956801570851969,248.085161856,286.7632012339327,0.6658267373512947,14.280633706828931,13.275214777532572,10.25182234426943,0.7722528423133285,0.9295956363046008,0.7178828723382953,0.6673407855034922,0.5543870886113048,20240305_P013T_A004,P013T_A004,20240305,40x,0.324,0.324,0.324,87,0.628228985772172,"(129.20558062237734, 164.74417134072874, 200.95233703103577)",29.686833984947988,4,87
58,4201.0,10140.0,"(149.20352297072125, 79.02499404903594, 201.25803380147585)",0.4142998027613412,142.885353024,285.94971359658837,0.46222447022528224,14.37282179240976,11.988661856527878,8.190813631159758,0.6832133334964172,0.834120260425065,0.5698820836619083,0.4753501920356497,0.3893510380785365,20240305_P013T_A004,P013T_A004,20240305,40x,0.324,0.324,0.324,87,0.6186823243143167,"(129.20558062237734, 164.74417134072874, 200.95233703103577)",28.518973439132022,8,87
59,22587.0,24482.0,"(160.6570150971798, 80.26497542834373, 253.0925311019613)",0.922596193121477,768.234103488,471.21056721741536,0.8608579441542739,21.05638808249828,18.15333033131467,14.486960959054885,0.7980332365827518,0.8621293576177681,0.6880078816127162,0.5931517930107325,0.5490531565578387,20240305_P013T_A004,P013T_A004,20240305,40x,0.324,0.324,0.324,87,0.6695867337652436,"(129.20558062237734, 164.74417134072874, 200.95233703103577)",33.740407198620495,3,87
60,21360.0,22842.0,"(158.2810861423221, 211.06451310861422, 142.26577715355805)",0.9351195166798004,726.50110464,443.6442304234545,0.880927442430851,19.234759899757684,18.11571135305198,14.799878701083124,0.8169637069531782,0.941821548460306,0.769434023518514,0.7246695434682504,0.6285996721095842,20240305_P013T_A004,P013T_A004,20240305,40x,0.324,0.324,0.324,87,0.6590270495214315,"(129.20558062237734, 164.74417134072874, 200.95233703103577)",25.99092254134481,4,87
61,13161.0,14652.0,"(162.59949851834966, 162.49639085175897, 284.1789377706861)",0.8982391482391482,447.634880064,356.3253420722537,0.7941819767531358,20.03190525665096,17.51878258317554,9.445277369906105,0.5391514692908534,0.8745440016175687,0.4715116834316147,0.4123577144377206,0.2542162169099588,20240305_P013T_A004,P013T_A004,20240305,40x,0.324,0.324,0.324,87,0.6782199934148874,"(129.20558062237734, 164.74417134072874, 200.95233703103577)",29.06421469377312,6,87
62,1748.0,2912.0,"(163.0303203661327, 66.40732265446225, 202.1487414187643)",0.6002747252747253,59.453367552,138.4620455815422,0.5320319173523909,12.013412114379799,7.705378718288276,6.092573027910091,0.790690925216916,0.6413980178924439,0.5071475921996724,0.3252834604157953,0.4009969988978902,20240305_P013T_A004,P013T_A004,20240305,40x,0.324,0.324,0.324,87,0.680134757182812,"(129.20558062237734, 164.74417134072874, 200.95233703103577)",33.69550186460128,5,87
63,15184.0,17162.0,"(171.30650684931507, 231.9211670179136, 249.49216280295047)",0.8847453676727655,516.441609216,383.8156033472965,0.8110400775150755,22.00910926040277,14.118812084350036,12.316945867999392,0.872378341351542,0.6414985684928014,0.5596294571611387,0.359001495655274,0.48820861760969797,20240305_P013T_A004,P013T_A004,20240305,40x,0.324,0.324,0.324,87,0.716917808219178,"(129.20558062237734, 164.74417134072874, 200.95233703103577)",30.118673726065893,5,87
64,9922.0,10892.0,"(171.4643217093328, 234.22767587180005, 210.2114493045757)",0.9109438119720896,337.469286528,277.3046361719189,0.8453109528084227,17.763238836809123,12.682155922375527,10.843038011540868,0.8549838117358386,0.713955154174669,0.6104200991247068,0.4358125759818969,0.5218993031098104,20240305_P013T_A004,P013T_A004,20240305,40x,0.324,0.324,0.324,87,0.7176192075970347,"(129.20558062237734, 164.74417134072874, 200.95233703103577)",26.519533123225767,6,87
65,22099.0,23797.0,"(177.14285714285714, 138.44345898004434, 264.82379293180685)",0.9286464680421902,751.636138176,463.756374255733,0.8620504195066877,20.899814043261337,17.886311681903216,14.565228835244648,0.8143226560219942,0.8558120012398026,0.6969071019050942,0.5964214615596297,0.5675072422239469,20240305_P013T_A004,P013T_A004,20240305,40x,0.324,0.324,0.324,87,0.7428571428571429,"(129.20558062237734, 164.74417134072874, 200.95233703103577)",27.24158557384946,5,87
66,21616.0,23607.0,"(181.4739082161362, 103.00957623982235, 233.88850851221318)",0.9156606091413564,735.208233984,479.1497964717297,0.8221537802465977,23.334796505048608,18.853338163897202,12.058063254373764,0.6395717909236941,0.8079495426419588,0.5167417359634972,0.41750124923571935,0.3304934375151925,20240305_P013T_A004,P013T_A004,20240305,40x,0.324,0.324,0.324,87,0.7621062587383831,"(129.20558062237734, 164.74417134072874, 200.95233703103577)",28.297518398457424,7,87
67,28112.0,30248.0,"(183.24349032441663, 142.0660216277746, 128.31765793966989)",0.9293837609098122,956.151641088,546.522799898893,0.8588032706484553,24.150944124000034,17.466519324780016,16.27776440766838,0.9319409382597978,0.7232230439977971,0.6740011621944141,0.4874531721802971,0.6281292754836564,20240305_P013T_A004,P013T_A004,20240305,40x,0.324,0.324,0.324,87,0.7699710681085183,"(129.20558062237734, 164.74417134072874, 200.95233703103577)",30.238402501776598,3,87
68,17109.0,18654.0,"(181.87649774972238, 200.14916126015547, 268.8712958092232)",0.917175940816983,581.915140416,397.75829541349634,0.8474315912767216,19.55939831580829,15.940898821870887,13.904839480832837,0.8722744956987883,0.8149994475539228,0.7109032321098891,0.5793857414338579,0.6201027582792924,20240305_P013T_A004,P013T_A004,20240305,40x,0.324,0.324,0.324,87,0.7638955455543217,"(129.20558062237734, 164.74417134072874, 200.95233703103577)",30.117579914764995,4,87
69,7685.0,18908.0,"(181.16200390370852, 86.75393623942746, 198.58061158100196)",0.40644171779141103,261.38394144,551.9588927356756,0.3581761451175268,18.91535221272957,16.31923377274224,11.295014921523258,0.692128998138941,0.862750721700006,0.5971347926538735,0.5151784733143128,0.41329430579342974,20240305_P013T_A004,P013T_A004,20240305,40x,0.324,0.324,0.324,87,0.7607200173498156,"(129.20558062237734, 164.74417134072874, 200.95233703103577)",30.37242391442886,5,87
70,16714.0,18627.0,"(185.45764030154362, 107.7024649994017, 288.4346655498385)",0.897299618832877,568.480311936,412.63151986165013,0.8042640884177402,23.861112208184093,15.512979252135352,11.126907745245234,0.7172643993392579,0.6501364696158034,0.4663197443675249,0.3031714723152465,0.334474551343809,20240305_P013T_A004,P013T_A004,20240305,40x,0.324,0.324,0.324,87,0.7798117346735272,"(129.20558062237734, 164.74417134072874, 200.95233703103577)",38.43356815043311,3,87
71,11021.0,13156.0,"(183.49451047999275, 235.2899918337719, 226.52744760003628)",0.837716631194892,374.848720704,336.0310501781425,0.7481845525578935,18.58418753555085,15.388257939667675,10.225938995892884,0.6645286968794938,0.828029630578712,0.5502494513860802,0.45562284995735486,0.36565655088824817,20240305_P013T_A004,P013T_A004,20240305,40x,0.324,0.324,0.324,87,0.7710867132444122,"(129.20558062237734, 164.74417134072874, 200.95233703103577)",30.008219844904726,4,87
72,1701.0,2565.0,"(178.07642563198118, 101.24926513815403, 199.37272192827749)",0.6631578947368421,57.854793024,107.16278693293204,0.6750454604484112,10.05535173092451,7.571218340800223,6.552149674562669,0.8654022879321895,0.7529541027904062,0.6516082032627466,0.49063107005857,0.5639032299389641,20240305_P013T_A004,P013T_A004,20240305,40x,0.324,0.324,0.324,87,0.7470063361421386,"(129.20558062237734, 164.74417134072874, 200.95233703103577)",25.96543719852379,6,87
73,20092.0,22175.0,"(188.70221978897072, 222.17355166235316, 189.4114572964364)",0.906065388951522,683.373604608,444.3619440327259,0.84434395765377,21.01331364642122,16.8350842470965,14.161139808090201,0.841168336329088,0.8011627547359093,0.673912741530034,0.5399137884558308,0.5668740596237936,20240305_P013T_A004,P013T_A004,20240305,40x,0.324,0.324,0.324,87,0.794232087950981,"(129.20558062237734, 164.74417134072874, 200.95233703103577)",27.051915651558723,6,87
74,22280.0,24881.0,"(192.59308797127468, 116.21059245960502, 151.4468132854578)",0.8954624010288975,757.7923507200001,503.3130339476403,0.7986308678285741,24.012235664722265,18.868227658654497,12.361635047193534,0.6551561318226669,0.7857755488538236,0.514805669067904,0.4045217071648922,0.33727809078690796,20240305_P013T_A004,P013T_A004,20240305,40x,0.324,0.324,0.324,87,0.8115248354278874,"(129.20558062237734, 164.74417134072874, 200.95233703103577)",30.435797152618196,3,87
75,17547.0,19018.0,"(192.2232860318003, 93.20487832677951, 259.5600387530632)",0.9226522242086445,596.812494528,408.7074953171465,0.838745352230565,19.885827993513875,18.194306649600627,11.924253032111096,0.6553837561253173,0.9149383498406519,0.5996357323416661,0.5486297274541748,0.3929915185690365,20240305_P013T_A004,P013T_A004,20240305,40x,0.324,0.324,0.324,87,0.8098812712524458,"(129.20558062237734, 164.74417134072874, 200.95233703103577)",36.25900826933619,5,87
76,19352.0,21286.0,"(196.1119780901199, 180.19109136006614, 137.44326167837949)",0.9091421591656488,658.204558848,434.81574925521045,0.8415619974155288,22.450158384506864,15.395475070273767,13.708733545841582,0.8904391376860454,0.685762425662813,0.610629702964686,0.4187469062868261,0.5437285861533611,20240305_P013T_A004,P013T_A004,20240305,40x,0.324,0.324,0.324,87,0.8271643470671995,"(129.20558062237734, 164.74417134072874, 200.95233703103577)",30.304785395575728,4,87
77,16212.0,17345.0,"(197.5379348630644, 204.26313841598815, 161.92487046632124)",0.9346785817238398,551.406175488,374.93677710707414,0.8673089599523907,20.320541705676195,15.030726475621611,12.911349155538709,0.8589970136493184,0.7396813871070689,0.6353841025769575,0.4699817943399041,0.5457930466338587,20240305_P013T_A004,P013T_A004,20240305,40x,0.324,0.324,0.324,87,0.8335019327247307,"(129.20558062237734, 164.74417134072874, 200.95233703103577)",28.5307757687759,5,87
78,16411.0,18603.0,"(199.5109377856316, 175.4778502224118, 252.41283285601122)",0.882169542546901,558.174608064,408.8928204410478,0.8017790240847777,19.236445990578023,16.468131292419883,13.44121668662207,0.8161956234104673,0.8560901166715487,0.6987370064722742,0.5981818453935779,0.5703060865976015,20240305_P013T_A004,P013T_A004,20240305,40x,0.324,0.324,0.324,87,0.842270834602807,"(129.20558062237734, 164.74417134072874, 200.95233703103577)",28.442398155957,6,87
79,12250.0,13916.0,"(208.20677551020407, 139.29951020408163, 199.64595918367348)",0.8802816901408451,416.649744,334.3472122324271,0.8068642948507784,21.80175814797514,13.355810915865824,10.582151278984632,0.792325628570687,0.6126024711042058,0.48538063798159603,0.2973453782536617,0.3845795190848092,20240305_P013T_A004,P013T_A004,20240305,40x,0.324,0.324,0.324,87,0.8809190022675736,"(129.20558062237734, 164.74417134072874, 200.95233703103577)",26.89458835660644,6,87
80,13342.0,15271.0,"(206.66166991455555, 116.1909758656873, 197.0903912456903)",0.8736821426232728,453.791092608,357.59823512364557,0.7985940480331614,21.570336916638205,14.227473219735895,11.239034448785292,0.7899529505488623,0.6595851179664043,0.5210412100756804,0.3436710280131257,0.41159804125683336,20240305_P013T_A004,P013T_A004,20240305,40x,0.324,0.324,0.324,87,0.8740518662869136,"(129.20558062237734, 164.74417134072874, 200.95233703103577)",29.645155790088793,8,87
81,12409.0,13705.0,"(203.64187283423323, 214.23587718591344, 232.31428801676202)",0.9054359722728931,422.057687616,324.84182217892436,0.8376451211637664,16.995820774813613,16.399523003388683,10.971755696982518,0.6690289525320579,0.9649150353298269,0.6455560953691477,0.6229067825705062,0.4318957182855061,20240305_P013T_A004,P013T_A004,20240305,40x,0.324,0.324,0.324,87,0.8606305459299255,"(129.20558062237734, 164.74417134072874, 200.95233703103577)",30.692502240954237,8,87
82,14980.0,16324.0,"(208.54759679572763, 176.46728971962617, 218.0590787716956)",0.9176672384219554,509.50311552,361.6307806076075,0.8530673069170301,19.342452167098838,14.92664698227562,12.850568109506387,0.8609145861602786,0.7717039625237165,0.6643711975343526,0.5126978857238866,0.5719668545820957,20240305_P013T_A004,P013T_A004,20240305,40x,0.324,0.324,0.324,87,0.8824337635365672,"(129.20558062237734, 164.74417134072874, 200.95233703103577)",26.570425242592407,6,87
83,15941.0,17298.0,"(210.5729878928549, 131.81180603475315, 240.8481274700458)",0.9215516244652561,542.188862784,379.90548449330606,0.8463999378661752,19.74312347376551,16.931367047333733,11.57534577488098,0.683662798315143,0.8575829994596339,0.5862975931980671,0.5027988485507625,0.40082985321122383,20240305_P013T_A004,P013T_A004,20240305,40x,0.324,0.324,0.324,87,0.8914355017460218,"(129.20558062237734, 164.74417134072874, 200.95233703103577)",31.240169627974957,7,87
84,15205.0,17210.0,"(214.95804011838212, 147.56691877671818, 224.42604406445247)",0.8834979662986636,517.15586592,397.35575841955114,0.7841255107440213,22.27125252924353,17.157507750606317,10.229980454003895,0.5962393025083952,0.7703880923660423,0.4593356588531022,0.3538667219795406,0.2738739728518078,20240305_P013T_A004,P013T_A004,20240305,40x,0.324,0.324,0.324,87,0.9109246227483649,"(129.20558062237734, 164.74417134072874, 200.95233703103577)",29.338655738245965,5,87
85,14600.0,16006.0,"(213.85246575342467, 201.99061643835617, 204.78246575342465)",0.9121579407722105,496.5784704,357.2816503479114,0.8487869041814031,18.45923174907686,16.000247383622987,12.11468696920154,0.7571562288219054,0.8667883691542664,0.6562942127755339,0.5688681903770881,0.49691725114276436,20240305_P013T_A004,P013T_A004,20240305,40x,0.324,0.324,0.324,87,0.9060109589041097,"(129.20558062237734, 164.74417134072874, 200.95233703103577)",29.98893089427803,5,87
86,15430.0,16571.0,"(216.92203499675955, 177.26636422553466, 182.51179520414777)",0.9311447709854566,524.80861632,363.3882107208972,0.8658591726150572,19.024247252199018,16.544989187451353,11.82044879892537,0.7144428240479396,0.8696790452793822,0.6213359531247178,0.5403628585112595,0.4439090130329415,20240305_P013T_A004,P013T_A004,20240305,40x,0.324,0.324,0.324,87,0.9196534888744868,"(129.20558062237734, 164.74417134072874, 200.95233703103577)",29.323405634985797,6,87
87,17101.0,19334.0,"(218.0283609145664, 141.81463072334952, 177.75726565697911)",0.8845039826212889,581.643042624,410.5875279220161,0.8206967807323611,22.78473940978084,13.950824386562374,13.446941711136713,0.9638815125569922,0.6122880817576383,0.5901731623651716,0.36135599348941017,0.568857000411085,20240305_P013T_A004,P013T_A004,20240305,40x,0.324,0.324,0.324,87,0.9245704929536285,"(129.20558062237734, 164.74417134072874, 200.95233703103577)",30.657422850663995,4,87
1,19267.0,22361.0,"(51.4660819016972, 112.21285098873722, 56.945035553018116)",0.8616340950762488,655.313519808,455.1852920929241,0.8015463775902443,20.31691833321797,18.054326274352608,13.302426659592099,0.7367999479708692,0.8886350763557461,0.6547462780240031,0.5818305087655006,0.4824170235822058,20240305_P013T_A008,P013T_A008,20240305,40x,0.324,0.324,0.324,13,0.15283048912719185,"(103.89995434134059, 94.74431594019158, 89.90902401290855)",20.84980966827891,0,13
2,24514.0,28821.0,"(59.12658072937913, 129.82491637431673, 93.05152157950559)",0.8505603552964852,833.7756591360001,551.4894185046155,0.776806913478391,24.18305918407729,19.225556241047176,13.059511533984535,0.6792787355666756,0.7950010002748431,0.5400272742409378,0.42932222319724256,0.36682904401790256,20240305_P013T_A008,P013T_A008,20240305,40x,0.324,0.324,0.324,13,0.20494272605019817,"(103.89995434134059, 94.74431594019158, 89.90902401290855)",18.457136559003626,0,13
3,15472.0,18085.0,"(52.450555842812825, 75.97097983453982, 84.11789038262668)",0.8555156206801217,526.237129728,415.12041375179706,0.7593308164494597,19.819622026384458,16.57084277834879,11.76668602739958,0.7100837407481623,0.8360826839325797,0.5936887197816095,0.49637285825550537,0.4215687069825128,20240305_P013T_A008,P013T_A008,20240305,40x,0.324,0.324,0.324,13,0.15952759076743417,"(103.89995434134059, 94.74431594019158, 89.90902401290855)",17.843595093029613,0,13
4,18332.0,20969.0,"(66.99738162775475, 80.38997381627755, 129.29565786602663)",0.8742429300395822,623.512090368,465.46313381661514,0.7582785218050361,22.428871137273607,17.241599565247597,11.628166094589002,0.6744250178519916,0.7687234662735434,0.5184463374647793,0.3985418656127484,0.34965318039998355,20240305_P013T_A008,P013T_A008,20240305,40x,0.324,0.324,0.324,13,0.2584855893044541,"(103.89995434134059, 94.74431594019158, 89.90902401290855)",18.095201123157352,0,13
5,17645.0,19486.0,"(96.5145933692264, 81.54463020685746, 29.92796826296401)",0.9055219131684286,600.14569248,437.0814813852944,0.7872140687530342,25.72882349018232,16.835005231345193,10.037851047143077,0.5962487631695857,0.6543247202021943,0.3901403051318436,0.2552784459949923,0.23262067439746653,20240305_P013T_A008,P013T_A008,20240305,40x,0.324,0.324,0.324,13,0.45928294808997555,"(103.89995434134059, 94.74431594019158, 89.90902401290855)",20.04222807953811,0,13
6,10090.0,12269.0,"(97.99355797819624, 133.31278493557977, 122.7775024777007)",0.8223979134403782,343.18334016,326.91697671552225,0.7250992374858313,19.16246194070575,17.991929386349266,7.578254231285288,0.42120297765480436,0.9389153357236427,0.39547393517255863,0.3713165426124931,0.16657479907954476,20240305_P013T_A008,P013T_A008,20240305,40x,0.324,0.324,0.324,13,0.4693439318244642,"(103.89995434134059, 94.74431594019158, 89.90902401290855)",16.52955533337875,0,13
7,11528.0,18723.0,"(101.2807945870923, 137.46096460791117, 64.43598195697432)",0.6157132938097527,392.092918272,423.73325459063835,0.6113889351726179,36.68967177717514,12.952775742422647,8.167620353980855,0.6305691163346898,0.3530360211747831,0.22261361190649787,0.07859062380681732,0.14037326854395396,20240305_P013T_A008,P013T_A008,20240305,40x,0.324,0.324,0.324,13,0.4917060856264783,"(103.89995434134059, 94.74431594019158, 89.90902401290855)",16.13652698828635,0,13
8,21063.0,23291.0,"(112.50913924891991, 35.645302188672076, 76.25376252195794)",0.9043407324717702,716.399474112,488.72361290901364,0.7922415956039118,25.06767785616931,19.527129472096846,10.676662614499447,0.5467604764825157,0.7789764007714459,0.4259135080544309,0.33177657154418083,0.23287267260418043,20240305_P013T_A008,P013T_A008,20240305,40x,0.324,0.324,0.324,13,0.5680893826457136,"(103.89995434134059, 94.74431594019158, 89.90902401290855)",19.849535898357114,0,13
9,18058.0,21857.0,"(116.21065455753683, 93.71397718462731, 142.86028353084507)",0.826188406460173,614.192740992,465.6178148272463,0.7504544243478416,23.406512813011066,18.941397560700906,10.590872696634127,0.5591389264014911,0.8092362032746664,0.4524754619042158,0.3661595248663186,0.252996643992142,20240305_P013T_A008,P013T_A008,20240305,40x,0.324,0.324,0.324,13,0.5932697588948084,"(103.89995434134059, 94.74431594019158, 89.90902401290855)",17.616934509777206,0,13
10,23583.0,33413.0,"(148.10829835050671, 132.2935589195607, 99.68290717890005)",0.7058031305180619,802.110278592,623.3852652059661,0.6697051615460884,27.7814045765607,20.60122601110593,12.375025040962756,0.6006936205782848,0.7415473164552406,0.44544274235160963,0.33031687022529926,0.26757461366350843,20240305_P013T_A008,P013T_A008,20240305,40x,0.324,0.324,0.324,13,0.8102605329966444,"(103.89995434134059, 94.74431594019158, 89.90902401290855)",19.057844479413074,0,13
11,14923.0,16014.0,"(147.61931247068284, 69.45372914293372, 115.37539368759633)",0.9318721119020856,507.564418752,351.98974592853017,0.8742082332023801,18.109848323081287,16.826713584890623,11.83097705325502,0.7031068184270116,0.9291471294900195,0.6532896820663182,0.6070022328173671,0.45933242986884293,20240305_P013T_A008,P013T_A008,20240305,40x,0.324,0.324,0.324,13,0.8069340984400193,"(103.89995434134059, 94.74431594019158, 89.90902401290855)",18.326867584285882,0,13
12,16274.0,18264.0,"(152.86831756175494, 66.04534840850437, 61.82001966326656)",0.8910424879544458,553.514933376,410.58043044213616,0.7940334051247889,21.959475245159652,17.879515887261302,10.312751594289734,0.5767914332421777,0.8142050612617594,0.46962650423820534,0.3823722766534139,0.27087654446806814,20240305_P013T_A008,P013T_A008,20240305,40x,0.324,0.324,0.324,13,0.8426416160663602,"(103.89995434134059, 94.74431594019158, 89.90902401290855)",20.518496895598695,0,13
13,14838.0,16168.0,"(164.8854293031406, 90.07595363256503, 98.26849979781642)",0.9177387431964374,504.673379712,364.82019742579473,0.8402570829290252,22.096453434999386,14.22441493368907,11.675601436590311,0.820814176963992,0.643741991244554,0.52839255272056,0.3401484740471263,0.43371209827522916,20240305_P013T_A008,P013T_A008,20240305,40x,0.324,0.324,0.324,13,0.9243906755315687,"(103.89995434134059, 94.74431594019158, 89.90902401290855)",20.001332734705365,1,13
1,7755.0,11469.0,"(38.19432624113475, 92.91360412637009, 89.59767891682786)",0.6761705466910803,263.76479712,332.0952886120271,0.5989160688304325,21.297374347803434,10.823114652877821,10.178974162938996,0.9404847393196974,0.508190093113243,0.4779450272464612,0.24288692789939062,0.44950000435903376,20240305_P013T_A009a,P013T_A009a,20240305,40x,0.324,0.324,0.324,12,0.11964036410342324,"(88.18008617420251, 86.7887467869032, 90.58501011335385)",16.319648420391708,0,12
2,12748.0,14696.0,"(43.90704424223408, 71.01953247568245, 117.8096171948541)",0.8674469243331518,433.587831552,351.9850199211373,0.787066329839293,19.371496937651163,14.681505046004052,11.200151232643801,0.7628748685879592,0.7578921284843265,0.5781768579213292,0.4381956894903762,0.4410765945073332,20240305_P013T_A009a,P013T_A009a,20240305,40x,0.324,0.324,0.324,12,0.16462239560814232,"(88.18008617420251, 86.7887467869032, 90.58501011335385)",17.597554047012157,0,12
3,23317.0,25480.0,"(58.22357078526397, 62.361152806964874, 86.29836599905649)",0.9151098901098901,793.0630270080001,499.1385606993156,0.8301083918974974,22.31316923028456,20.2439766910333,12.672166159214525,0.6259721769402862,0.9072658608960465,0.5679231860087011,0.5152573182770098,0.35550411308072966,20240305_P013T_A009a,P013T_A009a,20240305,40x,0.324,0.324,0.324,12,0.2773509510650707,"(88.18008617420251, 86.7887467869032, 90.58501011335385)",12.600540700806878,0,12
4,21084.0,23741.0,"(63.47287042306963, 125.44303737431227, 109.38579017264276)",0.8880839054799714,717.113730816,490.9670180759117,0.7891456464813705,26.140555389258235,18.44513121817953,10.922191655265147,0.5921449691016689,0.7056135932658517,0.4178255393821254,0.29482338020166415,0.24741329110731683,20240305_P013T_A009a,P013T_A009a,20240305,40x,0.324,0.324,0.324,12,0.3186840190792884,"(88.18008617420251, 86.7887467869032, 90.58501011335385)",16.063572411243833,0,12
5,13224.0,14879.0,"(61.498714458560194, 76.75423472474289, 51.31389897156685)",0.8887694065461389,449.777650176,349.5634152934337,0.8121259692951268,21.291733164067097,14.070542153152367,11.134850424609192,0.7913590182532191,0.6608453170406277,0.5229659013105085,0.34559956685298054,0.41385378224099384,20240305_P013T_A009a,P013T_A009a,20240305,40x,0.324,0.324,0.324,12,0.3031394839256708,"(88.18008617420251, 86.7887467869032, 90.58501011335385)",15.722539252614089,0,12
6,14571.0,16117.0,"(65.35337313842564, 113.76851279939606, 61.522682039667835)",0.9040764410250046,495.592115904,390.0558152067244,0.7764383178024579,24.514904429882073,16.02844520299033,9.067140714425497,0.5656905956626346,0.6538245029196483,0.3698623725154418,0.24182508185859047,0.20922766582145547,20240305_P013T_A009a,P013T_A009a,20240305,40x,0.324,0.324,0.324,12,0.33349112707421763,"(88.18008617420251, 86.7887467869032, 90.58501011335385)",14.824851872460462,0,12
7,10490.0,12384.0,"(80.83803622497616, 84.05700667302193, 137.5811248808389)",0.8470607235142119,356.78822976,322.6528267147701,0.7539727723057409,18.623674533148776,17.42082565350797,8.384025393997582,0.4812645256173218,0.9354129134129882,0.4501810520300186,0.42110516944272375,0.21665617044713378,20240305_P013T_A009a,P013T_A009a,20240305,40x,0.324,0.324,0.324,12,0.45541760807067844,"(88.18008617420251, 86.7887467869032, 90.58501011335385)",15.436833384102707,0,12
8,12102.0,13689.0,"(96.284911584862, 50.58221781523715, 114.7775574285242)",0.8840674994521148,411.615934848,333.67988480019847,0.8019529397355888,18.76532774928534,15.794876969563436,10.475592535618965,0.6632272322098692,0.841705361110198,0.5582419169853251,0.4698752143229823,0.37024124150570875,20240305_P013T_A009a,P013T_A009a,20240305,40x,0.324,0.324,0.324,12,0.5770465479122993,"(88.18008617420251, 86.7887467869032, 90.58501011335385)",14.35097015354104,0,12
9,20960.0,23288.0,"(115.30042938931298, 69.00801526717557, 74.71326335877863)",0.9000343524562007,712.89621504,487.3290921078865,0.7919163791156627,22.496002682278384,21.27182363969518,11.112673860392007,0.5224128428582275,0.9455823747946309,0.4939843765730971,0.46710291991143443,0.25806378249310086,20240305_P013T_A009a,P013T_A009a,20240305,40x,0.324,0.324,0.324,12,0.7267750345615195,"(88.18008617420251, 86.7887467869032, 90.58501011335385)",11.698059258285868,0,12
10,14575.0,16541.0,"(123.97653516295026, 123.99224699828473, 86.25941680960548)",0.8811438244362493,495.7281648,392.8344843436883,0.7710873573680668,20.801157043530974,19.311005336696354,9.171798819720138,0.4749519074644516,0.9283620760270137,0.4409273388266884,0.4093402196502109,0.2094192806289602,20240305_P013T_A009a,P013T_A009a,20240305,40x,0.324,0.324,0.324,12,0.7950908280547264,"(88.18008617420251, 86.7887467869032, 90.58501011335385)",16.786192497482435,0,12
11,22733.0,24970.0,"(132.67707737650113, 85.48537368583116, 114.96001407645274)",0.9104124949939928,773.199888192,478.9408693594178,0.8506092111751312,21.20716801765875,18.75092247005386,14.2893827879363,0.7620629230778987,0.8841785218299952,0.6737996688684619,0.5957591952296569,0.5134777452268203,20240305_P013T_A009a,P013T_A009a,20240305,40x,0.324,0.324,0.324,12,0.8635990344606387,"(88.18008617420251, 86.7887467869032, 90.58501011335385)",16.443827777454718,0,12
12,16289.0,17904.0,"(133.24765178955124, 85.22898888820677, 51.46503775554055)",0.9097966934763181,554.025116736,383.25291569958915,0.851173889675067,18.394027320122998,17.365020773719216,12.65552128461374,0.7287939041090591,0.9440575721403842,0.6880234037039104,0.6495337040764771,0.501427262503776,20240305_P013T_A009a,P013T_A009a,20240305,40x,0.324,0.324,0.324,12,0.8680917463744191,"(88.18008617420251, 86.7887467869032, 90.58501011335385)",19.342258778031617,1,12
1,20783.0,22723.0,"(42.41817831881826, 232.16677091853919, 226.46648703267093)",0.9146239493024688,706.876051392,472.3054373891681,0.8124999780373572,27.561511348993044,14.999210328847324,12.3783178001117,0.8252646325190216,0.5442085573219234,0.44911607507198403,0.24441281128500908,0.37063961265266626,20240305_P013T_B002,P013T_B002,20240305,40x,0.324,0.324,0.324,18,0.18226161234811597,"(88.66656153265875, 252.50168756340557, 242.01084397679682)",17.12623918675895,1,18
2,23611.0,26383.0,"(44.415187836178056, 259.97839989835245, 266.3155732497565)",0.8949323427964977,803.062620864,518.2960207612106,0.8061314370149887,27.499637260315076,17.27444368998048,12.519632602934694,0.7247488155115716,0.6281698746226502,0.4552653725728181,0.28598399200910124,0.3299530395155842,20240305_P013T_B002,P013T_B002,20240305,40x,0.324,0.324,0.324,18,0.1984974620827484,"(88.66656153265875, 252.50168756340557, 242.01084397679682)",16.536082581666395,0,18
3,15527.0,16859.0,"(59.40188059509242, 246.10156501577896, 197.47420622142076)",0.9209917551456196,528.107802048,386.4663162573959,0.8175623174433033,24.091828937132238,13.316907856951527,11.984004253929934,0.8999089265061028,0.5527562017687437,0.4974302401533009,0.27495765019205265,0.44764191342802995,20240305_P013T_B002,P013T_B002,20240305,40x,0.324,0.324,0.324,18,0.32034049264302783,"(88.66656153265875, 252.50168756340557, 242.01084397679682)",17.39036678100954,0,18
4,21419.0,23336.0,"(59.131565432559874, 227.48326252392735, 251.66595079135348)",0.917852245457662,728.5078258560001,470.47610597324785,0.8322159471542147,24.33360368981994,16.645388617197533,13.108390341507869,0.7875088195877061,0.6840494663008421,0.5386949877461765,0.3684940188667107,0.42422705391780524,20240305_P013T_B002,P013T_B002,20240305,40x,0.324,0.324,0.324,18,0.31814280839479575,"(88.66656153265875, 252.50168756340557, 242.01084397679682)",12.925361338438963,0,18
5,4322.0,4928.0,"(53.82577510411846, 292.7063859324387, 252.07658491439147)",0.8770292207792207,147.000832128,161.8535989992442,0.8322266630950035,13.791192420705825,9.456834598811925,8.24856828006425,0.8722335358493558,0.6857155139546613,0.5981040673234326,0.410129237923061,0.5216864254473988,20240305_P013T_B002,P013T_B002,20240305,40x,0.324,0.324,0.324,18,0.2750063016594997,"(88.66656153265875, 252.50168756340557, 242.01084397679682)",17.542789367425804,1,18
6,6644.0,7898.0,"(66.53777844671885, 299.93829018663456, 239.61905478627332)",0.841225626740947,225.977216256,232.13701337600708,0.7728872947915048,16.016517741492393,12.20297524384055,8.97251688984232,0.7352728912869996,0.7618993991576284,0.5602039740884572,0.42681907126371116,0.4119027957384873,20240305_P013T_B002,P013T_B002,20240305,40x,0.324,0.324,0.324,18,0.37835592233104753,"(88.66656153265875, 252.50168756340557, 242.01084397679682)",16.97721343648772,1,18
7,18781.0,21320.0,"(82.79633672328417, 276.17070443533356, 194.9607582130877)",0.8809099437148218,638.783578944,475.47667002196187,0.7543809986792531,26.20870397458941,19.1508181530242,9.430408635114494,0.4924284988641747,0.7307045083798052,0.3598197241747522,0.2629218946584694,0.17718548663709463,20240305_P013T_B002,P013T_B002,20240305,40x,0.324,0.324,0.324,18,0.5105393229535299,"(88.66656153265875, 252.50168756340557, 242.01084397679682)",17.170142919161663,0,18
8,14628.0,16543.0,"(88.98003828274543, 228.784317746787, 206.26059611703582)",0.8842410687299764,497.530812672,413.5292364459528,0.7342735649183382,26.17201719763095,17.60351209204442,8.006491313338465,0.45482351882252237,0.6726081508779485,0.30591800597101854,0.20576294431643594,0.13913870394690805,20240305_P013T_B002,P013T_B002,20240305,40x,0.324,0.324,0.324,18,0.560813319371914,"(88.66656153265875, 252.50168756340557, 242.01084397679682)",13.900665310166772,0,18
9,25676.0,29793.0,"(84.90617697460664, 217.63269200810095, 274.4326608505998)",0.8618131775920518,873.2978634240001,566.0063982011388,0.7806164800950297,30.19838440094705,16.821001441193992,13.01084213271992,0.7734879625452539,0.5570166012148143,0.43084563597752895,0.2399881718004383,0.333253913143773,20240305_P013T_B002,P013T_B002,20240305,40x,0.324,0.324,0.324,18,0.5276924957285093,"(88.66656153265875, 252.50168756340557, 242.01084397679682)",15.474728273249424,0,18
10,10678.0,13758.0,"(86.71417868514703, 290.7878816257726, 265.8003371417868)",0.7761302514900421,363.182527872,334.8043001284781,0.7352635926226225,20.968216341961586,14.78397641129699,9.88674788974731,0.6687475422507084,0.7050659994246293,0.4715111542397602,0.33244648320391706,0.31532192554163435,20240305_P013T_B002,P013T_B002,20240305,40x,0.324,0.324,0.324,18,0.5423916966272117,"(88.66656153265875, 252.50168756340557, 242.01084397679682)",14.618054321032837,0,18
11,16096.0,18208.0,"(93.22782057654075, 303.03528827037775, 213.57616799204771)",0.8840070298769771,547.460757504,411.1020833326751,0.7872326710303373,24.639962495052327,16.82073512913114,9.963266403611057,0.592320509604606,0.6826607440051389,0.40435395977618344,0.27603657502223333,0.23950714351526936,20240305_P013T_B002,P013T_B002,20240305,40x,0.324,0.324,0.324,18,0.595348134768624,"(88.66656153265875, 252.50168756340557, 242.01084397679682)",18.844940439313202,0,18
12,25315.0,27836.0,"(99.54797550859175, 228.1812759233656, 241.20209362038318)",0.9094338266992384,861.01945056,517.9683483488471,0.8449990306145234,22.070496059535223,19.9069478139703,14.282712192336579,0.717473734587944,0.9019710186971446,0.6471405152747326,0.5837019898025456,0.4643063222973287,20240305_P013T_B002,P013T_B002,20240305,40x,0.324,0.324,0.324,18,0.6467315081999329,"(88.66656153265875, 252.50168756340557, 242.01084397679682)",8.636539949972436,0,18
13,12237.0,14284.0,"(109.83231184113754, 272.31037018877174, 267.7249325815151)",0.8566928031363764,416.20758508800003,361.7283069775074,0.7452608186093629,20.75528296098926,17.63089281799305,9.01678689519459,0.5114197555550102,0.8494653072729156,0.4344333397979761,0.3690360504810867,0.22217779244442762,20240305_P013T_B002,P013T_B002,20240305,40x,0.324,0.324,0.324,18,0.7303439987084352,"(88.66656153265875, 252.50168756340557, 242.01084397679682)",12.555103454841737,2,18
14,22640.0,25820.0,"(113.17477915194347, 255.15812720848058, 277.7976148409894)",0.876839659178931,770.03675136,542.9012188914659,0.7483491617606086,26.734339399261966,20.879078022416998,10.515005498776596,0.5036144549815404,0.7809835025507826,0.3933145809866869,0.30717219906327625,0.19807890833990327,20240305_P013T_B002,P013T_B002,20240305,40x,0.324,0.324,0.324,18,0.7575185296905973,"(88.66656153265875, 252.50168756340557, 242.01084397679682)",14.079663608718295,1,18
15,18263.0,20296.0,"(116.88205661720419, 258.0062421288945, 205.3259048349121)",0.8998324793062672,621.165246912,462.1472314247395,0.7618015792667462,23.03343060814965,21.58172609747956,9.03272656467736,0.4185358726117951,0.936974021136198,0.39215723955082116,0.3674411456596042,0.16413187245643573,20240305_P013T_B002,P013T_B002,20240305,40x,0.324,0.324,0.324,18,0.7876589968878389,"(88.66656153265875, 252.50168756340557, 242.01084397679682)",15.10062140472195,0,18
16,17142.0,18443.0,"(116.4459222961148, 287.7933146657333, 232.72826974682067)",0.9294583310741202,583.037543808,390.58067486804384,0.8641140248443672,21.608175909861323,14.58202616796104,13.245166493298907,0.9083214047716208,0.6748383680691086,0.6129701344783208,0.413655765226452,0.5567738936323977,20240305_P013T_B002,P013T_B002,20240305,40x,0.324,0.324,0.324,18,0.7841131893993073,"(88.66656153265875, 252.50168756340557, 242.01084397679682)",14.859411519244675,0,18
17,11842.0,13665.0,"(130.45102178686034, 261.9497551089343, 240.9714575240669)",0.866593487010611,402.772756608,336.21531116473875,0.7844646215374039,24.37541166036235,12.491879024281536,9.82861817232581,0.7868006208850632,0.5124786895228107,0.40321855110691096,0.2066409146625562,0.3172526063632931,20240305_P013T_B002,P013T_B002,20240305,40x,0.324,0.324,0.324,18,0.8979757868850433,"(88.66656153265875, 252.50168756340557, 242.01084397679682)",13.884023499909006,0,18
18,21940.0,25702.0,"(132.63249772105743, 228.05519598906108, 274.8781677301732)",0.8536300676990117,746.22819456,530.8630862474491,0.7494615659219044,27.543973593326825,19.43526040091962,10.725493394618114,0.5518574577014989,0.7056084458935246,0.38939528308350607,0.27476060053482176,0.2148906909634191,20240305_P013T_B002,P013T_B002,20240305,40x,0.324,0.324,0.324,18,0.9157113635858328,"(88.66656153265875, 252.50168756340557, 242.01084397679682)",19.469395533273705,0,18
1,21858.0,23282.0,"(28.66250343123799, 390.27939427212004, 113.44930917741787)",0.938836869684735,743.4391921920001,458.5844774854509,0.8654229520090233,23.203408769321953,16.416822907946027,13.814185071986692,0.8414651939322795,0.7075177216914478,0.5953515368936186,0.42122176298847486,0.5009675964500694,20240305_P013T_D005,P013T_D005,20240305,40x,0.324,0.324,0.324,55,0.12289064644523744,"(108.17287284058662, 327.26281517218047, 183.70741137251648)",39.98373851232661,3,55
2,30034.0,32095.0,"(46.276553239661716, 402.576646467337, 78.31437703935539)",0.9357843900919146,1021.523135616,578.226481046054,0.8483042028331853,23.727025762956416,22.447165272835065,13.709000993773762,0.610723039062933,0.946058958130373,0.5777800020420935,0.5466139467605078,0.35286355875693487,20240305_P013T_D005,P013T_D005,20240305,40x,0.324,0.324,0.324,55,0.23297845774788573,"(108.17287284058662, 327.26281517218047, 183.70741137251648)",46.515184153508635,2,55
3,15826.0,17033.0,"(51.61740174396563, 384.9208264880576, 142.69031972703146)",0.9291375565079552,538.277457024,395.1951931085184,0.8097356601181064,26.130719870369365,14.307579627770203,10.378786255196841,0.7254047522511917,0.5475386709110193,0.3971871539201547,0.21747532636037192,0.2881214489868057,20240305_P013T_D005,P013T_D005,20240305,40x,0.324,0.324,0.324,55,0.26635876089978516,"(108.17287284058662, 327.26281517218047, 183.70741137251648)",29.34905205898419,5,55
4,16496.0,18583.0,"(51.391125121241515, 293.50418283220176, 181.37105965082444)",0.8876930527901846,561.065647104,394.1289953975444,0.8346829145488627,20.904442527527763,15.381055903667667,12.925554396390343,0.8403554656678803,0.7357792910962972,0.6183161487980118,0.45494421763599374,0.5196053551531237,20240305_P013T_D005,P013T_D005,20240305,40x,0.324,0.324,0.324,55,0.26494453200775947,"(108.17287284058662, 327.26281517218047, 183.70741137251648)",21.416548693663227,2,55
5,11216.0,13411.0,"(53.00641940085592, 338.38774964336665, 118.35404778887303)",0.8363283871448811,381.481104384,330.3129113779016,0.770088424604511,16.378892093197024,15.41097797592713,11.653280912553216,0.7561675145312866,0.9409047869805603,0.71148163418168,0.6694364754502945,0.537999298953819,20240305_P013T_D005,P013T_D005,20240305,40x,0.324,0.324,0.324,55,0.2750401212553495,"(108.17287284058662, 327.26281517218047, 183.70741137251648)",27.94331211338421,9,55
6,29506.0,32287.0,"(65.04043245441605, 326.75665966244156, 170.6458686368874)",0.9138662619630191,1003.5646813440001,586.061243900688,0.8271254191858324,27.7414479728457,18.712723542868055,13.893972317044046,0.7424879807161705,0.6745402605222598,0.5008380359469322,0.3378354192471006,0.3718662219760905,20240305_P013T_D005,P013T_D005,20240305,40x,0.324,0.324,0.324,55,0.3502527028401003,"(108.17287284058662, 327.26281517218047, 183.70741137251648)",14.60254558898878,5,55
7,14245.0,15451.0,"(67.1040365040365, 414.1026325026325, 137.12916812916814)",0.921946799559899,484.50413088,382.4309949458476,0.7800624342348368,23.410484773634526,17.393022697041626,8.591827718801145,0.4939812859706396,0.742958672800748,0.36700768061315314,0.27267153929602905,0.18129492603038716,20240305_P013T_D005,P013T_D005,20240305,40x,0.324,0.324,0.324,55,0.3631502281502282,"(108.17287284058662, 327.26281517218047, 183.70741137251648)",34.5896911981296,4,55
8,30450.0,37376.0,"(72.92377668308703, 348.63559934318556, 72.76341543513958)",0.8146939212328768,1035.6722208,680.6634445791165,0.7272771044572643,35.28128518191144,18.517156338950382,12.692941086174041,0.6854692401918513,0.5248435889870601,0.35976413616252434,0.18881990041236865,0.2466072490636033,20240305_P013T_D005,P013T_D005,20240305,40x,0.324,0.324,0.324,55,0.3995236042692939,"(108.17287284058662, 327.26281517218047, 183.70741137251648)",38.3469637337797,5,55
9,10886.0,12044.0,"(64.28476942862392, 348.41438544920084, 131.60619143854493)",0.9038525406841581,370.257070464,306.8614176607971,0.8126011098059864,18.53703324653109,14.009962319012716,10.655702309570605,0.7605803689500226,0.7557823375881605,0.5748332091687136,0.43444878654883445,0.43720685431426576,20240305_P013T_D005,P013T_D005,20240305,40x,0.324,0.324,0.324,55,0.3455298089288995,"(108.17287284058662, 327.26281517218047, 183.70741137251648)",23.111198813856266,7,55
10,17707.0,19207.0,"(68.76111142486022, 324.43208900434854, 122.30417349070989)",0.9219034726922476,602.254450368,411.5547876727571,0.8379983139492538,21.096027880436758,17.310651855359552,11.905057007807176,0.6877301390658637,0.8205645135410754,0.5643269470101167,0.46306666675147656,0.3881046497458818,20240305_P013T_D005,P013T_D005,20240305,40x,0.324,0.324,0.324,55,0.3735069464053764,"(108.17287284058662, 327.26281517218047, 183.70741137251648)",23.65789688798427,5,55
11,2501.0,2782.0,"(65.32786885245902, 367.0715713714514, 141.42463014794083)",0.8989935298346513,85.064572224,109.6383995802316,0.853140551442415,10.621868154737921,8.300063991413733,7.030871455164848,0.8470864155310318,0.7814128240437122,0.6619241881691691,0.5172360491801119,0.5607069879095097,20240305_P013T_D005,P013T_D005,20240305,40x,0.324,0.324,0.324,55,0.35204918032786886,"(108.17287284058662, 327.26281517218047, 183.70741137251648)",23.382532567288443,10,55
12,16010.0,19199.0,"(82.45871330418488, 305.99081823860087, 100.67651467832604)",0.8338975988332725,544.53570624,433.60063649427644,0.7437239863987506,21.178846569999173,15.701473244496642,12.972909319367924,0.8262224262245533,0.7413752771002418,0.6125408801886623,0.4541226647850955,0.5060950121912,20240305_P013T_D005,P013T_D005,20240305,40x,0.324,0.324,0.324,55,0.4591169581511555,"(108.17287284058662, 327.26281517218047, 183.70741137251648)",28.993647683744463,7,55
13,13948.0,15657.0,"(93.82097791798107, 256.1578004014913, 174.14905362776025)",0.8908475442294181,474.402500352,395.4464821029653,0.7438654499046965,25.121824042628493,16.92740024705363,8.401320884524477,0.4963148954894479,0.6738125471434724,0.3344232039149912,0.22533855085384108,0.16597921750031516,20240305_P013T_D005,P013T_D005,20240305,40x,0.324,0.324,0.324,55,0.5301311119873817,"(108.17287284058662, 327.26281517218047, 183.70741137251648)",23.705781033460184,3,55
14,14676.0,16576.0,"(84.1617606977378, 370.3877078222949, 139.4628645407468)",0.8853764478764479,499.16339942400003,369.16725202093335,0.8243078673015034,19.722264805384935,16.38284363778774,11.229749508664808,0.6854578946699401,0.8306776021643617,0.5693945203290576,0.47298327483246844,0.39029596914135617,20240305_P013T_D005,P013T_D005,20240305,40x,0.324,0.324,0.324,55,0.46976100436086127,"(108.17287284058662, 327.26281517218047, 183.70741137251648)",21.476751984078597,9,55
15,16146.0,17432.0,"(89.36671621454231, 335.1209587513935, 377.8272637185681)",0.9262276273519964,549.161368704,383.0118089237194,0.8467176498896738,22.475867035811333,15.297615202109153,11.465948165898514,0.749525204707571,0.6806240301090543,0.5101448654963808,0.3472168542935881,0.38236643474169113,20240305_P013T_D005,P013T_D005,20240305,40x,0.324,0.324,0.324,55,0.5022919763408894,"(108.17287284058662, 327.26281517218047, 183.70741137251648)",63.24056646501732,4,55
16,14950.0,16223.0,"(91.7466889632107, 302.9559197324415, 213.29076923076923)",0.9215311594649571,508.4827488,368.49900343399855,0.8360494310134217,22.771187037622347,14.15918478797154,11.463339328624164,0.8096044723113197,0.6218026651214038,0.5034142185773863,0.3130243027714278,0.40756640278536027,20240305_P013T_D005,P013T_D005,20240305,40x,0.324,0.324,0.324,55,0.5171668060200669,"(108.17287284058662, 327.26281517218047, 183.70741137251648)",13.498867120486471,5,55
17,21784.0,23942.0,"(98.55026625045905, 328.9915534337128, 204.314588688946)",0.9098655083117534,740.9222876160001,487.65825640302546,0.8119893172644971,26.888549534188897,16.15771988120961,12.637507940708394,0.7821343626216101,0.6009145216503777,0.4699958963810879,0.28242735925148194,0.36759994085079445,20240305_P013T_D005,P013T_D005,20240305,40x,0.324,0.324,0.324,55,0.5596891640653691,"(108.17287284058662, 327.26281517218047, 183.70741137251648)",7.390033394496247,5,55
18,21597.0,22903.0,"(94.50215307681623, 406.60420428763257, 81.16358753530582)",0.9429769025891804,734.562001728,452.5121495756639,0.8700406007821896,23.536882733510474,16.55480212606469,13.28546573596395,0.8025143178876577,0.7033557635266162,0.564453070798915,0.3970113205867141,0.4529816710917851,20240305_P013T_D005,P013T_D005,20240305,40x,0.324,0.324,0.324,55,0.5343884567301014,"(108.17287284058662, 327.26281517218047, 183.70741137251648)",42.24092815046356,4,55
19,22524.0,23783.0,"(93.24564908542, 410.89508968211686, 113.52099982241165)",0.9470630282134298,766.091333376,457.6391605569988,0.8847379242926089,21.71439393976488,17.680888154220696,14.177886651238468,0.8018763835601772,0.8142473698905429,0.6529257362912144,0.5316430635089675,0.523565728150565,20240305_P013T_D005,P013T_D005,20240305,40x,0.324,0.324,0.324,55,0.526535306783875,"(108.17287284058662, 327.26281517218047, 183.70741137251648)",35.703729365379175,4,55
20,5283.0,5966.0,"(90.52697331061897, 305.7959492712474, 115.60401287147454)",0.8855179349648006,179.686579392,196.74567040677434,0.7826892482576403,16.560911005349666,10.367999062831824,7.8868936955819615,0.7606958341514167,0.6260524592809328,0.47623549773525503,0.2981484045540355,0.36227035920223494,20240305_P013T_D005,P013T_D005,20240305,40x,0.324,0.324,0.324,55,0.5095435831913686,"(108.17287284058662, 327.26281517218047, 183.70741137251648)",23.83168557237563,6,55
21,21410.0,22921.0,"(96.5718355908454, 328.11036898645494, 409.2683792620271)",0.9340779198115265,728.20171584,454.21117364368354,0.8617754331585494,22.380553256159576,17.444412440045713,13.302360639787198,0.7625571044886588,0.7794450941575657,0.5943713941086832,0.46327986724560616,0.453242129282405,20240305_P013T_D005,P013T_D005,20240305,40x,0.324,0.324,0.324,55,0.5473239724427837,"(108.17287284058662, 327.26281517218047, 183.70741137251648)",73.17886453598119,5,55
22,22173.0,25234.0,"(103.50710323366256, 278.03630541649756, 413.75993325215353)",0.8786954109534755,754.153042752,491.65155328155856,0.8149538841661237,24.26734903095493,17.361025665934942,14.198634537357446,0.8178453744940539,0.7154067650236364,0.5850921136563355,0.41857885627172076,0.47851487880678334,20240305_P013T_D005,P013T_D005,20240305,40x,0.324,0.324,0.324,55,0.590669395210391,"(108.17287284058662, 327.26281517218047, 183.70741137251648)",76.23932840927357,4,55
23,22586.0,24072.0,"(99.03422474099, 287.41530151421233, 380.91353050562293)",0.9382685277500831,768.200091264,464.5578927759889,0.8731600378576522,22.14754545738192,18.007948268923094,13.652259930948068,0.7581241198092633,0.8130900240649886,0.6164231588199622,0.5012075210391395,0.4673252647104295,20240305_P013T_D005,P013T_D005,20240305,40x,0.324,0.324,0.324,55,0.5627139046311875,"(108.17287284058662, 327.26281517218047, 183.70741137251648)",65.25330452013982,6,55
24,17890.0,19362.0,"(96.27652319731693, 311.9651760760201, 69.13415315818894)",0.9239747959921496,608.47868736,433.5183675248596,0.8010141770366991,22.278977981142,20.15656499118452,9.720702159348626,0.4822598574509088,0.9047347238390383,0.4363172389495019,0.3947513566871893,0.2104182894591609,20240305_P013T_D005,P013T_D005,20240305,40x,0.324,0.324,0.324,55,0.5454782699832308,"(108.17287284058662, 327.26281517218047, 183.70741137251648)",37.64898457721467,5,55
25,14363.0,15630.0,"(104.73598830327926, 263.5444545011488, 145.8494047204623)",0.918937939859245,488.517573312,373.9044239845525,0.802251088191249,25.662170965456944,12.81714303429712,10.942337262050001,0.853726702804957,0.4994566925592492,0.4263995153324769,0.21296809163682576,0.3640286523024272,20240305_P013T_D005,P013T_D005,20240305,40x,0.324,0.324,0.324,55,0.5983499268954954,"(108.17287284058662, 327.26281517218047, 183.70741137251648)",24.039556213029407,3,55
26,15815.0,16972.0,"(101.99936768890294, 275.1134366108125, 204.43262725260828)",0.9318288946500117,537.90332256,379.14220530695127,0.8436289550927393,19.97361661015511,17.798592625417278,11.015176860346251,0.6188790929804208,0.8911051499991248,0.5514863469816401,0.4914323239495438,0.3413033702110831,20240305_P013T_D005,P013T_D005,20240305,40x,0.324,0.324,0.324,55,0.5812460480556434,"(108.17287284058662, 327.26281517218047, 183.70741137251648)",18.291527316173084,4,55
27,17077.0,18349.0,"(102.0453826784564, 311.11372020846756, 356.0867248345728)",0.9306774211128672,580.826749248,381.867336411338,0.8815954740153301,18.23673151488555,17.32473939362236,13.084634891710762,0.7552572419373604,0.9499914707567643,0.7174879380677704,0.6816074215352395,0.541887961228388,20240305_P013T_D005,P013T_D005,20240305,40x,0.324,0.324,0.324,55,0.5815336417403525,"(108.17287284058662, 327.26281517218047, 183.70741137251648)",56.13057309261224,3,55
28,15263.0,16282.0,"(111.4875843543209, 288.9769376924589, 93.1985192950272)",0.937415550915121,519.128574912,382.0361849027145,0.8176414786100573,23.2225511226297,16.516307552648446,9.621969462999417,0.5825738853752758,0.7112184817866021,0.41433731428512555,0.2946843556134051,0.2413820990390423,20240305_P013T_D005,P013T_D005,20240305,40x,0.324,0.324,0.324,55,0.6405474022145057,"(108.17287284058662, 327.26281517218047, 183.70741137251648)",31.85869984515405,5,55
29,25667.0,28289.0,"(111.07975221101024, 382.07885611875173, 114.8718198464955)",0.9073137968821804,872.991753408,532.9718182874095,0.8288068013700716,21.877823260675523,20.679405073144174,14.16838197329803,0.685144564032848,0.945222238371152,0.6476138784229557,0.6121390397631693,0.44370912839371784,20240305_P013T_D005,P013T_D005,20240305,40x,0.324,0.324,0.324,55,0.637998451318814,"(108.17287284058662, 327.26281517218047, 183.70741137251648)",28.525963472373956,7,55
30,24849.0,27547.0,"(118.5017103303956, 377.7581391605296, 80.23441587186608)",0.9020583003593857,845.169754176,522.0610342131462,0.8280542862895446,23.4041342364788,18.52148445692798,14.588013466282117,0.7876265803751737,0.7913766119175436,0.6233092546335058,0.4932723661087134,0.4909349367431866,20240305_P013T_D005,P013T_D005,20240305,40x,0.324,0.324,0.324,55,0.6843856895649725,"(108.17287284058662, 327.26281517218047, 183.70741137251648)",37.454068468134864,6,55
31,14629.0,15794.0,"(116.18012167612277, 349.7654658554925, 150.52327568528267)",0.9262378118272762,497.564824896,358.1469016863767,0.8478571879865242,21.108311366899613,14.673035202433296,11.501610382713537,0.78386034137001,0.6951306974485126,0.5448853857987642,0.3787665582597969,0.42711404451974894,20240305_P013T_D005,P013T_D005,20240305,40x,0.324,0.324,0.324,55,0.6698757604757672,"(108.17287284058662, 327.26281517218047, 183.70741137251648)",13.247092476555329,8,55
32,18201.0,19656.0,"(125.58469314872809, 340.5024998626449, 61.45189824734905)",0.925976800976801,619.056489024,445.33781158037357,0.7887658040271049,24.300876411310423,19.366935215348505,9.367292875345647,0.48367450870192236,0.7969644751715416,0.38547140098148075,0.3072070127768447,0.18644269048835943,20240305_P013T_D005,P013T_D005,20240305,40x,0.324,0.324,0.324,55,0.7286543321795506,"(108.17287284058662, 327.26281517218047, 183.70741137251648)",40.23979723965034,6,55
33,17009.0,18148.0,"(119.57957551884297, 320.5803398200952, 445.5320712563937)",0.9372382631694952,578.513918016,382.1034865120827,0.8787101950245126,19.253767759028154,16.775438202852374,12.657637734703375,0.7545339550385731,0.8712808013894484,0.657410949021558,0.5727895385057009,0.4960388834508979,20240305_P013T_D005,P013T_D005,20240305,40x,0.324,0.324,0.324,55,0.6911223469927685,"(108.17287284058662, 327.26281517218047, 183.70741137251648)",84.93925620608408,3,55
34,25177.0,29044.0,"(129.49350597767804, 328.5351312706041, 160.18810819398658)",0.8668571822063077,856.325763648,570.5174826650344,0.7643774051239438,25.39178989827296,22.821411957648397,11.004946369293613,0.4822202232585964,0.8987712976941657,0.43340569583249905,0.389532599671418,0.20899699140589503,20240305_P013T_D005,P013T_D005,20240305,40x,0.324,0.324,0.324,55,0.7530844123604877,"(108.17287284058662, 327.26281517218047, 183.70741137251648)",10.293545817704135,7,55
35,27584.0,30231.0,"(133.30996229698377, 170.23339617169373, 12.664805684454757)",0.9124408719526313,938.193186816,504.59516302395696,0.9184789861484745,27.77353701720552,17.92111285658947,14.465833064043437,0.8071950207447329,0.6452585727733368,0.5208495070354903,0.3360826095394165,0.42042712863639653,20240305_P013T_D005,P013T_D005,20240305,40x,0.324,0.324,0.324,55,0.7769372643561485,"(108.17287284058662, 327.26281517218047, 183.70741137251648)",75.67025698855502,0,55
36,14590.0,15984.0,"(130.10623714873202, 262.6841672378341, 176.654694996573)",0.9127877877877878,496.23834816,370.6276403676701,0.8178491403224978,21.48820521608384,16.36714201069418,10.419948149262167,0.6366382195776051,0.761680272787205,0.48491477275463074,0.36935001639029263,0.3087152775733871,20240305_P013T_D005,P013T_D005,20240305,40x,0.324,0.324,0.324,55,0.7569139821795751,"(108.17287284058662, 327.26281517218047, 183.70741137251648)",22.215191891877367,6,55
37,16129.0,17491.0,"(135.28699857399715, 353.3988467976936, 366.8904457808916)",0.9221313818535247,548.583160896,387.50440149802535,0.836313549419911,21.10001733985553,17.74259820371891,10.546643393797874,0.5944249693704534,0.8408807404250405,0.4998405083713588,0.42030625677373684,0.29711767887875684,20240305_P013T_D005,P013T_D005,20240305,40x,0.324,0.324,0.324,55,0.7892937410874822,"(108.17287284058662, 327.26281517218047, 183.70741137251648)",60.59258439058923,4,55
38,19172.0,20669.0,"(132.98607344043396, 297.9948883788859, 206.96964322971)",0.9275726934055832,652.082358528,419.37131227887267,0.8671356468039293,20.767852277513214,16.661512413626046,13.502225479387313,0.810384144259616,0.8022742164661203,0.6501503043724509,0.5215988260256177,0.5268714980489976,20240305_P013T_D005,P013T_D005,20240305,40x,0.324,0.324,0.324,55,0.7749129590027123,"(108.17287284058662, 327.26281517218047, 183.70741137251648)",14.538316832967382,6,55
39,25840.0,27674.0,"(138.8560371517028, 313.19419504643963, 120.0219427244582)",0.9337284093372841,878.87586816,515.9695772301661,0.8599602733615047,24.056745864249717,18.55812601219572,14.194518944072833,0.7648681194827923,0.7714312699197862,0.5900431847337692,0.4551777633066865,0.45130522112095584,20240305_P013T_D005,P013T_D005,20240305,40x,0.324,0.324,0.324,55,0.8116002321981425,"(108.17287284058662, 327.26281517218047, 183.70741137251648)",23.353234864144326,9,55
40,17572.0,18897.0,"(135.36865467789664, 333.5747780559982, 193.38356476212155)",0.9298830502196116,597.662800128,395.3574760129137,0.8678906023605879,19.223290105892985,17.277559833364975,12.85752219538589,0.744174658886524,0.8987826609383823,0.6688512801169431,0.6011519333155495,0.49774217322684106,20240305_P013T_D005,P013T_D005,20240305,40x,0.324,0.324,0.324,55,0.7898040917368541,"(108.17287284058662, 327.26281517218047, 183.70741137251648)",9.573524946643923,7,55
41,5900.0,6482.0,"(131.7071186440678, 273.20915254237286, 392.874406779661)",0.910212897253934,200.6721216,192.38667866296896,0.8615896809732136,12.793371442029619,11.58569219487617,9.895872052740504,0.8541459488382578,0.9056011738089694,0.7735155738721022,0.7004966116580943,0.6606951937861563,20240305_P013T_D005,P013T_D005,20240305,40x,0.324,0.324,0.324,55,0.7669194915254237,"(108.17287284058662, 327.26281517218047, 183.70741137251648)",70.41056833733109,5,55
42,14378.0,15600.0,"(141.5235081374322, 301.1955765753234, 74.53164556962025)",0.9216666666666666,489.027756672,360.2707257067329,0.8331902069025966,21.26847252228361,16.378900643671045,10.007724689576857,0.611013211893677,0.770102348746972,0.4705427095947519,0.36236604584468285,0.28750781232264305,20240305_P013T_D005,P013T_D005,20240305,40x,0.324,0.324,0.324,55,0.8282719258589513,"(108.17287284058662, 327.26281517218047, 183.70741137251648)",37.93860653241558,5,55
43,12571.0,13492.0,"(140.79699307930952, 287.37538779731125, 428.99689762150985)",0.9317373258227097,427.567667904,314.5368011343127,0.8726013827182016,18.970392667701972,13.811979771798683,11.602673451358893,0.8400441966364044,0.728080858089683,0.6116200995202917,0.4453088868836313,0.5137879151482011,20240305_P013T_D005,P013T_D005,20240305,40x,0.324,0.324,0.324,55,0.8237312067456845,"(108.17287284058662, 327.26281517218047, 183.70741137251648)",81.20856384047634,5,55
44,16688.0,18827.0,"(148.61529242569512, 279.71638302972195, 149.05596836049855)",0.8863865724756997,567.595994112,420.77333949027854,0.7878837152638424,23.175183741694806,17.776252650726907,10.223362144752398,0.5751134587038143,0.7670382616533649,0.44113402761762793,0.33836667769997275,0.2537021163751179,20240305_P013T_D005,P013T_D005,20240305,40x,0.324,0.324,0.324,55,0.8725955776605945,"(108.17287284058662, 327.26281517218047, 183.70741137251648)",23.131365050287506,6,55
45,14248.0,15135.0,"(145.70206344750142, 338.7656513194834, 411.33815272318924)",0.9413941195903535,484.606167552,335.0672960677742,0.8904537657153616,17.77679943093589,15.40184446584738,12.574083115134474,0.8164011228016691,0.8664014310160063,0.7073311010784403,0.6128326781764882,0.5774659051129796,20240305_P013T_D005,P013T_D005,20240305,40x,0.324,0.324,0.324,55,0.8543878965468839,"(108.17287284058662, 327.26281517218047, 183.70741137251648)",74.84085095874639,5,55
46,18785.0,20447.0,"(150.65999467660367, 348.65067873303167, 139.40276816608997)",0.9187166821538612,638.91962784,428.33958996088734,0.8375165437560026,21.629781439558137,18.006649738968427,12.074246708459407,0.6705437648586773,0.8324933744377343,0.5582232415153828,0.4647171500187114,0.3743131139973395,20240305_P013T_D005,P013T_D005,20240305,40x,0.324,0.324,0.324,55,0.8853749667287729,"(108.17287284058662, 327.26281517218047, 183.70741137251648)",21.061240233623995,6,55
47,10383.0,11388.0,"(147.73341038235577, 281.05566791871325, 388.35789270923624)",0.9117492096944152,353.148921792,277.4588074343107,0.8708115867008137,15.442804431446753,13.385407392282223,12.276929070070034,0.9171875543473322,0.8667730949842908,0.7949934951627096,0.6890789722945606,0.7291581395503233,20240305_P013T_D005,P013T_D005,20240305,40x,0.324,0.324,0.324,55,0.8670838148897235,"(108.17287284058662, 327.26281517218047, 183.70741137251648)",69.17377699298125,6,55
48,18973.0,20646.0,"(152.42449797080062, 307.5980076951457, 153.58730828018764)",0.9189673544512255,645.313925952,441.45522813824704,0.8180468026332249,22.945257389290248,18.87836219553779,10.726989134469262,0.5682160890527231,0.8227566104509819,0.4675035434327317,0.3846416307685378,0.2656430350676367,20240305_P013T_D005,P013T_D005,20240305,40x,0.324,0.324,0.324,55,0.8964031123175038,"(108.17287284058662, 327.26281517218047, 183.70741137251648)",18.476898164973598,6,55
49,11644.0,13423.0,"(156.35898316729646, 300.65750601167986, 381.07085194091377)",0.8674662892050957,396.038336256,334.509191057354,0.7796521622768674,21.523264905038214,13.236497284651232,11.199033983741021,0.8460723213177544,0.614985567619567,0.5203222667728039,0.31999068457637253,0.44023026808178206,20240305_P013T_D005,P013T_D005,20240305,40x,0.324,0.324,0.324,55,0.9209936447956029,"(108.17287284058662, 327.26281517218047, 183.70741137251648)",66.38606724957839,4,55
50,13909.0,15795.0,"(152.05938600905887, 378.49514702710474, 142.39341433604142)",0.8805951250395695,473.076023616,362.6775438110858,0.8095631852095032,21.10825458734575,15.989532226981117,10.471716711894743,0.6549107605677493,0.7575013917335793,0.4960958125913671,0.37579326847116157,0.32489848593868786,20240305_P013T_D005,P013T_D005,20240305,40x,0.324,0.324,0.324,55,0.8941211625566179,"(108.17287284058662, 327.26281517218047, 183.70741137251648)",25.6300674941034,4,55
51,15277.0,16218.0,"(154.17503436538587, 320.64345093932053, 362.76304248216275)",0.9419780490812677,519.604746048,347.722569557694,0.8988764114832926,16.70109519974403,15.783848716762733,13.98576663642611,0.8860808847954157,0.9450786626858245,0.8374161376339236,0.791424123466597,0.7420184321766267,20240305_P013T_D005,P013T_D005,20240305,40x,0.324,0.324,0.324,55,0.9073439647836616,"(108.17287284058662, 327.26281517218047, 183.70741137251648)",59.93643929175079,3,55
52,11985.0,13123.0,"(155.36495619524405, 370.0473925740509, 115.9715477680434)",0.9132820239274556,407.63650464,313.26263966859,0.8487065762450406,17.65296266458751,14.51510643777242,11.800773414207816,0.8129994406034019,0.8222476143843127,0.668486850531928,0.5496617180971605,0.5434794355331874,20240305_P013T_D005,P013T_D005,20240305,40x,0.324,0.324,0.324,55,0.9147809762202753,"(108.17287284058662, 327.26281517218047, 183.70741137251648)",30.12635562311328,5,55
53,15058.0,16632.0,"(155.21583211581884, 359.55996812325674, 85.11721344136008)",0.9053631553631554,512.156068992,379.1841395513387,0.8163984596834692,22.40829188829154,16.31355315179969,10.214859878335409,0.6261578813202026,0.7280141312477109,0.45585178599323456,0.33186654195758203,0.28543518851355415,20240305_P013T_D005,P013T_D005,20240305,40x,0.324,0.324,0.324,55,0.9138489507238677,"(108.17287284058662, 327.26281517218047, 183.70741137251648)",36.90781436817385,4,55
54,17521.0,19516.0,"(156.96512756121226, 303.1789281433708, 186.06472233320017)",0.8977761836441894,595.9281767040001,424.9105305175348,0.8059644950224186,25.14373660101988,15.4996824069964,11.339252812372738,0.7315796875460051,0.6164430789641544,0.45097723509849347,0.2780017953468567,0.3299257847437171,20240305_P013T_D005,P013T_D005,20240305,40x,0.324,0.324,0.324,55,0.9247820472575766,"(108.17287284058662, 327.26281517218047, 183.70741137251648)",17.646179407150512,6,55
55,13862.0,15442.0,"(158.5333285240225, 320.1766700331842, 83.83458375414803)",0.8976816474549929,471.477449088,358.2338666522241,0.8177579354948687,21.034835739587866,15.696497027430837,10.53431345949025,0.6711251205336277,0.746214385591317,0.5008032194738996,0.3737065667218695,0.3361016210330497,20240305_P013T_D005,P013T_D005,20240305,40x,0.324,0.324,0.324,55,0.9345833032751406,"(108.17287284058662, 327.26281517218047, 183.70741137251648)",36.312538530665464,4,55
1,57512.0,69998.0,"(52.128129781610795, 202.19284671025179, 156.4963138127695)",0.8216234749564273,1956.111026688,1026.5196401333228,0.7368501828166277,41.34980461085117,26.36506937976963,14.387628917858297,0.5457079862227927,0.6376104948474365,0.3479491391377129,0.22185602278733665,0.18987862402679562,20240305_P013T_D003,P013T_D003,20240305,40x,0.324,0.324,0.324,34,0.2322994759821701,"(90.06951671758539, 280.03522038285985, 277.4627821709367)",48.20078041088548,2,34
2,19887.0,21580.0,"(53.93900538039926, 254.8888218434153, 216.47347513450998)",0.9215477293790547,676.401098688,437.7161251157288,0.8513231593666358,23.350448859562963,14.792878298415314,13.963143150048401,0.943909823928194,0.6335158003764465,0.5979817875890605,0.3788309107750219,0.5644408838354569,20240305_P013T_D003,P013T_D003,20240305,40x,0.324,0.324,0.324,34,0.24581347298805417,"(90.06951671758539, 280.03522038285985, 277.4627821709367)",24.369992886079697,4,34
3,17622.0,19811.0,"(55.457836794915444, 369.55198047894675, 357.52303938258996)",0.889505830094392,599.363411328,436.25810571573015,0.7880143028680352,22.298887905564744,17.22027031987977,11.896570156323698,0.6908468877279946,0.7722479431623318,0.5335050880880422,0.41199820694262923,0.3685703296926736,20240305_P013T_D003,P013T_D003,20240305,40x,0.324,0.324,0.324,34,0.2571480357829511,"(90.06951671758539, 280.03522038285985, 277.4627821709367)",40.494638754064354,5,34
4,19989.0,21953.0,"(53.19120516283956, 334.4095252388814, 354.23713042173193)",0.9105361454015396,679.8703455360001,442.5890572572771,0.8448264807016601,20.114504449303194,18.3288974343577,13.322269088213702,0.7268450890690772,0.9112278893349842,0.6623215163859139,0.6035258374374824,0.4814051415698858,20240305_P013T_D003,P013T_D003,20240305,40x,0.324,0.324,0.324,34,0.24023287434954896,"(90.06951671758539, 280.03522038285985, 277.4627821709367)",32.73983598459978,7,34
5,19816.0,21838.0,"(56.63095478401292, 270.11475575292695, 179.82827008477997)",0.907409103397747,673.986230784,447.587038248069,0.8305656631019259,23.775639343677895,16.393206993467743,12.705880685982478,0.7750698622329013,0.689495948205776,0.5344075295859945,0.36847182634020154,0.4142031703324418,20240305_P013T_D003,P013T_D003,20240305,40x,0.324,0.324,0.324,34,0.2659026476418875,"(90.06951671758539, 280.03522038285985, 277.4627821709367)",33.59155216772624,2,34
6,29216.0,31575.0,"(61.13112677984666, 218.2669769989047, 230.57150191675794)",0.9252889944576406,993.701136384,573.2325289615015,0.8400861439202972,25.168608699489667,19.843011178322048,14.25805571238808,0.718542946141391,0.788403181727101,0.5665015449454377,0.4466316204883014,0.40705568909874446,20240305_P013T_D003,P013T_D003,20240305,40x,0.324,0.324,0.324,34,0.2994860207451243,"(90.06951671758539, 280.03522038285985, 277.4627821709367)",26.818782636264906,2,34
7,24309.0,26930.0,"(69.7234769015591, 334.4543996050845, 324.90921058044347)",0.9026735982176012,826.803153216,544.8531985998243,0.781878676559885,26.78830540590504,20.52454349925419,11.225124615571593,0.5469122670611156,0.7661755078665743,0.4190307839740098,0.3210511237230157,0.22917307603162232,20240305_P013T_D003,P013T_D003,20240305,40x,0.324,0.324,0.324,34,0.3636080365787992,"(90.06951671758539, 280.03522038285985, 277.4627821709367)",24.303395222834137,6,34
8,15539.0,16787.0,"(64.15650942789111, 359.0980114550486, 395.04768646631055)",0.9256567582057544,528.515948736,386.99056574692577,0.8168753888592601,22.659124978859182,16.230854489179812,10.315907846628683,0.6355739220942257,0.7163054400522127,0.4552650579514151,0.3261088376762845,0.28935459847463585,20240305_P013T_D003,P013T_D003,20240305,40x,0.324,0.324,0.324,34,0.3220635031932173,"(90.06951671758539, 280.03522038285985, 277.4627821709367)",46.67019376268206,6,34
9,14072.0,15722.0,"(66.86526435474701, 330.43853041500853, 394.36668561682774)",0.8950515201628292,478.62001612800003,367.2031358522755,0.8058205054100869,20.359245775053623,15.899374694351106,11.063397768742838,0.6958385459444236,0.7809412426187595,0.543409018731869,0.4243705143387066,0.3781249414474698,20240305_P013T_D003,P013T_D003,20240305,40x,0.324,0.324,0.324,34,0.3422780921996046,"(90.06951671758539, 280.03522038285985, 277.4627821709367)",41.92696912903446,7,34
10,12407.0,15603.0,"(72.29902474409607, 319.40960747964857, 351.27315225276055)",0.795167595975133,421.989663168,388.2814379033338,0.70071062656183,20.183916955587883,18.21154464973153,9.256765349736659,0.5082910608504106,0.9022800029252842,0.4586208598710043,0.4138044307860062,0.23311288339196035,20240305_P013T_D003,P013T_D003,20240305,40x,0.324,0.324,0.324,34,0.3828285428663886,"(90.06951671758539, 280.03522038285985, 277.4627821709367)",27.70930036071171,8,34
11,19242.0,21206.0,"(78.21525828915914, 369.7382288743374, 317.4184076499324)",0.9073847024427049,654.4632142080001,468.4076787832029,0.7782460870436825,26.274880211173187,18.009495171490776,10.255271323006069,0.5694369123261308,0.6854263473990028,0.390307062889866,0.26752674448063374,0.22225524875108624,20240305_P013T_D003,P013T_D003,20240305,40x,0.324,0.324,0.324,34,0.4269795394713368,"(90.06951671758539, 280.03522038285985, 277.4627821709367)",32.04752311274666,3,34
12,19093.0,22504.0,"(80.69402398784895, 319.609647514796, 386.16341067406904)",0.8484269463206541,649.395392832,470.43946974366037,0.770879520451942,26.52893131891054,16.128037023597813,11.242394212479397,0.6970714536449808,0.607941451908442,0.42377863161285784,0.2576325965904936,0.29540398676205565,20240305_P013T_D003,P013T_D003,20240305,40x,0.324,0.324,0.324,34,0.4454777909540966,"(90.06951671758539, 280.03522038285985, 277.4627821709367)",37.603353714901914,10,34
13,28460.0,31499.0,"(89.1673225579761, 193.04504567814476, 203.71971187631763)",0.9035207466903711,967.98789504,576.2425033439879,0.8212186183019238,26.568766446412244,20.169740358702835,13.162726998317007,0.6525977411820056,0.7591523076309962,0.49542108117309513,0.37610005702159816,0.32331067850750894,20240305_P013T_D003,P013T_D003,20240305,40x,0.324,0.324,0.324,34,0.508711362372956,"(90.06951671758539, 280.03522038285985, 277.4627821709367)",36.950413576121946,3,34
14,1229.0,1842.0,"(80.05614320585842, 264.3547599674532, 220.70707892595607)",0.6672095548317046,41.801023296000004,94.45746594673804,0.6166505309535072,8.686004471396924,7.804227511019944,5.299615449278983,0.6790698300114485,0.8984830179076377,0.6101327102387128,0.5481938788194449,0.4143227158262271,20240305_P013T_D003,P013T_D003,20240305,40x,0.324,0.324,0.324,34,0.4407174866108837,"(90.06951671758539, 280.03522038285985, 277.4627821709367)",19.351655977340368,5,34
15,4328.0,4793.0,"(87.1511090573013, 376.05591497227357, 384.5224121996303)",0.9029835176298769,147.204905472,157.3967238414374,0.8565839997146726,12.764721642680685,9.919162770011532,8.512117024102464,0.8581487391090133,0.7770763082561379,0.6668470541214917,0.5181910469882098,0.5722539586729181,20240305_P013T_D003,P013T_D003,20240305,40x,0.324,0.324,0.324,34,0.49366499296493505,"(90.06951671758539, 280.03522038285985, 277.4627821709367)",46.60450877012783,7,34
16,22947.0,24728.0,"(101.43744280298078, 268.0980084542642, 157.08001045888352)",0.9279763830475575,780.478504128,485.51528559219673,0.8443487171435372,21.579147471307436,21.125913112633775,12.28466342076126,0.5814973939949963,0.9789966513145942,0.5692840014692646,0.5573271310853827,0.331037163297421,20240305_P013T_D003,P013T_D003,20240305,40x,0.324,0.324,0.324,34,0.6002794239028416,"(90.06951671758539, 280.03522038285985, 277.4627821709367)",39.36798461289018,3,34
17,5493.0,7931.0,"(95.24285454214454, 314.76169670489713, 337.7564172583288)",0.6925986634724499,186.82914643200002,271.23788319666687,0.5826801158005547,18.734370559741006,14.020539176259874,6.483912605586202,0.46245814972401467,0.7483859215632863,0.346097168565659,0.25901424844745474,0.16005545619959505,20240305_P013T_D003,P013T_D003,20240305,40x,0.324,0.324,0.324,34,0.5540511532995861,"(90.06951671758539, 280.03522038285985, 277.4627821709367)",22.60585408999722,8,34
18,23022.0,25140.0,"(106.53818087047172, 225.26144557379897, 136.92442011988533)",0.9157517899761336,783.029420928,512.8769240037032,0.8010439636552166,26.90474887911669,19.46893539489313,10.851588457089244,0.5573796531234938,0.723624497755666,0.40333357155071553,0.29186205314138547,0.2248099262039977,20240305_P013T_D003,P013T_D003,20240305,40x,0.324,0.324,0.324,34,0.6383446333617293,"(90.06951671758539, 280.03522038285985, 277.4627821709367)",49.16097014910679,1,34
19,7386.0,7979.0,"(99.91213105875981, 362.2564310858381, 398.09369076631464)",0.9256799097631282,251.214286464,221.04007249150644,0.8710491596591978,14.573451054981987,12.948682071985127,9.559479369949123,0.7382588681076163,0.888511720602964,0.6559516571526949,0.5828207355291065,0.48426212794286366,20240305_P013T_D003,P013T_D003,20240305,40x,0.324,0.324,0.324,34,0.588896500438506,"(90.06951671758539, 280.03522038285985, 277.4627821709367)",47.407102340130216,7,34
20,18952.0,20800.0,"(104.6935943436049, 257.98153229210635, 220.8937842971718)",0.9111538461538462,644.599669248,440.25383199488965,0.8196737591991045,23.138664008350673,18.076977942504232,11.384139690299543,0.6297590076454163,0.7812455350049728,0.491996412852144,0.38437000077920075,0.30983917272287076,20240305_P013T_D003,P013T_D003,20240305,40x,0.324,0.324,0.324,34,0.6245790622657083,"(90.06951671758539, 280.03522038285985, 277.4627821709367)",20.23452068679401,6,34
21,8373.0,9130.0,"(99.49098292129463, 306.31123850471755, 381.3542338468888)",0.9170865279299014,284.78435155200003,241.87640092817026,0.8654355040501553,16.923011325235837,11.389895467647484,10.515995029456747,0.9232740598302228,0.6730418865029482,0.621402114987369,0.41822965174802074,0.573724453491475,20240305_P013T_D003,P013T_D003,20240305,40x,0.324,0.324,0.324,34,0.5857536038902584,"(90.06951671758539, 280.03522038285985, 277.4627821709367)",34.85467084754542,7,34
22,16020.0,18292.0,"(111.69406991260924, 368.7183520599251, 312.0710986267166)",0.8757926962606604,544.87582848,429.20942321638233,0.7516458047219102,26.044037641915338,17.013684422628096,9.265273123918861,0.5445776995602496,0.6532660049318247,0.3557540981666878,0.23240205844747636,0.19373574838874605,20240305_P013T_D003,P013T_D003,20240305,40x,0.324,0.324,0.324,34,0.6768214172582779,"(90.06951671758539, 280.03522038285985, 277.4627821709367)",31.629527715965686,4,34
23,10392.0,11289.0,"(113.85950731331793, 389.3953040800616, 364.6450153964588)",0.9205421206484188,353.455031808,299.0910278831085,0.8082955447108925,19.344443150804953,15.918829742641496,8.154117389675351,0.5122309567664423,0.8229148607970702,0.4215224664834069,0.3468771018290305,0.21591685630534613,20240305_P013T_D003,P013T_D003,20240305,40x,0.324,0.324,0.324,34,0.6929813978605815,"(90.06951671758539, 280.03522038285985, 277.4627821709367)",45.96500810011813,6,34
24,21984.0,24355.0,"(115.98548944687045, 25.346752183406114, 422.3227347161572)",0.9026483268322726,747.724732416,471.6458529054317,0.844687242591474,22.066531432095783,18.14250727179547,13.516176070218535,0.7450004493717868,0.822173041903957,0.6125192856798168,0.5035968443322139,0.4563271430803494,20240305_P013T_D003,P013T_D003,20240305,40x,0.324,0.324,0.324,34,0.708846936170675,"(90.06951671758539, 280.03522038285985, 277.4627821709367)",95.30351879749179,0,34
25,5138.0,8175.0,"(116.12047489295446, 339.34702218762163, 366.2399766446088)",0.6285015290519878,174.754806912,245.05359520902755,0.6168446462116833,20.827712761613753,12.446306201202251,6.601853619011674,0.5304267396517987,0.5975839182947277,0.3169744894494193,0.1894188574046548,0.16813174499144892,20240305_P013T_D003,P013T_D003,20240305,40x,0.324,0.324,0.324,34,0.7098542902459288,"(90.06951671758539, 280.03522038285985, 277.4627821709367)",35.60748577993815,9,34
26,10892.0,12220.0,"(123.84988982739625, 220.80517811237607, 217.34034153507162)",0.8913256955810147,370.46114380800003,301.9057273733864,0.8262431678554287,18.93842981872777,12.671703004531414,11.62525820158442,0.9174187713701321,0.6690999795558903,0.6138448811679453,0.4107235974399602,0.5631528166929411,20240305_P013T_D003,P013T_D003,20240305,40x,0.324,0.324,0.324,34,0.7675364912492257,"(90.06951671758539, 280.03522038285985, 277.4627821709367)",29.453755256848478,3,34
27,15003.0,16609.0,"(124.64293807905085, 240.8892888089049, 207.9744717723122)",0.9033054368113673,510.285396672,372.99546222854036,0.8279218342089226,19.869752787636337,15.207390420442922,12.427239544860196,0.8171842243330956,0.7653537808434888,0.6254350357389884,0.4786790692748173,0.511095644551107,20240305_P013T_D003,P013T_D003,20240305,40x,0.324,0.324,0.324,34,0.7734547617839616,"(90.06951671758539, 280.03522038285985, 277.4627821709367)",28.16443629222988,3,34
28,14613.0,15835.0,"(126.26777526859645, 310.6308081844933, 359.0789023472251)",0.9228291758762236,497.020629312,360.9506033866304,0.8406578942865192,19.551303821942756,17.193817025851047,10.530380391017115,0.6124515792615799,0.8794204817457819,0.5386024628801835,0.47365803737555573,0.32986792898514494,20240305_P013T_D003,P013T_D003,20240305,40x,0.324,0.324,0.324,34,0.7855804124522123,"(90.06951671758539, 280.03522038285985, 277.4627821709367)",30.579138173386763,5,34
29,20972.0,22519.0,"(127.88065039099752, 265.16326530612247, 183.3786000381461)",0.9313024557040721,713.304361728,450.71883292033885,0.8565676581591252,21.90780145113168,17.93490641245299,13.053437187677348,0.7278229887284929,0.8186538686896185,0.5958351054438215,0.4877827141726712,0.43366248723347894,20240305_P013T_D003,P013T_D003,20240305,40x,0.324,0.324,0.324,34,0.797616793962668,"(90.06951671758539, 280.03522038285985, 277.4627821709367)",33.20437331086599,3,34
30,22628.0,25879.0,"(131.397516351423, 309.2913204878911, 381.93282658653)",0.8743769079176166,769.628604672,513.5166080826489,0.7908918451264069,23.256468014298946,20.259428896099074,12.534911798101517,0.6187198988869373,0.8711309423100198,0.5389860485433379,0.46952742435951195,0.3334813934562039,20240305_P013T_D003,P013T_D003,20240305,40x,0.324,0.324,0.324,34,0.8238620623240523,"(90.06951671758539, 280.03522038285985, 277.4627821709367)",37.61459036663816,4,34
31,14091.0,17208.0,"(135.92903271591797, 349.8029238521042, 337.8995812930239)",0.818863319386332,479.266248384,422.0664262648533,0.7017049622413595,25.13059632245066,16.03033141689343,9.263854641791628,0.5778953909854286,0.6378810598526298,0.36862852448573513,0.23514115389087184,0.21302872528606553,20240305_P013T_D003,P013T_D003,20240305,40x,0.324,0.324,0.324,34,0.8576793486262534,"(90.06951671758539, 280.03522038285985, 277.4627821709367)",33.3943804913488,5,34
32,16281.0,17828.0,"(136.46784595540814, 378.6198022234506, 332.4519992629445)",0.9132263854610725,553.753018944,399.3018422025645,0.8166955989699919,20.944156533019637,17.953655586946994,10.790658071312654,0.6010284657102302,0.8572154986829882,0.5152109159564663,0.44164678224854137,0.30965642633447726,20240305_P013T_D003,P013T_D003,20240305,40x,0.324,0.324,0.324,34,0.8617003429508071,"(90.06951671758539, 280.03522038285985, 277.4627821709367)",39.543318950613376,4,34
33,4345.0,5611.0,"(136.67456846950518, 436.99056386651324, 58.39654775604143)",0.7743717697380146,147.78311328,190.05862265757997,0.7112349469243501,17.48673592051332,9.464514141987465,6.728654008084897,0.7109349626553507,0.5412396106974341,0.38478616241877683,0.2082615127492984,0.27355793600948886,20240305_P013T_D003,P013T_D003,20240305,40x,0.324,0.324,0.324,34,0.8632430482798894,"(90.06951671758539, 280.03522038285985, 277.4627821709367)",88.61090551353733,0,34
34,11228.0,13790.0,"(135.98174207338795, 369.05032062700394, 370.47221232632705)",0.8142131979695432,381.889251072,325.1523422192853,0.7828685755350657,17.922496537840395,14.204745536848241,12.122171732428084,0.853388869303023,0.7925651154043893,0.6763662476839718,0.5360642931512809,0.5772034273457533,20240305_P013T_D003,P013T_D003,20240305,40x,0.324,0.324,0.324,34,0.8580727020402087,"(90.06951671758539, 280.03522038285985, 277.4627821709367)",44.285448588496074,5,34
1,13134.0,14237.0,"(38.48020405055581, 208.8982031368966, 120.73770366986447)",0.9225258130224064,446.716550016,329.2070290570467,0.8584263762145599,16.6486137949034,14.331547269638603,13.359691733517133,0.9321876753544716,0.8608252582581911,0.8024506963821157,0.6907698279526,0.7480346492470212,20240305_P013T_B009,P013T_B009,20240305,40x,0.324,0.324,0.324,15,0.14207072457375697,"(82.21430754641567, 213.89939026779626, 97.92680862402722)",16.06341096982372,0,15
2,8726.0,9793.0,"(49.81411872564749, 221.47043318817327, 151.8565207426083)",0.8910446237108138,296.790666624,273.2796530523205,0.787366596801218,19.69920371764803,12.614933692208044,8.598424692114516,0.6816068083992837,0.6403778484156005,0.43648590142815774,0.27951590242030755,0.297511762183731,20240305_P013T_B009,P013T_B009,20240305,40x,0.324,0.324,0.324,15,0.23977688556592663,"(82.21430754641567, 213.89939026779626, 97.92680862402722)",20.53124056864639,1,15
3,18971.0,21180.0,"(51.411839122871754, 240.0537135628064, 105.07690685783564)",0.8957034938621341,645.245901504,445.40374308200774,0.8107378181115622,22.471847083572193,17.386528514413772,11.935779441020141,0.6864958367695511,0.7737026889580434,0.5311436748671037,0.41094728946773484,0.36462792152274676,20240305_P013T_B009,P013T_B009,20240305,40x,0.324,0.324,0.324,15,0.2535503372661358,"(82.21430754641567, 213.89939026779626, 97.92680862402722)",13.295708596731505,0,15
4,15045.0,16583.0,"(54.708208707211696, 220.24553007643735, 65.09651046859422)",0.9072544171742145,511.71391008,374.6877626604154,0.8257199236301469,19.376199316508163,16.929555198200557,11.426687363748533,0.6749549666232859,0.8737294100694396,0.5897280048112019,0.5152627017451191,0.39803984580416174,20240305_P013T_B009,P013T_B009,20240305,40x,0.324,0.324,0.324,15,0.28196731644148015,"(82.21430754641567, 213.89939026779626, 97.92680862402722)",14.028442136786209,0,15
5,12894.0,14083.0,"(59.84799131378936, 177.46075694121296, 85.30176826430898)",0.9155719662003834,438.553616256,342.95454459226744,0.8139468122260194,22.74180197830973,14.143493444778356,9.78937190974545,0.6921466713981893,0.6219161286457372,0.4304571783309951,0.26770826189538016,0.29793950316125506,20240305_P013T_B009,P013T_B009,20240305,40x,0.324,0.324,0.324,15,0.3262757871878393,"(82.21430754641567, 213.89939026779626, 97.92680862402722)",14.444070242086942,0,15
6,15038.0,16374.0,"(68.6812076073946, 190.83169304428782, 59.64356962362016)",0.9184072309759375,511.47582451200003,369.32243448202456,0.837455698777334,21.685499937746258,14.831800487161445,11.693837423589274,0.7884300650963838,0.6839501293371101,0.5392468449959378,0.3688179493796001,0.4251584251031667,20240305_P013T_B009,P013T_B009,20240305,40x,0.324,0.324,0.324,15,0.4024242035120224,"(82.21430754641567, 213.89939026779626, 97.92680862402722)",15.130730057178798,0,15
7,17626.0,20184.0,"(79.5882219448542, 237.33705889027573, 130.88448882332918)",0.8732659532302814,599.499460224,432.4002230875933,0.795165287182807,25.603078928849484,14.700275287448047,12.308476537289893,0.8372956490005047,0.5741604487608643,0.4807420455756488,0.27602306862593035,0.4025232230520931,20240305_P013T_B009,P013T_B009,20240305,40x,0.324,0.324,0.324,15,0.4964501891797775,"(82.21430754641567, 213.89939026779626, 97.92680862402722)",13.130714387018994,0,15
8,23752.0,25663.0,"(77.06151060963288, 168.01574604243854, 116.73947457056248)",0.9255348166621206,807.858344448,506.88761094649806,0.8275532044929439,23.396338587685747,20.394528511591094,12.101250973717713,0.5933577217458127,0.8716974425359615,0.5172284085547896,0.4508666809441555,0.3069014701222824,20240305_P013T_B009,P013T_B009,20240305,40x,0.324,0.324,0.324,15,0.4746681949106282,"(82.21430754641567, 213.89939026779626, 97.92680862402722)",16.153850202058663,0,15
9,16659.0,18001.0,"(78.22312263641275, 254.80208896092202, 77.14418632570982)",0.9254485861896561,566.609639616,386.1946641571884,0.8574335931753325,21.429814675612043,15.676959671497604,11.965462005264197,0.7632514375232266,0.7315490081833788,0.5583558321146544,0.40846465519688063,0.42616589151098744,20240305_P013T_B009,P013T_B009,20240305,40x,0.324,0.324,0.324,15,0.48468209169321336,"(82.21430754641567, 213.89939026779626, 97.92680862402722)",14.921168123372127,0,15
10,16903.0,18257.0,"(85.59800035496657, 226.94432940898065, 49.422824350706975)",0.9258366653886181,574.908622272,397.2989181327083,0.8415875266712209,20.397952839727584,18.298224275944012,11.01116660783083,0.601761484709027,0.8970617992755584,0.5398172402078112,0.4842494247807855,0.324841223938982,20240305_P013T_B009,P013T_B009,20240305,40x,0.324,0.324,0.324,15,0.5482586237497118,"(82.21430754641567, 213.89939026779626, 97.92680862402722)",16.310612797573096,0,15
11,43788.0,47594.0,"(102.34557412989861, 211.35596510459487, 82.8065451721933)",0.9200319367987562,1489.327264512,746.6109869547008,0.8447272570191087,26.86657528915491,21.844727282615406,18.52396055309494,0.8479831454722159,0.8130819446657703,0.6894797849643461,0.5606035643665477,0.5846672367935732,20240305_P013T_B009,P013T_B009,20240305,40x,0.324,0.324,0.324,15,0.6926342597405053,"(82.21430754641567, 213.89939026779626, 97.92680862402722)",8.198924015240863,0,15
12,25209.0,29405.0,"(110.19758816295767, 191.57475504780038, 123.86834067198222)",0.8573031797313382,857.4141548160001,571.1185006639503,0.7642198751803292,26.51170748372965,20.489183864614752,11.85466633533665,0.578581675759663,0.7728353172721543,0.4471483529535738,0.34557203922259644,0.258711843365052,20240305_P013T_B009,P013T_B009,20240305,40x,0.324,0.324,0.324,15,0.7603240358875661,"(82.21430754641567, 213.89939026779626, 97.92680862402722)",14.323645407728174,0,15
13,21609.0,24781.0,"(116.50946364940533, 233.59308621407746, 117.0795501874219)",0.8719987086881078,734.970148416,504.4106217269852,0.7808118000325639,23.88142132387102,19.348667363768367,12.018161998418936,0.6211364210500472,0.8101974795121648,0.503243162767955,0.4077263420563273,0.312582657039594,20240305_P013T_B009,P013T_B009,20240305,40x,0.324,0.324,0.324,15,0.8147367555983218,"(82.21430754641567, 213.89939026779626, 97.92680862402722)",14.236940851770706,0,15
14,1142.0,1644.0,"(110.32399299474606, 186.43169877408056, 82.60945709281961)",0.694647201946472,38.841959808,80.81281424301025,0.6863379025574844,9.659859100602025,6.680916237866833,5.311199661940794,0.7949807291157748,0.6916163236222009,0.549821649221549,0.380265627682503,0.4370976155817848,20240305_P013T_B009,P013T_B009,20240305,40x,0.324,0.324,0.324,15,0.7614137327133281,"(82.21430754641567, 213.89939026779626, 97.92680862402722)",13.666693885080822,1,15
15,4698.0,5126.0,"(117.34844614729673, 273.38867603235417, 114.24563644103874)",0.9165040967616075,159.78942835200002,164.29031578861964,0.8667706334263336,12.72662492296179,11.210187429078681,7.982212945345667,0.7120499095885047,0.880845274920682,0.6272057983687332,0.5524712638959527,0.44660183202184245,20240305_P013T_B009,P013T_B009,20240305,40x,0.324,0.324,0.324,15,0.8219693633387649,"(82.21430754641567, 213.89939026779626, 97.92680862402722)",23.001003848356024,0,15
1,4168.0,5324.0,"(31.0978886756238, 74.52087332053743, 108.35676583493282)",0.782870022539444,141.76294963200002,196.45502650289598,0.6692619584248168,12.5590403427317,10.424398912756338,8.261682975860376,0.7925332717026546,0.8300314855497105,0.6578275688589267,0.5460175942155294,0.5213502353639685,20240305_P013T_A005,P013T_A005,20240305,40x,0.324,0.324,0.324,7,0.1344209852847089,"(65.33286752690596, 74.51033977573674, 108.25547979940272)",11.092182217703096,0,7
2,8459.0,10905.0,"(46.261141978957326, 97.97044567915829, 114.43433029908972)",0.7756992205410362,287.709402816,311.3709993946727,0.676875301779714,20.038029028131277,11.229353092289788,9.783320073661194,0.8712273978078525,0.5604020772963729,0.48823764352903404,0.27360938964795667,0.42536601168363825,20240305_P013T_A005,P013T_A005,20240305,40x,0.324,0.324,0.324,7,0.30290157754397024,"(65.33286752690596, 74.51033977573674, 108.25547979940272)",9.99835588110615,1,7
3,16082.0,18783.0,"(51.33932346723044, 49.06560129337147, 118.69991294615097)",0.8561997550976947,546.984586368,431.290351183026,0.7499479250457488,24.077704697855957,16.38340911536686,10.183995099795238,0.6216041501547522,0.6804389920450246,0.4229637013823037,0.2878009946402075,0.2629159921440553,20240305_P013T_A005,P013T_A005,20240305,40x,0.324,0.324,0.324,7,0.3593258163025605,"(65.33286752690596, 74.51033977573674, 108.25547979940272)",9.998643021320193,0,7
4,10568.0,12308.0,"(52.964988644965935, 95.90925435276306, 93.81008705526116)",0.8586285342866429,359.441183232,318.50188422733294,0.7675806335193627,19.649363300961998,12.431178632023425,11.024149089104743,0.886814469925314,0.6326504549597705,0.5610435778631575,0.35494447478738406,0.4975415631077177,20240305_P013T_A005,P013T_A005,20240305,40x,0.324,0.324,0.324,7,0.37738876272184374,"(65.33286752690596, 74.51033977573674, 108.25547979940272)",9.275386894977887,0,7
5,14770.0,17778.0,"(57.75883547731889, 87.07461069735952, 144.28138117806364)",0.8308021149735628,502.36054848000003,424.74498566947744,0.7195034509321835,20.444945526561103,17.06279188859282,10.617264901551922,0.6222466388194069,0.8345726265900612,0.5193100117463495,0.43340192051766635,0.3231389093144327,20240305_P013T_A005,P013T_A005,20240305,40x,0.324,0.324,0.324,7,0.4306537275257654,"(65.33286752690596, 74.51033977573674, 108.25547979940272)",12.603110389946858,0,7
6,16114.0,18019.0,"(85.30184932356957, 51.59004592280005, 92.8387116792851)",0.89427826183473,548.072977536,400.1429126017802,0.8093963757993583,21.31517000396388,16.070130521956543,11.684682394934843,0.7271056310942912,0.7539292681676035,0.5481862163314625,0.41329363289834714,0.39858928478287964,20240305_P013T_A005,P013T_A005,20240305,40x,0.324,0.324,0.324,7,0.7366872147063286,"(65.33286752690596, 74.51033977573674, 108.25547979940272)",11.0434906587816,0,7
7,18574.0,20793.0,"(89.5524927317756, 83.57295143749327, 89.32179390545924)",0.8932813927764152,631.743048576,445.9794555379222,0.7983553734456897,21.576845439246913,18.313387218820953,11.611964622593911,0.6340697372826866,0.8487518377227685,0.5381678547630732,0.4567709557334783,0.3412359502836088,20240305_P013T_A005,P013T_A005,20240305,40x,0.324,0.324,0.324,7,0.7839165859086178,"(65.33286752690596, 74.51033977573674, 108.25547979940272)",10.384215854893407,0,7
1,26251.0,28740.0,"(36.77570378271304, 243.28056074054322, 258.8772237248105)",0.9133959638135003,892.854892224,544.8515949828261,0.8229873370769061,23.165563782773997,21.068613488896844,13.13839247343972,0.6236002421499475,0.9094798506291285,0.5671518550828225,0.5158131844447585,0.35367603416544,20240305_P013T_B003,P013T_B003,20240305,40x,0.324,0.324,0.324,28,0.12758518569492286,"(95.58261324034613, 235.82790689987831, 275.6390934574999)",19.958912623909494,2,28
2,25348.0,28520.0,"(38.98208931671138, 197.4010178317816, 251.5670664352217)",0.8887798036465638,862.141853952,551.2507635919135,0.7946710766990416,24.354302252737277,17.65530584100556,15.44050467875131,0.8745532259707314,0.7249358104283694,0.6339949516318371,0.4596056440687207,0.554462330198781,20240305_P013T_B003,P013T_B003,20240305,40x,0.324,0.324,0.324,28,0.14181993107555727,"(95.58261324034613, 235.82790689987831, 275.6390934574999)",23.49772467040578,1,28
3,22540.0,24935.0,"(47.755412599822535, 269.76464063886425, 266.19937888198757)",0.9039502707038299,766.63552896,510.1761023496799,0.7940051290012031,24.264680903785223,21.490880524245338,10.834592215608676,0.504148362063873,0.8856856848627596,0.44651698732697986,0.39547370372355223,0.22511080779459208,20240305_P013T_B003,P013T_B003,20240305,40x,0.324,0.324,0.324,28,0.19842201677304863,"(95.58261324034613, 235.82790689987831, 275.6390934574999)",19.24530335020519,1,28
4,22963.0,25086.0,"(56.2620302225319, 237.3345817184166, 317.54901363062316)",0.9153711233357251,781.022699712,491.8054153764973,0.8339370241725309,22.899107513621253,20.15231720861813,12.27468077362524,0.6090952542358741,0.8800481502010841,0.53603315178654,0.47173498367620154,0.3264952488662795,20240305_P013T_B003,P013T_B003,20240305,40x,0.324,0.324,0.324,28,0.25330342079052837,"(95.58261324034613, 235.82790689987831, 275.6390934574999)",18.625969924790862,1,28
5,13716.0,15071.0,"(53.64967920676582, 215.6683435403908, 212.6156313794109)",0.9100922301108089,466.511664384,342.33375078239266,0.8497204636289533,20.455666974121215,13.380475513149513,12.207677974715407,0.912350085220697,0.6541207153048278,0.5967870903529829,0.39037079842638017,0.5444787527421557,20240305_P013T_B003,P013T_B003,20240305,40x,0.324,0.324,0.324,28,0.23644954326945689,"(95.58261324034613, 235.82790689987831, 275.6390934574999)",25.381291719365468,3,28
6,23072.0,25965.0,"(63.134752080443825, 258.8948509015257, 222.7801230929265)",0.888580781821683,784.7300321280001,510.19586676498545,0.8064189121625983,24.59732262680955,18.701985037967923,12.589794522058735,0.6731795847606286,0.7603260453064076,0.5118359714620584,0.3891622200273101,0.3445575267343814,20240305_P013T_B003,P013T_B003,20240305,40x,0.324,0.324,0.324,28,0.297643561809315,"(95.58261324034613, 235.82790689987831, 275.6390934574999)",21.44042513663946,2,28
7,18008.0,20460.0,"(69.97673256330519, 228.07219013771658, 194.53903820524212)",0.8801564027370479,612.492129792,466.01888074031194,0.7484238529711624,24.506236765692055,20.69904236375916,9.010519538609003,0.43531093759125,0.8446438578744637,0.3676827097020233,0.31056094239645354,0.16005630509647917,20240305_P013T_B003,P013T_B003,20240305,40x,0.324,0.324,0.324,28,0.34178537137616255,"(95.58261324034613, 235.82790689987831, 275.6390934574999)",27.669355727318496,3,28
8,19271.0,21179.0,"(71.21955269576047, 206.69394426859012, 308.9099683462197)",0.9099107606591434,655.4495687040001,439.7318019317273,0.8298299471387774,24.223326959348285,15.587527057435766,12.494383054961283,0.8015628783785205,0.6434924105840142,0.5157996288424551,0.3319131465421713,0.4134458351615309,20240305_P013T_B003,P013T_B003,20240305,40x,0.324,0.324,0.324,28,0.3498035657790998,"(95.58261324034613, 235.82790689987831, 275.6390934574999)",16.35894453444996,2,28
9,19588.0,21018.0,"(77.78517459669185, 174.26056769450685, 250.31917500510517)",0.9319630792653916,666.231443712,432.13764459660615,0.8536478968555858,23.287700835890025,16.308749696126256,12.445270992997889,0.7631039303984142,0.7003160084825505,0.5344138985939634,0.374258608340923,0.40781334647659306,20240305_P013T_B003,P013T_B003,20240305,40x,0.324,0.324,0.324,28,0.3921624167528507,"(95.58261324034613, 235.82790689987831, 275.6390934574999)",22.326360999439494,1,28
10,16563.0,18317.0,"(89.54676085250257, 178.26305620962387, 215.979411942281)",0.9042419610198177,563.344466112,418.9585930663509,0.787340110813233,24.653576603729743,16.50173210380732,10.14101259163059,0.6145423115486665,0.6693443458143448,0.4113404214987774,0.275328385335096,0.25278609346126146,20240305_P013T_B003,P013T_B003,20240305,40x,0.324,0.324,0.324,28,0.4680436184032424,"(95.58261324034613, 235.82790689987831, 275.6390934574999)",26.931828649087105,3,28
11,15251.0,17313.0,"(86.61281227460495, 185.29152186741854, 309.20267523441083)",0.8808987466065962,518.720428224,397.1205184821214,0.7861716259248023,22.16686663802239,17.200132717435103,10.030399092820357,0.5831582382299255,0.7759388369275454,0.4524951251168449,0.3511085410985488,0.26387625997076897,20240305_P013T_B003,P013T_B003,20240305,40x,0.324,0.324,0.324,28,0.4491149179006771,"(95.58261324034613, 235.82790689987831, 275.6390934574999)",19.869674949416577,3,28
12,32472.0,34814.0,"(94.03593865484109, 286.6662663217541, 286.4766260162602)",0.9327282127879589,1104.444937728,639.3652634964658,0.8081608344783096,28.409513531378472,22.2304093994723,12.474090739455002,0.5611273510667378,0.7824987701714317,0.4390814621192755,0.3435807041134072,0.2463806177414993,20240305_P013T_B003,P013T_B003,20240305,40x,0.324,0.324,0.324,28,0.4970060558376844,"(95.58261324034613, 235.82790689987831, 275.6390934574999)",16.849193470744915,0,28
13,14147.0,15963.0,"(92.64628543154025, 355.1934685799109, 505.16378030677885)",0.8862369228841697,481.170932928,381.31235227788596,0.7787585715415238,25.4554953770706,18.196651472289503,7.976125926220183,0.4383293233025047,0.7148417739566127,0.31333611104676407,0.22398574146533498,0.13734440552136656,20240305_P013T_B003,P013T_B003,20240305,40x,0.324,0.324,0.324,28,0.4880405511712274,"(95.58261324034613, 235.82790689987831, 275.6390934574999)",83.82672191373838,1,28
14,16311.0,18719.0,"(111.29838759119613, 284.06302495248605, 238.63215008276623)",0.8713606496073508,554.773385664,448.89559098192404,0.7273596363225673,27.838245560386287,17.780717463072232,8.358044899685746,0.4700622973760253,0.6387154472253855,0.3002360504923202,0.19176540326338573,0.14112964764952435,20240305_P013T_B003,P013T_B003,20240305,40x,0.324,0.324,0.324,28,0.6083766941367492,"(95.58261324034613, 235.82790689987831, 275.6390934574999)",20.34535815962704,0,28
15,22230.0,23856.0,"(109.8017094017094, 244.9285200179937, 332.1595141700405)",0.931841046277666,756.09173952,486.7733790170566,0.8245309600557784,23.97611475171122,20.111527210916098,11.118540751241415,0.5528441790937942,0.838815104915224,0.46373404808833196,0.3889871241999757,0.256372669133236,20240305_P013T_B003,P013T_B003,20240305,40x,0.324,0.324,0.324,28,0.59872070581748,"(95.58261324034613, 235.82790689987831, 275.6390934574999)",19.112050669862885,2,28
16,8705.0,10155.0,"(107.08236645605973, 210.61769098219415, 193.11407237219987)",0.8572131954702117,296.07640992,275.51881232356436,0.7797141293050336,17.66760887479059,14.202795192320622,9.068647460292087,0.6385114576034624,0.8038889299041585,0.5132922923843918,0.4126299916529412,0.32774300978698057,20240305_P013T_B003,P013T_B003,20240305,40x,0.324,0.324,0.324,28,0.5811765577810305,"(95.58261324034613, 235.82790689987831, 275.6390934574999)",28.205085665064708,3,28
17,11393.0,13883.0,"(112.52040726762047, 208.14447467743352, 318.8633371368384)",0.8206439530360873,387.501268032,331.4349204992372,0.7755347792040697,18.771164336350957,14.384386457042234,11.154023090555041,0.7754257106387955,0.7663023027925024,0.5942105077070217,0.4553448803993928,0.46076610520775685,20240305_P013T_B003,P013T_B003,20240305,40x,0.324,0.324,0.324,28,0.6162606920491643,"(95.58261324034613, 235.82790689987831, 275.6390934574999)",17.5127815352046,5,28
18,15310.0,16986.0,"(123.33742651861529, 193.81835401698237, 199.18778576094056)",0.9013305074767456,520.7271494400001,392.53282338664246,0.797409907493014,24.335532669943394,13.575169400076739,11.57491262440325,0.8526532732871693,0.5578332549442533,0.4756383507766536,0.26532688939005716,0.40555459669062466,20240305_P013T_B003,P013T_B003,20240305,40x,0.324,0.324,0.324,28,0.6860479130233245,"(95.58261324034613, 235.82790689987831, 275.6390934574999)",29.659602475142243,4,28
19,14633.0,15979.0,"(121.2924895783503, 379.9164901250598, 499.455682361785)",0.9157644408285875,497.700873792,378.53517191235557,0.8023370021067703,24.393917652483154,14.83339502495745,9.931752004276472,0.6695535302313546,0.6080776050929851,0.4071405071446357,0.2475730245208535,0.2726023638588748,20240305_P013T_B003,P013T_B003,20240305,40x,0.324,0.324,0.324,28,0.6728547714732277,"(95.58261324034613, 235.82790689987831, 275.6390934574999)",86.64585289860925,1,28
20,9439.0,11154.0,"(123.25214535438076, 194.03390189638733, 308.92647526221)",0.846243500089654,321.041382336,280.154104773741,0.8093340499569228,16.029210430647733,13.387480880106837,11.328174716295177,0.8461767241907555,0.8351927837013151,0.7067206937801371,0.5902480235375573,0.5980106015806944,20240305_P013T_B003,P013T_B003,20240305,40x,0.324,0.324,0.324,28,0.6854977119637469,"(95.58261324034613, 235.82790689987831, 275.6390934574999)",19.494979706352332,4,28
21,13995.0,16432.0,"(129.15312611647016, 177.9164701679171, 230.56856020007146)",0.8516918208373905,476.00107488000003,378.13848578659605,0.7796599026058597,20.526680479274404,17.545402377511774,10.197412605709122,0.5812014102782453,0.854760826779917,0.4967881979750868,0.4246350908356903,0.28873400127270854,20240305_P013T_B003,P013T_B003,20240305,40x,0.324,0.324,0.324,28,0.7235685555901301,"(95.58261324034613, 235.82790689987831, 275.6390934574999)",26.14595045425376,3,28
22,15220.0,18558.0,"(136.6722076215506, 187.81721419185283, 286.1338370565046)",0.820131479685311,517.66604928,437.8408231466324,0.712089083929529,33.92777985049169,13.010240840743641,9.151014458150511,0.7033701043790559,0.38346867664419526,0.2697204031173261,0.1034293260473399,0.18971326809379468,20240305_P013T_B003,P013T_B003,20240305,40x,0.324,0.324,0.324,28,0.7720787588487136,"(95.58261324034613, 235.82790689987831, 275.6390934574999)",20.75502886067791,2,28
23,10253.0,12862.0,"(141.00858285379888, 228.222959133912, 316.17009655710524)",0.7971544083346291,348.727332672,321.0989608882603,0.7461667336834066,20.02709755115036,16.648806243513075,8.719258063858025,0.5237167119567708,0.831313983516137,0.4353730260507564,0.36193168460172914,0.22801212967797163,20240305_P013T_B003,P013T_B003,20240305,40x,0.324,0.324,0.324,28,0.8000553732503154,"(95.58261324034613, 235.82790689987831, 275.6390934574999)",19.878175414592167,4,28
24,20611.0,21989.0,"(145.87006938042794, 227.7104943961962, 202.19596332055698)",0.9373323025148939,701.025948864,444.13856253736844,0.8592542807973135,22.703562820909855,17.75789837811999,12.31597917816705,0.6935493669308254,0.7821635096745725,0.5424690069711923,0.42429946238226784,0.37622903636446386,20240305_P013T_B003,P013T_B003,20240305,40x,0.324,0.324,0.324,28,0.8314198024543737,"(95.58261324034613, 235.82790689987831, 275.6390934574999)",28.95881114186849,1,28
25,20082.0,21774.0,"(153.4760482023703, 263.5199183348272, 284.72911064634997)",0.9222926426012675,683.033482368,472.10965384721226,0.7944548834350461,24.25901811537335,19.930829918911567,10.050093717531443,0.5042486318141379,0.8215843619112128,0.4142827904136206,0.34036826201277115,0.2089015302502114,20240305_P013T_B003,P013T_B003,20240305,40x,0.324,0.324,0.324,28,0.8804906335636793,"(95.58261324034613, 235.82790689987831, 275.6390934574999)",21.00041365642911,0,28
26,15894.0,18305.0,"(154.35497672077514, 258.7451239461432, 231.12935699005914)",0.8682873531821906,540.590288256,418.13325696928695,0.7675056349641816,26.001449811209437,16.750825102327312,9.489176467483347,0.5664900928471247,0.6442265805926674,0.36494797545452584,0.23510918632128588,0.20673941249960454,20240305_P013T_B003,P013T_B003,20240305,40x,0.324,0.324,0.324,28,0.8861611401340331,"(95.58261324034613, 235.82790689987831, 275.6390934574999)",25.014197917320136,0,28
27,15340.0,17748.0,"(156.69282920469362, 199.27985658409386, 253.76812255541068)",0.8643227405904891,521.74751616,387.57808920873777,0.808658521374757,22.694395438503157,15.189082349313562,11.390605463035376,0.7499205811831121,0.6692878155962625,0.5019127076507247,0.3359240597235591,0.37639466942462085,20240305_P013T_B003,P013T_B003,20240305,40x,0.324,0.324,0.324,28,0.9012440593851202,"(95.58261324034613, 235.82790689987831, 275.6390934574999)",24.13432013477111,2,28
28,5475.0,6363.0,"(156.13424657534247, 220.61625570776255, 305.0367123287671)",0.8604431871758604,186.2169264,197.84856701146504,0.7970715685276062,15.912064337314417,10.535904659761224,8.271020647931602,0.7850318425450756,0.6621331108531351,0.5197955760231394,0.3441738617598985,0.4080560787922241,20240305_P013T_B003,P013T_B003,20240305,40x,0.324,0.324,0.324,28,0.8976403004860805,"(95.58261324034613, 235.82790689987831, 275.6390934574999)",22.358616796791395,2,28
1,35153.0,43000.0,"(33.39512986089381, 439.9992603760703, 198.49002930048644)",0.8175116279069767,1195.631710272,755.8575465731819,0.7207352903315037,32.38085511855528,19.75692896678795,15.060924855847468,0.7623110292680294,0.6101422860654038,0.4651181940904664,0.2837882782329693,0.3545647292683905,20240305_P013T_C001,P013T_C001,20240305,40x,0.324,0.324,0.324,30,0.17569439225950179,"(106.54624470693113, 437.1409559589381, 187.81818223166243)",23.96974648189244,3,30
2,16508.0,18867.0,"(33.86455052095953, 403.4315483401987, 170.34625636055247)",0.8749668733767955,561.473793792,419.27651714261526,0.7850004624713158,21.830839241962874,15.176224770113498,12.477766936615517,0.822191758861397,0.6951736761884084,0.5715660675394907,0.3973376843559799,0.46993691037578583,20240305_P013T_C001,P013T_C001,20240305,40x,0.324,0.324,0.324,30,0.1784078064795349,"(106.54624470693113, 437.1409559589381, 187.81818223166243)",26.568436656338367,2,30
3,6639.0,7891.0,"(43.76743485464679, 395.4717577948486, 203.83054676909174)",0.8413382334304904,225.807155136,247.36170842522347,0.7249534465759435,17.694238694023728,14.343140535175811,6.585978781977243,0.4591727150567527,0.8106107746822836,0.3722103502651218,0.3017177203731745,0.1709088371034609,20240305_P013T_C001,P013T_C001,20240305,40x,0.324,0.324,0.324,30,0.2356499124546057,"(106.54624470693113, 437.1409559589381, 187.81818223166243)",24.958300358698025,2,30
4,15056.0,17496.0,"(66.33501594048884, 423.134564293305, 216.09477948990437)",0.8605395518975766,512.088044544,397.89290439030606,0.7779428396763147,24.90105272092951,14.174732401217536,10.879250256951547,0.7675100981812591,0.5692422950979729,0.4368992097995705,0.2487015089127983,0.33532455540858286,20240305_P013T_C001,P013T_C001,20240305,40x,0.324,0.324,0.324,30,0.3660983580375078,"(106.54624470693113, 437.1409559589381, 187.81818223166243)",16.561084589353758,3,30
5,23479.0,25440.0,"(68.27185995996422, 457.363005238724, 175.77707738830443)",0.9229166666666667,798.573007296,502.8665816860862,0.8277663484303606,23.660515915833898,20.527053730066427,11.848088368658923,0.5771938108830867,0.867565770885388,0.50075359348906,0.4344366773589645,0.2890318749393506,20240305_P013T_C001,P013T_C001,20240305,40x,0.324,0.324,0.324,30,0.3772939882078857,"(106.54624470693113, 437.1409559589381, 187.81818223166243)",14.557835991977665,3,30
6,16142.0,17260.0,"(72.83719489530418, 435.39555197621115, 153.4408995167885)",0.9352259559675551,549.0253198080001,373.1828135419448,0.8688752081503073,19.11515201881281,16.913169773990095,12.043443079074603,0.712074864736213,0.8848043561120748,0.6300469421965177,0.5574682790105714,0.44864059114204996,20240305_P013T_C001,P013T_C001,20240305,40x,0.324,0.324,0.324,30,0.4036832074873074,"(106.54624470693113, 437.1409559589381, 187.81818223166243)",15.60975390136042,3,30
7,11293.0,12986.0,"(69.36093155051802, 454.3403878508811, 218.66793588948906)",0.8696288310488218,384.100045632,311.4396545682714,0.8204896769432227,16.866832469453815,14.756707730828913,11.541129568940947,0.7820937962218935,0.8748950200076758,0.6842499674934327,0.5986468890004184,0.5351476546416459,20240305_P013T_C001,P013T_C001,20240305,40x,0.324,0.324,0.324,30,0.383589199713977,"(106.54624470693113, 437.1409559589381, 187.81818223166243)",16.616731839516373,5,30
8,14194.0,16680.0,"(77.14752712413696, 483.0846132168522, 211.38241510497394)",0.8509592326139088,482.769507456,382.15063280573526,0.778770387211781,20.687403999041198,17.799660265693333,10.132039185739867,0.5692265489621806,0.8604105312835916,0.48976851741327515,0.42140199027353303,0.2787892429574823,20240305_P013T_C001,P013T_C001,20240305,40x,0.324,0.324,0.324,30,0.42859842268287257,"(106.54624470693113, 437.1409559589381, 187.81818223166243)",19.251100964702804,3,30
9,22568.0,24131.0,"(91.29714640198512, 481.07904998227576, 177.14688940092165)",0.9352285441962621,767.587871232,469.2889936234436,0.863898045878391,22.87654034551294,17.838560379884672,13.388344952891913,0.7505283311981295,0.779775268045877,0.5852434306360461,0.45635835299631144,0.4392417753399399,20240305_P013T_C001,P013T_C001,20240305,40x,0.324,0.324,0.324,30,0.5103881294912435,"(106.54624470693113, 437.1409559589381, 187.81818223166243)",15.46049644669844,3,30
10,15971.0,17223.0,"(96.99593012334857, 394.09824056101684, 187.64066119842215)",0.927306508738315,543.2092295040001,378.6059627406973,0.8503703357441593,23.160434254835288,14.385143339079482,11.60901547521599,0.807014236950861,0.6211085328020671,0.501243428662929,0.31132657055350943,0.4045105831090471,20240305_P013T_C001,P013T_C001,20240305,40x,0.324,0.324,0.324,30,0.5433290758575062,"(106.54624470693113, 437.1409559589381, 187.81818223166243)",14.285113230420853,2,30
11,11494.0,12311.0,"(100.9454497998956, 443.09535409779016, 136.08152079345746)",0.9336365851677362,390.936502656,296.76140145901115,0.871259500305126,18.637278999399822,12.703441283529697,11.78117650110699,0.9274003979049013,0.6816145899805861,0.6321296419657817,0.430868786723081,0.5862372814865487,20240305_P013T_C001,P013T_C001,20240305,40x,0.324,0.324,0.324,30,0.5661586693635584,"(106.54624470693113, 437.1409559589381, 187.81818223166243)",16.970629779181962,3,30
12,12270.0,13929.0,"(107.1559902200489, 467.721271393643, 235.16454767726162)",0.8808959724316174,417.32998848,396.6224598713063,0.6809154937115116,22.146303143007536,20.899593374642016,6.505817599956527,0.3112891951213842,0.9437057390429898,0.29376539993812334,0.27722809385386615,0.09144599490124994,20240305_P013T_C001,P013T_C001,20240305,40x,0.324,0.324,0.324,30,0.6020577469366989,"(106.54624470693113, 437.1409559589381, 187.81818223166243)",18.262813483474226,4,30
13,10615.0,11662.0,"(106.60301460197833, 416.8177107866227, 138.12378709373527)",0.9102212313496827,361.03975776,295.4095097964697,0.8300348719204742,19.11203551245318,13.86297803646382,9.846920446636933,0.7103034009529956,0.7253533004075293,0.515220916171948,0.3737171919843135,0.36596316899905296,20240305_P013T_C001,P013T_C001,20240305,40x,0.324,0.324,0.324,30,0.5988613560807996,"(106.54624470693113, 437.1409559589381, 187.81818223166243)",17.395422184130428,5,30
14,14566.0,15843.0,"(111.92475628175202, 432.4443223946176, 237.89008650281477)",0.9193965789307581,495.422054784,372.04793735505484,0.8138332838745721,23.566396120159197,14.614715072474755,10.375423905690928,0.709929947606842,0.6201506160703553,0.4402634943751781,0.27302967727005406,0.3125562394949754,20240305_P013T_C001,P013T_C001,20240305,40x,0.324,0.324,0.324,30,0.6296228686806475,"(106.54624470693113, 437.1409559589381, 187.81818223166243)",16.387426596998303,3,30
15,21297.0,23538.0,"(122.2592853453538, 399.4612856270836, 213.45372587688408)",0.9047922508284476,724.358334528,471.9098969253988,0.8265339176912281,26.181206851726145,16.52220338186338,12.47081385901041,0.7547912085805559,0.6310711143086233,0.4763269290692839,0.30059616590295757,0.3595273784716695,20240305_P013T_C001,P013T_C001,20240305,40x,0.324,0.324,0.324,30,0.6893600308979989,"(106.54624470693113, 437.1409559589381, 187.81818223166243)",15.618810755740412,3,30
16,16165.0,17260.0,"(115.24478812248685, 483.38137952366225, 151.19919579338077)",0.936558516801854,549.8076009600001,369.53754637259465,0.8782794339646229,18.682308532519134,16.548383656709884,12.623375716270996,0.7628162349954092,0.8857783088158051,0.6756860745714733,0.5985080684243096,0.5154243074434386,20240305_P013T_C001,P013T_C001,20240305,40x,0.324,0.324,0.324,30,0.6488138041762246,"(106.54624470693113, 437.1409559589381, 187.81818223166243)",19.317551673593268,2,30
17,9076.0,10098.0,"(113.4262891141472, 395.43532393124724, 161.10312913177611)",0.8987918399683106,308.694945024,264.699292795693,0.8344833747221605,16.123128185140672,14.954040302615258,9.235077784711711,0.6175640561231216,0.9274900088183344,0.5727844918595204,0.5312518934057918,0.35373111407718655,20240305_P013T_C001,P013T_C001,20240305,40x,0.324,0.324,0.324,30,0.6383022492147237,"(106.54624470693113, 437.1409559589381, 187.81818223166243)",16.201259714875665,4,30
18,2269.0,7705.0,"(125.23931247245483, 132.18774790656676, 106.80123402379903)",0.2944841012329656,77.173736256,244.79489734368684,0.3580921340557844,20.11480159098178,10.843291572835541,6.367983356079475,0.5872740129973499,0.5390702723956768,0.31658196215738366,0.17065992457573864,0.18592035935874188,20240305_P013T_C001,P013T_C001,20240305,40x,0.324,0.324,0.324,30,0.7065856212280626,"(106.54624470693113, 437.1409559589381, 187.81818223166243)",102.41149313299232,1,30
19,15350.0,16625.0,"(126.40267100977199, 390.1816938110749, 136.9302931596091)",0.9233082706766917,522.0876384000001,380.88498219017697,0.8232262599441202,21.472551770609268,17.045117745761576,10.109848591216727,0.5931228368152888,0.7938096006405825,0.4708266022231538,0.3737466770817241,0.27925800995870054,20240305_P013T_C001,P013T_C001,20240305,40x,0.324,0.324,0.324,30,0.7133102370507052,"(106.54624470693113, 437.1409559589381, 187.81818223166243)",23.339308506741318,3,30
20,3764.0,5280.0,"(131.028958554729, 495.03320935175344, 467.0488841657811)",0.7128787878787879,128.022011136,215.22777296615368,0.570745167253762,21.850796103501153,8.801543002550272,5.775945485296859,0.6562423751861761,0.4028019373234644,0.2643357000787435,0.10647493209547214,0.17346828766617536,20240305_P013T_C001,P013T_C001,20240305,40x,0.324,0.324,0.324,30,0.7400517835533468,"(106.54624470693113, 437.1409559589381, 187.81818223166243)",92.73460803482776,0,30
21,26163.0,28694.0,"(146.78756258838817, 488.74116118182167, 183.07946336429308)",0.9117934062870287,889.861816512,533.7535168425375,0.8382207795346642,26.970671495001817,16.061301911304493,15.032253500217458,0.9359299503384121,0.5955099009782149,0.5573555520485733,0.3319107496101042,0.5216457541496594,20240305_P013T_C001,P013T_C001,20240305,40x,0.324,0.324,0.324,30,0.8311419802797004,"(106.54624470693113, 437.1409559589381, 187.81818223166243)",21.256968879243466,4,30
22,16129.0,17534.0,"(143.13962427924855, 473.1262942525885, 220.5263810527621)",0.9198699669214099,548.583160896,415.89981034236166,0.7792145448825251,23.900633645545724,18.613724858338824,8.783535173052737,0.47188487204471447,0.7787962919471717,0.36750218857438927,0.2862093417442046,0.1734187232315782,20240305_P013T_C001,P013T_C001,20240305,40x,0.324,0.324,0.324,30,0.8100556316719569,"(106.54624470693113, 437.1409559589381, 187.81818223166243)",19.718391570271145,3,30
23,16454.0,17818.0,"(143.7897167861918, 465.71678619180744, 153.13893278230216)",0.9234481984510046,559.637133696,380.78205142576564,0.8624726612009322,19.648613437907095,16.44214692736867,12.462874942875635,0.7579834311132835,0.8368095275184991,0.6342877568567575,0.5307780381260719,0.48077961025543325,20240305_P013T_C001,P013T_C001,20240305,40x,0.324,0.324,0.324,30,0.8138133918276983,"(106.54624470693113, 437.1409559589381, 187.81818223166243)",18.909792031368166,3,30
24,1148.0,2093.0,"(139.79094076655053, 131.6315331010453, 108.03397212543554)",0.5484949832775919,39.046033152,100.1873144478921,0.5555493812701132,9.511124435144259,7.224168307671506,5.393964149419045,0.746655382279933,0.7595493421343229,0.5671216044117745,0.4307568415411251,0.42344439834128245,20240305_P013T_C001,P013T_C001,20240305,40x,0.324,0.324,0.324,30,0.7906990795754366,"(106.54624470693113, 437.1409559589381, 187.81818223166243)",102.870248716046,1,30
25,19824.0,21645.0,"(151.12010694108153, 422.76901735270377, 226.03384786117837)",0.9158697158697159,674.258328576,454.8705957606974,0.8174862826832845,24.44384302047737,17.758696459770473,11.084011296336366,0.6241455458989035,0.7265100027394816,0.4534479822608476,0.32943449483454085,0.28301753842495303,20240305_P013T_C001,P013T_C001,20240305,40x,0.324,0.324,0.324,30,0.8561855892548066,"(106.54624470693113, 437.1409559589381, 187.81818223166243)",19.58477199867804,4,30
26,2934.0,3414.0,"(145.00306748466258, 322.67757327880025, 357.62576687116564)",0.859402460456942,99.791865216,134.59190819773323,0.7730280758057462,12.022328389165585,10.737220523386855,5.633996798908913,0.5247165024353784,0.8931065743523644,0.4686277579962148,0.41853453159042825,0.24589671811990677,20240305_P013T_C001,P013T_C001,20240305,40x,0.324,0.324,0.324,30,0.8208269796801305,"(106.54624470693113, 437.1409559589381, 187.81818223166243)",67.50982131910366,0,30
27,14637.0,16018.0,"(148.2408963585434, 410.2842112454738, 140.97028079524492)",0.9137844924459982,497.836922688,356.2882100163165,0.8525909966015427,19.426859278068342,14.35776463408197,12.977547431424213,0.9038696316708351,0.7390677220939645,0.6680208697488749,0.49371266251652995,0.6038037774883463,20240305_P013T_C001,P013T_C001,20240305,40x,0.324,0.324,0.324,30,0.839542753517592,"(106.54624470693113, 437.1409559589381, 187.81818223166243)",22.104434491629952,5,30
28,17183.0,19399.0,"(160.57295000872955, 406.34155851713905, 183.4614444509108)",0.8857673075931749,584.432044992,426.13727618670157,0.7932753256583602,26.76315773715599,14.127121619175753,11.708595912893934,0.8288026555247474,0.5278570547586282,0.43748932872142304,0.23093182854721972,0.3625923174080546,20240305_P013T_C001,P013T_C001,20240305,40x,0.324,0.324,0.324,30,0.9108263006284945,"(106.54624470693113, 437.1409559589381, 187.81818223166243)",20.198662398098154,4,30
29,17057.0,18310.0,"(159.98962302866857, 436.6383303042739, 149.17488421176057)",0.9315674494811579,580.146504768,385.4798701867819,0.8726515688821821,20.26257573055496,15.326843513255128,13.280384224619,0.8664787510313989,0.7564114117112469,0.6554144152854584,0.49576294312197505,0.5679026639645186,20240305_P013T_C001,P013T_C001,20240305,40x,0.324,0.324,0.324,30,0.9074544683738068,"(106.54624470693113, 437.1409559589381, 187.81818223166243)",21.368658007591474,2,30
30,14328.0,15753.0,"(164.50139586823005, 459.2647962032384, 202.92755443886097)",0.9095410398019425,487.327145472,358.1202240227898,0.8362491306663601,21.794884805136633,13.944354309671635,11.623300744545116,0.8335488676218831,0.6397994040503128,0.5333040687512938,0.34120762536468485,0.4445350026057838,20240305_P013T_C001,P013T_C001,20240305,40x,0.324,0.324,0.324,30,0.9335340801631795,"(106.54624470693113, 437.1409559589381, 187.81818223166243)",20.686726317117856,2,30
1,22711.0,25611.0,"(29.964158337369557, 294.3896349786447, 109.8377438245784)",0.8867674046308227,772.451619264,517.586352019128,0.7865907476032132,23.949499976058764,16.859231871719015,14.062816579341927,0.8341315124167661,0.7039492218448163,0.5871862290820222,0.4133492890402816,0.48979053733448485,20240305_P013T_A010,P013T_A010,20240305,40x,0.324,0.324,0.324,13,0.2126310957163848,"(66.81666290698548, 280.9571747249167, 129.7041682332005)",14.245734709814803,0,13
2,8126.0,11795.0,"(33.44006891459512, 252.81602264336698, 116.10251046025104)",0.6889359898261975,276.383332224,278.84387274125794,0.735864046661653,20.62175434109474,10.272889890033516,9.739707481636742,0.9480981092852895,0.49815790257775727,0.4723025655594971,0.23528125544121278,0.44778916941755065,20240305_P013T_A010,P013T_A010,20240305,40x,0.324,0.324,0.324,13,0.24481545291291784,"(66.81666290698548, 280.9571747249167, 129.7041682332005)",14.81543474511174,3,13
3,16524.0,18694.0,"(38.87436456063907, 298.3535463568143, 150.78909465020575)",0.8839199743233123,562.0179893760001,402.926505215579,0.8173820548300891,22.28078166266102,15.106502202337353,12.12259697308212,0.8024754381068074,0.6780059349377945,0.5440831096782223,0.3688915774612457,0.4366133318055457,20240305_P013T_A010,P013T_A010,20240305,40x,0.324,0.324,0.324,13,0.29513300519110247,"(66.81666290698548, 280.9571747249167, 129.7041682332005)",12.664960264078143,0,13
4,3479.0,4200.0,"(34.46823799942512, 257.77177349813167, 133.91031905720035)",0.8283333333333334,118.328527296,159.2838920150728,0.7317654576924438,14.412845704687042,9.741986955794093,6.422937303636166,0.659304650353293,0.6759239053413311,0.4456397740764986,0.30121857646921535,0.2938123754310264,20240305_P013T_A010,P013T_A010,20240305,40x,0.324,0.324,0.324,13,0.2543355370317141,"(66.81666290698548, 280.9571747249167, 129.7041682332005)",12.966782496866614,2,13
5,22668.0,25746.0,"(54.89081524616199, 255.35587612493381, 91.72295747308982)",0.880447448147285,770.989093632,544.8030435416586,0.7463515214122974,30.437800621090112,18.028792488744998,10.219727263267886,0.5668558928529379,0.5923158743688264,0.3357577438163097,0.1988746416046619,0.19032625565328226,20240305_P013T_A010,P013T_A010,20240305,40x,0.324,0.324,0.324,13,0.44343347450149995,"(66.81666290698548, 280.9571747249167, 129.7041682332005)",15.33524790954406,0,13
6,1237.0,1716.0,"(45.40582053354891, 248.08973322554567, 130.30719482619241)",0.7208624708624709,42.073121088,91.00393591616793,0.6428264952804573,8.243176314972564,6.961106211695582,6.107201472798752,0.8773320341726496,0.8444689214097868,0.7408796366160316,0.625649827627615,0.6499974386694366,20240305_P013T_A010,P013T_A010,20240305,40x,0.324,0.324,0.324,13,0.3556094493847122,"(66.81666290698548, 280.9571747249167, 129.7041682332005)",12.710782727697792,3,13
7,21865.0,24891.0,"(64.80900983306654, 252.6948547907615, 145.5281500114338)",0.878429954602065,743.67727776,527.5421701901108,0.752459768163412,30.277864422566036,15.692118518716066,11.525163128634224,0.7344555239554242,0.5182703211730072,0.38064650028766694,0.1972777839574703,0.27956792481057696,20240305_P013T_A010,P013T_A010,20240305,40x,0.324,0.324,0.324,13,0.535268609565431,"(66.81666290698548, 280.9571747249167, 129.7041682332005)",10.514725022958157,0,13
8,13742.0,16936.0,"(76.00938727987193, 275.7471983699607, 176.13913549701644)",0.8114076523382144,467.395982208,394.46185092967215,0.7383615953128584,23.56198571391318,13.945162036526336,10.889548116410898,0.7808835844207535,0.5918500336027205,0.46216597567923573,0.2735329482357898,0.3608978236857163,20240305_P013T_A010,P013T_A010,20240305,40x,0.324,0.324,0.324,13,0.6389758081469623,"(66.81666290698548, 280.9571747249167, 129.7041682332005)",15.429532544132051,1,13
9,26128.0,31562.0,"(83.36684782608695, 312.5410670545009, 100.18753827311696)",0.8278309359356187,888.671388672,626.4037419595048,0.713603951808314,28.328973538313424,22.105340919720025,10.887708238770578,0.4925374495834049,0.7803085731229806,0.38433119449405867,0.2998969259823097,0.18929750633144718,20240305_P013T_A010,P013T_A010,20240305,40x,0.324,0.324,0.324,13,0.7071004428341384,"(66.81666290698548, 280.9571747249167, 129.7041682332005)",14.997673792872586,0,13
10,25774.0,28290.0,"(85.01563591215954, 316.9152246449911, 139.40812446651665)",0.9110639802050194,876.631061376,562.0960967629385,0.7880457989354531,28.532158467868665,19.743782634550712,11.242453714414491,0.5694174172450984,0.6919834914272281,0.39402745246473797,0.27266049227472555,0.22436609430613688,20240305_P013T_A010,P013T_A010,20240305,40x,0.324,0.324,0.324,13,0.7223669991866624,"(66.81666290698548, 280.9571747249167, 129.7041682332005)",13.43077016351684,0,13
11,13998.0,16145.0,"(92.20888698385484, 246.53321903129017, 109.57379625660809)",0.8670176525240012,476.10311155200003,395.9014255962601,0.7447852584950239,26.251994777846633,14.410425094126758,9.39436269682495,0.6519143353136613,0.5489268612184601,0.35785328986704684,0.1964352831834178,0.23328968960348279,20240305_P013T_A010,P013T_A010,20240305,40x,0.324,0.324,0.324,13,0.7889711757764337,"(66.81666290698548, 280.9571747249167, 129.7041682332005)",15.317374207030381,0,13
12,10714.0,11891.0,"(91.00410677618069, 293.2518200485346, 172.31463505693486)",0.9010175763182239,364.406967936,306.7025618875688,0.8044353913817889,21.560183967481066,12.823710374617978,9.574729227817178,0.7466426602060882,0.5947866861414451,0.4440931135958122,0.26414067137388947,0.3315788637143817,20240305_P013T_A010,P013T_A010,20240305,40x,0.324,0.324,0.324,13,0.7778158034831546,"(66.81666290698548, 280.9571747249167, 129.7041682332005)",16.36710822546175,1,13
13,12519.0,15898.0,"(97.23100886652288, 251.04169662113588, 163.34435657800142)",0.787457541829161,425.79903225600003,397.06295841075314,0.6893310859167813,21.239906468044747,16.71302275570078,9.19431925278313,0.5501290453067184,0.786868943177569,0.4328794604917824,0.340619403600445,0.23813956433323155,20240305_P013T_A010,P013T_A010,20240305,40x,0.324,0.324,0.324,13,0.8354723043196564,"(66.81666290698548, 280.9571747249167, 129.7041682332005)",17.602567079768974,0,13
1,35050.0,41798.0,"(43.550499286733235, 262.07586305278176, 307.3675606276748)",0.8385568687497009,1192.1284512,725.5517252649342,0.7493725501159758,29.01423652020287,21.80066518513961,14.22782179354164,0.652632462024141,0.7513782128976447,0.490373812994689,0.3684561992597533,0.32003386888688967,20240305_P013T_B006,P013T_B006,20240305,40x,0.324,0.324,0.324,13,0.13979931487573632,"(100.32527327499642, 285.0572371252331, 293.9532463061254)",20.31524528685454,0,13
2,8999.0,10236.0,"(57.40426714079342, 301.11301255695076, 298.29625513945996)",0.8791520125048847,306.076003776,262.7418415525444,0.8359386520528723,14.511283492977649,12.972269763302041,11.773939823984444,0.907623726519501,0.8939436521641678,0.8113644688756946,0.7253141165429786,0.7364136428064736,20240305_P013T_B006,P013T_B006,20240305,40x,0.324,0.324,0.324,13,0.2340426336108396,"(100.32527327499642, 285.0572371252331, 293.9532463061254)",14.914077282664064,2,13
3,10804.0,12038.0,"(70.86440207330618, 298.4368752313958, 322.69390966308777)",0.8974912776208672,367.468068096,302.1528991151564,0.8211145786639019,17.543883750354407,14.680395732212219,10.403386632373548,0.7086584600404257,0.8367814071907343,0.5929922234102462,0.49620486715838813,0.4202289558578531,20240305_P013T_B006,P013T_B006,20240305,40x,0.324,0.324,0.324,13,0.3256081773694298,"(100.32527327499642, 285.0572371252331, 293.9532463061254)",14.022064865427685,2,13
4,10479.0,11586.0,"(73.2421032541273, 309.62276934822023, 278.3272258803321)",0.9044536509580529,356.414095296,291.3834891371464,0.8343003627261506,16.778169203435294,15.23302771961939,9.994584189293048,0.6561127815989277,0.9079076229902641,0.5956897959550127,0.540831306685071,0.3908396889941411,20240305_P013T_B006,P013T_B006,20240305,40x,0.324,0.324,0.324,13,0.3417830153341993,"(100.32527327499642, 285.0572371252331, 293.9532463061254)",12.883374219492438,1,13
5,1551.0,2647.0,"(87.06963249516441, 300.9097356544165, 331.20954223081884)",0.5859463543634303,52.752959424000004,135.47687861030136,0.5020922233266674,12.696633298928147,8.472276836759589,5.090766525992071,0.6008734870305711,0.6672853060562772,0.4009540486942971,0.26755074509747756,0.24092265737796772,20240305_P013T_B006,P013T_B006,20240305,40x,0.324,0.324,0.324,13,0.43584784010315925,"(100.32527327499642, 285.0572371252331, 293.9532463061254)",13.803484931938709,2,13
6,16025.0,26380.0,"(108.40461778471139, 288.4003120124805, 236.86833073322933)",0.6074677786201668,545.0458896,559.4894366940013,0.5767411587821819,26.673241434793606,22.238415158146918,9.74160792246073,0.43805315501055153,0.8337350078921518,0.36522025064990415,0.3044969085579715,0.15998588307093492,20240305_P013T_B006,P013T_B006,20240305,40x,0.324,0.324,0.324,13,0.580983794453819,"(100.32527327499642, 285.0572371252331, 293.9532463061254)",18.711216120421785,2,13
7,1350.0,1883.0,"(91.70962962962963, 291.28962962962964, 237.07111111111112)",0.7169410515135423,45.9165024,91.83609956428542,0.6752271457975927,10.154822066734726,7.5111145110392155,5.581067471775097,0.7430411909673997,0.7396598839131022,0.5495977610536001,0.4065154161398067,0.40837377492628346,20240305_P013T_B006,P013T_B006,20240305,40x,0.324,0.324,0.324,13,0.4674124464600655,"(100.32527327499642, 285.0572371252331, 293.9532463061254)",18.749074982678103,1,13
8,6707.0,8390.0,"(100.25078276427612, 297.7465334724914, 333.8251080960191)",0.799404052443385,228.119986368,246.2252309267417,0.7332641667633338,14.081034783251802,12.476635552857855,10.34694754140479,0.8293059052313789,0.8860595648622186,0.7348144295269838,0.6510893536811586,0.6093859456559546,20240305_P013T_B006,P013T_B006,20240305,40x,0.324,0.324,0.324,13,0.5255155290086811,"(100.32527327499642, 285.0572371252331, 293.9532463061254)",13.55694811335207,1,13
9,18863.0,20467.0,"(118.5499655410062, 321.3319196310237, 299.7496156496846)",0.9216299408804417,641.572581312,446.74356361855,0.8052356929087362,24.25243336977463,18.40897280350364,10.245807695176731,0.5565659640296021,0.7590567314555088,0.4224651414956941,0.32067500945761057,0.23512971874545327,20240305_P013T_B006,P013T_B006,20240305,40x,0.324,0.324,0.324,13,0.6499997655850762,"(100.32527327499642, 285.0572371252331, 293.9532463061254)",13.286330606721732,0,13
10,24865.0,30808.0,"(132.7669817011864, 242.19075005027148, 295.8436758495878)",0.8070955595949104,845.71394976,585.1601239677811,0.7390804774610896,26.06119522369488,20.482908093306076,12.492445226654716,0.609896073826417,0.7859542863438198,0.4793504334481392,0.37674752782933296,0.29235394734701126,20240305_P013T_B006,P013T_B006,20240305,40x,0.324,0.324,0.324,13,0.7467141612325606,"(100.32527327499642, 285.0572371252331, 293.9532463061254)",17.42859179642846,0,13
11,15757.0,17124.0,"(134.1962302468744, 307.0795836770959, 275.69137526178844)",0.9201705209063303,535.930613568,372.1906657327229,0.8572832883000652,19.300351327823112,15.667636789832589,12.74986325728017,0.8137706680534049,0.8117798750764887,0.6606026512533038,0.5362639377096042,0.5375790608282516,20240305_P013T_B006,P013T_B006,20240305,40x,0.324,0.324,0.324,13,0.7564369404549279,"(100.32527327499642, 285.0572371252331, 293.9532463061254)",14.365012026229952,0,13
12,3066.0,4388.0,"(131.83137638617092, 280.1418786692759, 241.16568819308546)",0.6987237921604376,104.281478784,178.3321236861646,0.6007945676343874,13.626914363261042,10.490554563135609,6.27724185783523,0.5983708315949098,0.7698407932626888,0.4606502756602801,0.3546273736309863,0.27563968852126625,20240305_P013T_B006,P013T_B006,20240305,40x,0.324,0.324,0.324,13,0.7403494992256524,"(100.32527327499642, 285.0572371252331, 293.9532463061254)",19.98142851509729,1,13
13,20759.0,23206.0,"(153.35204007900188, 291.65894310901297, 308.57844790211476)",0.8945531328104801,706.059758016,463.59785676978925,0.8271234706266706,21.486719351200755,18.506138487643092,12.985377199889424,0.7016794567143227,0.8612826455802758,0.6043443388282425,0.5205112909874512,0.4240560073373778,20240305_P013T_B006,P013T_B006,20240305,40x,0.324,0.324,0.324,13,0.8867485719659992,"(100.32527327499642, 285.0572371252331, 293.9532463061254)",17.950059212385252,0,13
1,29280.0,36523.0,"(45.12783469945355, 175.7614412568306, 231.44388661202186)",0.8016866084385182,995.87791872,718.3473220312294,0.6713573007898859,29.351465653527423,18.780933750484895,14.514456859003198,0.7728293519287057,0.6398635752020044,0.49450535214614977,0.3164159625807616,0.3821682508243854,20240305_P013T_C002,P013T_C002,20240305,40x,0.324,0.324,0.324,29,0.1510279462396159,"(115.02057628111557, 178.20098185172006, 223.60160688651817)",22.8010566633436,2,29
2,10878.0,12504.0,"(49.67061959919103, 140.1180364037507, 205.45881595881596)",0.8699616122840691,369.984972672,321.94405602009135,0.7741523503602259,20.035103910149914,15.0607192044475,8.860674014585047,0.5883300720438669,0.7517165507096593,0.44225745243558096,0.3324522466705161,0.26019335885336237,20240305_P013T_C002,P013T_C002,20240305,40x,0.324,0.324,0.324,29,0.1772868184924337,"(115.02057628111557, 178.20098185172006, 223.60160688651817)",25.20146986882468,1,29
3,6183.0,7317.0,"(56.13585638039787, 132.34061135371178, 237.97654860100275)",0.8450184501845018,210.297580992,235.3233943321868,0.7267335417846434,16.32522798244158,14.520062526711888,6.597468007814481,0.45436911829252963,0.8894247934747853,0.4041271591986535,0.3594407151078141,0.18362290100315695,20240305_P013T_C002,P013T_C002,20240305,40x,0.324,0.324,0.324,29,0.21465812936646167,"(115.02057628111557, 178.20098185172006, 223.60160688651817)",24.626606291358005,2,29
4,14765.0,17329.0,"(70.37527937690484, 161.3412800541822, 252.24063664070437)",0.8520399330601881,502.19048736,393.68464760508317,0.7760945494181335,24.780192926957422,13.972515667367743,10.883149462592613,0.7788969231939942,0.5638582277609138,0.4391874387205941,0.24763945085184913,0.3420817447249216,20240305_P013T_C002,P013T_C002,20240305,40x,0.324,0.324,0.324,29,0.29696693281447883,"(115.02057628111557, 178.20098185172006, 223.60160688651817)",18.032706330011173,3,29
5,22077.0,23852.0,"(76.02051909226797, 195.86021651492504, 210.27684920958464)",0.9255827603555258,750.887869248,478.00654239919703,0.8357961043410584,22.253256979674713,20.208350130394994,11.999962579040961,0.5938120876573713,0.9081075255119976,0.5392452255416488,0.4896926474107857,0.32021033313815644,20240305_P013T_C002,P013T_C002,20240305,40x,0.324,0.324,0.324,29,0.32959837625588423,"(115.02057628111557, 178.20098185172006, 223.60160688651817)",14.527352856194838,3,29
6,12220.0,13351.0,"(76.47774140752864, 193.21006546644844, 253.1208674304419)",0.9152872444011685,415.62937728,316.51817832080576,0.8509217500859986,16.619302237047503,15.08673313707598,12.255059711076198,0.8123070514821474,0.9077837879044559,0.7373991721359637,0.6693990136791951,0.5989945472831412,20240305_P013T_C002,P013T_C002,20240305,40x,0.324,0.324,0.324,29,0.3322412798123043,"(115.02057628111557, 178.20098185172006, 223.60160688651817)",16.464204191344603,3,29
7,15277.0,16406.0,"(80.03501996465275, 173.55901027688682, 190.7474635072331)",0.9311837132756309,519.604746048,359.235602587609,0.8700685936036747,18.214322602182122,17.105276833934425,11.813013689617327,0.6906064020070108,0.9391113360364645,0.6485563008641396,0.6090665741993895,0.4478971334387598,20240305_P013T_C002,P013T_C002,20240305,40x,0.324,0.324,0.324,29,0.3528035836107095,"(115.02057628111557, 178.20098185172006, 223.60160688651817)",15.622485057872405,3,29
8,12818.0,14918.0,"(84.82485567171166, 222.27024496801374, 243.9369636448744)",0.8592304598471645,435.96868723200004,348.1653978565011,0.7986111746673303,19.563075958672623,16.462429680376832,10.421113760401052,0.6330240409666253,0.8415051761366175,0.5326930070923334,0.44826392275997845,0.33720747994425204,20240305_P013T_C002,P013T_C002,20240305,40x,0.324,0.324,0.324,29,0.3804904952122061,"(115.02057628111557, 178.20098185172006, 223.60160688651817)",18.520244228168565,3,29
9,20937.0,22331.0,"(97.84615752017959, 220.62931652099155, 210.60304723694895)",0.9375755675966145,712.113933888,447.83728091835434,0.8611197222208417,22.091299015813547,17.685144399721096,12.983416009052933,0.7341424935867467,0.8005479617591339,0.5877162768816381,0.47049506755026216,0.4314674930314045,20240305_P013T_C002,P013T_C002,20240305,40x,0.324,0.324,0.324,29,0.4557581359547953,"(115.02057628111557, 178.20098185172006, 223.60160688651817)",15.41670442894177,3,29
10,14928.0,15998.0,"(105.12774651661307, 133.55620310825296, 225.55928456591639)",0.9331166395799475,507.734479872,355.24080890897756,0.8664012007826075,20.821330527657814,14.443504542955328,11.938525082113957,0.8265670597193706,0.6936878756988867,0.5733795477794049,0.3977464404682837,0.4739366469112451,20240305_P013T_C002,P013T_C002,20240305,40x,0.324,0.324,0.324,29,0.4978482457607692,"(115.02057628111557, 178.20098185172006, 223.60160688651817)",14.829352408785466,2,29
11,11101.0,11911.0,"(108.37311953878029, 181.74831096297632, 172.63435726511125)",0.9319956342876333,377.569698624,286.8036557395382,0.880841018832509,17.732788219867537,12.891450095789954,11.770529951814112,0.9130493361377624,0.726983818672496,0.6637720930218179,0.4825515709132364,0.606056668880344,20240305_P013T_C002,P013T_C002,20240305,40x,0.324,0.324,0.324,29,0.5166076273917936,"(115.02057628111557, 178.20098185172006, 223.60160688651817)",16.692864742219125,2,29
12,11749.0,13271.0,"(111.64788492637672, 208.63205379181207, 270.3619882543195)",0.8853138422123427,399.609619776,379.61766098870265,0.6911330665201961,21.904316026470145,20.410490972733733,6.469629724369523,0.3169757029858942,0.9318022506646084,0.2953586734482527,0.2752158766723949,0.09362152314924105,20240305_P013T_C002,P013T_C002,20240305,40x,0.324,0.324,0.324,29,0.5355369070888828,"(115.02057628111557, 178.20098185172006, 223.60160688651817)",18.10913201849855,3,29
13,9781.0,10820.0,"(113.09538901952766, 156.79173908598304, 175.34342091810655)",0.9039741219963031,332.673562944,276.02589762080856,0.8411623390248762,17.879415717495686,13.507465577836424,10.01141968958169,0.7411767686462823,0.7554757823891782,0.5599410991817331,0.42302193999617627,0.4150153345237645,20240305_P013T_C002,P013T_C002,20240305,40x,0.324,0.324,0.324,29,0.5439039827718362,"(115.02057628111557, 178.20098185172006, 223.60160688651817)",17.116630632241016,4,29
14,14559.0,15920.0,"(117.01153925406965, 171.68514321038532, 274.3162991963734)",0.9145100502512563,495.18396921600004,380.2169653065278,0.7960927785101792,23.952555657884027,15.315866098797073,9.795759070305682,0.6395824439255873,0.639425133482816,0.4089650895803843,0.261502556994749,0.26156689147406886,20240305_P013T_C002,P013T_C002,20240305,40x,0.324,0.324,0.324,29,0.5665406893298823,"(115.02057628111557, 178.20098185172006, 223.60160688651817)",16.57917878533293,3,29
15,19956.0,22106.0,"(127.56659651232712, 138.1447684906795, 251.03607937462417)",0.9027413371935221,678.747942144,452.5215021797107,0.8253736278454997,24.68926235343393,16.668051407249312,12.267090526229437,0.7359642843970473,0.6751133820298613,0.49685933709247726,0.3354363874576172,0.36567072646925636,20240305_P013T_C002,P013T_C002,20240305,40x,0.324,0.324,0.324,29,0.6275525809961106,"(115.02057628111557, 178.20098185172006, 223.60160688651817)",16.247083729316625,2,29
16,16776.0,18083.0,"(121.19253695755842, 221.301263710062, 186.66928946113495)",0.927722169993917,570.589069824,384.3078748397761,0.8656728683396113,18.867256012895872,17.21293744526821,12.53539100117543,0.7282540264283233,0.9123180092273658,0.6643992636029014,0.6061434135023268,0.48385143887482585,20240305_P013T_C002,P013T_C002,20240305,40x,0.324,0.324,0.324,29,0.5907083061130545,"(115.02057628111557, 178.20098185172006, 223.60160688651817)",18.498452110652778,2,29
17,9313.0,10291.0,"(119.6915064962955, 135.21185439707935, 201.9827123375926)",0.9049655038383053,316.755842112,265.50693151567674,0.8463656257446958,16.731279796231547,13.82527022578167,9.838102871478224,0.7116029351189036,0.8263127742861363,0.5880065955082586,0.4858773612329752,0.4184272192329508,20240305_P013T_C002,P013T_C002,20240305,40x,0.324,0.324,0.324,29,0.5820318294583555,"(115.02057628111557, 178.20098185172006, 223.60160688651817)",15.663847838811543,3,29
18,14990.0,16124.0,"(131.96310873915945, 133.10933955970648, 175.96210807204804)",0.929670057057802,509.84323776,364.5291034247009,0.8466612680915095,19.905116216962277,16.82842276628161,10.78461729523604,0.6408572832413456,0.8454320277688786,0.5418012724811854,0.45805614844152737,0.3472172915389965,20240305_P013T_C002,P013T_C002,20240305,40x,0.324,0.324,0.324,29,0.6529659464691296,"(115.02057628111557, 178.20098185172006, 223.60160688651817)",21.950437973502027,3,29
19,26150.0,28608.0,"(151.94370936902484, 228.82286806883366, 218.11239005736138)",0.9140799776286354,889.4196576,532.7774710784067,0.839478198072383,26.893707691369244,16.35497567371019,14.777700026413402,0.9035598903499331,0.6081339122667286,0.5494854110858012,0.33416071277709997,0.49649297778957446,20240305_P013T_C002,P013T_C002,20240305,40x,0.324,0.324,0.324,29,0.7684607477978315,"(115.02057628111557, 178.20098185172006, 223.60160688651817)",20.37860742991066,3,29
20,15096.0,16544.0,"(147.0172893481717, 213.49277954425014, 257.20449125596184)",0.9124758220502901,513.448533504,405.4018765179697,0.7648853010035511,24.293429494375655,18.345692577801405,8.30291206828338,0.4525810095787849,0.7551709643156289,0.34177603743455187,0.258099339769425,0.15468134407196604,20240305_P013T_C002,P013T_C002,20240305,40x,0.324,0.324,0.324,29,0.7399843314923219,"(115.02057628111557, 178.20098185172006, 223.60160688651817)",18.887989739011783,2,29
21,4115.0,9563.0,"(145.71324422843256, 48.3494532199271, 395.0257594167679)",0.43030429781449336,139.96030176,271.69520094146714,0.47981306633562976,17.229942277545543,11.506545666049197,7.7682045137939975,0.6751117789168112,0.6678226473831426,0.45085493547576766,0.3010911365951831,0.3043774775224697,20240305_P013T_C002,P013T_C002,20240305,40x,0.324,0.324,0.324,29,0.732446498430246,"(115.02057628111557, 178.20098185172006, 223.60160688651817)",70.38313638067906,1,29
22,19368.0,21059.0,"(155.03381866997108, 162.57791201982653, 263.7874328789756)",0.919701790208462,658.748754432,447.52457565016914,0.8181139029659567,24.018671472670494,18.05605039046122,10.801399137265161,0.5982149420103192,0.7517505874963231,0.44970843410533634,0.3380685795407381,0.26902230482987527,20240305_P013T_C002,P013T_C002,20240305,40x,0.324,0.324,0.324,29,0.7863226512715091,"(115.02057628111557, 178.20098185172006, 223.60160688651817)",19.05836326347916,1,29
23,16263.0,17652.0,"(148.45206911393961, 205.51423476603333, 187.96046239931133)",0.9213120326308634,553.140798912,381.51653199580255,0.8541376999999164,20.386629020413608,15.962996254594934,12.27480099447945,0.7689534470037954,0.7830130346027689,0.6021005720067013,0.47145259602303025,0.46298731028750995,20240305_P013T_C002,P013T_C002,20240305,40x,0.324,0.324,0.324,29,0.74827785614994,"(115.02057628111557, 178.20098185172006, 223.60160688651817)",18.13812561797697,3,29
24,1509.0,2242.0,"(151.82438701126574, 62.435387673956264, 391.46322067594434)",0.6730597680642284,51.324446016,115.8534891615661,0.5764892148376237,10.867907726764683,8.194569553916251,5.22661814747502,0.6378148495886738,0.7540153781150781,0.4809222049800156,0.3626227382319436,0.306739323833182,20240305_P013T_C002,P013T_C002,20240305,40x,0.324,0.324,0.324,29,0.7677710231865071,"(115.02057628111557, 178.20098185172006, 223.60160688651817)",67.13426569587376,1,29
25,13769.0,14885.0,"(153.85547243808554, 149.95489868545283, 177.4619798097175)",0.9250251931474639,468.314312256,340.2283536460919,0.8571797601995755,19.378676281466763,14.003933191523604,12.507773404112049,0.893161459216532,0.722646531069647,0.645440030187931,0.4664249988287966,0.5764821591994149,20240305_P013T_C002,P013T_C002,20240305,40x,0.324,0.324,0.324,29,0.779511401376217,"(115.02057628111557, 178.20098185172006, 223.60160688651817)",21.576686430583504,2,29
26,16826.0,19156.0,"(164.2297040294782, 146.09580411268274, 220.59194104362297)",0.878367091250783,572.2896810240001,416.8173548113373,0.7997402267041375,25.489250490542144,14.1837610562712,12.212148521828132,0.8609950825721686,0.5564604993596859,0.47910975359434294,0.26660565273320413,0.4125111418570927,20240305_P013T_C002,P013T_C002,20240305,40x,0.324,0.324,0.324,29,0.8394780579738624,"(115.02057628111557, 178.20098185172006, 223.60160688651817)",19.061938509982014,1,29
27,17077.0,18275.0,"(164.38794870293378, 176.57826316097675, 184.4937049833109)",0.9344459644322846,580.826749248,384.2478455228732,0.8761337750545306,20.17431934771667,15.680821211858888,13.050268205319638,0.8322439258123899,0.7772664317239354,0.646875266540116,0.5027944301941055,0.5383580113362822,20240305_P013T_C002,P013T_C002,20240305,40x,0.324,0.324,0.324,29,0.8403927670689814,"(115.02057628111557, 178.20098185172006, 223.60160688651817)",20.412510851748028,2,29
28,14133.0,15383.0,"(168.31274322507608, 199.3468478030142, 239.51906884596335)",0.9187414678541247,480.694761792,353.3038262958947,0.8399408627035265,21.982162192654428,14.03486077501722,11.20116782456134,0.7980961125385725,0.6384658912082415,0.5095571457617726,0.3253348571903179,0.40667557714872143,20240305_P013T_C002,P013T_C002,20240305,40x,0.324,0.324,0.324,29,0.8630794406073762,"(115.02057628111557, 178.20098185172006, 223.60160688651817)",19.27886661148342,2,29
29,1203.0,1603.0,"(185.89941812136325, 309.45719035743974, 405.5843724023275)",0.7504678727386151,40.916705472000004,82.43271930262677,0.696602352008678,7.958555766218693,6.70855939815599,6.012643954475347,0.8962645476654896,0.842936783408806,0.7554943548924962,0.6368339813965916,0.677122806251554,20240305_P013T_C002,P013T_C002,20240305,40x,0.324,0.324,0.324,29,0.9647365209327355,"(115.02057628111557, 178.20098185172006, 223.60160688651817)",76.23970564834556,0,29
1,6938.0,9462.0,"(5.289564716056501, 22.03603343903142, 463.7526664744883)",0.7332487846121327,235.976810112,249.5031990746221,0.7401519542301783,18.14950468563715,13.504195271759613,8.50172596481389,0.6295618356906434,0.7440531025866692,0.4684274371157821,0.3485348879227196,0.29490403719847524,20240305_P013T_C004,P013T_C004,20240305,40x,0.324,0.324,0.324,26,0.059433311416365174,"(48.50069289056143, 121.04819721318145, 371.5634471623271)",46.01423125112044,3,26
2,7722.0,12372.0,"(17.385003885003886, 51.96917896917897, 451.1912716912717)",0.6241513094083414,262.642393728,343.14501206033356,0.5779846695666625,21.09431728971413,12.979764145251238,9.28720477342614,0.7155141395095339,0.6153204186219549,0.44027045985293417,0.270907403663588,0.3150197392331389,20240305_P013T_C004,P013T_C004,20240305,40x,0.324,0.324,0.324,26,0.19533712230341446,"(48.50069289056143, 121.04819721318145, 371.5634471623271)",35.61154630630123,5,26
3,2597.0,3425.0,"(16.98459761262996, 95.3642664613015, 288.05159799768967)",0.7582481751824818,88.329745728,144.0196551906545,0.6659889311485165,12.269055984001758,8.013610324739755,7.049788011946158,0.8797268305125758,0.6531562277643126,0.5745990580806488,0.37530295325288376,0.5054902081808007,20240305_P013T_C004,P013T_C004,20240305,40x,0.324,0.324,0.324,26,0.1908381754228085,"(48.50069289056143, 121.04819721318145, 371.5634471623271)",30.093927741483107,0,26
4,17036.0,18960.0,"(30.871448696877202, 49.46712843390467, 396.04091335994366)",0.8985232067510549,579.432248064,419.3651717404643,0.8014815689641474,21.106872023735555,18.16668288934531,10.936044524447171,0.6019835646969497,0.8606999118067385,0.5181272010437706,0.44595203624304575,0.31190405945078215,20240305_P013T_C004,P013T_C004,20240305,40x,0.324,0.324,0.324,26,0.3468702100772719,"(48.50069289056143, 121.04819721318145, 371.5634471623271)",25.167493323196037,9,26
5,1277.0,1809.0,"(27.86530931871574, 21.361785434612372, 383.69772905246674)",0.7059148700939746,43.433610048,99.49501915338988,0.6005742898804162,9.621625678252054,9.310220048914704,3.9132430277355397,0.4203169213161302,0.9676348218325282,0.4067132892709304,0.3935499412005983,0.17094847760471416,20240305_P013T_C004,P013T_C004,20240305,40x,0.324,0.324,0.324,26,0.31309336313163755,"(48.50069289056143, 121.04819721318145, 371.5634471623271)",33.21662244565776,6,26
6,1345.0,1950.0,"(30.36802973977695, 218.42081784386616, 237.39628252788103)",0.6897435897435897,45.74644128,97.3406163196324,0.6354697903801917,9.03932211023391,6.832596548269842,6.104576004551342,0.8934489196639527,0.7558748836413614,0.6753355981904903,0.510469216701106,0.6033778606139028,20240305_P013T_C004,P013T_C004,20240305,40x,0.324,0.324,0.324,26,0.34121381730086464,"(48.50069289056143, 121.04819721318145, 371.5634471623271)",54.03232974353254,0,26
7,3147.0,6160.0,"(42.28948204639339, 214.38417540514777, 366.92151255163645)",0.5108766233766234,107.036468928,222.33045134445226,0.49035020049477235,16.064105374867015,11.401875670669883,6.716791777724695,0.5890953358667934,0.7097734610548937,0.418124235429469,0.2967734857317055,0.2463150369043693,20240305_P013T_C004,P013T_C004,20240305,40x,0.324,0.324,0.324,26,0.47516271962239764,"(48.50069289056143, 121.04819721318145, 371.5634471623271)",30.345037292237976,4,26
8,15952.0,18547.0,"(47.05648194583751, 213.62362086258776, 345.31952106318954)",0.8600851889793497,542.562997248,423.75897273704885,0.7591576948639092,21.862119853261703,15.572012039779384,11.760250416406372,0.7552171412637172,0.7122828044260369,0.537928183329935,0.38315699500204936,0.4062525848196182,20240305_P013T_C004,P013T_C004,20240305,40x,0.324,0.324,0.324,26,0.5287245162453653,"(48.50069289056143, 121.04819721318145, 371.5634471623271)",31.179909782255407,4,26
9,1897.0,2201.0,"(36.552978386926725, 374.3653136531365, 455.1154454401687)",0.8618809631985461,64.521188928,94.43059491490988,0.8238338638253918,10.076690407399962,7.989827650792457,5.869435476933171,0.7346135277837966,0.7929019675869979,0.582476511595798,0.4618467721175191,0.42789512503458876,20240305_P013T_C004,P013T_C004,20240305,40x,0.324,0.324,0.324,26,0.4107076223250194,"(48.50069289056143, 121.04819721318145, 371.5634471623271)",86.51057605259844,0,26
10,11403.0,14409.0,"(46.3979654476892, 54.23160571779356, 423.45400333245635)",0.7913803872579638,387.841390272,366.8806720130686,0.701017287786495,18.405275641957296,15.86915496600245,10.585332348868345,0.6670381864406775,0.8622068625707827,0.5751249019459214,0.4958766372931219,0.38363027157087987,20240305_P013T_C004,P013T_C004,20240305,40x,0.324,0.324,0.324,26,0.521325454468418,"(48.50069289056143, 121.04819721318145, 371.5634471623271)",27.418725040586118,7,26
11,15110.0,21301.0,"(58.05109199205824, 232.75711449371278, 325.1754467240238)",0.7093563682456223,513.92470464,493.41880095580206,0.6288321837518686,25.581780462747176,17.291163749622328,10.613423987806073,0.6138062273592134,0.675917134649879,0.41488214642689175,0.28042595163025624,0.2546572450969832,20240305_P013T_C004,P013T_C004,20240305,40x,0.324,0.324,0.324,26,0.652259460584924,"(48.50069289056143, 121.04819721318145, 371.5634471623271)",39.312215134351284,4,26
12,6142.0,8086.0,"(50.04233148811462, 40.7468251383914, 453.9181048518398)",0.7595844669799654,208.903079808,240.01827354336098,0.7093649272971283,16.147320273777346,11.106951692143943,9.230719335277767,0.831075851514394,0.6878510801684675,0.5716564221661049,0.3932144874721967,0.4750898478253675,20240305_P013T_C004,P013T_C004,20240305,40x,0.324,0.324,0.324,26,0.5622733875069058,"(48.50069289056143, 121.04819721318145, 371.5634471623271)",37.271234978077935,7,26
13,3660.0,5869.0,"(45.30054644808743, 6.273770491803279, 366.4450819672131)",0.6236156074288636,124.48473984,204.1833427900345,0.5904836708992147,16.686146320201214,10.440869446884793,7.076043164812598,0.6777254711219335,0.6257208373058837,0.42406694925394073,0.2653475265609274,0.287400972970368,20240305_P013T_C004,P013T_C004,20240305,40x,0.324,0.324,0.324,26,0.5089949039110947,"(48.50069289056143, 121.04819721318145, 371.5634471623271)",37.23831052068714,5,26
14,1848.0,2104.0,"(41.371212121212125, 370.22564935064935, 257.6212121212121)",0.8783269961977186,62.854589952,89.47202618886408,0.8544530092671492,9.238377991703178,7.582600829400507,6.488033684477567,0.8556475318232625,0.820771875345467,0.7022914293292993,0.5764210534896576,0.6009139281262462,20240305_P013T_C004,P013T_C004,20240305,40x,0.324,0.324,0.324,26,0.4648450800136194,"(48.50069289056143, 121.04819721318145, 371.5634471623271)",88.80382243693306,0,26
15,1494.0,2765.0,"(47.08768406961178, 16.998661311914326, 359.5013386880857)",0.5403254972875225,50.814262656000004,113.67924158255606,0.5836153540931086,11.306536808249392,9.468543023638375,5.198429653601177,0.5490210733185887,0.8374397204217304,0.45977205414555733,0.38503138048138025,0.2524245466488862,20240305_P013T_C004,P013T_C004,20240305,40x,0.324,0.324,0.324,26,0.5290751019057504,"(48.50069289056143, 121.04819721318145, 371.5634471623271)",33.94090911211624,5,26
16,9786.0,11696.0,"(56.16370324954016, 240.0907418761496, 351.61475577355407)",0.8366963064295485,332.843624064,302.2977482152408,0.7683210059783685,20.732908205750874,13.877138902076842,8.841885006180949,0.6371547527608648,0.6693291054183906,0.4264662206785054,0.285446253977906,0.2717249793972735,20240305_P013T_C004,P013T_C004,20240305,40x,0.324,0.324,0.324,26,0.6310528455004513,"(48.50069289056143, 121.04819721318145, 371.5634471623271)",39.186322558563425,4,26
17,7239.0,8767.0,"(55.73131648017682, 254.29962702030667, 367.2700649260948)",0.8257100490475647,246.214489536,259.9052872450909,0.7309338613766089,18.81256886078787,13.368901667584373,7.632512503193069,0.5709154493745474,0.7106366901040267,0.4057134652727814,0.2883148740920844,0.23162808534351487,20240305_P013T_C004,P013T_C004,20240305,40x,0.324,0.324,0.324,26,0.626194567192998,"(48.50069289056143, 121.04819721318145, 371.5634471623271)",43.25934942392215,4,26
18,3137.0,4267.0,"(58.309850175326744, 66.96493465094039, 216.7322282435448)",0.7351769393016171,106.696346688,163.5123215848646,0.6653242288113386,10.195251526254083,9.492788264468363,8.815321876753844,0.9286335722613466,0.9310989768151589,0.8646497689687456,0.8050745151902625,0.8029428037123942,20240305_P013T_C004,P013T_C004,20240305,40x,0.324,0.324,0.324,26,0.6551668559025476,"(48.50069289056143, 121.04819721318145, 371.5634471623271)",53.23264311137861,1,26
19,1234.0,1572.0,"(54.66936790923825, 243.39627228525123, 32.693679092382496)",0.7849872773536896,41.971084416000004,77.67215480128763,0.7519441144289225,8.684634371982279,6.854807202224894,5.382996553161331,0.7852878125316419,0.7893029123182621,0.6198299574392624,0.4892335905489142,0.4867449114190591,20240305_P013T_C004,P013T_C004,20240305,40x,0.324,0.324,0.324,26,0.6142625607779578,"(48.50069289056143, 121.04819721318145, 371.5634471623271)",116.74787080125414,0,26
20,12919.0,14154.0,"(61.2420465980339, 37.759733725520555, 396.2038083442991)",0.9127455136357213,439.403921856,329.08335314381117,0.8493515751903605,19.32190395501612,13.92449326194484,11.749644968018655,0.8438113148526583,0.7206584451699405,0.6080997501785198,0.4382322204718814,0.5131214497597097,20240305_P013T_C004,P013T_C004,20240305,40x,0.324,0.324,0.324,26,0.6881128831239764,"(48.50069289056143, 121.04819721318145, 371.5634471623271)",28.442803968593758,8,26
21,1149.0,1735.0,"(56.8207136640557, 498.2706701479547, 449.9556135770235)",0.6622478386167147,39.080045376,87.19162589352828,0.6387232442469041,10.005634650035784,6.435039546157862,5.294940636354645,0.8228295410423809,0.6431415668505194,0.5291958802768906,0.34034786761211927,0.4354380032897527,20240305_P013T_C004,P013T_C004,20240305,40x,0.324,0.324,0.324,26,0.6384349849893899,"(48.50069289056143, 121.04819721318145, 371.5634471623271)",124.86043139987135,0,26
22,1426.0,2047.0,"(66.80294530154278, 72.88779803646564, 166.35273492286115)",0.6966292134831461,48.501431424,103.23232664244829,0.6230240041808963,12.130664242439828,8.063172727561193,4.342862555934134,0.5386046786632197,0.6646934220923961,0.35800698701563094,0.23796488933240773,0.19282423820074138,20240305_P013T_C004,P013T_C004,20240305,40x,0.324,0.324,0.324,26,0.7505948910285706,"(48.50069289056143, 121.04819721318145, 371.5634471623271)",68.55171825388962,1,26
23,2027.0,3300.0,"(68.42180562407499, 297.61618154908734, 58.78687715836211)",0.6142424242424243,68.94277804800001,142.72753693474965,0.56968599039958,12.079869953801495,9.265748524468439,6.1620000426358725,0.6650299246049716,0.7670404201290709,0.5101048327674017,0.3912710252357773,0.33923497847593675,20240305_P013T_C004,P013T_C004,20240305,40x,0.324,0.324,0.324,26,0.7687843328547752,"(48.50069289056143, 121.04819721318145, 371.5634471623271)",116.5509949970726,0,26
24,14749.0,17061.0,"(75.1996067530002, 16.14855244423351, 404.5017967319818)",0.8644862552019225,501.646291776,402.0777858881001,0.7593449614506494,21.820007355766453,15.757880657885392,10.876755371391303,0.6902422735349548,0.72217577203158,0.498476246778939,0.3599874683569847,0.3440693778798661,20240305_P013T_C004,P013T_C004,20240305,40x,0.324,0.324,0.324,26,0.8449394017191033,"(48.50069289056143, 121.04819721318145, 371.5634471623271)",36.6588530306363,8,26
25,2128.0,2361.0,"(67.21052631578948, 146.89755639097746, 252.97885338345864)",0.9013130029648454,72.378012672,96.03956864380834,0.8745239207874181,8.736318848272525,7.818090521142943,7.5882131676692826,0.9705967393378231,0.8948952822033106,0.8685824429553344,0.7772903304053549,0.8430432869785283,20240305_P013T_C004,P013T_C004,20240305,40x,0.324,0.324,0.324,26,0.7551744529863986,"(48.50069289056143, 121.04819721318145, 371.5634471623271)",39.78814074768185,0,26
26,3950.0,5736.0,"(72.67443037974684, 37.17569620253165, 435.04379746835446)",0.6886331938633193,134.34828480000002,217.21893119995474,0.5839933066141864,14.83993739638818,11.38311629797201,6.843969466126953,0.6012386491514857,0.7670595902070646,0.4611858718347877,0.3537570458588801,0.27728277058969797,20240305_P013T_C004,P013T_C004,20240305,40x,0.324,0.324,0.324,26,0.8165666334803016,"(48.50069289056143, 121.04819721318145, 371.5634471623271)",34.96907381700112,6,26
1,15690.0,17678.0,"(41.578202676864244, 326.6711281070746, 238.13326959847035)",0.8875438398008825,533.65179456,404.76716415797205,0.7860511966930779,23.17734227804033,16.51013833701351,10.245014917088229,0.6205287144154499,0.7123395831564455,0.44202716576330664,0.3148734470036589,0.27429054890780963,20240305_P013T_D001,P013T_D001,20240305,40x,0.324,0.324,0.324,15,0.12638233113513092,"(112.42615799769449, 329.22764348342474, 252.37994288608655)",23.4288883886245,0,15
2,14802.0,16588.0,"(60.41183623834617, 350.4595324956087, 237.40940413457642)",0.8923318061249096,503.448939648,368.3682210128747,0.8308174088157354,18.628426605754015,15.533721303990081,12.425152977277245,0.7998825737967662,0.8338718901354755,0.6669995936983384,0.5561922119168277,0.5335213517288242,20240305_P013T_D001,P013T_D001,20240305,40x,0.324,0.324,0.324,15,0.25450228733568825,"(112.42615799769449, 329.22764348342474, 252.37994288608655)",18.83775067291191,2,15
3,16556.0,19526.0,"(82.99909398405411, 361.1528750906016, 232.8051461705726)",0.8478951142066987,563.106380544,458.73396766207776,0.7188697199067274,21.285229558058248,14.681739239047552,13.943075415748943,0.9496882616376908,0.6897618463076092,0.6550587287638774,0.45183451819208736,0.6221015853903623,20240305_P013T_D001,P013T_D001,20240305,40x,0.324,0.324,0.324,15,0.40815710193234095,"(112.42615799769449, 329.22764348342474, 252.37994288608655)",15.431195780141698,1,15
4,14800.0,17349.0,"(87.94452702702702, 330.1354054054054, 282.7493918918919)",0.8530751051933829,503.3809152,390.66084514088504,0.7833371734211529,24.68491917717811,14.231398221564953,11.009929879478118,0.7736365540523406,0.5765219695238976,0.44601846983793664,0.2571394466750023,0.3450561920491191,20240305_P013T_D001,P013T_D001,20240305,40x,0.324,0.324,0.324,15,0.44179950358521786,"(112.42615799769449, 329.22764348342474, 252.37994288608655)",12.642136729741557,0,15
5,21980.0,24397.0,"(96.1015923566879, 321.863330300273, 234.62697907188354)",0.9009304422674919,747.58868352,486.1052722018215,0.8194622256734341,27.24643022275837,15.654453948197904,12.837423972959295,0.8200492981383808,0.5745506409541338,0.47115984985939424,0.2707051937285684,0.3863743041881811,20240305_P013T_D001,P013T_D001,20240305,40x,0.324,0.324,0.324,15,0.497289743923047,"(112.42615799769449, 329.22764348342474, 252.37994288608655)",8.170277081470122,0,15
6,7248.0,9996.0,"(92.76076158940397, 289.48109823399557, 266.72226821192055)",0.7250900360144058,246.520599552,282.7772270876178,0.6723702716809563,21.188238580842693,13.310667869318857,7.233096199034326,0.5434059560382122,0.6282102128750652,0.34137317132034356,0.21445411262498912,0.18550421452712765,20240305_P013T_D001,P013T_D001,20240305,40x,0.324,0.324,0.324,15,0.4745630040095508,"(112.42615799769449, 329.22764348342474, 252.37994288608655)",15.100687193451748,0,15
7,7966.0,9637.0,"(105.35124278182275, 286.96309314586995, 236.9098669344715)",0.8266057901836671,270.941376384,274.0161855310795,0.738966577997232,22.291267795773855,11.70321418026902,7.795424285665605,0.6660925935037798,0.5250133948185667,0.34970753377892305,0.18360113950290097,0.23293759814261358,20240305_P013T_D001,P013T_D001,20240305,40x,0.324,0.324,0.324,15,0.560212535930767,"(112.42615799769449, 329.22764348342474, 252.37994288608655)",14.761284579084935,0,15
8,18494.0,21052.0,"(113.82307775494755, 371.1167405645074, 249.91591867632746)",0.8784913547406422,629.022070656,465.05769205626694,0.7634042060824436,23.08430192854676,20.885121054797068,9.61647032938004,0.4604459942630425,0.904732623903601,0.4165805125555049,0.37689398019144893,0.1918128282942273,20240305_P013T_D001,P013T_D001,20240305,40x,0.324,0.324,0.324,15,0.6178440663601874,"(112.42615799769449, 329.22764348342474, 252.37994288608655)",13.603059084194774,0,15
9,14563.0,16587.0,"(114.3484172217263, 339.14433839181487, 294.54803268557305)",0.8779767287634895,495.320018112,388.06839368556587,0.780129028547768,23.064499880968125,16.768167144525602,9.617822191008642,0.5735762357395529,0.7270119547817294,0.4169967803613584,0.30316164442819865,0.23917944359518106,20240305_P013T_D001,P013T_D001,20240305,40x,0.324,0.324,0.324,15,0.6214178042294306,"(112.42615799769449, 329.22764348342474, 252.37994288608655)",14.048991627389633,1,15
10,13511.0,14813.0,"(126.99592924283917, 284.76256383687365, 288.53467544963365)",0.9121042327685142,459.539158464,358.6307846171179,0.8030049846949702,20.380257878336213,17.405095749490098,9.331143810235636,0.5361156263968845,0.8540174444010029,0.4578520971589102,0.39101367792929215,0.24546166386547635,20240305_P013T_D001,P013T_D001,20240305,40x,0.324,0.324,0.324,15,0.7074553009716951,"(112.42615799769449, 329.22764348342474, 252.37994288608655)",19.158748287921227,0,15
11,5780.0,10466.0,"(138.0295847750865, 342.3114186851211, 235.45570934256057)",0.5522644754442958,196.59065472,329.3642511494967,0.4964203513956255,17.85485169972594,13.038225931352093,8.972399924066616,0.6881611019250192,0.7302343447384791,0.5025188713387262,0.3669565387307548,0.34581394023857476,20240305_P013T_D001,P013T_D001,20240305,40x,0.324,0.324,0.324,15,0.7825141821434456,"(112.42615799769449, 329.22764348342474, 252.37994288608655)",10.809905999123838,0,15
12,17420.0,19618.0,"(146.07910447761193, 352.6793915040184, 212.21693455797933)",0.8879600367009889,592.49294208,432.9722290425654,0.7879153061081607,21.5971708252798,20.051989646439704,10.007067731661532,0.49905609907585,0.9284544632562965,0.4633508626022495,0.43020017643671354,0.2312380739937088,20240305_P013T_D001,P013T_D001,20240305,40x,0.324,0.324,0.324,15,0.8372728195755914,"(112.42615799769449, 329.22764348342474, 252.37994288608655)",18.599893061671846,0,15
13,22621.0,24336.0,"(148.36611997701252, 339.62322620573804, 274.0353653684629)",0.9295282708744247,769.390519104,484.11325886744794,0.8387548301439661,24.19518632172917,19.08020122565792,11.918200899843047,0.6246370653479356,0.7885949284268337,0.4925856218408027,0.3884505231996352,0.307687237259227,20240305_P013T_D001,P013T_D001,20240305,40x,0.324,0.324,0.324,15,0.8528307481429422,"(112.42615799769449, 329.22764348342474, 252.37994288608655)",14.006045684229885,0,15
14,25866.0,27618.0,"(150.41827108946106, 301.2865537771592, 239.02845434160673)",0.9365631110145557,879.760185984,503.2413791852444,0.8823021072607116,20.899811149381808,18.987388205209648,15.710199607286077,0.8274018225937786,0.9084956830230149,0.7516909839518223,0.682908013887553,0.6219504901490486,20240305_P013T_D001,P013T_D001,20240305,40x,0.324,0.324,0.324,15,0.8667909597922522,"(112.42615799769449, 329.22764348342474, 252.37994288608655)",15.880520140109894,0,15
15,11719.0,13811.0,"(155.7870125437324, 299.834712859459, 280.1264613021589)",0.848526536818478,398.589253056,350.7287614884951,0.746786513238193,23.639872612095186,15.845953446875296,8.203392714140856,0.5176963785513647,0.6703062113273748,0.34701509812466774,0.23260637569734327,0.17964845960178696,20240305_P013T_D001,P013T_D001,20240305,40x,0.324,0.324,0.324,15,0.903313010501581,"(112.42615799769449, 329.22764348342474, 252.37994288608655)",19.20633456796634,0,15
1,11372.0,15516.0,"(29.38621174815336, 66.30566303200844, 79.24841716496658)",0.7329208558906934,386.787011328,439.5898486600741,0.5840065581702852,18.888139252241253,14.323053639754185,12.173498671840681,0.8499234156362208,0.7583094050968849,0.644504919689015,0.4887341422313926,0.5477798227364359,20240305_P013T_A011a,P013T_A011a,20240305,40x,0.324,0.324,0.324,8,0.13323341846487943,"(81.34655219708932, 79.69331198149507, 74.64702000993454)",17.448773199782096,0,8
2,16724.0,18161.0,"(50.79484573068644, 62.74168859124612, 49.646914613728775)",0.9208744011893618,568.820434176,395.8535418038766,0.8386866223797517,21.275917681292306,16.41872379835017,11.667271938351968,0.7106077233313559,0.7717046119607327,0.5483792573897237,0.4231868020312516,0.38968253561585126,20240305_P013T_A011a,P013T_A011a,20240305,40x,0.324,0.324,0.324,8,0.2883684473238148,"(81.34655219708932, 79.69331198149507, 74.64702000993454)",13.919824235124645,0,8
3,18572.0,20240.0,"(55.476793021753174, 103.1395110919664, 59.07699763084213)",0.9175889328063241,631.675024128,423.934521891718,0.8398101992159658,22.973531526961725,14.215085188921657,13.849158351732404,0.974257851266735,0.6187592522394234,0.6028310595381924,0.3730072956265513,0.5873128927425286,20240305_P013T_A011a,P013T_A011a,20240305,40x,0.324,0.324,0.324,8,0.32229560160690707,"(81.34655219708932, 79.69331198149507, 74.64702000993454)",12.38593262230946,0,8
4,14901.0,17378.0,"(61.45379504731226, 97.71418025635863, 116.13549426213005)",0.8574634595465531,506.81614982400004,416.1127801978215,0.7387656602409252,23.367086252123276,18.15035106157617,9.213859690949826,0.5076408527687011,0.7767485798502978,0.39430931146208265,0.30627919769992146,0.20016751512525102,20240305_P013T_A011a,P013T_A011a,20240305,40x,0.324,0.324,0.324,8,0.36560721048777,"(81.34655219708932, 79.69331198149507, 74.64702000993454)",16.0102133056045,0,8
5,15840.0,17650.0,"(67.34760101010102, 45.855555555555554, 97.97998737373737)",0.8974504249291785,538.7536281600001,417.12306547651883,0.7676207824196986,25.901267032559275,15.929239609844693,9.487861244132857,0.5956254960386876,0.614998470531221,0.36630876907319276,0.2252793327221878,0.21818284228254156,20240305_P013T_A011a,P013T_A011a,20240305,40x,0.324,0.324,0.324,8,0.408315949348558,"(81.34655219708932, 79.69331198149507, 74.64702000993454)",14.068435784651305,0,8
6,20714.0,23254.0,"(105.56362846384089, 58.73409288403978, 57.85126001737955)",0.8907714801754537,704.529207936,498.8492926979431,0.7675631186093128,25.1701178216447,19.789802936786185,10.308107009681303,0.5208797198541136,0.786241966645393,0.4095374953237997,0.32199556573841276,0.21331977583401612,20240305_P013T_A011a,P013T_A011a,20240305,40x,0.324,0.324,0.324,8,0.6852436845205861,"(81.34655219708932, 79.69331198149507, 74.64702000993454)",11.71721800230109,0,8
7,22273.0,24151.0,"(115.86593633547345, 117.08117451623042, 67.68872626049478)",0.9222392447517701,757.554265152,472.74133170003677,0.8500994111515947,22.517715054669562,17.80889308788325,13.704866713220802,0.7695518551091348,0.7908836684648503,0.6086259942426434,0.4813523590496887,0.4683692629370679,20240305_P013T_A011a,P013T_A011a,20240305,40x,0.324,0.324,0.324,8,0.7598980893874888,"(81.34655219708932, 79.69331198149507, 74.64702000993454)",16.640666489354306,0,8
8,14487.0,16816.0,"(138.63760612963347, 70.66252502243391, 86.38282598191482)",0.8615009514747859,492.735089088,385.97787413939227,0.7816230805177544,20.459936716885153,17.7691925234304,10.423230642026478,0.5865899999835354,0.8684871693061427,0.5094458886289911,0.4424472177300449,0.29883586380249205,20240305_P013T_A011a,P013T_A011a,20240305,40x,0.324,0.324,0.324,8,0.9249101893451701,"(81.34655219708932, 79.69331198149507, 74.64702000993454)",19.172339970923037,0,8
1,27837.0,31087.0,"(48.74250098789381, 107.18062291195172, 95.85221108596473)",0.89545469167176,946.798279488,586.1225980371512,0.7955496674616717,25.138887924329335,21.559101442459248,12.738302672457587,0.590854990244182,0.8575996482960735,0.5067170318273904,0.43456034828080026,0.2993962868969336,20240305_P013T_A007a,P013T_A007a,20240305,40x,0.324,0.324,0.324,8,0.2015322686870302,"(79.46477267242628, 95.31843356339591, 99.49596988271635)",10.735340391429155,0,8
2,21327.0,23765.0,"(64.12739719604258, 77.32358043794251, 89.82435410512495)",0.8974121607405849,725.378701248,472.20042698396367,0.8268009153234324,19.924187869286804,17.347944680470775,15.756772433219199,0.9082789185370865,0.8706977064401548,0.7908363711781855,0.688579414554301,0.7183000039535162,20240305_P013T_A007a,P013T_A007a,20240305,40x,0.324,0.324,0.324,8,0.3669612601725008,"(79.46477267242628, 95.31843356339591, 99.49596988271635)",8.27685238800359,0,8
3,24026.0,25934.0,"(73.61491717306252, 101.53475401648214, 125.04149671189545)",0.9264286265134573,817.177693824,507.5911058427604,0.8327496453416542,25.5086394899295,18.531410295685653,12.27974579809094,0.6626449688478281,0.7264758398032803,0.4813955602351444,0.3497222438993971,0.3189943460155,20240305_P013T_A007a,P013T_A007a,20240305,40x,0.324,0.324,0.324,8,0.4689776040114249,"(79.46477267242628, 95.31843356339591, 99.49596988271635)",8.726598162293753,0,8
4,17336.0,18734.0,"(83.93239501615136, 108.21406322104292, 76.92195431472081)",0.925376321127362,589.635915264,412.19686674642503,0.8249647479923311,22.627291952567642,16.158615864416134,11.72885629894973,0.7258577341874036,0.7141206246990829,0.5183499785805695,0.37016441051671245,0.37624834096858134,20240305_P013T_A007a,P013T_A007a,20240305,40x,0.324,0.324,0.324,8,0.5799182259801221,"(79.46477267242628, 95.31843356339591, 99.49596988271635)",8.546743501604018,0,8
5,16654.0,18358.0,"(84.30743364957368, 70.42506304791641, 112.31848204635523)",0.9071794313106003,566.439578496,397.14296569485333,0.8336293126206246,21.3420829757425,15.723509737648042,12.12576392270543,0.7711868485489441,0.7367373538711965,0.5681621581402163,0.41858628495797134,0.43815918420092026,20240305_P013T_A007a,P013T_A007a,20240305,40x,0.324,0.324,0.324,8,0.5839508994577814,"(79.46477267242628, 95.31843356339591, 99.49596988271635)",9.207234501008228,0,8
6,20829.0,24176.0,"(92.42700081616977, 122.22026981612176, 104.69297613903692)",0.8615569159497022,708.440613696,554.5332161500901,0.6930408909183479,27.086797808270113,21.280310348257064,9.658420072804002,0.45386650451717037,0.7856340383564935,0.35657297481857025,0.28013586617550157,0.16183652968619347,20240305_P013T_A007a,P013T_A007a,20240305,40x,0.324,0.324,0.324,8,0.671258073292148,"(79.46477267242628, 95.31843356339591, 99.49596988271635)",9.820658738970742,0,8
7,20553.0,24458.0,"(97.20040869945993, 74.06247263173259, 82.70797450493845)",0.8403385395371658,699.0532398720001,556.9872199203037,0.6838786766983941,29.79112548705107,20.471463015852333,8.678559322425505,0.423934494359546,0.6871664860312312,0.291313576796476,0.2001809269004236,0.12349787387928482,20240305_P013T_A007a,P013T_A007a,20240305,40x,0.324,0.324,0.324,8,0.722585039779139,"(79.46477267242628, 95.31843356339591, 99.49596988271635)",10.489824366351884,0,8
8,17190.0,19523.0,"(110.31140197789412, 93.67597440372309, 105.80971495055265)",0.880499923167546,584.67013056,431.95794066252796,0.7827984084440921,23.634626036191946,16.080290314139383,11.613327886829879,0.7222088444894736,0.6803699914487951,0.4913692253495473,0.33431287564927253,0.3548712004573844,20240305_P013T_A007a,P013T_A007a,20240305,40x,0.324,0.324,0.324,8,0.8635634621278938,"(79.46477267242628, 95.31843356339591, 99.49596988271635)",10.215384425755326,0,8
1,5494.0,11808.0,"(35.1614488532945, 309.5879140880961, 395.2275209319257)",0.4652777777777778,186.863158656,427.75217337597866,0.3695226157096619,17.036091528376712,12.773180899269587,9.872764866736896,0.7729292291868702,0.7497717934887547,0.5795205344073204,0.4345081504461381,0.44792835995741326,20240305_P013T_C003,P013T_C003,20240305,40x,0.324,0.324,0.324,53,0.08461491546227488,"(129.35189829194087, 291.1438332144516, 346.33513001337917)",34.899614203307216,6,53
2,1230.0,1997.0,"(31.65609756097561, 308.26178861788617, 382.03739837398376)",0.6159238858287431,41.83503552,107.00922464381887,0.5446150876287441,9.213249432983941,7.058372205336412,6.4688702710182,0.9164818860257149,0.7661110509031754,0.7021269008368847,0.5379071778675353,0.6434865863083781,20240305_P013T_C003,P013T_C003,20240305,40x,0.324,0.324,0.324,53,0.06626229089516027,"(129.35189829194087, 291.1438332144516, 346.33513001337917)",34.154188939185964,5,53
3,29528.0,31765.0,"(49.16604578704958, 354.769439176375, 379.98418450284476)",0.9295765779946482,1004.312950272,571.9380776310924,0.8479713028277234,25.066001927495126,19.47917335156855,14.659828413348608,0.7525898634794034,0.7771152897822795,0.5848490898450027,0.4544951699338017,0.44015149668250386,20240305_P013T_C003,P013T_C003,20240305,40x,0.324,0.324,0.324,53,0.1579374124976418,"(129.35189829194087, 291.1438332144516, 346.33513001337917)",34.9112782088858,3,53
4,14779.0,16402.0,"(56.79152852019758, 302.4245212801949, 348.9150822112457)",0.9010486526033411,502.666658496,397.26745300521304,0.7695813331789843,24.85850219224772,15.599599521780009,9.338766899164511,0.598654272253965,0.6275357783480954,0.37567697470030453,0.23575074272601337,0.22490062589178203,20240305_P013T_C003,P013T_C003,20240305,40x,0.324,0.324,0.324,53,0.1978614058649088,"(129.35189829194087, 291.1438332144516, 346.33513001337917)",23.806653407672567,5,53
5,10366.0,12415.0,"(57.71136407486012, 338.2535211267606, 416.74194481960257)",0.8349577124446235,352.570713984,336.22807540239876,0.7178179373029329,20.804519394927656,16.0339271565821,7.8620838151975025,0.4903404972729986,0.7706944271200673,0.37790268863958254,0.2912474961282162,0.18530099226833605,20240305_P013T_C003,P013T_C003,20240305,40x,0.324,0.324,0.324,53,0.20267729882125718,"(129.35189829194087, 291.1438332144516, 346.33513001337917)",35.94620246382999,5,53
6,30060.0,32533.0,"(63.301164337990684, 337.6784098469727, 346.6390552228876)",0.9239848768942305,1022.40745344,587.398669212193,0.8355398556941662,24.25751403239678,22.26165679980095,13.527222332814267,0.607646701881381,0.9177221033478413,0.5576508093429597,0.511768473683847,0.3388546750987323,20240305_P013T_C003,P013T_C003,20240305,40x,0.324,0.324,0.324,53,0.23194326878529153,"(129.35189829194087, 291.1438332144516, 346.33513001337917)",26.178435398469837,5,53
7,17391.0,19422.0,"(58.77246851819907, 294.75619573342533, 386.5043413259732)",0.8954278653073834,591.506587584,421.08124941450825,0.8092659704564817,20.70735986774885,17.719681134081792,11.59863575540606,0.6545623291774366,0.8557189930175365,0.5601214171909292,0.4793065350861775,0.36663437945866134,20240305_P013T_C003,P013T_C003,20240305,40x,0.324,0.324,0.324,53,0.20823281946701083,"(129.35189829194087, 291.1438332144516, 346.33513001337917)",26.337972968826932,6,53
8,13037.0,15267.0,"(81.11352304978139, 319.3726317404311, 414.9506788371558)",0.8539333202331827,443.417364288,366.7092579602196,0.766838744721147,22.063313599322967,12.969975856441845,11.408710719573632,0.8796246689932908,0.5878525815288163,0.5170896324441365,0.3039724753140724,0.454844796778536,20240305_P013T_C003,P013T_C003,20240305,40x,0.324,0.324,0.324,53,0.325201691360112,"(129.35189829194087, 291.1438332144516, 346.33513001337917)",28.673358312855097,7,53
9,22730.0,24380.0,"(80.83981522217334, 273.12798064232294, 389.9600087989441)",0.9323215750615258,773.0978515200001,470.58960511068415,0.8656282851379312,21.4790482235431,17.92842887279119,14.313349498128897,0.798360503292697,0.8346938228454607,0.6663865805022073,0.5562287623723018,0.5320167257972416,20240305_P013T_C003,P013T_C003,20240305,40x,0.324,0.324,0.324,53,0.3237686660846772,"(129.35189829194087, 291.1438332144516, 346.33513001337917)",21.92961442203879,3,53
10,13322.0,15558.0,"(92.85647800630537, 306.32562678276537, 336.369539108242)",0.8562797274713974,453.110848128,368.1845690633648,0.7748569181360209,26.63836057411132,11.414949371691597,11.269187235970838,0.9872305928853052,0.4285154613751004,0.4230435729938605,0.18128071186323505,0.4176415573830468,20240305_P013T_C003,P013T_C003,20240305,40x,0.324,0.324,0.324,53,0.3866831309230647,"(129.35189829194087, 291.1438332144516, 346.33513001337917)",13.20758314803842,5,53
11,16500.0,18287.0,"(96.93878787878788, 294.7370303030303, 425.3469090909091)",0.9022803084158145,561.201696,400.6478791660184,0.821234639569302,22.538546254659348,16.65500766485758,10.917483830985551,0.6555075837053905,0.738956606902476,0.48439165985377614,0.35794441737740473,0.3175224065177922,20240305_P013T_C003,P013T_C003,20240305,40x,0.324,0.324,0.324,53,0.40805648104077424,"(129.35189829194087, 291.1438332144516, 346.33513001337917)",27.69467023550104,5,53
12,21515.0,22890.0,"(99.66265396235185, 355.4171508250058, 324.6939344643272)",0.9399301004805592,731.77299936,443.56411090500546,0.885343857887079,19.633892964416304,18.00715807246632,14.676262468196514,0.8150238038192777,0.917146594671866,0.7474963062493615,0.6855636918064001,0.6092272828602143,20240305_P013T_C003,P013T_C003,20240305,40x,0.324,0.324,0.324,53,0.42231756001231335,"(129.35189829194087, 291.1438332144516, 346.33513001337917)",23.986619441626864,6,53
13,10901.0,12405.0,"(97.22933675809558, 348.3191450325658, 394.9817447940556)",0.8787585650947198,370.767253824,312.77513627486417,0.7979692377785429,17.90778167050681,14.972294924597556,10.424015365107685,0.6962202800308434,0.8360775890659953,0.5820941731870396,0.48667589292758395,0.40526576826060295,20240305_P013T_C003,P013T_C003,20240305,40x,0.324,0.324,0.324,53,0.409577679361757,"(129.35189829194087, 291.1438332144516, 346.33513001337917)",26.455881426887927,7,53
14,17965.0,19289.0,"(110.29551906484832, 320.7005288060117, 328.5234066239911)",0.9313598423972212,611.02960416,408.64043357488026,0.8521530895055867,21.66079382900698,16.361911425205363,12.38597839296976,0.7570006994347422,0.7553698887662356,0.5718155341279837,0.4319322364090606,0.4328647592825344,20240305_P013T_C003,P013T_C003,20240305,40x,0.324,0.324,0.324,53,0.4779870108107242,"(129.35189829194087, 291.1438332144516, 346.33513001337917)",12.77234684778354,7,53
15,13587.0,15082.0,"(104.8608228453669, 379.9313314197395, 368.29314786192685)",0.900875215488662,462.124087488,345.42506627003297,0.8368276322196648,20.57319428292586,13.895095536363085,11.675505650035024,0.8402609121672137,0.6753980614422587,0.56751059118344,0.38329555313324554,0.47685696701235203,20240305_P013T_C003,P013T_C003,20240305,40x,0.324,0.324,0.324,53,0.4495331039024445,"(129.35189829194087, 291.1438332144516, 346.33513001337917)",30.677833813843666,6,53
16,11857.0,13364.0,"(116.18773720165304, 283.6686345618622, 343.6517668887577)",0.8872343609697695,403.282939968,340.6630743915382,0.7748761549158676,25.464864158742532,13.175514339636644,8.856113550610488,0.6721645411570872,0.5173997496119869,0.3477777652927329,0.17994012868307632,0.23376388203262705,20240305_P013T_C003,P013T_C003,20240305,40x,0.324,0.324,0.324,53,0.5088363204275028,"(129.35189829194087, 291.1438332144516, 346.33513001337917)",4.981326614997481,5,53
17,8939.0,11409.0,"(117.4140284148115, 340.2029309766193, 412.15113547376666)",0.7835042510298886,304.035270336,300.0663273015576,0.7287012374762172,17.684271155863097,12.816562031754483,11.331652670298368,0.8841413666334947,0.7247435825199525,0.6407757815080458,0.46439813548216347,0.5665363751681692,20240305_P013T_C003,P013T_C003,20240305,40x,0.324,0.324,0.324,53,0.5152566932712643,"(129.35189829194087, 291.1438332144516, 346.33513001337917)",26.87648721728838,7,53
18,9155.0,10280.0,"(109.23560895685418, 363.90278536318954, 393.42632441288913)",0.8905642023346303,311.38191072,273.95988082081675,0.8109475051465628,15.648430718683922,15.153748129660503,9.546931802046013,0.630004651018302,0.9683877190041313,0.6100887669616073,0.590802469427994,0.3843587607198336,20240305_P013T_C003,P013T_C003,20240305,40x,0.324,0.324,0.324,53,0.472437743229603,"(129.35189829194087, 291.1438332144516, 346.33513001337917)",28.82709919154724,6,53
19,14140.0,16256.0,"(120.07446958981612, 264.0337340876945, 388.6591937765205)",0.8698326771653543,480.93284736,374.7620255031361,0.7921088039753499,23.635767156458446,14.719245333798375,10.482991309040075,0.7121962486058303,0.62275301818483,0.44352236335919437,0.2762048904144072,0.3158749633572102,20240305_P013T_C003,P013T_C003,20240305,40x,0.324,0.324,0.324,53,0.5291857046587232,"(129.35189829194087, 291.1438332144516, 346.33513001337917)",16.56002805823445,5,53
20,12519.0,13746.0,"(129.56218547807333, 274.932502596054, 423.0854700854701)",0.9107376691401134,425.79903225600003,349.5415570228914,0.7830480662437774,21.181889568275512,17.31142393542339,8.385708394941483,0.4844031563332165,0.8172747704884183,0.3958904784160949,0.3235512998860641,0.1917705973070235,20240305_P013T_C003,P013T_C003,20240305,40x,0.324,0.324,0.324,53,0.5788596098328447,"(129.35189829194087, 291.1438332144516, 346.33513001337917)",25.415866380151915,5,53
21,11524.0,12695.0,"(129.61645262061785, 315.2498264491496, 428.2507809788268)",0.9077589602205592,391.956869376,317.3631827773522,0.8161182726497127,20.470323137332844,14.674007534958664,9.477941225588843,0.6458999835599813,0.7168429846716429,0.4630088720145021,0.3319046617443263,0.29905742282229236,20240305_P013T_C003,P013T_C003,20240305,40x,0.324,0.324,0.324,53,0.5791437309979991,"(129.35189829194087, 291.1438332144516, 346.33513001337917)",27.666152584426644,6,53
22,16824.0,18171.0,"(126.56306466951973, 357.38326200665716, 309.22818592486925)",0.925870893181443,572.221656576,391.4913519752763,0.8514088204146089,21.35232820553017,15.072855460763742,12.840657107906226,0.8519060732275867,0.705911566911,0.6013703510130828,0.42451428677746333,0.5123110542870508,20240305_P013T_C003,P013T_C003,20240305,40x,0.324,0.324,0.324,53,0.5631574066467002,"(129.35189829194087, 291.1438332144516, 346.33513001337917)",24.616250105745884,7,53
23,16288.0,19614.0,"(127.54266944990177, 381.0302062868369, 344.8405574656189)",0.8304272458448048,553.991104512,425.0769580024157,0.7673940390700337,21.96753047432679,17.252283830414456,11.78391270688056,0.6830349432407565,0.7853538134646956,0.5364240974037701,0.42128271053040806,0.36639640292315817,20240305_P013T_C003,P013T_C003,20240305,40x,0.324,0.324,0.324,53,0.5682862274863967,"(129.35189829194087, 291.1438332144516, 346.33513001337917)",29.133108416564717,5,53
24,19969.0,21973.0,"(138.28579297911764, 281.0558866242676, 360.1629525764936)",0.9087971601510946,679.190101056,452.15202221532445,0.8264067935658209,25.91254245842282,15.581614024322255,12.387259947031227,0.7949920930973664,0.601315523141863,0.4780410863544875,0.28745352592455314,0.3800388838274929,20240305_P013T_C003,P013T_C003,20240305,40x,0.324,0.324,0.324,53,0.6245329475346473,"(129.35189829194087, 291.1438332144516, 346.33513001337917)",6.255716096858839,7,53
25,10264.0,11024.0,"(133.4809041309431, 392.6628020265004, 376.5845674201091)",0.9310595065312046,349.101467136,275.6849678910147,0.8697053752176761,17.05319838778242,14.388084976421474,10.149033959037943,0.7053776771314396,0.8437176797714183,0.5951396171118909,0.5021298168896948,0.4197982006872799,20240305_P013T_C003,P013T_C003,20240305,40x,0.324,0.324,0.324,53,0.5993764614185503,"(129.35189829194087, 291.1438332144516, 346.33513001337917)",34.34732875727836,4,53
26,11901.0,14245.0,"(135.93714813881186, 197.72027560709185, 175.8336274262667)",0.8354510354510355,404.779477824,338.18799658838526,0.782477021412105,16.999230066184186,15.51396462548859,11.427848991386332,0.736616929795689,0.9126274875442643,0.6722568579220094,0.6135200872297648,0.49519578271660725,20240305_P013T_C003,P013T_C003,20240305,40x,0.324,0.324,0.324,53,0.6122363776901145,"(129.35189829194087, 291.1438332144516, 346.33513001337917)",63.02786000290814,7,53
27,16151.0,18393.0,"(142.99529440901492, 223.27422450622254, 158.45848554269085)",0.8781058011199913,549.331429824,421.3040857303531,0.7699184945515622,22.965308544431714,17.29781470518085,10.771013267848744,0.6226805785254902,0.7532149925925976,0.46901234734163144,0.3532671317287637,0.29204487977828525,20240305_P013T_C003,P013T_C003,20240305,40x,0.324,0.324,0.324,53,0.6491900230838478,"(129.35189829194087, 291.1438332144516, 346.33513001337917)",64.87290724651582,7,53
28,18807.0,20365.0,"(148.12846280640187, 323.0731642473547, 320.5212420907109)",0.9234961944512644,639.667896768,428.6074560476203,0.8376464897121838,23.000939993705938,15.947993385062713,12.836838949541377,0.8049187530742695,0.69336267950035,0.5581006234116561,0.38696614367952165,0.44922565788648267,20240305_P013T_C003,P013T_C003,20240305,40x,0.324,0.324,0.324,53,0.6760652502952977,"(129.35189829194087, 291.1438332144516, 346.33513001337917)",14.628154591382547,7,53
29,11128.0,12407.0,"(144.6822429906542, 343.7371495327103, 410.38308770668584)",0.8969130329652616,378.488028672,305.3927117369716,0.8285655797953222,18.016612537745768,13.948943992533547,10.852680722613416,0.7780288406364332,0.7742267844917996,0.6023707675278285,0.4663715824149279,0.4686618298929548,20240305_P013T_C003,P013T_C003,20240305,40x,0.324,0.324,0.324,53,0.6580222146107549,"(129.35189829194087, 291.1438332144516, 346.33513001337917)",27.30691005258989,8,53
30,17729.0,19101.0,"(148.16216368661514, 110.04935416549156, 499.6778724124316)",0.9281712999319407,603.002719296,371.5035415785168,0.9291104540050998,19.345598700186216,17.21071214228728,12.993943905475186,0.7549916469492649,0.889644844236411,0.6716744261499702,0.5975516902297711,0.5071085812126684,20240305_P013T_C003,P013T_C003,20240305,40x,0.324,0.324,0.324,53,0.6762416946943202,"(129.35189829194087, 291.1438332144516, 346.33513001337917)",77.12495419667472,3,53
31,16383.0,17770.0,"(147.1411218946469, 389.4369773545749, 320.5949459805896)",0.9219471018570624,557.222265792,389.75477601192387,0.840191570551114,22.2312039447581,15.546583717843024,11.507532083260003,0.7401968363025411,0.6993136204622312,0.5176297294494195,0.36198552016015884,0.3831478881146006,20240305_P013T_C003,P013T_C003,20240305,40x,0.324,0.324,0.324,53,0.6708959261499837,"(129.35189829194087, 291.1438332144516, 346.33513001337917)",33.4215944993241,4,53
32,11989.0,13470.0,"(148.75252314621736, 374.7052297939778, 393.72458086579365)",0.8900519673348181,407.77255353600003,327.32069820732715,0.812436293461735,18.857078578881897,16.092763243439954,10.105254962001057,0.6279378382155941,0.8534070203993471,0.5358865595075775,0.45732935202141906,0.33650344770598045,20240305_P013T_C003,P013T_C003,20240305,40x,0.324,0.324,0.324,53,0.6793325819173683,"(129.35189829194087, 291.1438332144516, 346.33513001337917)",31.753076612506902,8,53
33,10765.0,12540.0,"(154.8967022758941, 82.22861124013005, 493.2300975383186)",0.8584529505582137,366.14159136,345.5070461084268,0.716352189134039,27.157839970461968,13.60603884832024,7.379014462812626,0.542333778778209,0.5009985648018677,0.27170844481145623,0.13612554089508702,0.1473566676005475,20240305_P013T_C003,P013T_C003,20240305,40x,0.324,0.324,0.324,53,0.7115010590360948,"(129.35189829194087, 291.1438332144516, 346.33513001337917)",83.15902842953679,2,53
34,12663.0,14034.0,"(146.43433625523178, 264.6446339729922, 389.5420516465293)",0.9023086789226165,430.696792512,321.5396146116853,0.8577565884909493,16.798931813177713,15.25462633766138,12.2191425106901,0.8010122463978598,0.9080712099619975,0.7273761597808823,0.660509349509737,0.5826372117223332,20240305_P013T_C003,P013T_C003,20240305,40x,0.324,0.324,0.324,53,0.6671954777760827,"(129.35189829194087, 291.1438332144516, 346.33513001337917)",17.3297763550332,4,53
35,9024.0,11169.0,"(148.97828014184398, 190.52781471631207, 193.85760195035462)",0.8079505774912705,306.926309376,291.4687028565852,0.7549443533396027,15.908144603951673,13.243061596386372,11.9406381501573,0.9016523908199245,0.8324705316732361,0.7505990451703072,0.624851586206349,0.67677942362496,20240305_P013T_C003,P013T_C003,20240305,40x,0.324,0.324,0.324,53,0.6805145557164607,"(129.35189829194087, 291.1438332144516, 346.33513001337917)",59.5298088150787,5,53
36,12553.0,13806.0,"(150.3643750497889, 219.68143073368915, 188.68812236118856)",0.9092423583949008,426.95544787200004,330.41282909505395,0.829880568759869,18.869647488252784,16.55057369771124,10.043913617597358,0.6068619614670107,0.877100311917047,0.5322788156933059,0.46686191527143506,0.3230197661389771,20240305_P013T_C003,P013T_C003,20240305,40x,0.324,0.324,0.324,53,0.6877715971193136,"(129.35189829194087, 291.1438332144516, 346.33513001337917)",56.49223915125539,8,53
37,16517.0,18049.0,"(158.16322576739117, 182.38887207119936, 167.12926076163953)",0.9151199512438363,561.779903808,396.18472665093884,0.8310564575110444,21.741342868833062,14.583983397439004,13.15012108460623,0.9016823954226,0.6707949681592865,0.6048440137272921,0.405726320929534,0.5453771991546448,20240305_P013T_C003,P013T_C003,20240305,40x,0.324,0.324,0.324,53,0.7286032762690637,"(129.35189829194087, 291.1438332144516, 346.33513001337917)",68.55680581146143,7,53
38,13086.0,15633.0,"(159.62670029038668, 309.81453461714807, 338.0935350756534)",0.8370754173862982,445.08396326400003,385.4915571711849,0.7313027693893566,25.371407852846538,16.444529324434857,8.504444033138473,0.5171594677691234,0.6481520229311937,0.3351979552125768,0.21725923275343134,0.17335079611503465,20240305_P013T_C003,P013T_C003,20240305,40x,0.324,0.324,0.324,53,0.7362654465465271,"(129.35189829194087, 291.1438332144516, 346.33513001337917)",11.829694860415861,6,53
39,11097.0,12976.0,"(161.2023970442462, 141.60674056051184, 496.9665675407768)",0.8551942046855734,377.43364972800003,326.0410358648594,0.7746501417078872,21.817063893037073,16.186945162673126,7.951522624678829,0.4912305901310478,0.7419396689688935,0.36446346142922387,0.27040989992405545,0.17903560123908202,20240305_P013T_C003,P013T_C003,20240305,40x,0.324,0.324,0.324,53,0.7445151677709225,"(129.35189829194087, 291.1438332144516, 346.33513001337917)",69.53981010004509,2,53
40,12127.0,13582.0,"(156.1233610950771, 205.06250515378906, 144.33619196833513)",0.8928729200412311,412.466240448,334.59042655252233,0.8008715866710138,20.423784848043276,15.779844734238303,9.291550300541378,0.5888239369289259,0.7726209834094541,0.45493772920505304,0.351494435728472,0.2678782247680249,20240305_P013T_C003,P013T_C003,20240305,40x,0.324,0.324,0.324,53,0.7179233565187282,"(129.35189829194087, 291.1438332144516, 346.33513001337917)",71.66941316051671,8,53
41,16513.0,17789.0,"(155.90389390177435, 347.5728214134318, 311.7752074123418)",0.9282702793861375,561.643854912,385.9651536047569,0.8529234118010481,19.581444736908345,17.606260208390157,11.667823606418601,0.6627088017737219,0.8991297856181554,0.5958612228660712,0.5357565735737425,0.3948824770289987,20240305_P013T_C003,P013T_C003,20240305,40x,0.324,0.324,0.324,53,0.7167743136218553,"(129.35189829194087, 291.1438332144516, 346.33513001337917)",23.101057835394588,6,53
42,15429.0,18551.0,"(168.9060211290427, 188.87004990602114, 191.95236243437682)",0.8317071855964638,524.774604096,415.83358538788525,0.7566233992509875,23.055905611427058,14.767929570755436,11.785633591713458,0.7980559180788792,0.64052697905894,0.5111763463271733,0.3274222408793309,0.40794730836833937,20240305_P013T_C003,P013T_C003,20240305,40x,0.324,0.324,0.324,53,0.7848482781625272,"(129.35189829194087, 291.1438332144516, 346.33513001337917)",61.35373907749974,5,53
43,21670.0,23429.0,"(158.8016151361329, 303.5835256114444, 397.77101984310104)",0.9249221050834436,737.0448940800001,457.9429764710034,0.8616588438683066,22.18755579379491,16.88919681695911,14.181628607302358,0.8396863842016468,0.7612013226658536,0.6391703862788017,0.48653734344426847,0.5367026705432169,20240305_P013T_C003,P013T_C003,20240305,40x,0.324,0.324,0.324,53,0.731945628984989,"(129.35189829194087, 291.1438332144516, 346.33513001337917)",19.621891892700035,9,53
44,13762.0,14911.0,"(172.20985321900886, 237.96940851620403, 167.44361284696993)",0.9229427939105358,468.076226688,349.2428343458351,0.8347716211888376,18.953773093773812,17.098690859347602,10.353499713892324,0.60551417643955,0.9021259658829834,0.5462500612763682,0.49278636414258253,0.3307621559838138,20240305_P013T_C003,P013T_C003,20240305,40x,0.324,0.324,0.324,53,0.8021458283717742,"(129.35189829194087, 291.1438332144516, 346.33513001337917)",62.041134443023594,4,53
45,11368.0,12568.0,"(171.1042399718508, 305.984781843772, 359.722642505278)",0.9045194143857416,386.65096243200003,311.6988259152645,0.8234331654366376,19.04004147559471,14.82039376591256,10.102328166243858,0.6816504558387361,0.7783803299435643,0.5305833067219364,0.4129956093487683,0.3616723528874318,20240305_P013T_C003,P013T_C003,20240305,40x,0.324,0.324,0.324,53,0.796357277339533,"(129.35189829194087, 291.1438332144516, 346.33513001337917)",14.997866147828203,6,53
46,12457.0,14110.0,"(174.0538652966204, 352.12956570602876, 398.6900537850205)",0.8828490432317505,423.690274368,356.71715860087056,0.7647610976163991,22.652887553309423,16.993083883954437,8.214897753643852,0.48342595197806876,0.7501508955078828,0.36264241078809906,0.27203652920182997,0.17531075266285864,20240305_P013T_C003,P013T_C003,20240305,40x,0.324,0.324,0.324,53,0.8118003418671225,"(129.35189829194087, 291.1438332144516, 346.33513001337917)",29.798425432835042,5,53
47,15031.0,16668.0,"(174.31608010112436, 373.73182090346614, 313.7062737010179)",0.9017878569714423,511.237738944,378.0188842029227,0.817935828462153,20.601662916564443,16.80226161566297,10.869339770640673,0.6468974248388287,0.8155779309520387,0.5275952632882539,0.43029505321273015,0.3413000171783352,20240305_P013T_C003,P013T_C003,20240305,40x,0.324,0.324,0.324,53,0.8131731942467244,"(129.35189829194087, 291.1438332144516, 346.33513001337917)",32.249306464823476,3,53
48,15253.0,17935.0,"(185.18711073231495, 323.7152691273848, 397.0621517078607)",0.85045999442431,518.7884526720001,428.8722468513681,0.7280307369175476,24.451616397302733,17.976104215402074,9.57207682702017,0.5324889482348871,0.7351703839663142,0.39147010453166076,0.2877972270598742,0.20845350422746534,20240305_P013T_C003,P013T_C003,20240305,40x,0.324,0.324,0.324,53,0.8700895849859421,"(129.35189829194087, 291.1438332144516, 346.33513001337917)",26.622668373851774,5,53
49,9038.0,11485.0,"(191.3239654790883, 81.26676255808808, 500.81345430404957)",0.7869394862864606,307.402480512,320.49522143888606,0.6872806935663481,23.899549678746475,11.475218084517914,8.776583064206363,0.7648293042942266,0.48014369470411655,0.36722796798180896,0.17632219334547078,0.28086671126890944,20240305_P013T_C003,P013T_C003,20240305,40x,0.324,0.324,0.324,53,0.9022197145502004,"(129.35189829194087, 291.1438332144516, 346.33513001337917)",86.7887537122294,3,53
50,16469.0,17531.0,"(187.11506466695002, 205.58880320602344, 171.4752565425952)",0.93942159602989,560.147317056,366.9580313556043,0.8955075135006191,18.300751790071942,15.932043351355365,13.62056300938363,0.8549162658551834,0.870567697661383,0.7442624852588139,0.6479308782475045,0.6362821047135636,20240305_P013T_C003,P013T_C003,20240305,40x,0.324,0.324,0.324,53,0.8801835846437174,"(129.35189829194087, 291.1438332144516, 346.33513001337917)",65.79052915226791,8,53
51,23810.0,25757.0,"(193.44834103317933, 346.822469550609, 380.0141957160857)",0.9244088985518499,809.83105344,492.00675089290615,0.853970129462285,21.82893094702454,18.988168296552246,14.101595502624107,0.7426517019645643,0.8698624931579844,0.6460048610189163,0.5619353989980916,0.47975660951308,20240305_P013T_C003,P013T_C003,20240305,40x,0.324,0.324,0.324,53,0.9133420996501536,"(129.35189829194087, 291.1438332144516, 346.33513001337917)",29.593713730340355,2,53
52,10774.0,11845.0,"(193.20855763875997, 126.95377761277149, 497.76044180434377)",0.9095821021528071,366.447701376,291.5999706715353,0.8492547469815295,17.32490425914948,14.8751330570149,10.274950428973924,0.6907467912785092,0.8585982834022976,0.5930740092573732,0.509212326278899,0.4096639688852114,20240305_P013T_C003,P013T_C003,20240305,40x,0.324,0.324,0.324,53,0.9120866892081674,"(129.35189829194087, 291.1438332144516, 346.33513001337917)",75.26686137249597,3,53
53,2275.0,4023.0,"(197.22813186813187, 400.4259340659341, 344.24659340659343)",0.5654983842903306,77.3778096,168.15456166557325,0.5222195092316304,13.129331514151907,9.730002953206887,6.165257579888272,0.6336336802298997,0.7410889840597797,0.4695789403476357,0.34799977983809727,0.2975410321309289,20240305_P013T_C003,P013T_C003,20240305,40x,0.324,0.324,0.324,53,0.9331315804614234,"(129.35189829194087, 291.1438332144516, 346.33513001337917)",41.68675542487864,1,53
1,18215.0,20601.0,"(31.69234147680483, 103.63711227010705, 229.04271205050782)",0.8841803795932236,619.53266016,430.0458349191457,0.8172322867500946,23.256621289869916,14.752663881232207,13.559402322726081,0.9191155191962213,0.634342525397623,0.5830340595790785,0.36984329774622077,0.5358756523791053,20240305_P013T_B001,P013T_B001,20240305,40x,0.324,0.324,0.324,11,0.132985944718685,"(75.3486983087085, 110.36411559038284, 230.6474669857351)",14.321039347163616,0,11
2,18658.0,20413.0,"(35.601457819702006, 115.47234430271197, 198.16679172472934)",0.9140253759858914,634.600075392,422.5618784928993,0.8451372089860251,21.71663622954096,16.45111820782485,12.691893148091891,0.7714912134091338,0.7575352846517976,0.5844318159562489,0.442727722059984,0.4508840108469902,20240305_P013T_B001,P013T_B001,20240305,40x,0.324,0.324,0.324,11,0.16611404931950852,"(75.3486983087085, 110.36411559038284, 230.6474669857351)",16.713286147759998,0,11
3,16182.0,18904.0,"(58.92868619453714, 103.70504263997034, 263.07693733778274)",0.8560093101988997,550.3858087680001,423.85503052886406,0.7662637267725444,21.793484796763167,18.199720182953183,10.557479912704236,0.5800902325186806,0.8350991295185733,0.484432848218577,0.4045494498575368,0.28101476356280103,20240305_P013T_B001,P013T_B001,20240305,40x,0.324,0.324,0.324,11,0.3638024253774334,"(75.3486983087085, 110.36411559038284, 230.6474669857351)",11.973238393369096,0,11
4,19915.0,22283.0,"(66.33201104694953, 146.2466482550841, 255.03791112226963)",0.8937306466813266,677.3534409600001,476.5231570494036,0.7827270481079073,25.165474151237383,18.843416216156026,10.546648885749669,0.5596994071970427,0.7487804959649249,0.41909199971227606,0.3138079153994902,0.23456554379998412,20240305_P013T_B001,P013T_B001,20240305,40x,0.324,0.324,0.324,11,0.42654246649957234,"(75.3486983087085, 110.36411559038284, 230.6474669857351)",14.35780900029994,0,11
5,23213.0,27281.0,"(66.77387670701762, 127.23374833067678, 205.91397061991125)",0.8508852314797845,789.525755712,548.1885034730069,0.7535841159637797,28.41371905744677,18.75397448941358,11.362703145823124,0.6058824038732297,0.6600323756104174,0.3999020023689981,0.26394826863497256,0.24229358650904653,20240305_P013T_B001,P013T_B001,20240305,40x,0.324,0.324,0.324,11,0.4302870907374375,"(75.3486983087085, 110.36411559038284, 230.6474669857351)",10.090183579648043,0,11
6,21126.0,22641.0,"(68.17954179683802, 87.93619236959198, 207.53720533939222)",0.9330859944348748,718.542244224,452.62309666925495,0.8571344493173075,20.756945220390854,19.401317701396707,12.664268990140318,0.6527530338430886,0.9346904130352269,0.6101220028127939,0.5702751868109702,0.39825898835047263,20240305_P013T_B001,P013T_B001,20240305,40x,0.324,0.324,0.324,11,0.44219950675286457,"(75.3486983087085, 110.36411559038284, 230.6474669857351)",10.68950951689166,0,11
7,16751.0,19066.0,"(80.13808130857859, 83.90460271028596, 242.96030087755955)",0.8785796706178538,569.738764224,413.6037104464053,0.8035573499172447,22.24546529126591,17.339057541688828,11.044375546164268,0.6369651591275902,0.7794423409294364,0.49647761472089996,0.3869756742371211,0.3162389428639845,20240305_P013T_B001,P013T_B001,20240305,40x,0.324,0.324,0.324,11,0.5435430619371067,"(75.3486983087085, 110.36411559038284, 230.6474669857351)",9.582131643515016,0,11
8,21097.0,22953.0,"(98.63819500402901, 134.96918993221786, 263.57998767597286)",0.9191391103559448,717.555889728,462.7738927076306,0.8375661101628081,25.41156999980499,15.464699296283149,13.181736150120491,0.8523758462790573,0.6085692185253342,0.5187297026599162,0.3156829297736243,0.4421526692948299,20240305_P013T_B001,P013T_B001,20240305,40x,0.324,0.324,0.324,11,0.7003236864748221,"(75.3486983087085, 110.36411559038284, 230.6474669857351)",15.308310014284721,0,11
9,20145.0,22370.0,"(104.21767187887814, 101.99573095060809, 203.3507073715562)",0.900536432722396,685.17625248,455.28758768658406,0.8255306120009039,22.49410939508824,16.817653257808345,13.33967321636596,0.7931946872654436,0.7476469933715449,0.5930296230922918,0.44337681468521245,0.4703879464278343,20240305_P013T_B001,P013T_B001,20240305,40x,0.324,0.324,0.324,11,0.747607388804052,"(75.3486983087085, 110.36411559038284, 230.6474669857351)",13.155200327111752,0,11
10,17752.0,19871.0,"(111.57920234339792, 94.42102298332583, 252.802163136548)",0.8933621861003472,603.785000448,424.15157194393544,0.8144878124994991,22.151681503723772,17.488256352268458,11.479738628573362,0.6564255690982188,0.7894776001238832,0.5182332829516161,0.4091335685289632,0.3401815776871528,20240305_P013T_B001,P013T_B001,20240305,40x,0.324,0.324,0.324,11,0.8099932401982874,"(75.3486983087085, 110.36411559038284, 230.6474669857351)",14.69711351387076,0,11
11,10873.0,12520.0,"(124.67166375425366, 99.17400901315185, 225.37616113308195)",0.8684504792332268,369.814911552,313.6156735513126,0.7944672106517032,19.8747948726401,14.168051978198262,9.731788284141372,0.6868825932539354,0.7128653185599508,0.4896547786532518,0.3490579097690526,0.3363353441605273,20240305_P013T_B001,P013T_B001,20240305,40x,0.324,0.324,0.324,11,0.9209463030021496,"(75.3486983087085, 110.36411559038284, 230.6474669857351)",16.475519694609456,0,11
1,24011.0,26107.0,"(51.640164924409646, 202.913831160718, 263.26025571613013)",0.9197150189604321,816.667510464,508.0847613026241,0.8315942424731074,22.20390746405915,19.93073995339173,13.110807918948735,0.6578184226781602,0.8976230866415322,0.5904730030140343,0.5300221995439521,0.3884240194767285,20240305_P013T_C005,P013T_C005,20240305,40x,0.324,0.324,0.324,107,0.10978811130005131,"(149.17218400015707, 199.15010642467627, 243.68709981667467)",32.25349422352579,2,107
2,13595.0,15564.0,"(59.324163295329164, 134.80272158881942, 188.98116954762781)",0.8734901053713698,462.39618528,375.7156951838192,0.7696636012287752,17.687673149897826,15.113075542563593,12.642242858623407,0.8365102670874981,0.8544411361791189,0.7147487830357401,0.6107107622597002,0.5978946953976912,20240305_P013T_C005,P013T_C005,20240305,40x,0.324,0.324,0.324,107,0.15066044306026152,"(149.17218400015707, 199.15010642467627, 243.68709981667467)",39.95327484291428,5,107
3,5813.0,11621.0,"(61.700154825391365, 109.41114742817823, 255.69963874075347)",0.5002151277859048,197.713058112,387.2714549464408,0.42379797094693267,20.86208311753477,13.630922432238611,8.060576969830846,0.5913449372117845,0.6533826155060085,0.3863745017416721,0.25245038251280455,0.22848060547266358,20240305_P013T_C005,P013T_C005,20240305,40x,0.324,0.324,0.324,107,0.1632986958797413,"(149.17218400015707, 199.15010642467627, 243.68709981667467)",40.78893346378071,4,107
4,11535.0,12597.0,"(64.63519722583442, 191.92717815344602, 225.21638491547463)",0.9156942129078351,392.33100384,316.3623209882017,0.8192210902959355,21.67759147494108,13.698887317984212,9.54096823812932,0.69647760556463,0.6319377009120173,0.44013045679721907,0.2781350289697906,0.306541006686194,20240305_P013T_C005,P013T_C005,20240305,40x,0.324,0.324,0.324,107,0.17891062354167245,"(149.17218400015707, 199.15010642467627, 243.68709981667467)",28.13364992274407,4,107
5,9960.0,12468.0,"(66.08935742971887, 109.76044176706827, 215.40331325301204)",0.7988450433108758,338.76175104,354.42153904696715,0.6630713501053853,22.739604440850687,14.572883568018282,7.9114817224380065,0.5428906149912966,0.6408591497677394,0.3479164179402075,0.22296541979139883,0.18888055810112825,20240305_P013T_C005,P013T_C005,20240305,40x,0.324,0.324,0.324,107,0.1866455182431855,"(149.17218400015707, 199.15010642467627, 243.68709981667467)",40.58834372472635,5,107
6,19489.0,21238.0,"(71.48837805941814, 181.65590846118323, 198.92724100774797)",0.917647612769564,662.864233536,445.27913931420596,0.8256604826374238,21.651203970386096,18.761518804790136,11.996594786524195,0.6394255663065647,0.8665346661761447,0.5540844196439514,0.4801333576095743,0.3542957438124778,20240305_P013T_C005,P013T_C005,20240305,40x,0.324,0.324,0.324,107,0.21536371308201133,"(149.17218400015707, 199.15010642467627, 243.68709981667467)",29.596412428011387,4,107
7,18127.0,22712.0,"(69.59050035858112, 313.76614994207534, 292.06542726319856)",0.7981243395561818,616.539584448,480.64220344340913,0.7288467128743544,23.73734010584824,17.96979973474366,11.931256725065579,0.6639615856150652,0.7570266784152613,0.502636633753503,0.3805093413002425,0.33373141633519465,20240305_P013T_C005,P013T_C005,20240305,40x,0.324,0.324,0.324,107,0.205268618928623,"(149.17218400015707, 199.15010642467627, 243.68709981667467)",47.84959462435529,4,107
8,10999.0,12621.0,"(84.94135830530048, 329.2799345395036, 327.66533321211017)",0.8714840345455986,374.100451776,363.6284668855385,0.6904810086732147,25.134881023218433,16.94459712521404,6.5187167427398425,0.3847076855571743,0.6741467011346268,0.2593494171195064,0.17483955399230353,0.09977371401064748,20240305_P013T_C005,P013T_C005,20240305,40x,0.324,0.324,0.324,107,0.28692211864521533,"(149.17218400015707, 199.15010642467627, 243.68709981667467)",54.323617099970484,4,107
9,2264.0,3199.0,"(70.62190812720848, 162.79328621908127, 302.66916961130744)",0.7077211628633948,77.003675136,145.09876018084117,0.6032463807994736,13.854324500998029,9.882297295901333,4.679428609365214,0.4735162755431371,0.7133005506828889,0.3377594201022302,0.240923980357254,0.15993458263641785,20240305_P013T_C005,P013T_C005,20240305,40x,0.324,0.324,0.324,107,0.2107548304638749,"(149.17218400015707, 199.15010642467627, 243.68709981667467)",33.93634954934561,1,107
10,12129.0,14112.0,"(78.0966279165636, 88.20339681754473, 222.47827520817876)",0.8594812925170068,412.534264896,356.3947186621337,0.7519567853374973,18.458003616011563,14.786481652418162,11.295258806914195,0.7638909020028427,0.8010878077622379,0.6119436880549758,0.4902206275378993,0.4674582158432616,20240305_P013T_C005,P013T_C005,20240305,40x,0.324,0.324,0.324,107,0.25051397827959365,"(149.17218400015707, 199.15010642467627, 243.68709981667467)",43.24000783733989,8,107
11,12232.0,15546.0,"(78.60660562459124, 102.89748201438849, 295.8462230215827)",0.786826193232986,416.037523968,389.57871440193367,0.6917947147765597,19.405944263276535,14.368389073652775,11.861866999964118,0.8255530205341634,0.7404117459433943,0.6112491533025427,0.45257605280315716,0.5046185848078639,20240305_P013T_C005,P013T_C005,20240305,40x,0.324,0.324,0.324,107,0.25322662566271936,"(149.17218400015707, 199.15010642467627, 243.68709981667467)",42.200477854104406,3,107
12,12668.0,14187.0,"(86.67808651720871, 88.75631512472371, 259.2218976949795)",0.8929301473179672,430.866853632,345.2012851882802,0.7991723398322399,20.474886062690356,15.892284715771577,9.569248193956849,0.6021316862301291,0.7761842809338381,0.46736514990401223,0.36276148281178117,0.28141536579689996,20240305_P013T_C005,P013T_C005,20240305,40x,0.324,0.324,0.324,107,0.29616003466600377,"(149.17218400015707, 199.15010642467627, 243.68709981667467)",41.40820307322366,8,107
13,11590.0,13590.0,"(83.94193270060397, 106.20431406384814, 180.0525452976704)",0.8528329654157468,394.20167616000003,353.7775569371135,0.7349077439268836,18.039958030744383,15.519422669083323,10.288607870826102,0.6629504260698,0.8602804198676367,0.5703232708907562,0.49063794294218366,0.37809605543454883,20240305_P013T_C005,P013T_C005,20240305,40x,0.324,0.324,0.324,107,0.28160602500321263,"(149.17218400015707, 199.15010642467627, 243.68709981667467)",42.173877311151465,7,107
14,15237.0,16577.0,"(89.26619413270329, 289.9322045021986, 313.4764717464068)",0.9191651082825602,518.244257088,382.0859658875297,0.8166062578362787,21.643360401384548,16.448327886486855,10.707141463795308,0.6509562271428073,0.7599710757223559,0.4947079041898855,0.3759636981155394,0.3220331908491732,20240305_P013T_C005,P013T_C005,20240305,40x,0.324,0.324,0.324,107,0.3099265645356558,"(149.17218400015707, 199.15010642467627, 243.68709981667467)",41.870871611986935,7,107
15,13295.0,15561.0,"(88.79232794283566, 224.959383226777, 249.78262504701016)",0.8543795385900649,452.19251808,374.7552972067103,0.7602421170649231,22.991695705978856,15.902232779338254,9.467416464677255,0.5953513947411369,0.6916511501673611,0.41177547692644995,0.2848049822268928,0.2451511045083588,20240305_P013T_C005,P013T_C005,20240305,40x,0.324,0.324,0.324,107,0.30740599969593435,"(149.17218400015707, 199.15010642467627, 243.68709981667467)",21.366814256719955,3,107
16,16218.0,18423.0,"(97.23079294610926, 172.5141201134542, 177.1057467011962)",0.8803126526624329,551.610248832,439.34765185196346,0.7403391216390343,26.437443142333983,15.88879811952231,9.96813226748443,0.6273685518879334,0.6009960204540262,0.3770460030426532,0.22660314735673126,0.23654680492400265,20240305_P013T_C005,P013T_C005,20240305,40x,0.324,0.324,0.324,107,0.3522914518410067,"(149.17218400015707, 199.15010642467627, 243.68709981667467)",28.689025369093034,8,107
17,12315.0,16916.0,"(91.61680876979294, 141.65383678440926, 171.19602111246448)",0.7280089855757862,418.86053856,450.1944332723011,0.6013541352566725,22.440607493992395,16.12654973788213,9.509735452129176,0.5896943615775604,0.7186324943386398,0.423773529957914,0.30453742886834606,0.24989686120200125,20240305_P013T_C005,P013T_C005,20240305,40x,0.324,0.324,0.324,107,0.3224298338818773,"(149.17218400015707, 199.15010642467627, 243.68709981667467)",35.30470089530047,7,107
18,22128.0,27842.0,"(98.62536153289949, 300.0509309472162, 275.9036062906724)",0.7947704906256734,752.622492672,540.533492524265,0.740252093934982,25.384532459492743,18.391738461449297,12.824384256277702,0.6972904863321507,0.7245253971408705,0.5052046665323522,0.3660336116567735,0.35227440762361595,20240305_P013T_C005,P013T_C005,20240305,40x,0.324,0.324,0.324,107,0.35970936985584834,"(149.17218400015707, 199.15010642467627, 243.68709981667467)",38.0253182243634,7,107
19,3446.0,5655.0,"(96.06152060359838, 354.73766686012766, 259.1288450377249)",0.6093722369584439,117.20612390400001,196.67610855943946,0.588888021174774,16.030185388277733,13.160602593971474,5.391601292173887,0.4096773877697392,0.8209887955254294,0.3363405451390825,0.27613181904010164,0.1377911159336294,20240305_P013T_C005,P013T_C005,20240305,40x,0.324,0.324,0.324,107,0.3460719181042467,"(149.17218400015707, 199.15010642467627, 243.68709981667467)",53.50090557400997,3,107
20,25960.0,28549.0,"(108.90423728813559, 306.29476117103235, 349.08601694915257)",0.9093138113419034,882.95733504,552.9458659857387,0.8049359449101727,25.894536577913943,20.278444957086297,12.25211092469758,0.6041938102564459,0.7831167356894218,0.4731542844117818,0.37053503868601884,0.28587688993791655,20240305_P013T_C005,P013T_C005,20240305,40x,0.324,0.324,0.324,107,0.41438424089433823,"(149.17218400015707, 199.15010642467627, 243.68709981667467)",50.413417481058,6,107
21,12623.0,14150.0,"(105.2371068684148, 67.73239325041591, 208.43135546225145)",0.8920848056537103,429.336303552,348.1742913220665,0.7904708018620494,21.88087285911108,15.446504994527029,9.324244871425167,0.603647548408453,0.705936417344301,0.4261367876621339,0.300825477180816,0.25723642715890066,20240305_P013T_C005,P013T_C005,20240305,40x,0.324,0.324,0.324,107,0.394878228023483,"(149.17218400015707, 199.15010642467627, 243.68709981667467)",46.326192387471856,8,107
22,11787.0,14846.0,"(106.39857470094172, 92.88190379231357, 180.73962840417408)",0.7939512326552607,400.902084288,401.07298673487867,0.6555707806249067,24.768954304969157,14.298105001887023,8.747336386956059,0.6117829170929722,0.5772591295474485,0.35315727419308796,0.20386326069405158,0.21605558739844996,20240305_P013T_C005,P013T_C005,20240305,40x,0.324,0.324,0.324,107,0.40105624840926446,"(149.17218400015707, 199.15010642467627, 243.68709981667467)",42.3497829513156,9,107
23,16682.0,18122.0,"(112.12216760580266, 199.45582064500658, 204.044958638053)",0.9205385719015561,567.391920768,401.5048497731556,0.8254968631845645,24.06140203311216,15.229762020642031,11.275950234970331,0.7403891288443769,0.6329540564462351,0.4686323024507426,0.2966227168179365,0.3469702621598399,20240305_P013T_C005,P013T_C005,20240305,40x,0.324,0.324,0.324,107,0.4315008915202269,"(149.17218400015707, 199.15010642467627, 243.68709981667467)",17.580684653123864,7,107
24,1442.0,1670.0,"(96.00346740638003, 318.8904299583911, 340.8495145631068)",0.8634730538922155,49.045627008000004,77.76933648985414,0.8331872040139459,8.264357007811867,7.225285080640478,6.085544603556541,0.8422566771603557,0.8742706872187143,0.7363603239555349,0.6437782464652005,0.6202043996475118,20240305_P013T_C005,P013T_C005,20240305,40x,0.324,0.324,0.324,107,0.3457631245020214,"(149.17218400015707, 199.15010642467627, 243.68709981667467)",52.84795806325976,4,107
25,10193.0,12909.0,"(100.88443049151378, 90.20975179044443, 296.8824683606397)",0.7896041521419165,346.686599232,358.98215805060846,0.6648177869922118,18.899003414389405,14.138778395621591,9.964192013391504,0.7047420742146403,0.7481229610687591,0.5272337273511959,0.3944356572812955,0.37156379060939787,20240305_P013T_C005,P013T_C005,20240305,40x,0.324,0.324,0.324,107,0.3717256941037967,"(149.17218400015707, 199.15010642467627, 243.68709981667467)",42.28101339144752,5,107
26,1876.0,2671.0,"(105.25959488272922, 142.9397654584222, 295.78784648187633)",0.7023586671658555,63.806932224,119.13263350269168,0.6481844758060061,12.941052460536541,8.897412768769211,4.608604010581409,0.5179712496601326,0.6875339386732013,0.3561228133983111,0.24484652054712228,0.18446137868840545,20240305_P013T_C005,P013T_C005,20240305,40x,0.324,0.324,0.324,107,0.3949978451209001,"(149.17218400015707, 199.15010642467627, 243.68709981667467)",28.619317647558244,3,107
27,24520.0,28424.0,"(115.39359706362153, 278.28556280587276, 293.1739396411093)",0.8626512806079369,833.97973248,592.5434460657209,0.7231042652487827,26.22013830755008,23.816988102406683,10.023530990500413,0.42085636300450374,0.9083471575567009,0.3822836810747921,0.3472462950845998,0.16088651965311063,20240305_P013T_C005,P013T_C005,20240305,40x,0.324,0.324,0.324,107,0.44890211204054004,"(149.17218400015707, 199.15010642467627, 243.68709981667467)",32.15993497618368,6,107
28,2549.0,3002.0,"(105.08434680266771, 315.87799136916436, 264.78658297371516)",0.8491005996002665,86.697158976,121.16123051646564,0.781850454851906,10.545463559461489,8.6829776330876,7.578370700127676,0.8727847773382859,0.8233851062239128,0.7186379865992986,0.5917158149326023,0.6272162951209027,20240305_P013T_C005,P013T_C005,20240305,40x,0.324,0.324,0.324,107,0.39406567448227503,"(149.17218400015707, 199.15010642467627, 243.68709981667467)",41.00146033865718,7,107
29,2079.0,3028.0,"(104.71476671476671, 73.58633958633959, 243.0981240981241)",0.6865918097754293,70.71141369600001,142.13293335505674,0.5818116573380029,10.964245836708104,8.365338628632015,6.96752620330303,0.832904262770105,0.762965255724658,0.6354770138385509,0.484846882370472,0.529291513718546,20240305_P013T_C005,P013T_C005,20240305,40x,0.324,0.324,0.324,107,0.39209982295088674,"(149.17218400015707, 199.15010642467627, 243.68709981667467)",43.157807485598205,8,107
30,8056.0,11748.0,"(112.52656405163853, 79.7634061569017, 229.89833664349553)",0.6857337419135172,274.002476544,322.3572464859241,0.6328726762958425,17.086665855153264,14.993085198419813,9.083522825097578,0.6058474760121373,0.8774728390851023,0.5316147048289136,0.4664774643456155,0.32207742713153464,20240305_P013T_C005,P013T_C005,20240305,40x,0.324,0.324,0.324,107,0.4336519364448858,"(149.17218400015707, 199.15010642467627, 243.68709981667467)",40.708399308904866,8,107
31,7195.0,10439.0,"(116.64378040305768, 118.11688672689368, 169.85267546907573)",0.6892422645847304,244.71795168,341.29210697140115,0.5543726113373786,16.805783716527493,13.027984158608625,9.023803133234743,0.692647690032076,0.7752083674500925,0.5369462850078432,0.4162452530093223,0.37191460398198734,20240305_P013T_C005,P013T_C005,20240305,40x,0.324,0.324,0.324,107,0.45555202342051954,"(149.17218400015707, 199.15010642467627, 243.68709981667467)",37.04951256242459,9,107
32,24294.0,26903.0,"(119.45620317773935, 219.45620317773935, 242.01543591010125)",0.9030219678102814,826.292969856,527.4192685986242,0.8073914960763483,26.657259440657267,17.564999291595452,12.86964353333858,0.7326868233633509,0.6589199212581308,0.4827819439574492,0.3181146404972898,0.3537279688953668,20240305_P013T_C005,P013T_C005,20240305,40x,0.324,0.324,0.324,107,0.47051171903052846,"(149.17218400015707, 199.15010642467627, 243.68709981667467)",11.673767848126607,7,107
33,10391.0,12985.0,"(120.88374554903282, 149.25175632759118, 171.856029256087)",0.8002310358105507,353.421019584,344.04859781499636,0.702628749571027,19.701903784969065,14.971823762217975,9.259231522250042,0.6184437961136106,0.7599176163696549,0.46996633540125576,0.3571356973721041,0.2906477645111549,20240305_P013T_C005,P013T_C005,20240305,40x,0.324,0.324,0.324,107,0.47810502951613204,"(149.17218400015707, 199.15010642467627, 243.68709981667467)",29.78295658879335,7,107
34,12300.0,18336.0,"(127.48520325203252, 150.53536585365853, 142.34682926829268)",0.6708115183246073,418.3503552,448.51517450059714,0.6031153911088699,28.255024258160955,14.43932950357348,9.644038421925451,0.667900709623582,0.5110358204489222,0.3413211871209045,0.17442735289693148,0.22796866308761554,20240305_P013T_C005,P013T_C005,20240305,40x,0.324,0.324,0.324,107,0.5132191662342155,"(149.17218400015707, 199.15010642467627, 243.68709981667467)",37.08854559240393,7,107
35,10142.0,11820.0,"(129.25044369946755, 281.83760599487283, 263.06349832380204)",0.8580372250423012,344.951975808,315.89046272129826,0.7529856534319272,18.54165113663575,14.931918208295071,9.756517635539938,0.6534001525751686,0.805317611590246,0.526194650284537,0.4237538189987082,0.34381566478015396,20240305_P013T_C005,P013T_C005,20240305,40x,0.324,0.324,0.324,107,0.5226087430822743,"(149.17218400015707, 199.15010642467627, 243.68709981667467)",28.263393298712185,8,107
36,22100.0,25794.0,"(135.921628959276, 82.87723981900453, 256.62900452488685)",0.8567884004031946,751.6701504,511.5895024874401,0.7814731054038306,25.82712648145911,17.147758135625097,12.959290467517821,0.7557425504267185,0.6639437084855415,0.5017705115906368,0.3331473742741748,0.3792093261584271,20240305_P013T_C005,P013T_C005,20240305,40x,0.324,0.324,0.324,107,0.5580937710599788,"(149.17218400015707, 199.15010642467627, 243.68709981667467)",38.14740503351964,8,107
37,20371.0,23825.0,"(136.54626675175496, 275.91664621275345, 323.7847921064258)",0.8550262329485834,692.863015104,504.9146164030871,0.7499479134349386,23.464402759377382,20.35964726887778,11.078444832800136,0.5441373657654128,0.8676823134030629,0.47213836833638195,0.4096661116844593,0.25690812802333907,20240305_P013T_C005,P013T_C005,20240305,40x,0.324,0.324,0.324,107,0.5614163125093348,"(149.17218400015707, 199.15010642467627, 243.68709981667467)",36.17813035045352,7,107
38,4309.0,6708.0,"(132.65653283824554, 323.0503597122302, 249.29589231840333)",0.6423673225998807,146.55867321600002,221.94877890958963,0.6056741627071704,15.460221175350918,14.327429634970335,6.524600919070931,0.4553922849598724,0.9267286329521174,0.4220250696978036,0.3911027159125677,0.1921869608000322,20240305_P013T_C005,P013T_C005,20240305,40x,0.324,0.324,0.324,107,0.5407262385013061,"(149.17218400015707, 199.15010642467627, 243.68709981667467)",40.53950620614978,8,107
39,14471.0,17772.0,"(140.12673623108284, 93.59491396586276, 285.1640522424159)",0.8142583839747918,492.19089350400003,434.2096642252226,0.6942891130199054,25.579402873085503,16.943714584092533,8.809267622593497,0.5199135985720632,0.6623967990246016,0.34438910346349627,0.2281222397531722,0.17905257809071293,20240305_P013T_C005,P013T_C005,20240305,40x,0.324,0.324,0.324,107,0.5804613629312918,"(149.17218400015707, 199.15010642467627, 243.68709981667467)",36.86211145268905,6,107
40,9382.0,10282.0,"(141.291515668301, 267.6117032615647, 283.6690471114901)",0.912468391363548,319.102685568,270.74011852535136,0.8341006941176646,17.68682818902712,12.773087975237123,10.374432866205796,0.8122102412759121,0.7221808138081833,0.5865626530279792,0.4236042941132331,0.476412193939294,20240305_P013T_C005,P013T_C005,20240305,40x,0.324,0.324,0.324,107,0.5866569982356437,"(149.17218400015707, 199.15010642467627, 243.68709981667467)",25.813776190641835,7,107
41,14393.0,16655.0,"(138.69339262141318, 181.61182519280206, 194.7036753977628)",0.8641849294506154,489.537940032,373.51393417663985,0.804207687792125,20.799774506257794,15.67160147472031,11.478055433398563,0.7324111356400741,0.7534505467838304,0.55183557061858,0.4157808124173361,0.4041705169633425,20240305_P013T_C005,P013T_C005,20240305,40x,0.324,0.324,0.324,107,0.5728371947947509,"(149.17218400015707, 199.15010642467627, 243.68709981667467)",17.195740263357404,8,107
42,2409.0,3510.0,"(133.72561228725613, 93.19136571191366, 309.83478621834786)",0.6863247863247863,81.935447616,160.34831595744384,0.5689414934187355,12.686078706257508,10.045518030996494,5.844212931038599,0.581773176157334,0.7918536739048815,0.4606792269194968,0.3647905383278641,0.2680108170346609,20240305_P013T_C005,P013T_C005,20240305,40x,0.324,0.324,0.324,107,0.5464128313151921,"(149.17218400015707, 199.15010642467627, 243.68709981667467)",40.7794484826932,5,107
43,10823.0,19819.0,"(138.35128892174075, 95.69269149034464, 197.0147833317934)",0.5460921338109894,368.114300352,508.946221428061,0.4880534152195051,27.659285688696396,15.017639288883649,8.302737728248003,0.5528657046912727,0.542951089117278,0.30017903649771793,0.1629825347966111,0.1659586945468581,20240305_P013T_C005,P013T_C005,20240305,40x,0.324,0.324,0.324,107,0.5710174942645784,"(149.17218400015707, 199.15010642467627, 243.68709981667467)",36.940026477056094,11,107
44,18995.0,22708.0,"(146.58057383521978, 213.48354830218477, 286.6404843379837)",0.8364893429628325,646.06219488,503.7416845535215,0.7174513437537038,30.92403048061182,16.642977423062707,9.74953012204517,0.5858044431722256,0.538189141725792,0.3152735904900156,0.1696768230746303,0.18468867012391185,20240305_P013T_C005,P013T_C005,20240305,40x,0.324,0.324,0.324,107,0.6147902863575521,"(149.17218400015707, 199.15010642467627, 243.68709981667467)",14.695310086750112,4,107
45,3988.0,4667.0,"(136.16323971915747, 320.45135406218657, 276.48219658976933)",0.8545103921148489,135.640749312,162.96415431667555,0.7834034697428548,13.368172831284683,11.151650791440956,6.863541611707861,0.6154731474353307,0.8341940916071535,0.5134240631334113,0.42829531995482983,0.3159987241057565,20240305_P013T_C005,P013T_C005,20240305,40x,0.324,0.324,0.324,107,0.5593789346763696,"(149.17218400015707, 199.15010642467627, 243.68709981667467)",40.93024647824597,7,107
46,13605.0,16141.0,"(150.6023520764425, 168.99485483278207, 170.7423006247703)",0.8428845796419057,462.73630752,385.9858648217763,0.7495520132160407,24.289526721542,14.15633504663471,10.283252588044322,0.7264064148078276,0.5828164216176217,0.42336158731838386,0.24674208537125675,0.3075325728112983,20240305_P013T_C005,P013T_C005,20240305,40x,0.324,0.324,0.324,107,0.6361827238108643,"(149.17218400015707, 199.15010642467627, 243.68709981667467)",25.578211362548974,10,107
47,2109.0,3347.0,"(134.4959696538644, 91.16642958748221, 217.02323376007587)",0.6301165222587392,71.731780416,167.23709722600012,0.49922069122051316,11.19102708294277,9.240927950685844,6.4845273481860755,0.7017182021968699,0.825744400598472,0.5794398762620917,0.4784692333068937,0.4066035082518117,20240305_P013T_C005,P013T_C005,20240305,40x,0.324,0.324,0.324,107,0.5505104768822574,"(149.17218400015707, 199.15010642467627, 243.68709981667467)",36.349894111951826,10,107
48,5054.0,5529.0,"(137.39038385437277, 375.0273051048674, 335.1080332409972)",0.9140893470790378,171.897780096,173.9416618781478,0.8595293049335899,13.701867313335658,11.225364517065351,8.056828617952828,0.7177342531464739,0.8192580077125697,0.5880095342998494,0.48173151958649046,0.4220345839437083,20240305_P013T_C005,P013T_C005,20240305,40x,0.324,0.324,0.324,107,0.5659062970977276,"(149.17218400015707, 199.15010642467627, 243.68709981667467)",64.33614317823806,3,107
49,12991.0,15575.0,"(145.44792548687553, 307.22030636594565, 357.4201370179355)",0.8340930979133226,441.852801984,369.5362542646673,0.7591812632316025,21.835267367566374,17.032336762116,9.50415781348898,0.5580066872931086,0.7800379301705029,0.43526638137741547,0.3395242872024439,0.24288155156247043,20240305_P013T_C005,P013T_C005,20240305,40x,0.324,0.324,0.324,107,0.6087655611004018,"(149.17218400015707, 199.15010642467627, 243.68709981667467)",50.84657637261621,5,107
50,11575.0,12783.0,"(144.41987041036717, 140.5434989200864, 194.63343412526999)",0.9054994915121646,393.6914928,310.7486740867294,0.8359472250060918,18.840000573196793,14.579571535818848,10.503241962006214,0.7204081365630001,0.7738625845139754,0.5574969024655402,0.43142599380051866,0.4016253046448444,20240305_P013T_C005,P013T_C005,20240305,40x,0.324,0.324,0.324,107,0.6032971830338679,"(149.17218400015707, 199.15010642467627, 243.68709981667467)",24.809983551459254,8,107
51,15998.0,17410.0,"(152.74140517564695, 69.35829478684836, 227.565695711964)",0.91889718552556,544.127559552,384.1930037791426,0.8389482153147758,21.493893806467725,15.959626796534037,11.449946965529445,0.7174319996013966,0.742519105204271,0.5327069663889399,0.3955451000191973,0.38218102409801114,20240305_P013T_C005,P013T_C005,20240305,40x,0.324,0.324,0.324,107,0.6475606658279094,"(149.17218400015707, 199.15010642467627, 243.68709981667467)",42.391476259316995,8,107
52,10149.0,12207.0,"(145.35382796334613, 218.63277170164548, 249.7163267316977)",0.8314082084050135,345.190061376,296.95004154886817,0.8013820112462984,15.484591313448176,13.968679998724632,12.44413968634288,0.8908601018477804,0.9021019487025793,0.8036466338982611,0.7249711945078896,0.7159367221242308,20240305_P013T_C005,P013T_C005,20240305,40x,0.324,0.324,0.324,107,0.6082650423582242,"(149.17218400015707, 199.15010642467627, 243.68709981667467)",6.722556271737347,5,107
53,7563.0,8423.0,"(153.68293005421128, 293.23958746529155, 346.77892370752346)",0.8978986109462187,257.234450112,241.16229776401838,0.81107459565737,18.97846235437298,10.45652557503701,9.701565944163576,0.927800144947213,0.550968006774671,0.5111881965468167,0.2816483417381383,0.4742804828514409,20240305_P013T_C005,P013T_C005,20240305,40x,0.324,0.324,0.324,107,0.6525687768841026,"(149.17218400015707, 199.15010642467627, 243.68709981667467)",45.245415494319445,6,107
54,17736.0,19308.0,"(158.90324763193505, 335.271650879567, 354.38058186738834)",0.9185829707893102,603.240804864,425.987952134407,0.8104892927426502,25.6792738946905,15.358011721074332,11.153739943651962,0.7262489537201453,0.5980703264452422,0.43434794883192285,0.25977061954872943,0.3154447433896752,20240305_P013T_C005,P013T_C005,20240305,40x,0.324,0.324,0.324,107,0.6803364235741226,"(149.17218400015707, 199.15010642467627, 243.68709981667467)",56.93263191582964,6,107
55,1376.0,1539.0,"(145.23546511627907, 213.77543604651163, 221.34956395348837)",0.894087069525666,46.800820224,71.68090725523355,0.8761590287182318,8.122100887494888,6.845446789020666,6.029159488275009,0.8807547080703496,0.8428172567469815,0.7423152669228407,0.625636116909312,0.6537976662147902,20240305_P013T_C005,P013T_C005,20240305,40x,0.324,0.324,0.324,107,0.6076354527461653,"(149.17218400015707, 199.15010642467627, 243.68709981667467)",8.744180349453428,7,107
56,13025.0,14741.0,"(154.55631477927062, 83.34449136276392, 189.5019577735125)",0.8835899871107794,443.0092176,354.68425262375047,0.792350602656552,19.705028218296942,16.940540351584936,9.755040914536956,0.5758400093550904,0.8597064751145567,0.4950533846725981,0.42560060033041003,0.285071545661138,20240305_P013T_C005,P013T_C005,20240305,40x,0.324,0.324,0.324,107,0.6572144403152693,"(149.17218400015707, 199.15010642467627, 243.68709981667467)",41.46182181274566,10,107
57,14892.0,16625.0,"(164.42653773838302, 111.94829438624765, 149.16559226430297)",0.8957593984962406,506.510039808,394.04531893473495,0.7798241082462393,27.62190002363515,13.643815935392885,9.943101360154591,0.7287624963014624,0.49394921868945735,0.35997166565828587,0.17780772300225287,0.26233384966292783,20240305_P013T_C005,P013T_C005,20240305,40x,0.324,0.324,0.324,107,0.7097156262679948,"(149.17218400015707, 199.15010642467627, 243.68709981667467)",41.95914677010594,7,107
58,9326.0,10444.0,"(157.61912931589106, 300.0571520480377, 246.84430624061764)",0.892952891612409,317.198001024,285.2895909796521,0.788409458694785,21.169884783008374,12.479594806756666,8.809992467651888,0.7059518040507219,0.5894975307930437,0.41615684534679515,0.24532343275455828,0.29378667574062733,20240305_P013T_C005,P013T_C005,20240305,40x,0.324,0.324,0.324,107,0.6735060069994205,"(149.17218400015707, 199.15010642467627, 243.68709981667467)",32.82417550607975,8,107
59,11832.0,14831.0,"(152.3318120351589, 169.26673427991886, 340.17765382014875)",0.7977884161553502,402.432634368,356.27289917828796,0.7398837079175262,22.509315437665613,12.381034906633422,11.558351398286112,0.9335529287695862,0.5500404906102035,0.5134919109510157,0.2824413426238676,0.4793718773678122,20240305_P013T_C005,P013T_C005,20240305,40x,0.324,0.324,0.324,107,0.6453819789104196,"(149.17218400015707, 199.15010642467627, 243.68709981667467)",32.743925053772735,2,107
60,9116.0,10554.0,"(159.7325581395349, 213.83238262395787, 265.8901930671347)",0.8637483418609058,310.055433984,277.13637770775426,0.7993742474883565,16.304171427134445,13.761229904721935,10.564241248489521,0.7676814733590476,0.8440312325114305,0.6479471401354279,0.5468876232907617,0.49741701519794657,20240305_P013T_C005,P013T_C005,20240305,40x,0.324,0.324,0.324,107,0.6847476496783771,"(149.17218400015707, 199.15010642467627, 243.68709981667467)",9.278333224323044,5,107
61,17635.0,20732.0,"(162.84269917777146, 270.12305075134674, 316.7131273036575)",0.8506174030484276,599.8055702400001,462.9248420704381,0.7429860057258313,25.947962851098126,17.86866361862739,9.9028140210541,0.5542000360189667,0.6886345460399479,0.3816412902192439,0.2628113766402291,0.2115056167858299,20240305_P013T_C005,P013T_C005,20240305,40x,0.324,0.324,0.324,107,0.7012909530732525,"(149.17218400015707, 199.15010642467627, 243.68709981667467)",33.28986480154956,7,107
62,2967.0,3737.0,"(155.16986855409505, 122.70475227502527, 305.18031681833503)",0.793952368209794,100.914268608,146.2129863241575,0.7169131750142886,13.847847014685486,9.279330621729518,6.0062471514717295,0.6472715970920176,0.67009193644968,0.43373147790426714,0.2906399659280519,0.28074206641217614,20240305_P013T_C005,P013T_C005,20240305,40x,0.324,0.324,0.324,107,0.6604780242239098,"(149.17218400015707, 199.15010642467627, 243.68709981667467)",31.846546794701275,5,107
63,16351.0,17695.0,"(164.48651458626384, 130.85303651152836, 113.83193688459421)",0.92404634077423,556.133874624,409.54060821901084,0.798558468570665,25.498443230456758,15.921431454908076,9.887128189016916,0.6209949285664905,0.624407980950407,0.38775418952664453,0.24211681058739357,0.24079338522645607,20240305_P013T_C005,P013T_C005,20240305,40x,0.324,0.324,0.324,107,0.7100346520545949,"(149.17218400015707, 199.15010642467627, 243.68709981667467)",47.79563597182202,5,107
64,21883.0,24318.0,"(166.6867431339396, 363.84714161678016, 341.94050175935655)",0.8998684102311045,744.289497792,493.60189763858466,0.8046405179039329,25.47498417673759,17.6671398878693,12.341653320283438,0.6985654383569763,0.6935093566810534,0.4844616677545647,0.33597869954109844,0.33842817730211927,20240305_P013T_C005,P013T_C005,20240305,40x,0.324,0.324,0.324,107,0.7217379953932956,"(149.17218400015707, 199.15010642467627, 243.68709981667467)",62.394698364387764,5,107
65,27130.0,30475.0,"(168.64839660892002, 391.20700331736083, 313.91983044600073)",0.8902378999179655,922.75163712,590.6208114819993,0.7760658886148026,27.300071809469905,20.548647026764606,12.34599707631309,0.6008180032598951,0.7526957134096859,0.4522331355930897,0.3403939426227399,0.2717098095350015,20240305_P013T_C005,P013T_C005,20240305,40x,0.324,0.324,0.324,107,0.7321723223878724,"(149.17218400015707, 199.15010642467627, 243.68709981667467)",66.55642270007885,5,107
66,7800.0,9707.0,"(163.36141025641027, 282.44115384615384, 262.7052564102564)",0.803543834346348,265.2953472,279.50157152785357,0.7143641078082119,20.169822546175027,12.150126776714067,8.454582125265372,0.6958431200461815,0.602391357132599,0.4191698814360013,0.25250431374734345,0.2916764781278151,20240305_P013T_C005,P013T_C005,20240305,40x,0.324,0.324,0.324,107,0.7040500545553737,"(149.17218400015707, 199.15010642467627, 243.68709981667467)",28.060014346293833,9,107
67,11483.0,13875.0,"(165.3021858399373, 313.64974309849345, 235.13115039623793)",0.8276036036036036,390.562368192,330.7259800932148,0.7812848614744233,20.421869033527855,14.251511999893069,10.69173218615454,0.7502173935112824,0.6978554204071857,0.523543274545599,0.36535751195937366,0.392771270819961,20240305_P013T_C005,P013T_C005,20240305,40x,0.324,0.324,0.324,107,0.7143733289358367,"(149.17218400015707, 199.15010642467627, 243.68709981667467)",37.56660615248517,6,107
68,13962.0,16114.0,"(168.55772811918064, 133.11896576421717, 189.1031370863773)",0.8664515328285962,474.878671488,390.22054074889064,0.7543318425441747,27.012764717676482,13.60972673168868,9.959282966603162,0.7317768507000306,0.5038257606702069,0.3686880284447913,0.18575452638119586,0.26979736434613266,20240305_P013T_C005,P013T_C005,20240305,40x,0.324,0.324,0.324,107,0.731690043187131,"(149.17218400015707, 199.15010642467627, 243.68709981667467)",28.459153466932825,11,107
69,17615.0,21116.0,"(169.52336077206925, 164.2327561737156, 101.00584728924213)",0.8342015533244933,599.12532576,458.06606108717426,0.7502991617466297,26.830220332644483,16.50722437163109,10.623188595378101,0.6435478404010097,0.6152474399006949,0.3959411612603422,0.24360178581673375,0.25480707925496116,20240305_P013T_C005,P013T_C005,20240305,40x,0.324,0.324,0.324,107,0.7368263870854748,"(149.17218400015707, 199.15010642467627, 243.68709981667467)",48.04749756869554,5,107
70,19782.0,22750.0,"(172.30138509756344, 182.33575978161966, 303.4116873925791)",0.8695384615384616,672.829815168,464.15852926885395,0.7999962315727095,22.437591742016032,18.341957092157937,12.631284589621261,0.6886552250752859,0.8174654973247989,0.5629518860514899,0.4601937435010148,0.3876797577953455,20240305_P013T_C005,P013T_C005,20240305,40x,0.324,0.324,0.324,107,0.7516031122210821,"(149.17218400015707, 199.15010642467627, 243.68709981667467)",21.454350736791472,5,107
71,14225.0,15613.0,"(170.64175746924428, 148.13462214411248, 144.1020035149385)",0.911099724588484,483.8238864,373.5892108032498,0.7977766782253085,25.097521012335612,15.096741784536121,9.197493909161139,0.6092370155381678,0.6015232252267451,0.3664702145140353,0.2204403453840196,0.22326721977416292,20240305_P013T_C005,P013T_C005,20240305,40x,0.324,0.324,0.324,107,0.7427753056874696,"(149.17218400015707, 199.15010642467627, 243.68709981667467)",36.91427086753602,9,107
72,22525.0,25173.0,"(171.05567147613763, 356.93447280799114, 238.75138734739178)",0.8948079291304175,766.1253456000001,505.4228323077205,0.801116765991706,25.234215853531808,18.112171284745525,12.726852629512749,0.7026685221462977,0.7177623980818301,0.5043490435123422,0.362002778941696,0.3543901970507163,20240305_P013T_C005,P013T_C005,20240305,40x,0.324,0.324,0.324,107,0.7449769759369023,"(149.17218400015707, 199.15010642467627, 243.68709981667467)",51.6362435576167,4,107
73,16127.0,17757.0,"(173.13158057915297, 192.05400880510945, 214.99342717182364)",0.90820521484485,548.515136448,391.38212305169566,0.8279591006449057,24.166190746581588,14.590973615093015,11.331362515611879,0.7766008502606454,0.6037763157669759,0.4688932001918734,0.28310660890003636,0.3641428579504439,20240305_P013T_C005,P013T_C005,20240305,40x,0.324,0.324,0.324,107,0.7560190456337924,"(149.17218400015707, 199.15010642467627, 243.68709981667467)",12.327908931763812,5,107
74,13528.0,14590.0,"(168.77136309875814, 207.7723979893554, 236.3698255470136)",0.9272104180945854,460.117366272,332.3668948877231,0.8671857143710672,18.91529110143781,14.16464738680197,12.313223781399241,0.8692926442258062,0.748846386282962,0.6509666552508555,0.48747402737530987,0.565880525045845,20240305_P013T_C005,P013T_C005,20240305,40x,0.324,0.324,0.324,107,0.7328263994614795,"(149.17218400015707, 199.15010642467627, 243.68709981667467)",7.331385027955813,5,107
75,12532.0,13818.0,"(172.21576763485479, 68.1649377593361, 265.5578518991382)",0.9069329859603416,426.241191168,336.270150346721,0.8145156208274354,20.32836173186391,15.96276722312208,9.657591185078045,0.6050073305015071,0.7852461223228366,0.4750796602531993,0.37305446100827544,0.2874266770253511,20240305_P013T_C005,P013T_C005,20240305,40x,0.324,0.324,0.324,107,0.7511477001853978,"(149.17218400015707, 199.15010642467627, 243.68709981667467)",43.66968462574936,6,107
76,11383.0,12470.0,"(172.51445137485723, 170.11446894491786, 203.59325309672317)",0.9128307939053729,387.161145792,307.1575837454354,0.8363422937683426,19.843343724409166,13.85491710649243,10.326111407298784,0.7453030088833917,0.6982148421613836,0.5203816227099217,0.3633381725640927,0.38784198917332663,20240305_P013T_C005,P013T_C005,20240305,40x,0.324,0.324,0.324,107,0.7527364434832832,"(149.17218400015707, 199.15010642467627, 243.68709981667467)",17.732737068758137,10,107
77,21322.0,27456.0,"(183.08151205327832, 195.9068567676578, 123.5432417221649)",0.7765879953379954,725.2086401280001,565.4727832479527,0.6903156683228738,32.47523443288556,19.11758624296575,9.706141635781314,0.5077074852664862,0.588682008823518,0.2988782623214118,0.17594425585705106,0.15174273096402122,20240305_P013T_C005,P013T_C005,20240305,40x,0.324,0.324,0.324,107,0.8089442130493527,"(149.17218400015707, 199.15010642467627, 243.68709981667467)",40.46098175905336,3,107
78,9228.0,10224.0,"(173.6468357173819, 103.03370177719982, 183.91038144776766)",0.9025821596244131,313.86480307200003,270.63454046720966,0.8252698485241764,16.79691211321249,14.371190342991946,9.48011820786835,0.6596613072132393,0.8555852555594153,0.5643964881146974,0.48288931352044984,0.37231052513630286,20240305_P013T_C005,P013T_C005,20240305,40x,0.324,0.324,0.324,107,0.7587597644541589,"(149.17218400015707, 199.15010642467627, 243.68709981667467)",37.52058198002987,10,107
79,2909.0,4019.0,"(171.45376418013063, 387.4149192162255, 270.19491234101065)",0.7238118935058472,98.941559616,157.99421149357278,0.6547800668588597,11.653996003223531,10.097184167872387,6.819109649515504,0.6753476549643228,0.8664139034438895,0.585130597919316,0.5069652853677316,0.39516657715268216,20240305_P013T_C005,P013T_C005,20240305,40x,0.324,0.324,0.324,107,0.7470944903198438,"(149.17218400015707, 199.15010642467627, 243.68709981667467)",62.021058555877474,4,107
80,12574.0,13712.0,"(181.55749960235406, 269.31915062828057, 286.2928264673135)",0.9170070011668612,427.669704576,336.7077307505439,0.8152735657462791,19.849730148944605,16.19998571773419,9.721184657889292,0.6000736560679478,0.8161312821975835,0.4897388823397259,0.399691221985932,0.2938794016442299,20240305_P013T_C005,P013T_C005,20240305,40x,0.324,0.324,0.324,107,0.8008377638423088,"(149.17218400015707, 199.15010642467627, 243.68709981667467)",28.592428863121885,7,107
81,18204.0,20205.0,"(178.63771698527796, 156.2641177763129, 337.7690617446715)",0.9009651076466221,619.158525696,418.96138923261765,0.8385160152168915,22.01013079824056,15.539684417956723,13.246637926690106,0.8524393141075046,0.7060241740680128,0.6018427626858542,0.4249155394440913,0.5130344318244953,20240305_P013T_C005,P013T_C005,20240305,40x,0.324,0.324,0.324,107,0.7853070052408402,"(149.17218400015707, 199.15010642467627, 243.68709981667467)",34.833904684383484,3,107
82,7824.0,8516.0,"(181.93673312883436, 97.86630879345603, 299.6060838445808)",0.9187411930483795,266.111640576,229.81102777652941,0.8706077076436876,14.446142971934476,12.300826285457868,10.689593507513644,0.8690142645255436,0.8514955382454359,0.7399617689151394,0.6300741447034415,0.6430373323908102,20240305_P013T_C005,P013T_C005,20240305,40x,0.324,0.324,0.324,107,0.8028549634512466,"(149.17218400015707, 199.15010642467627, 243.68709981667467)",38.959374734842285,7,107
83,20129.0,23309.0,"(194.96452878930896, 146.32977296437974, 174.03671319986088)",0.8635720108112747,684.632056896,529.0144985170748,0.7101030369831907,25.45391342780797,22.757206310167952,8.811192361905496,0.38718251448854873,0.8940553040974081,0.34616258073225853,0.309488491383723,0.13402809842976113,20240305_P013T_C005,P013T_C005,20240305,40x,0.324,0.324,0.324,107,0.8721517488793029,"(149.17218400015707, 199.15010642467627, 243.68709981667467)",31.972911691837222,11,107
84,12176.0,13310.0,"(183.82654402102497, 294.24811103810777, 338.1866787122208)",0.9148009015777611,414.132839424,320.4282913303424,0.8385192758108844,19.317303808627635,14.48168060789544,10.746049389284304,0.7420443579887777,0.7496740099634156,0.5562913694241752,0.4170371816242613,0.41279287207906007,20240305_P013T_C005,P013T_C005,20240305,40x,0.324,0.324,0.324,107,0.8129071490480052,"(149.17218400015707, 199.15010642467627, 243.68709981667467)",44.865197988285274,8,107
85,18609.0,23281.0,"(200.01139233704123, 94.88570046751572, 196.9469611478317)",0.7993213349942013,632.933476416,507.42129540690905,0.702566566885577,27.178995327001594,20.177790497460744,9.604140496745087,0.47597582589400517,0.742403839976184,0.353366280879545,0.26234048384307707,0.16819380738473444,20240305_P013T_C005,P013T_C005,20240305,40x,0.324,0.324,0.324,107,0.8989967677502193,"(149.17218400015707, 199.15010642467627, 243.68709981667467)",40.51986542161082,8,107
86,16172.0,17508.0,"(194.23398466485284, 173.9622186495177, 163.56820430373486)",0.9236920265021704,550.045686528,389.6792034194932,0.8331235378449968,22.908494094701215,15.418959890982178,11.29670659827502,0.7326503654038253,0.6730673708730867,0.4931230552115589,0.331905038288148,0.36128678658979935,20240305_P013T_C005,P013T_C005,20240305,40x,0.324,0.324,0.324,107,0.8682658758768768,"(149.17218400015707, 199.15010642467627, 243.68709981667467)",30.880502698971124,8,107
87,6372.0,7103.0,"(187.27652228499687, 71.41368487131199, 189.04362837413686)",0.8970857384203857,216.72589132800002,218.14060384106213,0.7998738129590519,17.211504125282726,11.673330483121536,7.864742282402303,0.6737359396938115,0.6782283755185622,0.4569468319070058,0.30991430750264204,0.3078615031849767,20240305_P013T_C005,P013T_C005,20240305,40x,0.324,0.324,0.324,107,0.8312580972606216,"(149.17218400015707, 199.15010642467627, 243.68709981667467)",46.67674371707976,5,107
88,15153.0,17890.0,"(195.42295255065002, 62.461360786642906, 238.71556787434832)",0.8470095025153718,515.387230272,389.9550827240622,0.7971841250904067,21.580850627832255,15.464814227734028,12.186266083868555,0.7879995132443398,0.7165989188484286,0.5646795992439819,0.40464879031400147,0.4449672493432667,20240305_P013T_C005,P013T_C005,20240305,40x,0.324,0.324,0.324,107,0.8745901731417555,"(149.17218400015707, 199.15010642467627, 243.68709981667467)",46.781452106192376,5,107
89,11086.0,12867.0,"(198.7887425581815, 133.8545913765109, 122.4327981237597)",0.8615838967902386,377.059515264,337.3202415236841,0.7482527559925959,25.23859808899216,13.90729240177676,8.057508088049422,0.5793728826051012,0.551032682272572,0.3192533935378809,0.17591905376579953,0.18496675889550285,20240305_P013T_C005,P013T_C005,20240305,40x,0.324,0.324,0.324,107,0.8924933114796888,"(149.17218400015707, 199.15010642467627, 243.68709981667467)",47.42801470742714,5,107
90,21134.0,24062.0,"(196.21448850194, 162.21704362638403, 213.04353174978706)",0.8783143545839913,718.8143420160001,499.36407894769565,0.7771019191672476,26.19600043692139,18.493432790687486,11.095435967820578,0.5999662741580228,0.7059639823727561,0.42355458019394265,0.2990142781859367,0.2541184633815253,20240305_P013T_C005,P013T_C005,20240305,40x,0.324,0.324,0.324,107,0.878800470755,"(149.17218400015707, 199.15010642467627, 243.68709981667467)",21.773325057777786,7,107
91,10341.0,11357.0,"(194.14776133836187, 322.21052122618704, 335.9107436418141)",0.9105397552170468,351.720408384,291.15005718012,0.8276225029809573,19.193739167090513,13.318919651794145,10.091974896267722,0.7577172293331064,0.6939200088032194,0.5257951464491801,0.36485977265270514,0.39840404156426773,20240305_P013T_C005,P013T_C005,20240305,40x,0.324,0.324,0.324,107,0.8678072411614993,"(149.17218400015707, 199.15010642467627, 243.68709981667467)",51.91271608800357,7,107
92,19543.0,22478.0,"(194.2761090927698, 349.9351686025687, 245.38182469426394)",0.8694278850431533,664.700893632,474.79002381872283,0.7757707150369688,29.076149695466103,15.288155946437472,11.197516285339711,0.7324307996707096,0.5257971260486867,0.3851100094964004,0.20248973620578975,0.2820664322166431,20240305_P013T_C005,P013T_C005,20240305,40x,0.324,0.324,0.324,107,0.868489941982818,"(149.17218400015707, 199.15010642467627, 243.68709981667467)",50.99617051745081,5,107
93,6597.0,8310.0,"(196.13021070183416, 372.49916628770654, 279.3995755646506)",0.7938628158844765,224.378641728,240.93361337275,0.7411527772422191,16.990403209199204,13.57826772569116,7.7224463949700946,0.568735758565035,0.7991727776265726,0.45451813590797474,0.3632385211552282,0.2585007168071877,20240305_P013T_C005,P013T_C005,20240305,40x,0.324,0.324,0.324,107,0.8783521845842243,"(149.17218400015707, 199.15010642467627, 243.68709981667467)",59.32857925032374,5,107
94,2984.0,3240.0,"(190.0358579088472, 373.3930965147453, 329.9014745308311)",0.9209876543209876,101.492476416,117.37219235499558,0.8964817937020298,9.673961273563545,9.53180113516011,7.8733959570218905,0.8260134517472428,0.9853048679456757,0.813875074995169,0.801915073292392,0.6722717599878056,20240305_P013T_C005,P013T_C005,20240305,40x,0.324,0.324,0.324,107,0.8459354144087616,"(149.17218400015707, 199.15010642467627, 243.68709981667467)",64.36386838119886,4,107
95,19500.0,22788.0,"(200.07564102564103, 150.39723076923076, 267.1708205128205)",0.855713533438652,663.238368,521.9256700463537,0.7046745092607354,28.025508217663692,20.670332119550437,8.827182489423517,0.4270459922157991,0.737554229490208,0.314969577745605,0.23230714422701593,0.13450649584616317,20240305_P013T_C005,P013T_C005,20240305,40x,0.324,0.324,0.324,107,0.8993385160938353,"(149.17218400015707, 199.15010642467627, 243.68709981667467)",24.0710194631276,4,107
96,11103.0,13254.0,"(203.20048635503917, 69.72701071782402, 202.44465459785644)",0.8377093707559982,377.63772307200003,323.8688253077716,0.7801268498084847,19.8254076165353,14.64071911483279,9.992347436272043,0.6825038686896606,0.7384826278488094,0.5040172504669194,0.37220798360594215,0.3439937233299981,20240305_P013T_C005,P013T_C005,20240305,40x,0.324,0.324,0.324,107,0.9159600338033999,"(149.17218400015707, 199.15010642467627, 243.68709981667467)",47.36425053489402,4,107
97,12490.0,14671.0,"(199.64019215372298, 292.24539631705363, 311.04995996797436)",0.8513393770022494,424.81267776,355.85832644084684,0.7679600681821664,23.274744809827602,14.779165527345862,9.663996488086536,0.6538932438509645,0.6349872210459407,0.4152138537736396,0.263655491147499,0.27150553373590525,20240305_P013T_C005,P013T_C005,20240305,40x,0.324,0.324,0.324,107,0.8970222986900158,"(149.17218400015707, 199.15010642467627, 243.68709981667467)",40.663623549527216,6,107
98,14421.0,16317.0,"(199.58012620484016, 91.08647111850773, 272.0956937799043)",0.8838021695164552,490.490282304,365.36793003316393,0.8232036829011733,21.15082358444325,14.552584938269831,11.958055144646654,0.8217134753290336,0.6880386893763077,0.5653706626082393,0.38899688971278756,0.46457269202089485,20240305_P013T_C005,P013T_C005,20240305,40x,0.324,0.324,0.324,107,0.8967027989619157,"(149.17218400015707, 199.15010642467627, 243.68709981667467)",39.715790119430245,5,107
99,5407.0,6164.0,"(196.32346957647493, 110.3826521176253, 297.1614573700758)",0.877190136275146,183.904095168,190.58193353146692,0.8205971341181508,13.13617477185693,12.360748309811523,8.311050309437169,0.6723743661085755,0.9409701472831582,0.6326842063066064,0.5953369507920554,0.42540064216231166,20240305_P013T_C005,P013T_C005,20240305,40x,0.324,0.324,0.324,107,0.8793801573216752,"(149.17218400015707, 199.15010642467627, 243.68709981667467)",36.88823822330237,6,107
100,9518.0,11445.0,"(196.08131960495902, 304.6743013238075, 269.1062197940744)",0.8316295325469637,323.728348032,288.8476100769434,0.7893491882160317,16.991537947386796,14.433956043942912,10.020672748269275,0.6942429863138156,0.849479081213056,0.5897448941524683,0.5009759508347298,0.4094262564797347,20240305_P013T_C005,P013T_C005,20240305,40x,0.324,0.324,0.324,107,0.8780921255582926,"(149.17218400015707, 199.15010642467627, 243.68709981667467)",38.31148185898292,8,107
101,18551.0,20902.0,"(203.55544175516144, 125.55802921675381, 200.71764325373294)",0.8875227250980767,630.960767424,435.44417775616284,0.8169958938152753,21.661776099797006,16.815581474080766,13.595636043667582,0.8085141786279381,0.7762789808467435,0.6276325625854376,0.4872179660300535,0.5074498258189131,20240305_P013T_C005,P013T_C005,20240305,40x,0.324,0.324,0.324,107,0.917848094442348,"(149.17218400015707, 199.15010642467627, 243.68709981667467)",32.75399114150172,6,107
102,12819.0,14781.0,"(204.0424370075669, 309.09719946953743, 294.3664092362899)",0.8672620255733712,436.002699456,347.6167009142697,0.799913346545737,20.93686703196302,14.37636627002942,11.08308775123576,0.770924136396052,0.6866531772916126,0.5293575077071415,0.363485014590278,0.4080944794738945,20240305_P013T_C005,P013T_C005,20240305,40x,0.324,0.324,0.324,107,0.9204384947211005,"(149.17218400015707, 199.15010642467627, 243.68709981667467)",43.065804478900354,6,107
103,12487.0,14252.0,"(204.97357251541604, 144.50156162408905, 312.65780411628094)",0.8761577322481056,424.710641088,327.72749028562475,0.8337452010526388,16.027025028219022,15.541972516128904,13.127827919299847,0.8446693562014895,0.9697353369551692,0.8191057227517574,0.7943157640545829,0.6918735034976827,20240305_P013T_C005,P013T_C005,20240305,40x,0.324,0.324,0.324,107,0.9253913431671066,"(149.17218400015707, 199.15010642467627, 243.68709981667467)",33.76014151587292,5,107
104,28012.0,30737.0,"(206.52602456090247, 165.53152220476937, 109.797265457661)",0.9113446335035951,952.750418688,575.4787794766802,0.8136561464656649,24.427095004814475,22.734485449859907,12.545131252473489,0.5518106525938898,0.9307077016476596,0.5135744242203544,0.4779876719911461,0.28339583818456504,20240305_P013T_C005,P013T_C005,20240305,40x,0.324,0.324,0.324,107,0.9336490668133111,"(149.17218400015707, 199.15010642467627, 243.68709981667467)",48.4335677987315,3,107
105,13570.0,15454.0,"(209.4467207074429, 127.79587324981577, 270.0168754605748)",0.8780898149346448,461.54587968,381.04029339199735,0.7579777786552626,26.115793831390505,14.313944171905135,9.501828584436208,0.663816238929172,0.5480953121440308,0.3638345686821611,0.19941602149063792,0.24151929497500968,20240305_P013T_C005,P013T_C005,20240305,40x,0.324,0.324,0.324,107,0.9491846846140579,"(149.17218400015707, 199.15010642467627, 243.68709981667467)",31.44253230341856,5,107
106,19937.0,23134.0,"(208.9833977027637, 139.07498620655065, 225.61202788784672)",0.8618051352986945,678.101709888,512.7700090361178,0.7279329886646367,29.80222874462844,16.834964959999493,10.703298393640308,0.6357778836529655,0.5648894619344142,0.3591442266065243,0.20287678892461083,0.22833595631807707,20240305_P013T_C005,P013T_C005,20240305,40x,0.324,0.324,0.324,107,0.9467202005466154,"(149.17218400015707, 199.15010642467627, 243.68709981667467)",28.08373534928382,4,107
107,11323.0,14145.0,"(208.41905855338692, 341.88015543583856, 276.02490506049634)",0.8004948745139625,385.120412352,346.6801527718706,0.7383906190232346,25.250641728168432,12.370697098465977,10.265515057256223,0.8298251081201555,0.48991614675146283,0.40654471944784265,0.19917282243404155,0.3373610157714843,20240305_P013T_C005,P013T_C005,20240305,40x,0.324,0.324,0.324,107,0.9437183965605687,"(149.17218400015707, 199.15010642467627, 243.68709981667467)",51.15486257136311,4,107
1,23361.0,25943.0,"(46.67484268652883, 98.75266469757288, 95.25649586918368)",0.9004741163319585,794.559564864,526.3144441663586,0.7882363805134733,25.20045882170765,19.924307595695062,11.744149255978662,0.5894382627638292,0.7906327315966281,0.46602918379653724,0.36845792658880333,0.27469543249427614,20240305_P013T_B004a,P013T_B004a,20240305,40x,0.324,0.324,0.324,8,0.2520330544945213,"(70.7636698920498, 88.79339590714764, 78.44436386742086)",10.049780239159293,0,8
2,8141.0,10642.0,"(44.75912050116693, 77.28878516152807, 57.17049502518118)",0.7649877842510806,276.893515584,302.22718111238555,0.6797655132022826,19.562637389084223,15.87364771238538,7.376765374442156,0.46471772009192636,0.8114267722021333,0.37708439959932627,0.3059763772146607,0.1752378024640318,20240305_P013T_B004a,P013T_B004a,20240305,40x,0.324,0.324,0.324,8,0.22975721512984806,"(70.7636698920498, 88.79339590714764, 78.44436386742086)",11.506198241637401,0,8
3,19633.0,21655.0,"(62.878622727041204, 68.18871288137319, 97.1104772576784)",0.9066266451166013,667.761993792,448.78677386977165,0.8232376164318119,23.935519955279375,16.03930738297596,12.665823967602586,0.7896739968364238,0.6701048238326749,0.529164354535316,0.354595586574419,0.41786733082926936,20240305_P013T_B004a,P013T_B004a,20240305,40x,0.324,0.324,0.324,8,0.4404491014772233,"(70.7636698920498, 88.79339590714764, 78.44436386742086)",9.363267700628521,0,8
4,17020.0,18874.0,"(65.7430669800235, 110.13390129259695, 64.69024676850763)",0.9017696301790823,578.88805248,423.94794689815535,0.7923212655161264,27.138068426670966,15.16121100722571,10.277135718716249,0.6778571786790811,0.5586694958851771,0.37869812829479066,0.2115670924271108,0.2567032448169555,20240305_P013T_B004a,P013T_B004a,20240305,40x,0.324,0.324,0.324,8,0.47375659279097093,"(70.7636698920498, 88.79339590714764, 78.44436386742086)",8.38527624514844,0,8
5,10083.0,12956.0,"(67.72210651591789, 89.34523455320837, 43.82951502529009)",0.778249459709787,342.945254592,344.9480379860596,0.6868791134689813,22.43325089467518,15.927186639500482,7.437314666212142,0.46695721187614564,0.7099812111173331,0.33153084682779904,0.23538067215355582,0.1548107198856465,20240305_P013T_B004a,P013T_B004a,20240305,40x,0.324,0.324,0.324,8,0.49676868041764977,"(70.7636698920498, 88.79339590714764, 78.44436386742086)",11.259843272943911,0,8
6,23203.0,25060.0,"(79.99525923371978, 105.3729259147524, 102.02288497177089)",0.9258978451715882,789.1856334720001,508.56713192622846,0.8120609298994383,23.220492668690635,21.487963303334514,11.318625260005023,0.5267425814269048,0.9253879153179132,0.4874412193358196,0.4510722138011958,0.25675604616682773,20240305_P013T_B004a,P013T_B004a,20240305,40x,0.324,0.324,0.324,8,0.6394797585316253,"(70.7636698920498, 88.79339590714764, 78.44436386742086)",9.806285475697853,0,8
7,19928.0,22366.0,"(84.65771778402248, 62.248946206342836, 74.82637494981935)",0.8909952606635071,677.795599872,483.2224708315919,0.7722113244669209,22.786266088229127,20.30805447616275,10.873748805401327,0.5354402027119215,0.8912409956738561,0.47720625938878425,0.42530578175945655,0.25551541626252844,20240305_P013T_B004a,P013T_B004a,20240305,40x,0.324,0.324,0.324,8,0.6936943928374707,"(70.7636698920498, 88.79339590714764, 78.44436386742086)",9.777835923380415,0,8
8,23420.0,25128.0,"(94.43091374893254, 90.54555935098206, 58.03847139197267)",0.9320280165552371,796.56628608,481.2159635854716,0.8635590623703009,23.368080357303533,16.566840005538612,14.695149829920833,0.8870218958478481,0.7089516876109492,0.6288556700091955,0.44582828851673323,0.5578087486262252,20240305_P013T_B004a,P013T_B004a,20240305,40x,0.324,0.324,0.324,8,0.8073362063829365,"(70.7636698920498, 88.79339590714764, 78.44436386742086)",10.140780531580647,0,8
1,28322.0,34987.0,"(18.601546500953322, 112.69832638937928, 119.88210578348986)",0.8095006716780518,963.294208128,648.6439597595258,0.7271941541165768,31.895235067497776,18.465211200210366,12.750459954676183,0.6905125436383269,0.5789332218788688,0.3997606516363096,0.23143472203220478,0.2760397444079032,20241009_P013T_A004,P013T_A004,20241009,40x,0.324,0.324,0.324,14,0.09069283540964797,"(93.32310318949344, 118.66696435272046, 122.8365478424015)",24.30575442476157,1,14
2,26140.0,30681.0,"(23.74495026778883, 140.18362662586074, 142.899311400153)",0.8519930901861087,889.07953536,610.2546169880407,0.7327122625800626,27.12469477149692,21.177011832363327,11.480120569638855,0.5421029492033715,0.7807281154963072,0.4232350139365386,0.3304314748427271,0.22943694926112765,20241009_P013T_A004,P013T_A004,20241009,40x,0.324,0.324,0.324,14,0.12263944265707348,"(93.32310318949344, 118.66696435272046, 122.8365478424015)",24.475622661844252,1,14
3,6709.0,9934.0,"(40.74377701594872, 119.60172902071844, 68.62557758235207)",0.6753573585665391,228.188010816,289.9925881639401,0.6227194654512599,25.294742294409712,10.994864205334672,7.2550046964513655,0.6598539609912837,0.43466994355442007,0.2868186839782418,0.12467146117517541,0.18925844470935005,20241009_P013T_A004,P013T_A004,20241009,40x,0.324,0.324,0.324,14,0.22822221749036473,"(93.32310318949344, 118.66696435272046, 122.8365478424015)",24.470664118969797,0,14
4,22986.0,28563.0,"(54.19968676585748, 69.1118506917254, 88.70869224745498)",0.8047474004831425,781.804980864,635.550901525819,0.645752467056507,33.74776094497306,18.263521904592984,10.606224530655972,0.5807327078567839,0.5411772927505417,0.3142793546496256,0.17008085031667178,0.1825123006491596,20241009_P013T_A004,P013T_A004,20241009,40x,0.324,0.324,0.324,14,0.3117992966823446,"(93.32310318949344, 118.66696435272046, 122.8365478424015)",23.2537703434512,1,14
5,13288.0,16789.0,"(65.18851595424444, 94.66774533413606, 179.53190848886214)",0.7914706057537674,451.954432512,451.7367620393151,0.6304661730166865,29.02676245327715,17.794569730023717,6.843985324332423,0.38461089130944115,0.6130401128498811,0.23578190421163317,0.14454376516585946,0.09068428833347351,20241009_P013T_A004,P013T_A004,20241009,40x,0.324,0.324,0.324,14,0.3800528941257418,"(93.32310318949344, 118.66696435272046, 122.8365478424015)",21.931429162847927,0,14
6,21520.0,25817.0,"(81.80446096654275, 87.35125464684015, 58.57695167286246)",0.8335592826432195,731.94306048,578.466166423672,0.678981112347243,32.69277636014169,18.555010947551104,9.555078240462548,0.5149594504401858,0.5675569044106319,0.29226879158883207,0.16587917060999363,0.15050657629740216,20241009_P013T_A004,P013T_A004,20241009,40x,0.324,0.324,0.324,14,0.4832575215313214,"(93.32310318949344, 118.66696435272046, 122.8365478424015)",23.45958798002007,1,14
7,12914.0,16215.0,"(90.13071085643487, 132.83544989933407, 185.72456249032058)",0.796423065063213,439.233860736,479.93576981531373,0.5822348725656207,27.360867178361076,22.316133079823032,5.690923460290954,0.25501387000762965,0.81562228763978,0.20799499603549637,0.16964535448409848,0.053041608881233514,20241009_P013T_A004,P013T_A004,20241009,40x,0.324,0.324,0.324,14,0.5349733593567384,"(93.32310318949344, 118.66696435272046, 122.8365478424015)",20.912034628904603,1,14
8,16353.0,22635.0,"(111.57072096862962, 191.87849324283007, 105.38158136121812)",0.722465208747515,556.2018990720001,522.0318563256719,0.6265303254590969,33.13489511459461,18.766513517877378,7.994469552641283,0.4259965254081735,0.5663670717222663,0.24127040465928726,0.13664761258012675,0.10278035406868037,20241009_P013T_A004,P013T_A004,20241009,40x,0.324,0.324,0.324,14,0.6681411240287554,"(93.32310318949344, 118.66696435272046, 122.8365478424015)",25.091869044464946,1,14
9,14453.0,19054.0,"(116.19629142738532, 183.07361793399295, 139.84162457621255)",0.758528392988349,491.578673472,470.1540486271698,0.6406772455082458,31.11610986218749,17.876566422610086,7.187481313540634,0.402061623223685,0.5745116115666442,0.23098907110734015,0.13270590349616015,0.09287184087634838,20241009_P013T_A004,P013T_A004,20241009,40x,0.324,0.324,0.324,14,0.6968713753253747,"(93.32310318949344, 118.66696435272046, 122.8365478424015)",22.81975127619081,1,14
10,35087.0,59000.0,"(137.9078006099125, 67.20144212956366, 156.8267734488557)",0.5946949152542372,1193.386903488,987.3730901565393,0.5510491658949783,44.21755977396924,25.81550762197486,12.048204979065616,0.4667041669484685,0.5838293147323879,0.2724755739722743,0.15907922763354695,0.1271654857645361,20241009_P013T_A004,P013T_A004,20241009,40x,0.324,0.324,0.324,14,0.8317254696267857,"(93.32310318949344, 118.66696435272046, 122.8365478424015)",24.657721208821552,0,14
11,14090.0,21653.0,"(142.708303761533, 68.14187366926899, 88.48836053938963)",0.6507181452916455,479.23223616,497.11303185491994,0.5957439746958341,31.869827535526493,19.025066544357895,8.536820249389086,0.44871434375722485,0.596961703766672,0.2678652791538571,0.15990531342362177,0.12019499295086883,20241009_P013T_A004,P013T_A004,20241009,40x,0.324,0.324,0.324,14,0.8615422593884037,"(93.32310318949344, 118.66696435272046, 122.8365478424015)",25.453042410445253,0,14
12,21531.0,25419.0,"(143.2563280850866, 161.11615809762668, 79.1275370396173)",0.8470435501003186,732.317194944,559.9019716866771,0.701732539517887,29.265101746721083,21.861419775580913,8.745650413176646,0.40004951658928806,0.7470132844499783,0.2988423033299901,0.2232391705431326,0.11955171898359195,20241009_P013T_A004,P013T_A004,20241009,40x,0.324,0.324,0.324,14,0.864946137174451,"(93.32310318949344, 118.66696435272046, 122.8365478424015)",25.523589436687733,1,14
13,14270.0,20524.0,"(146.03027330063068, 128.3302032235459, 175.3687456201822)",0.6952835704541025,485.35443648,509.93396886807227,0.5857012944340801,28.505174572937474,21.593261293817854,7.231863322054715,0.33491297232276795,0.7575207525414799,0.253703526829847,0.19218568656657325,0.08496860225935317,20241009_P013T_A004,P013T_A004,20241009,40x,0.324,0.324,0.324,14,0.8821756105629235,"(93.32310318949344, 118.66696435272046, 122.8365478424015)",24.313076944467998,0,14
14,18837.0,22139.0,"(153.50406115623508, 165.7524021871848, 125.34458777937039)",0.8508514386376982,640.688263488,511.48090536692445,0.7026718328306595,31.798234127855846,17.00757257527037,9.12127930880503,0.5363069461227937,0.5348590272933245,0.2868486115338908,0.1534235693454575,0.15383890285130455,20241009_P013T_A004,P013T_A004,20241009,40x,0.324,0.324,0.324,14,0.9285966531443173,"(93.32310318949344, 118.66696435272046, 122.8365478424015)",24.770804235937128,2,14
1,16955.0,18575.0,"(38.44700678265998, 113.49053376585078, 111.64612208787968)",0.91278600269179,576.67725792,397.4821010735795,0.842924022210568,20.240380392172618,15.329439322187863,13.315213844289207,0.8686040998914252,0.7573691316649405,0.6578539328953759,0.49823826191933684,0.571414623242622,20241009_P013T_A006,P013T_A006,20241009,40x,0.324,0.324,0.324,38,0.07114818403523801,"(131.50283072756426, 123.91682490952037, 119.44919136247648)",30.443902413959854,0,38
2,19262.0,21522.0,"(50.15730453743121, 149.11504516664937, 86.74883189699928)",0.8949911718241799,655.143458688,442.3529064362751,0.8246560424015368,21.06271113615956,16.47574835381122,13.727285258165683,0.8331812894550702,0.7822235346297068,0.6517340132248819,0.5098016834631712,0.543012585520435,20241009_P013T_A006,P013T_A006,20241009,40x,0.324,0.324,0.324,38,0.13310743141497997,"(131.50283072756426, 123.91682490952037, 119.44919136247648)",29.55575957515482,0,38
3,22013.0,25265.0,"(60.38172897833098, 134.59483032753374, 166.23090900831326)",0.8712843855135564,748.711086912,509.1938301540296,0.7830878779854135,18.99768981452349,18.853338465450918,15.312080683580229,0.8121681320069595,0.9924016366999414,0.8059969834792408,0.7998727255800142,0.6546050644755792,20241009_P013T_A006,P013T_A006,20241009,40x,0.324,0.324,0.324,38,0.18720491522926447,"(131.50283072756426, 123.91682490952037, 119.44919136247648)",27.79753844894065,1,38
4,1264.0,2968.0,"(52.01977848101266, 88.82199367088607, 165.69224683544303)",0.42587601078167114,42.991451136,141.6768892512082,0.4188962908591117,12.167855338424893,9.337173718985804,5.637446966268622,0.6037637443550699,0.767363965077718,0.4633065408384761,0.35552474422425473,0.2797276918808334,20241009_P013T_A006,P013T_A006,20241009,40x,0.324,0.324,0.324,38,0.14296179090482888,"(131.50283072756426, 123.91682490952037, 119.44919136247648)",31.889934261051536,1,38
5,14776.0,17088.0,"(63.58615322144017, 59.9074851109908, 116.14706280454791)",0.8647003745318352,502.564621824,390.94458831428057,0.781922170893706,19.332037207306758,15.186875388222346,12.491841896894476,0.8225419368741308,0.7855807034388645,0.6461730733775458,0.5076210975271854,0.5315044513318764,20241009_P013T_A006,P013T_A006,20241009,40x,0.324,0.324,0.324,38,0.2041595408541808,"(131.50283072756426, 123.91682490952037, 119.44919136247648)",30.256768611158144,1,38
6,16378.0,23098.0,"(63.87623641470265, 87.83532787886189, 168.44663573085847)",0.7090657199757555,557.052204672,553.9073526351995,0.5910772707755462,24.502704898859765,16.05505900314557,11.979459811422121,0.7461486008288764,0.6552361900213185,0.48890356639685056,0.3203473101337071,0.3647947120072577,20241009_P013T_A006,P013T_A006,20241009,40x,0.324,0.324,0.324,38,0.2056943725645643,"(131.50283072756426, 123.91682490952037, 119.44919136247648)",29.475062371015884,3,38
7,4057.0,5215.0,"(67.01281735272369, 163.97214690658123, 135.836578752773)",0.777948226270374,137.987592768,179.33170098446968,0.7200905013090028,13.39988266205944,11.216096448144652,6.990135343329494,0.6232235408858124,0.8370294524967758,0.5216564592107535,0.4366418204445837,0.3251085856352812,20241009_P013T_A006,P013T_A006,20241009,40x,0.324,0.324,0.324,38,0.22229003890329993,"(131.50283072756426, 123.91682490952037, 119.44919136247648)",25.16363706122614,3,38
8,3265.0,4240.0,"(68.06523736600306, 176.24502297090353, 124.6395099540582)",0.7700471698113207,111.04991136,156.01907446331285,0.7161190684616956,12.248096054376704,10.852074157422045,6.509887445103837,0.5998749502325819,0.8860213137815972,0.5315019915097424,0.4709220927949974,0.31883473070542495,20241009_P013T_A006,P013T_A006,20241009,40x,0.324,0.324,0.324,38,0.22785839876192096,"(131.50283072756426, 123.91682490952037, 119.44919136247648)",26.697104501376632,2,38
9,17308.0,19296.0,"(93.58857175872429, 133.44979200369772, 46.766639704183035)",0.8969734660033167,588.683572992,460.9607986060296,0.7368991845042393,25.44262457492529,19.921777509263972,8.351968549489674,0.4192381199722698,0.7830079577913385,0.3282667841477671,0.25703550426627325,0.13762194943545275,20241009_P013T_A006,P013T_A006,20241009,40x,0.324,0.324,0.324,38,0.36290249607790626,"(131.50283072756426, 123.91682490952037, 119.44919136247648)",26.739564752661398,0,38
10,12939.0,14227.0,"(93.32398176056883, 59.92781513254502, 153.20017002859572)",0.9094679131229353,440.084166336,356.0228321982496,0.7858930282012735,20.743344157267977,17.610675346121322,8.566452700275832,0.4864352179521927,0.8489795672580093,0.412973560836108,0.3506061149676381,0.20088488407380528,20241009_P013T_A006,P013T_A006,20241009,40x,0.324,0.324,0.324,38,0.36150254899771866,"(131.50283072756426, 123.91682490952037, 119.44919136247648)",26.503410800380983,1,38
11,12573.0,14212.0,"(100.37493040642647, 165.09655611230414, 169.9201463453432)",0.8846749226006192,427.63569235200004,377.4768466972397,0.7271819719761259,25.651189124393035,15.378958459831368,7.844018390843237,0.5100487403832449,0.5995417360673828,0.3057955072883524,0.18333716932126481,0.15597061330727954,20241009_P013T_A006,P013T_A006,20241009,40x,0.324,0.324,0.324,38,0.39880915558955804,"(131.50283072756426, 123.91682490952037, 119.44919136247648)",23.390990863968923,2,38
12,7702.0,9342.0,"(96.81433393923656, 179.4826019215788, 148.7842118930148)",0.8244487261828303,261.962149248,272.40645408666154,0.7268181457728793,16.288386445071232,13.803991314213993,8.61966680823843,0.6244329347963834,0.8474744481759885,0.529190956839478,0.44847581412725995,0.3304442622469816,20241009_P013T_A006,P013T_A006,20241009,40x,0.324,0.324,0.324,38,0.3799700208425215,"(131.50283072756426, 123.91682490952037, 119.44919136247648)",23.254513585141108,2,38
13,16335.0,18064.0,"(101.45889194980104, 183.50994796449342, 85.93333333333334)",0.9042847652790079,555.58967904,411.99571793768246,0.7932818816152738,23.11277725225647,17.503375932660852,9.837475246372684,0.5620330206138238,0.757303016492837,0.4256293018794296,0.32233035422103246,0.2392177221970489,20241009_P013T_A006,P013T_A006,20241009,40x,0.324,0.324,0.324,38,0.40454440185079915,"(131.50283072756426, 123.91682490952037, 119.44919136247648)",24.196729795263135,1,38
14,14068.0,16307.0,"(107.86543929485357, 40.11103212965595, 103.43140460619847)",0.8626970012877905,478.483967232,462.9834327248415,0.6389942262745693,24.789299036232162,22.83954584139226,6.201931733505805,0.2715435664340577,0.9213469815346479,0.2501858452891722,0.2305079733798732,0.0679363567011412,20241009_P013T_A006,P013T_A006,20241009,40x,0.324,0.324,0.324,38,0.438441477750548,"(131.50283072756426, 123.91682490952037, 119.44919136247648)",28.685816553938857,0,38
15,14906.0,17106.0,"(109.84556554407621, 103.90715148262444, 183.8126928753522)",0.8713901555009939,506.986210944,394.1899104771653,0.7800265505008789,23.64086730344494,13.949612624185637,11.199788398106273,0.8028745098403838,0.5900634881594595,0.4737469338307332,0.27954076828101115,0.38035933728773463,20241009_P013T_A006,P013T_A006,20241009,40x,0.324,0.324,0.324,38,0.4489183362120434,"(131.50283072756426, 123.91682490952037, 119.44919136247648)",22.937928889161853,0,38
16,13227.0,14279.0,"(126.05072956830725, 167.90322824525592, 58.025024570953356)",0.9263253729252748,449.879686848,353.1504195085352,0.8039986523233514,20.69785950379249,17.727676162398936,8.72397882151706,0.49211068284409126,0.8564980431503401,0.4214918368693418,0.36100693348243357,0.20742063565498212,20241009_P013T_A006,P013T_A006,20241009,40x,0.324,0.324,0.324,38,0.5346599448058584,"(131.50283072756426, 123.91682490952037, 119.44919136247648)",24.54170578690111,2,38
17,13764.0,15344.0,"(141.6485759953502, 188.85251380412672, 114.77804417320546)",0.8970281543274244,468.14425113600004,392.49452769698087,0.7428543112271236,25.24595603393815,16.72465898376821,8.007812612929273,0.4788027439424085,0.6624688310985429,0.3171918941063023,0.2101297433225349,0.15187234925438742,20241009_P013T_A006,P013T_A006,20241009,40x,0.324,0.324,0.324,38,0.6171882327796306,"(131.50283072756426, 123.91682490952037, 119.44919136247648)",21.348132218572303,1,38
18,17082.0,18849.0,"(145.06486359911017, 153.9387659524646, 174.9484252429458)",0.9062549737386599,580.996810368,444.50322328007087,0.7575158227673052,28.738559771698515,16.698726488262164,8.702836153091024,0.52116765665983,0.5810564837249403,0.3028278460099278,0.17596008337652636,0.15782407887633793,20241009_P013T_A006,P013T_A006,20241009,40x,0.324,0.324,0.324,38,0.6352638285667205,"(131.50283072756426, 123.91682490952037, 119.44919136247648)",20.910957592625504,2,38
19,14410.0,16670.0,"(149.24739764052742, 91.09909784871617, 52.86821651630812)",0.8644271145770845,490.11614784,443.1434950036014,0.6783790387634656,25.915949130463368,19.98650947038389,7.0266361984628505,0.35156895249142706,0.7712049969603617,0.27113173293750853,0.2090981472759289,0.09532149933602523,20241009_P013T_A006,P013T_A006,20241009,40x,0.324,0.324,0.324,38,0.6573936383096688,"(131.50283072756426, 123.91682490952037, 119.44919136247648)",24.728012564388553,0,38
20,15128.0,16611.0,"(154.47071655208885, 56.823704389212054, 159.12169487043892)",0.9107218108482331,514.536924672,389.4598961680175,0.7973195477125898,22.926651695854442,16.86883229680986,9.59111495039943,0.568570176147477,0.7357739159033001,0.4183391049698582,0.3078030014391543,0.23785513860209015,20241009_P013T_A006,P013T_A006,20241009,40x,0.324,0.324,0.324,38,0.6850302463073484,"(131.50283072756426, 123.91682490952037, 119.44919136247648)",26.327702788863718,1,38
21,12137.0,13711.0,"(165.27898162643157, 244.52632446238775, 7.039136524676609)",0.8852016628984027,412.80636268800004,328.8976413788045,0.815181447567682,26.843117700000874,13.556641109236898,8.617733386364085,0.6356835234424213,0.5050322865155286,0.3210407033443736,0.1621359204745625,0.2040802854703845,20241009_P013T_A006,P013T_A006,20241009,40x,0.324,0.324,0.324,38,0.7422168340022834,"(131.50283072756426, 123.91682490952037, 119.44919136247648)",54.52786218948867,1,38
22,12995.0,14320.0,"(163.56344747979992, 127.797075798384, 185.42216237014236)",0.9074720670391061,441.98885088000003,343.1700526781053,0.8176779492806331,20.029982800061298,16.60988828236062,9.554386010179662,0.575222773793502,0.8292512503959709,0.4770042044245002,0.3955563329631521,0.2743836815802237,20241009_P013T_A006,P013T_A006,20241009,40x,0.324,0.324,0.324,38,0.7331399337555551,"(131.50283072756426, 123.91682490952037, 119.44919136247648)",23.798836373971973,2,38
23,11284.0,12419.0,"(165.06956752924495, 178.43521800779865, 85.17928039702234)",0.9086077784040583,383.793935616,317.3494010460937,0.804782480539816,19.847944296676836,15.826627058324366,8.71778988652786,0.5508305625956192,0.7973937664151061,0.4392288569646727,0.35023835257326225,0.24194067839008138,20241009_P013T_A006,P013T_A006,20241009,40x,0.324,0.324,0.324,38,0.741108822906058,"(131.50283072756426, 123.91682490952037, 119.44919136247648)",23.528307579158138,2,38
24,11441.0,12553.0,"(167.73157940739446, 160.02779477318416, 64.41832007691636)",0.9114155978650522,389.133854784,323.4694365320751,0.7968627942291404,19.440631552780303,16.19737006133982,8.897473412425885,0.5493159308412998,0.8331709809614366,0.4576740929567904,0.38132077298944483,0.2514076703945069,20241009_P013T_A006,P013T_A006,20241009,40x,0.324,0.324,0.324,38,0.755193541838066,"(131.50283072756426, 123.91682490952037, 119.44919136247648)",24.3429916962979,3,38
25,4497.0,10749.0,"(162.37158105403603, 52.51145207916389, 104.45630420280187)",0.41836449902316497,152.952971328,269.7047986572545,0.5128228835525448,19.4585643423877,14.256833995168932,8.332297704929967,0.5844423599063753,0.7326765605267423,0.42820721808233553,0.31373739173729026,0.2502624370649841,20241009_P013T_A006,P013T_A006,20241009,40x,0.324,0.324,0.324,38,0.7268337621906669,"(131.50283072756426, 123.91682490952037, 119.44919136247648)",25.66847683583246,3,38
26,1564.0,2243.0,"(162.24936061381075, 48.45460358056266, 118.2237851662404)",0.6972804279982167,53.195118336,105.84001836580376,0.6462720949894264,10.963589427209659,6.632860377476544,6.233408865973043,0.939776885269599,0.6049898549662008,0.5685554815198427,0.3439702983049281,0.5343152995256748,20241009_P013T_A006,P013T_A006,20241009,40x,0.324,0.324,0.324,38,0.7261870931947659,"(131.50283072756426, 123.91682490952037, 119.44919136247648)",26.40430554150297,3,38
27,1199.0,2665.0,"(163.03919933277732, 44.22185154295246, 96.3002502085071)",0.449906191369606,40.780656576,121.83105757216099,0.47028621918412883,13.663510474876022,6.629877880873967,5.808650402147813,0.8761323370532583,0.48522507397090603,0.4251213780549701,0.2062795521133364,0.37246258648660274,20241009_P013T_A006,P013T_A006,20241009,40x,0.324,0.324,0.324,38,0.7303661340358588,"(131.50283072756426, 123.91682490952037, 119.44919136247648)",28.764384978931957,3,38
28,11235.0,12192.0,"(174.16706720071207, 128.50574098798398, 54.87245215843347)",0.921505905511811,382.12733664,305.516766996161,0.8335298293064127,18.932633188049273,15.71262854883737,9.153747773182058,0.5825726577020988,0.8299230430744073,0.48349047289207087,0.40125988456007167,0.28166832976637823,20241009_P013T_A006,P013T_A006,20241009,40x,0.324,0.324,0.324,38,0.7892437418027094,"(131.50283072756426, 123.91682490952037, 119.44919136247648)",25.1208683095704,3,38
29,19177.0,21112.0,"(183.04390676331022, 72.09527037597121, 175.66141732283464)",0.9083459643804471,652.252419648,431.20476035061665,0.8434856732117566,20.750206274444203,16.695066332345597,13.587513210157573,0.8138639847050296,0.8045735117779101,0.6548134042836891,0.5268455202437762,0.5329290464485887,20241009_P013T_A006,P013T_A006,20241009,40x,0.324,0.324,0.324,38,0.8362111468958212,"(131.50283072756426, 123.91682490952037, 119.44919136247648)",29.874434680431857,2,38
30,16848.0,18181.0,"(183.70518755935421, 162.56261870845205, 125.20845204178538)",0.9266817006765304,573.037949952,398.78198334709833,0.836637869312346,24.275857900068612,14.660990420935308,11.552524219851835,0.7879770662257095,0.6039329477576927,0.4758853123711514,0.2874028194948998,0.3749867123021252,20241009_P013T_A006,P013T_A006,20241009,40x,0.324,0.324,0.324,38,0.8397099870865302,"(131.50283072756426, 123.91682490952037, 119.44919136247648)",21.12657029937917,1,38
31,12529.0,13876.0,"(185.05587038071673, 107.46300582648256, 184.98714981243515)",0.9029259152493514,426.139154496,327.3213869150492,0.8366504231442059,19.50175571536713,14.034295351734903,11.463832929744772,0.8168442121554487,0.7196426596953044,0.5878359413922625,0.4230318203280208,0.48017038642321924,20241009_P013T_A006,P013T_A006,20241009,40x,0.324,0.324,0.324,38,0.8468564570408292,"(131.50283072756426, 123.91682490952037, 119.44919136247648)",27.935264623520137,2,38
32,10359.0,11133.0,"(184.8962255043923, 78.76049811757892, 83.22338063519645)",0.9304769603880356,352.33262841600003,273.8743484420014,0.8808487510947909,16.57568674137266,13.404614575018275,11.253311709198352,0.8395102780628073,0.8086913552462693,0.6789047045097841,0.5490243655730853,0.5699474772611568,20241009_P013T_A006,P013T_A006,20241009,40x,0.324,0.324,0.324,38,0.8460117751555148,"(131.50283072756426, 123.91682490952037, 119.44919136247648)",25.51643032833236,5,38
33,1253.0,1967.0,"(186.35195530726256, 227.74301675977654, 2.28731045490822)",0.6370106761565836,42.617316672,118.80071467051239,0.4966561363066927,17.007841674531793,9.515871507543181,2.2733175948454916,0.2388974665161719,0.5594990645869322,0.13366290904798614,0.07478427258231646,0.031931730338745405,20241009_P013T_A006,P013T_A006,20241009,40x,0.324,0.324,0.324,38,0.8537140492447755,"(131.50283072756426, 123.91682490952037, 119.44919136247648)",53.744179047054324,1,38
34,15084.0,16421.0,"(190.8620392468841, 122.11184036064704, 84.8658180853885)",0.9185798672431642,513.040386816,372.66554763730034,0.8316346629405962,21.04452237899407,16.86463393353759,10.363724813485035,0.6145241488387944,0.8013787925342176,0.49246662037955086,0.3946523056031714,0.3026326307202611,20241009_P013T_A006,P013T_A006,20241009,40x,0.324,0.324,0.324,38,0.877576927232191,"(131.50283072756426, 123.91682490952037, 119.44919136247648)",22.266093079194164,2,38
35,12049.0,13345.0,"(198.53074943978754, 146.2816001327911, 139.6494314880903)",0.9028849756463094,409.81328697600003,325.9536316962427,0.8185634023622759,20.36812971258507,14.758070537250845,10.10424246445801,0.6846587729035373,0.7245667984985446,0.4960810151466581,0.359443832940722,0.339646219091052,20241009_P013T_A006,P013T_A006,20241009,40x,0.324,0.324,0.324,38,0.9181521134380293,"(131.50283072756426, 123.91682490952037, 119.44919136247648)",23.811189098427647,2,38
36,5731.0,6800.0,"(197.86145524341302, 54.75309719071715, 101.56901064386669)",0.8427941176470588,194.92405574400001,202.6200307929804,0.8023774353514441,14.343952055496873,11.876324137744826,8.797607396268685,0.7407685487724696,0.8279673615608325,0.6133321808543885,0.5078190275423593,0.4543371895269592,20241009_P013T_A006,P013T_A006,20241009,40x,0.324,0.324,0.324,38,0.9146108743037726,"(131.50283072756426, 123.91682490952037, 119.44919136247648)",31.590895792678154,3,38
37,14739.0,15902.0,"(200.0290386050614, 88.8606418345885, 115.57955085148247)",0.9268645453402088,501.306169536,357.93472148834314,0.852607198277612,20.95013493316045,15.582774435410023,10.935732526435233,0.7017834065277275,0.7438030583156379,0.5219886440504904,0.3882567498507876,0.36632296879054255,20241009_P013T_A006,P013T_A006,20241009,40x,0.324,0.324,0.324,38,0.9260795693389492,"(131.50283072756426, 123.91682490952037, 119.44919136247648)",24.970609279737168,4,38
38,11884.0,12886.0,"(204.3083136990912, 117.3929653315382, 137.00193537529452)",0.9222411919913084,404.201270016,314.546972420452,0.8404858332577657,20.53646174792342,14.451876631422174,9.732343126066205,0.6734310964781928,0.7037179436659045,0.4739055464143091,0.3334958366145444,0.3191427317488852,20241009_P013T_A006,P013T_A006,20241009,40x,0.324,0.324,0.324,38,0.948721236503128,"(131.50283072756426, 123.91682490952037, 119.44919136247648)",24.356737263505753,2,38
1,65589.0,81877.0,"(72.28484959368187, 152.51372943633842, 152.37172391712025)",0.8010674548407978,1152.7922640000002,830.4683598125824,0.6402187698772633,31.408940452592024,28.536634013975153,18.958925649974226,0.664371475650896,0.9085513106386932,0.6036155749535843,0.5484157217460074,0.4010249702577769,20241023_P021N_A006,P021N_A006,20241023,25x,0.26,0.26,0.26,17,0.08052499870599321,"(214.1635186340268, 166.68084746833878, 171.8233937202382)",37.41528409621179,0,17
2,47302.0,56020.0,"(134.47731596972645, 134.4087987822925, 260.7780432117035)",0.8443770082113531,831.3799520000001,645.2280744725651,0.6626800564672646,53.32849028920094,18.749246369719785,12.034974383667711,0.6418911003860034,0.35158029541137265,0.22567626269564212,0.07934332710586837,0.14485958459270648,20241023_P021N_A006,P021N_A006,20241023,25x,0.26,0.26,0.26,17,0.2785901782475364,"(214.1635186340268, 166.68084746833878, 171.8233937202382)",32.16474878623733,1,17
3,42868.0,52366.0,"(125.5293225716152, 226.03438462256227, 220.15974619762994)",0.8186227704999427,753.4479680000001,655.3936313716857,0.6109665283894498,45.50616014178209,24.482732530917215,9.909134394813513,0.4047397234887931,0.5380091938022709,0.2177536923339596,0.11715348846006136,0.08813356922391054,20241023_P021N_A006,P021N_A006,20241023,25x,0.26,0.26,0.26,17,0.25009338398603564,"(214.1635186340268, 166.68084746833878, 171.8233937202382)",30.449170519560184,0,17
4,40525.0,47471.0,"(119.4785194324491, 181.0036767427514, 253.06714373843306)",0.8536790882854796,712.2674000000001,553.9483287711016,0.6962687650820314,34.00257388849491,22.606572448206684,13.190638158454473,0.5834868681961934,0.6648488588640589,0.38793057848240275,0.2579152024224997,0.22635239831623483,20241023_P021N_A006,P021N_A006,20241023,25x,0.26,0.26,0.26,17,0.2308233102944239,"(214.1635186340268, 166.68084746833878, 171.8233937202382)",32.65142424791004,0,17
5,45349.0,54285.0,"(143.5353370526362, 238.4703521577102, 156.68321241923746)",0.8353873077277333,797.054024,660.541726900846,0.6293743500967535,47.101821074971404,22.500679111725205,10.739758856733332,0.47730820938363566,0.4777029549645468,0.22801154205139937,0.10892178740397651,0.10883178085535497,20241023_P021N_A006,P021N_A006,20241023,25x,0.26,0.26,0.26,17,0.307437379148523,"(214.1635186340268, 166.68084746833878, 171.8233937202382)",26.478288313714017,0,17
6,42417.0,48658.0,"(183.29577763632506, 142.22292948581938, 73.16729141617748)",0.8717374326934934,745.521192,587.178601254657,0.6771536646947541,35.39313660473805,29.54990425519223,10.13759656598082,0.3430669852068822,0.8349049304445205,0.28642831742196334,0.23914041443452536,0.09826409933583288,20241023_P021N_A006,P021N_A006,20241023,25x,0.26,0.26,0.26,17,0.434062986102946,"(214.1635186340268, 166.68084746833878, 171.8233937202382)",27.618846439927598,0,17
7,28442.0,33215.0,"(179.25026369453624, 189.82511778355953, 259.7603895647282)",0.8562998645190426,499.89659200000006,436.91623949135857,0.697171119585682,26.614689198162893,24.827830399231534,10.922999019618533,0.43994980004199724,0.9328619325355602,0.4104124206858108,0.38285812389756274,0.1805608624154745,20241023_P021N_A006,P021N_A006,20241023,25x,0.26,0.26,0.26,17,0.4211791837405613,"(214.1635186340268, 166.68084746833878, 171.8233937202382)",25.324998146819798,0,17
8,43258.0,50165.0,"(200.49898284710343, 69.48989782236812, 190.74661334319663)",0.8623143626034088,760.3026080000001,579.95065152953,0.6946255238182695,32.38826442701158,27.521987506614934,12.409808831945778,0.4509052563505114,0.8497518466491769,0.38315757424766755,0.3255888562745746,0.17276776423878462,20241023_P021N_A006,P021N_A006,20241023,25x,0.26,0.26,0.26,17,0.48885026384427843,"(214.1635186340268, 166.68084746833878, 171.8233937202382)",25.98815231455547,0,17
9,29367.0,33005.0,"(207.29505907991964, 203.607586747029, 94.81475806177001)",0.8897742766247538,516.154392,409.5491056711547,0.7597975590787673,31.176500488134714,18.152546373430518,12.691615176181156,0.6991644541262593,0.582250929039938,0.4070891529667156,0.23702803751695156,0.284622265414695,20241023_P021N_A006,P021N_A006,20241023,25x,0.26,0.26,0.26,17,0.5104938187258588,"(214.1635186340268, 166.68084746833878, 171.8233937202382)",22.27684153742148,1,17
10,39991.0,45894.0,"(228.37640969218074, 92.42669600660149, 119.3830361831412)",0.8713775221161808,702.8818160000001,518.2402844415539,0.7376910154811086,32.839485728037104,24.440607977304364,12.503674945724887,0.5115942679222973,0.7442445408466888,0.3807512410296281,0.28337203255690246,0.19479015241505876,20241023_P021N_A006,P021N_A006,20241023,25x,0.26,0.26,0.26,17,0.5776318780005756,"(214.1635186340268, 166.68084746833878, 171.8233937202382)",23.922368680761625,0,17
11,27990.0,31562.0,"(240.1599142550911, 167.39178277956412, 92.70489460521615)",0.8868259299157214,491.95224,387.3433264809376,0.778042537303785,27.385724699801536,19.635155629059998,12.738757843284608,0.6487729501074729,0.7169850659165611,0.46516051639768824,0.3335131435111781,0.30178356049684374,20241023_P021N_A006,P021N_A006,20241023,25x,0.26,0.26,0.26,17,0.6151589625958316,"(214.1635186340268, 166.68084746833878, 171.8233937202382)",21.6535750479355,1,17
12,30661.0,35427.0,"(267.26841916441083, 193.37979844101628, 223.35983823097746)",0.8654698393880373,538.897736,452.51461524221423,0.707710686133263,33.16666425285566,21.253435096602754,10.956518845507977,0.5155175526077344,0.640807134976585,0.3303473259167032,0.21168892346785873,0.1702998449670884,20241023_P021N_A006,P021N_A006,20241023,25x,0.26,0.26,0.26,17,0.7014917807783784,"(214.1635186340268, 166.68084746833878, 171.8233937202382)",20.454201084338994,0,17
13,21520.0,24424.0,"(268.639126394052, 217.96198884758365, 168.3143587360595)",0.8811005568293482,378.23552,328.46622088202565,0.7700193130341014,27.467874747644263,16.562189879553006,11.980538882037788,0.7233668354948922,0.602965829417634,0.43616548393738686,0.26299288278565014,0.31550764586788577,20241023_P021N_A006,P021N_A006,20241023,25x,0.26,0.26,0.26,17,0.7058570904269174,"(214.1635186340268, 166.68084746833878, 171.8233937202382)",19.473393604781965,0,17
14,23920.0,26453.0,"(284.98670568561874, 154.99435618729098, 123.78515886287626)",0.9042452651873133,420.41792000000004,344.51137661502776,0.7877735034695176,25.84766643503942,19.581720438346125,11.555944171793808,0.5901393704489953,0.7575817525949228,0.4470788185400143,0.3386987548976115,0.26383881251428465,20241023_P021N_A006,P021N_A006,20241023,25x,0.26,0.26,0.26,17,0.7579194448586584,"(214.1635186340268, 166.68084746833878, 171.8233937202382)",22.456791533326548,1,17
15,28444.0,31486.0,"(286.5560047813247, 130.4884685698214, 206.67033469272957)",0.9033856317093312,499.93174400000004,375.39225457143414,0.8114702942827048,25.284723292026175,20.404246599239382,13.81334949761211,0.676984049885333,0.8069792326212284,0.5463120690732775,0.4408624942724689,0.36984455702246316,20241023_P021N_A006,P021N_A006,20241023,25x,0.26,0.26,0.26,17,0.7629172126793781,"(214.1635186340268, 166.68084746833878, 171.8233937202382)",22.9108094007548,0,17
16,67456.0,81441.0,"(327.108959914611, 186.00081534629982, 143.73603534155598)",0.828280595768716,1185.6066560000002,779.254036339481,0.6951824768461142,43.67812754719555,28.09137243913388,14.664269080927836,0.5220203858925437,0.643145070923205,0.3357348381082189,0.21592620626650122,0.17526042974682313,20241023_P021N_A006,P021N_A006,20241023,25x,0.26,0.26,0.26,17,0.8920667513204171,"(214.1635186340268, 166.68084746833878, 171.8233937202382)",30.674307637371662,1,17
17,102763.0,109997.0,"(326.47105475706235, 172.59288849099383, 175.48508704494807)",0.9342345700337282,1806.1624880000002,812.041982783013,0.8832361859391343,44.38096471661359,27.787528090228243,21.038901419864782,0.7571346883231157,0.626113656331275,0.47405236804122625,0.2968106614467914,0.35892149192572875,20241023_P021N_A006,P021N_A006,20241023,25x,0.26,0.26,0.26,17,0.8900352062326826,"(214.1635186340268, 166.68084746833878, 171.8233937202382)",29.255884533593015,1,17
1,2292.0,3782.0,"(2.468150087260035, 175.60122164048866, 82.2260034904014)",0.6060285563194078,40.284192000000004,94.30545510793917,0.6026110356780848,14.559928451793759,12.24445255152639,4.279157432588623,0.3494772358814184,0.8409692803138668,0.2938996195452759,0.24716055153350988,0.1027112266652835,20241023_P021N_A007,P021N_A007,20241023,25x,0.26,0.26,0.26,27,0.01059291882944221,"(128.20785000578252, 137.28206543018416, 245.2466666945342)",54.447852991513564,0,27
2,20919.0,24496.0,"(49.967302452316076, 113.52287394234907, 220.0401548831206)",0.8539761593729589,367.672344,334.59575114711737,0.7417729840279106,23.293361856011167,16.262811282232917,13.712039416634475,0.8431530796655585,0.6981736420342467,0.5886672564224944,0.4109919623628007,0.4963366101509012,20241023_P021N_A007,P021N_A007,20241023,25x,0.26,0.26,0.26,27,0.21445194185543381,"(128.20785000578252, 137.28206543018416, 245.2466666945342)",22.24702378463433,1,27
3,38481.0,43732.0,"(54.82955224656324, 161.4864738442348, 243.59936072347392)",0.8799277416994421,676.3420560000001,505.0075010952063,0.7378428805696381,26.145378868181158,21.4326587778361,16.708310852846573,0.7795724751669606,0.8197494052732804,0.6390540728855352,0.5238641961853852,0.49818896536490387,20241023_P021N_A007,P021N_A007,20241023,25x,0.26,0.26,0.26,27,0.23531996672344738,"(128.20785000578252, 137.28206543018416, 245.2466666945342)",20.094050144054385,0,27
4,26679.0,30053.0,"(58.5641515798943, 138.77926459012707, 198.19910791259042)",0.8877316740425248,468.91010400000005,388.3488412829523,0.7516029997578895,25.524325100123168,20.94112884220727,12.305412094104044,0.5876193297327046,0.820438102087417,0.4821052876357802,0.39553754719420775,0.28329438598112994,20241023_P021N_A007,P021N_A007,20241023,25x,0.26,0.26,0.26,27,0.2513482900424648,"(128.20785000578252, 137.28206543018416, 245.2466666945342)",21.855407493836196,1,27
5,26717.0,31159.0,"(72.15593068083992, 93.57367967960475, 260.20893064341055)",0.8574408678070542,469.57799200000005,391.4823831173724,0.7462947572237152,27.341490339253415,16.99862020302248,14.348079865275635,0.8440732067608899,0.6217152025037214,0.5247731446693122,0.3262594419065961,0.44294695104302273,20241023_P021N_A007,P021N_A007,20241023,25x,0.26,0.26,0.26,27,0.3096821059263516,"(128.20785000578252, 137.28206543018416, 245.2466666945342)",18.885577437524248,0,27
6,24490.0,27972.0,"(75.63291139240506, 73.86153532053899, 228.06786443446305)",0.8755183755183755,430.43624000000005,362.9082526379858,0.7596726648453522,29.149884021687633,18.27379975969302,11.466473515847332,0.6274816221385561,0.6268909936690396,0.39336257761150023,0.24659545715108805,0.2468277882882678,20241023_P021N_A007,P021N_A007,20241023,25x,0.26,0.26,0.26,27,0.3246047699244852,"(128.20785000578252, 137.28206543018416, 245.2466666945342)",21.87927275371671,0,27
7,32162.0,35177.0,"(84.68568496984018, 118.29758721472545, 298.605372800199)",0.9142905875998522,565.279312,416.6069146031922,0.7935964412915558,32.90122684022552,17.481114051208678,13.53248487712243,0.7741202784605578,0.5313210396712628,0.41130639118227097,0.2185357393863993,0.3184006180746267,20241023_P021N_A007,P021N_A007,20241023,25x,0.26,0.26,0.26,27,0.3634578754070394,"(128.20785000578252, 137.28206543018416, 245.2466666945342)",18.570882496921417,0,27
8,30580.0,33505.0,"(98.1359058207979, 161.5371811641596, 305.4386527141923)",0.9126995970750634,537.4740800000001,410.58185866192605,0.7786149138596697,31.844697136850446,17.25339988264979,13.50000524677144,0.7824547821642501,0.5417982092435819,0.42393259979066766,0.22968592340655983,0.33170809002153107,20241023_P021N_A007,P021N_A007,20241023,25x,0.26,0.26,0.26,27,0.42118414515363906,"(128.20785000578252, 137.28206543018416, 245.2466666945342)",18.596285568873917,1,27
9,27044.0,29933.0,"(101.98062416802249, 96.62601686141103, 200.3287975151605)",0.9034844486018775,475.32534400000003,384.5319184784439,0.7659710879540749,30.179428262198464,18.792420582552,11.83957106000728,0.6300184166269587,0.6226897481053553,0.3923060091511757,0.2442849300185628,0.24716001071866484,20241023_P021N_A007,P021N_A007,20241023,25x,0.26,0.26,0.26,27,0.4376850822661909,"(128.20785000578252, 137.28206543018416, 245.2466666945342)",17.16471998962689,0,27
10,22176.0,25176.0,"(105.75108225108225, 135.67969877344876, 178.35294913419912)",0.880838894184938,389.765376,338.3044407232542,0.7627436437227515,27.730342617689217,16.609390056162777,11.801969241072268,0.7105600627816699,0.5989608669879047,0.42559767125068904,0.254916350160346,0.30241270800362213,20241023_P021N_A007,P021N_A007,20241023,25x,0.26,0.26,0.26,27,0.45386730579863627,"(128.20785000578252, 137.28206543018416, 245.2466666945342)",18.350997164870197,1,27
11,29013.0,32269.0,"(106.32168338331093, 201.4930203701789, 211.09699100403267)",0.8990982057082649,509.93248800000003,398.21305136293665,0.7751345395832321,30.32429002196369,19.532601783982834,12.00484487052135,0.6146055196991518,0.6441239603577031,0.395882141406322,0.25499717275752837,0.24331134925864567,20241023_P021N_A007,P021N_A007,20241023,25x,0.26,0.26,0.26,27,0.4563162376966134,"(128.20785000578252, 137.28206543018416, 245.2466666945342)",19.74674132226723,0,27
12,26418.0,29687.0,"(111.26565220682868, 216.91638276932395, 251.9093799682035)",0.8898844612119783,464.32276800000005,378.61635167625514,0.7658870823382076,30.439775056677412,16.20827887254665,13.178168810890789,0.813051707372322,0.532470389231445,0.43292595908983117,0.230520253944959,0.3519911902037873,20241023_P021N_A007,P021N_A007,20241023,25x,0.26,0.26,0.26,27,0.4775349880121402,"(128.20785000578252, 137.28206543018416, 245.2466666945342)",21.239078876561134,0,27
13,30491.0,33715.0,"(113.46357941687711, 189.94375389459185, 292.05024433439377)",0.9043749073112858,535.9098160000001,412.6971495297759,0.7731203944102156,32.87012202432111,17.22013462296289,13.330617738985888,0.7741297051888103,0.5238841100200798,0.4055542516429467,0.21246342818682462,0.3139515932624229,20241023_P021N_A007,P021N_A007,20241023,25x,0.26,0.26,0.26,27,0.4869681520037644,"(128.20785000578252, 137.28206543018416, 245.2466666945342)",18.714983182091853,1,27
14,38743.0,42366.0,"(122.9621092842578, 90.4773249361175, 286.63043646594224)",0.9144833120898834,680.9469680000001,455.7753957282178,0.8212501110964596,26.574654022640644,22.74103730987497,15.514464120490869,0.6822232385043375,0.8557416134373914,0.5838068148421841,0.4995877856687951,0.39828657588253696,20241023_P021N_A007,P021N_A007,20241023,25x,0.26,0.26,0.26,27,0.5277343746105485,"(128.20785000578252, 137.28206543018416, 245.2466666945342)",16.30102119486644,0,27
15,20776.0,24514.0,"(126.79336734693878, 62.346698113207545, 261.2974586060839)",0.8475157053112508,365.15897600000005,331.4266492353615,0.7454491412202812,24.02341224364063,20.05200973216595,11.33119154904306,0.5650900682970647,0.83468616068369,0.471672859547361,0.3936988082342841,0.26653764841549,20241023_P021N_A007,P021N_A007,20241023,25x,0.26,0.26,0.26,27,0.5441775422615398,"(128.20785000578252, 137.28206543018416, 245.2466666945342)",19.928517403476175,2,27
16,21188.0,23719.0,"(133.47144610156693, 145.94747026618842, 196.31654710213328)",0.8932922973143893,372.40028800000005,324.2099935212513,0.7720837270925176,24.250213780995118,19.93596879534107,10.765257926751671,0.5399917123298997,0.8220945586452882,0.44392424841996236,0.3649477090767502,0.23971541504905922,20241023_P021N_A007,P021N_A007,20241023,25x,0.26,0.26,0.26,27,0.5728388244702444,"(128.20785000578252, 137.28206543018416, 245.2466666945342)",12.992070931128913,1,27
17,26343.0,31001.0,"(156.6849637474851, 165.19458679725165, 300.86224044338155)",0.8497467823618593,463.00456800000006,384.68334194865224,0.7523806101462598,26.148781944738733,22.14096201407792,11.89444344001595,0.5372143916986574,0.8467301483055426,0.454875621554876,0.38515690249973594,0.24436573033215137,20241023_P021N_A007,P021N_A007,20241023,25x,0.26,0.26,0.26,27,0.6724676555686057,"(128.20785000578252, 137.28206543018416, 245.2466666945342)",17.79271565581803,0,27
18,28283.0,31120.0,"(153.43814305413144, 78.52268146943393, 239.9753915779797)",0.9088367609254498,497.102008,380.377617958751,0.7978100724429832,26.039192599606213,22.276399690696312,11.948481189933188,0.5363739812463252,0.8554950237217875,0.45886527181007464,0.39255695659226425,0.24612339269644684,20241023_P021N_A007,P021N_A007,20241023,25x,0.26,0.26,0.26,27,0.6585328028074311,"(128.20785000578252, 137.28206543018416, 245.2466666945342)",16.682640680972018,1,27
19,22392.0,24705.0,"(156.01750625223295, 119.50442122186494, 301.9748124330118)",0.9063752276867031,393.561792,316.6760444658953,0.8201202444028659,24.449848689095212,17.15989664314334,13.109199831705585,0.7639439854635539,0.7018406069235416,0.5361669104133299,0.3763037098168116,0.4096014864148395,20241023_P021N_A007,P021N_A007,20241023,25x,0.26,0.26,0.26,27,0.6696030311254633,"(128.20785000578252, 137.28206543018416, 245.2466666945342)",17.064210482629516,0,27
20,19745.0,21750.0,"(158.8003038743986, 123.5328944036465, 185.61833375538112)",0.907816091954023,347.03812000000005,299.6139235629919,0.7970891922946133,26.696642437437077,14.702351188053106,12.452972739065872,0.8470055285568854,0.5507191109334331,0.4664621316425504,0.25688961042229935,0.3950960043636699,20241023_P021N_A007,P021N_A007,20241023,25x,0.26,0.26,0.26,27,0.6815463685596507,"(128.20785000578252, 137.28206543018416, 245.2466666945342)",17.78764119849696,1,27
21,26773.0,30688.0,"(163.85720688753594, 205.7252082321742, 254.84648713255893)",0.8724257038581856,470.562248,397.05951176372736,0.7368400808417946,27.14078096925199,22.023139160357704,11.12097946294101,0.5049679512972928,0.8114408787760344,0.40975163815440896,0.3324892293439333,0.20691144525954153,20241023_P021N_A007,P021N_A007,20241023,25x,0.26,0.26,0.26,27,0.7032498149679653,"(128.20785000578252, 137.28206543018416, 245.2466666945342)",20.21907012875135,0,27
22,27699.0,30804.0,"(167.51586699880863, 190.253583161847, 197.69576519007907)",0.8992014024152707,486.83762400000006,385.83936472124026,0.7756521728499426,25.754753324007574,22.731613798590505,11.697381105420746,0.5145864789479246,0.8826181913923045,0.45418338736395136,0.4008705199156012,0.23371663010025703,20241023_P021N_A007,P021N_A007,20241023,25x,0.26,0.26,0.26,27,0.718952218879007,"(128.20785000578252, 137.28206543018416, 245.2466666945342)",21.141997361256703,0,27
23,42752.0,46314.0,"(184.69517215568862, 107.26805763473054, 223.9636976047904)",0.92309021030358,751.4091520000001,482.444637871401,0.828490680682893,28.93583042404091,22.166343969052008,16.13853357146568,0.7280647450927326,0.7660517650336873,0.5577352830370894,0.42725409799212555,0.4060673966736215,20241023_P021N_A007,P021N_A007,20241023,25x,0.26,0.26,0.26,27,0.7926831422990928,"(128.20785000578252, 137.28206543018416, 245.2466666945342)",17.52759295682143,0,27
24,27742.0,30848.0,"(185.0687765842405, 105.80888183980967, 275.6737437819912)",0.8993127593360996,487.59339200000005,372.16948429262663,0.8049740953769052,26.968294633592528,17.751540399955406,14.279890533671857,0.8044310641181162,0.6582374095632858,0.5295066198173463,0.34854106577518157,0.4259515736372546,20241023_P021N_A007,P021N_A007,20241023,25x,0.26,0.26,0.26,27,0.7942865947821481,"(128.20785000578252, 137.28206543018416, 245.2466666945342)",18.657664631700122,0,27
25,23698.0,25920.0,"(188.64520212676175, 155.03700734239177, 198.83015444341294)",0.9142746913580246,416.516048,341.0220156123034,0.7909023516898955,28.800543453501266,17.486197895669495,11.447395527584398,0.6546532068254458,0.6071481923214789,0.3974715111215287,0.2413241094767227,0.2602059993774646,20241023_P021N_A007,P021N_A007,20241023,25x,0.26,0.26,0.26,27,0.8096360606298787,"(128.20785000578252, 137.28206543018416, 245.2466666945342)",20.343906148533726,1,27
26,24975.0,27825.0,"(199.69693693693694, 159.03687687687687, 273.0211011011011)",0.8975741239892183,438.96060000000006,344.5443013808987,0.8106923603867322,26.34469039623359,16.30285337754896,14.186350634315334,0.8701759321378483,0.6188288088547711,0.5384899355789547,0.33323308541460694,0.46858098163926676,20241023_P021N_A007,P021N_A007,20241023,25x,0.26,0.26,0.26,27,0.857068398870974,"(128.20785000578252, 137.28206543018416, 245.2466666945342)",20.727366621654408,1,27
27,29110.0,31903.0,"(218.47784266575061, 146.40240467193405, 244.99876331157677)",0.9124533742908191,511.63736000000006,374.26137731190244,0.8265781976899511,23.216729614444812,19.266052541427687,15.918897801159416,0.8262667075639443,0.8298349018735558,0.6856649521927116,0.5689887083209753,0.566542122540261,20241023_P021N_A007,P021N_A007,20241023,25x,0.26,0.26,0.26,27,0.9376731444882,"(128.20785000578252, 137.28206543018416, 245.2466666945342)",23.589772373447232,1,27
1,73999.0,98937.0,"(101.93925593589103, 179.56218327274692, 81.06882525439534)",0.7479406086701639,1300.606424,916.6417891442907,0.6286106506691609,40.115651220011905,30.277196687947423,17.66970384300682,0.5835977493266632,0.7547477298048569,0.440469076423523,0.332443035479896,0.257056761648762,20241023_P021N_A001,P021N_A001,20241023,25x,0.26,0.26,0.26,12,0.2631093169813834,"(134.43027323343208, 168.97476231668068, 154.94341548782268)",21.162809795271322,0,12
2,57087.0,66470.0,"(96.16840962040395, 239.7522378124617, 94.4814581253175)",0.8588385737926885,1003.361112,672.5220252519599,0.7206910390809543,36.676914872422955,22.29406699189328,17.621278950971877,0.7904021710071762,0.6078501168770875,0.4804460520266158,0.2920391888775137,0.3797456025736639,20241023_P021N_A001,P021N_A001,20241023,25x,0.26,0.26,0.26,12,0.22855335102038288,"(134.43027323343208, 168.97476231668068, 154.94341548782268)",26.167252443034577,0,12
3,23789.0,27678.0,"(98.78876791794526, 76.21493127075539, 204.02337214679054)",0.8594912927234627,418.11546400000003,368.95594613794907,0.732892758809717,27.06211747649513,20.1302409335742,11.231700149244107,0.5579516005946719,0.7438531353305362,0.41503404746503775,0.30872437747579096,0.23156891108440286,20241023_P021N_A001,P021N_A001,20241023,25x,0.26,0.26,0.26,12,0.24424411926913336,"(134.43027323343208, 168.97476231668068, 154.94341548782268)",28.816100750220883,1,12
4,67994.0,76346.0,"(115.0836691472777, 114.637659205224, 242.0591228637821)",0.8906033060016242,1195.0625440000001,707.6894248018499,0.7695470455399458,38.64033641017839,25.98835461028536,17.076616027322316,0.6570872332396118,0.6725706094898198,0.4419375609479451,0.2972342147232039,0.2903915291879476,20241023_P021N_A001,P021N_A001,20241023,25x,0.26,0.26,0.26,12,0.3418183781274114,"(134.43027323343208, 168.97476231668068, 154.94341548782268)",27.164660562977566,0,12
5,30569.0,36521.0,"(116.77751970950963, 115.9954529098106, 128.6214792763911)",0.8370252731305277,537.280744,479.100552931799,0.6671010685631451,32.22171749115248,24.57685151039357,9.84102675239543,0.40041852994203314,0.7627418221000151,0.3054159591305958,0.2329535251656944,0.12229420937590926,20241023_P021N_A001,P021N_A001,20241023,25x,0.26,0.26,0.26,12,0.35196119586532715,"(134.43027323343208, 168.97476231668068, 154.94341548782268)",16.051228521492547,1,12
6,28724.0,33390.0,"(134.22023395070323, 268.6683609525136, 203.79059323214037)",0.8602575621443546,504.85302400000006,458.0870769175666,0.6693388898340011,33.999565669783195,21.485412879190854,9.999375718071926,0.46540300502005083,0.631931980774855,0.2941030428208905,0.18585311840171734,0.13687643991438314,20241023_P021N_A001,P021N_A001,20241023,25x,0.26,0.26,0.26,12,0.4564085865311572,"(134.43027323343208, 168.97476231668068, 154.94341548782268)",28.864572474499447,1,12
7,28153.0,33162.0,"(135.93794622242746, 91.95123077469542, 157.2459418179235)",0.8489536216151016,494.817128,445.3647308929493,0.6793049600800003,29.236513256590012,25.60774352444272,9.599075773447359,0.37485051208377623,0.8758822674817643,0.32832491649063844,0.2875739723265813,0.12307276307637889,20241023_P021N_A001,P021N_A001,20241023,25x,0.26,0.26,0.26,12,0.46669428875705066,"(134.43027323343208, 168.97476231668068, 154.94341548782268)",20.038898679274332,1,12
8,21051.0,24572.0,"(133.3810270295948, 82.4344211676405, 198.71654553227876)",0.85670682077161,369.99237600000004,329.35888702882454,0.7567340132702411,23.331933200560815,18.19956352292022,12.64099573406818,0.6945768626894995,0.7800280999639913,0.5417894704826404,0.42261101124107087,0.3763144306460376,20241023_P021N_A001,P021N_A001,20241023,25x,0.26,0.26,0.26,12,0.45138339538679517,"(134.43027323343208, 168.97476231668068, 154.94341548782268)",25.21653999047037,2,12
9,27446.0,30850.0,"(148.23533483932084, 238.5314799970852, 227.458427457553)",0.8896596434359806,482.39089600000005,413.1320105822115,0.7199925674249614,31.39238791281626,20.093077973221494,10.733356286686428,0.5341817864336673,0.6400621077002648,0.34190952011982584,0.21884332809068183,0.18264183825628647,20241023_P021N_A001,P021N_A001,20241023,25x,0.26,0.26,0.26,12,0.5403313463432385,"(134.43027323343208, 168.97476231668068, 154.94341548782268)",26.370644882322456,1,12
10,34981.0,39308.0,"(147.68245619050342, 162.47954603927846, 86.10794431262686)",0.8899206268444083,614.826056,455.6223624320961,0.7674450145316972,26.38319586657406,24.289208104143395,13.674839833085903,0.5630006451611392,0.9206317622390993,0.5183162760964494,0.47717842665988164,0.29181239783982016,20241023_P021N_A001,P021N_A001,20241023,25x,0.26,0.26,0.26,12,0.5370206957515175,"(134.43027323343208, 168.97476231668068, 154.94341548782268)",18.303945118366418,1,12
11,55972.0,85932.0,"(195.64625169727722, 225.63924819552633, 99.18126920603159)",0.6513522319973933,983.7638720000001,881.5946178004319,0.5425949831610208,50.16168678838276,31.808206217434176,12.160198361526188,0.3822975202814532,0.634113568621078,0.24242004486066127,0.15372183975187576,0.09267658201674946,20241023_P021N_A001,P021N_A001,20241023,25x,0.26,0.26,0.26,12,0.8242290520795044,"(134.43027323343208, 168.97476231668068, 154.94341548782268)",26.087831664426542,0,12
12,50796.0,60208.0,"(193.65422474210567, 148.69735805968975, 229.38613276635957)",0.8436752591017805,892.7904960000001,652.4024541405112,0.6872819064548645,34.28551311559691,31.811210492902326,11.899297625061132,0.37405988142815527,0.927832416730873,0.34706488378754907,0.3220180498870212,0.1298230492774471,20241023_P021N_A001,P021N_A001,20241023,25x,0.26,0.26,0.26,12,0.8123007469587166,"(134.43027323343208, 168.97476231668068, 154.94341548782268)",25.28874961911791,0,12
1,29538.0,49186.0,"(74.04326630103596, 208.60924910285055, 148.3623468075022)",0.6005367380962062,519.159888,761.639348683839,0.4101431899545567,29.724079588394734,20.327189081418734,15.089710940912353,0.7423412494699522,0.683862691894929,0.5076594851671665,0.34716938209241227,0.376856576524267,20241023_P021N_A008,P021N_A008,20241023,25x,0.26,0.26,0.26,24,0.12422280564299232,"(195.8612911260289, 176.69645729060417, 176.69341983537728)",33.559854044735374,1,24
2,71278.0,86218.0,"(106.52205449086675, 183.66098936558265, 232.58225539437134)",0.8267183186805539,1252.782128,866.9438796762462,0.648251463078174,44.825124922368154,25.558683666211085,16.36280811390432,0.6402054318445268,0.5701865574379484,0.3650365312365059,0.20813892308483345,0.23369837011929534,20241023_P021N_A008,P021N_A008,20241023,25x,0.26,0.26,0.26,24,0.2463235131235592,"(195.8612911260289, 176.69645729060417, 176.69341983537728)",27.458715400413062,0,24
3,49494.0,56396.0,"(116.09469834727442, 245.8824301935588, 162.59962823776618)",0.8776154337187034,869.906544,618.8154895807817,0.7121497843139458,38.1869653766682,23.119286348684128,13.824104911230204,0.5979468701038441,0.6054235030367129,0.3620110887281076,0.2191700214759052,0.21646339744785695,20241023_P021N_A008,P021N_A008,20241023,25x,0.26,0.26,0.26,24,0.282310896042385,"(195.8612911260289, 176.69645729060417, 176.69341983537728)",27.69707052559904,1,24
4,1830.0,3639.0,"(90.4551912568306, 221.49398907103824, 142.67814207650272)",0.5028854080791426,32.164080000000006,105.5742147731235,0.4632765882422367,15.392375824410012,8.538827492269608,4.9335511735380795,0.5777785273217586,0.5547439582866929,0.3205191472595285,0.17780606045742625,0.18518908088203628,20241023_P021N_A008,P021N_A008,20241023,25x,0.26,0.26,0.26,24,0.18592177164222032,"(195.8612911260289, 176.69645729060417, 176.69341983537728)",31.063530726955406,2,24
5,93666.0,118517.0,"(137.69858860205412, 247.19779856084384, 220.4192343006)",0.7903170009365745,1646.2736160000002,1057.879904643842,0.6373565242125693,47.14720116145323,29.792529116873435,18.732694778489055,0.6287715522573584,0.631904511465069,0.3973235805523191,0.25107056306246517,0.24982576449233318,20241023_P021N_A008,P021N_A008,20241023,25x,0.26,0.26,0.26,24,0.36352852857915074,"(195.8612911260289, 176.69645729060417, 176.69341983537728)",26.342614321731567,0,24
6,38396.0,46161.0,"(152.66124075424523, 186.62983123242003, 69.38472757578914)",0.8317844067502871,674.848096,653.6954701625515,0.5691752412102994,42.30420276149988,21.282131549479487,10.771977219187285,0.5061512374426961,0.5030736938706214,0.2546313726774831,0.12809834522820823,0.12888198437244036,20241023_P021N_A008,P021N_A008,20241023,25x,0.26,0.26,0.26,24,0.4197791005798693,"(195.8612911260289, 176.69645729060417, 176.69341983537728)",30.186964856063245,0,24
7,23337.0,29793.0,"(152.42880404507864, 275.93118224279044, 150.01624030509493)",0.7833048031416776,410.17111200000005,438.54591355549275,0.6087595248191511,30.00733771369502,19.933523193050636,10.19831083423133,0.5116160718536067,0.6642882945244821,0.3398605678229473,0.22576539697522774,0.1738781286875126,20241023_P021N_A008,P021N_A008,20241023,25x,0.26,0.26,0.26,24,0.4189052783649573,"(195.8612911260289, 176.69645729060417, 176.69341983537728)",29.00554159323902,1,24
8,32794.0,38171.0,"(169.0856864060499, 107.48341159968287, 109.58041105080197)",0.8591338974614235,576.3873440000001,522.800894748868,0.6406548129211098,39.61217519321237,22.435540171502492,9.091660463471417,0.4052347478140775,0.5663799087545909,0.22951681949112684,0.12999371528102835,0.09300819046557593,20241023_P021N_A008,P021N_A008,20241023,25x,0.26,0.26,0.26,24,0.4815251368648492,"(195.8612911260289, 176.69645729060417, 176.69341983537728)",26.014990723495487,0,24
9,37483.0,49707.0,"(180.88528132753515, 228.53266814289145, 86.88320038417416)",0.7540789023678758,658.8012080000001,664.3306960316095,0.5511494721514275,30.57043083860055,20.14559970648226,15.70443154845748,0.7795464904132021,0.6589897215660072,0.5137131246651542,0.33853166898789355,0.40046326341192084,20241023_P021N_A008,P021N_A008,20241023,25x,0.26,0.26,0.26,24,0.5258845162689292,"(195.8612911260289, 176.69645729060417, 176.69341983537728)",27.24069165896363,0,24
10,23799.0,27481.0,"(181.58099079793269, 156.7715450229001, 257.38094037564605)",0.8660165205050763,418.29122400000006,369.77689640654773,0.7314705632654109,25.946794596809823,21.247697843999102,10.692383788148105,0.5032255196140183,0.8188949029800976,0.41208881306143075,0.33745742859112393,0.20737360707996252,20241023_P021N_A008,P021N_A008,20241023,25x,0.26,0.26,0.26,24,0.5284999654057619,"(195.8612911260289, 176.69645729060417, 176.69341983537728)",21.925578287097224,0,24
11,37104.0,44713.0,"(214.03983398016388, 262.3179172056921, 128.83775334195775)",0.829825777738018,652.139904,562.6178385770313,0.6463947344462013,41.305300246460135,22.31805942290242,10.719492511585702,0.48030576083983084,0.5403195059649779,0.2595185714091102,0.14022294629250728,0.12464826489271866,20241023_P021N_A008,P021N_A008,20241023,25x,0.26,0.26,0.26,24,0.6505256916547514,"(195.8612911260289, 176.69645729060417, 176.69341983537728)",25.93708009098622,0,24
12,22267.0,27427.0,"(215.11245340638612, 113.3216868010958, 251.80320653882427)",0.8118642213876837,391.364792,372.1028983171051,0.6953587230065436,25.28914791889386,21.415461522387073,11.06501184167487,0.5166833238736341,0.8468241631180976,0.4375399233363672,0.37051937941007573,0.22606958191684928,20241023_P021N_A008,P021N_A008,20241023,25x,0.26,0.26,0.26,24,0.6545580955127298,"(195.8612911260289, 176.69645729060417, 176.69341983537728)",26.03695722900192,1,24
13,53335.0,63509.0,"(227.22255554513922, 80.2963344895472, 205.7785131714634)",0.8398022327544128,937.41596,660.4598084013403,0.7013357207833536,31.130737960993233,29.05756705282695,14.837839749842155,0.5106359979439026,0.9334043763831117,0.4766298752195963,0.44488841144490765,0.24338437198263635,20241023_P021N_A008,P021N_A008,20241023,25x,0.26,0.26,0.26,24,0.7000847952824782,"(195.8612911260289, 176.69645729060417, 176.69341983537728)",27.42039339579523,0,24
14,22725.0,26588.0,"(225.52369636963695, 119.51973597359736, 109.51555555555555)",0.854708891229126,399.4146,378.6498845849296,0.6926740529134758,31.253510153756373,18.48842152840342,9.770649925510867,0.5284739917088324,0.591563041637462,0.3126256819615677,0.18493779931517082,0.1652145420569256,20241023_P021N_A008,P021N_A008,20241023,25x,0.26,0.26,0.26,24,0.6936981066527705,"(195.8612911260289, 176.69645729060417, 176.69341983537728)",24.198027207909867,2,24
15,29653.0,33179.0,"(229.93983745320878, 172.49219303274543, 100.81752267898695)",0.8937279604569155,521.1811280000001,395.6238818677878,0.7916394204986505,27.181108175400702,18.55086838442576,14.650828210714284,0.7897650884642293,0.6824912459314136,0.539007759219085,0.3678680771561327,0.4256895106425667,20241023_P021N_A008,P021N_A008,20241023,25x,0.26,0.26,0.26,24,0.7103001408015368,"(195.8612911260289, 176.69645729060417, 176.69341983537728)",21.65376237668476,1,24
16,28078.0,32045.0,"(244.52717430016384, 139.4975069449391, 254.10274948358145)",0.8762053362459042,493.49892800000003,398.1880123484772,0.7584380023439079,24.67110701021356,21.967414628747118,13.141718163992206,0.598236906167129,0.8904105770224602,0.5326764688164046,0.4743007619651013,0.31866672269275703,20241023_P021N_A008,P021N_A008,20241023,25x,0.26,0.26,0.26,24,0.7651397530081347,"(195.8612911260289, 176.69645729060417, 176.69341983537728)",25.665482773875446,3,24
17,34454.0,39277.0,"(249.08158704359437, 145.8141289835723, 129.185145411273)",0.8772054892176082,605.5635040000001,439.783863886269,0.7870783431537006,24.960351073930273,20.260182657274253,16.79767002240473,0.829097659510669,0.8116946190887079,0.6729741089238517,0.5462494629995084,0.5579612586200435,20241023_P021N_A008,P021N_A008,20241023,25x,0.26,0.26,0.26,24,0.7822616054270465,"(195.8612911260289, 176.69645729060417, 176.69341983537728)",20.211809084961782,2,24
18,29969.0,34549.0,"(258.45657179085055, 107.57255831025392, 171.25753278387668)",0.8674346580219399,526.735144,422.14934007688186,0.7471587271078516,26.43259193308597,19.205559560540323,14.741845611923473,0.767582197511809,0.7265863146966117,0.557714720116832,0.4052278831417412,0.42809189045196144,20241023_P021N_A008,P021N_A008,20241023,25x,0.26,0.26,0.26,24,0.81750590898816,"(195.8612911260289, 176.69645729060417, 176.69341983537728)",24.28716132712535,2,24
19,20688.0,23486.0,"(258.12543503480276, 129.70383797370457, 225.67710750193348)",0.8808651962871498,363.61228800000004,315.8159807613853,0.7800858314054608,24.964123830004027,15.399500645794584,13.45089808703541,0.8734632632850136,0.6168652563438314,0.5388091398132293,0.332372638151287,0.47062998954905444,20241023_P021N_A008,P021N_A008,20241023,25x,0.26,0.26,0.26,24,0.816261033965424,"(195.8612911260289, 176.69645729060417, 176.69341983537728)",23.948994392237655,4,24
20,29626.0,35345.0,"(267.69682036049414, 166.2562951461554, 243.16266117599406)",0.8381949356344603,520.706576,452.7354799994888,0.6913558395183297,32.53759404232927,20.627823638343703,11.133055302366184,0.5397106111413363,0.633968928726207,0.3421597579674395,0.21691865521183593,0.18466725208057852,20241023_P021N_A008,P021N_A008,20241023,25x,0.26,0.26,0.26,24,0.8522436855657676,"(195.8612911260289, 176.69645729060417, 176.69341983537728)",25.590525974092813,2,24
21,26488.0,30290.0,"(271.709642102084, 106.20326185442464, 213.06980519480518)",0.8744800264113569,465.55308800000006,377.2694951145436,0.769978457675894,23.94714938679673,19.25757801876052,14.337269515634995,0.7445001392006714,0.8041699539143558,0.5987046426302353,0.48146028487226716,0.4457356897782983,20241023_P021N_A008,P021N_A008,20241023,25x,0.26,0.26,0.26,24,0.8673294815867818,"(195.8612911260289, 176.69645729060417, 176.69341983537728)",28.53552338338251,4,24
22,27837.0,31807.0,"(271.16126019326794, 142.53834824154902, 191.6398318784352)",0.8751847077687301,489.26311200000004,408.4558466748359,0.7351353773931508,28.558557216311296,19.302149738590007,12.509314299844055,0.6480788134616264,0.6758797229282133,0.43802332887808937,0.2960510861582167,0.283873639247824,20241023_P021N_A008,P021N_A008,20241023,25x,0.26,0.26,0.26,24,0.8652678954634134,"(195.8612911260289, 176.69645729060417, 176.69341983537728)",21.846587202781887,4,24
23,30399.0,35415.0,"(278.2835948550939, 147.88137767689727, 159.55268265403467)",0.8583650995340957,534.292824,424.70842564978386,0.7497436711978708,24.87042572973816,22.23816808580847,13.712106062245162,0.6166023212584535,0.8941611344922723,0.5513418311070273,0.4929884371957063,0.3399586528674792,20241023_P021N_A008,P021N_A008,20241023,25x,0.26,0.26,0.26,24,0.8920435896808042,"(195.8612911260289, 176.69645729060417, 176.69341983537728)",23.134959886109094,3,24
24,48902.0,57700.0,"(286.7160443335651, 187.12956525295488, 177.1178683898409)",0.847521663778163,859.5015520000001,609.411805679098,0.7173609051633096,35.51531321561013,22.589782384701127,15.697165776441338,0.6948790169431736,0.6360575295383342,0.4419830308449012,0.28112663469707316,0.30712473397906925,20241023_P021N_A008,P021N_A008,20241023,25x,0.26,0.26,0.26,24,0.9237445275697936,"(195.8612911260289, 176.69645729060417, 176.69341983537728)",23.777730062440085,1,24
1,12388.0,15170.0,"(7.596383597029384, 406.00766871165644, 33.65958992573458)",0.8166117336849044,217.731488,221.8074512503141,0.7890820304600731,19.667241131717365,16.188398340040177,10.293456341213595,0.6358539075328961,0.8231148553893074,0.5233807971476658,0.4308025091577413,0.3327937249940254,20241023_P021N_A002,P021N_A002,20241023,25x,0.26,0.26,0.26,8,0.05754836058355594,"(72.81569517946588, 255.30653422904973, 245.1631645288755)",69.61892785923648,0,8
2,35865.0,41502.0,"(52.39539941447093, 264.79553882615363, 254.63044751150147)",0.8641752204713026,630.36324,469.9177463505359,0.7565823358926408,28.4301830292517,21.22187786629555,14.823720531628632,0.6985112545186951,0.7464559002121247,0.5214078473000531,0.3892079640340272,0.3642092495334523,20241023_P021N_A002,P021N_A002,20241023,25x,0.26,0.26,0.26,8,0.3969348440490222,"(72.81569517946588, 255.30653422904973, 245.1631645288755)",6.350917846154757,0,8
3,26468.0,29901.0,"(56.35816835423908, 236.6969925948315, 225.65263714674325)",0.8851877863616602,465.201568,372.09895059719776,0.7802847621782358,26.575790787850234,20.14918439707504,12.48599898587946,0.6196776375569818,0.758178168917808,0.46982605656226556,0.356211859274253,0.29114070079321763,20241023_P021N_A002,P021N_A002,20241023,25x,0.26,0.26,0.26,8,0.4269558208654476,"(72.81569517946588, 255.30653422904973, 245.1631645288755)",8.212979445067187,0,8
4,18895.0,21401.0,"(68.81465996295316, 263.76073035194497, 299.19867689865043)",0.8829026680996215,332.09852,311.31786012526516,0.7449458663777265,30.0188984640541,16.364588910604706,9.663711046415964,0.5905257442888536,0.5451428849129943,0.3219209078570188,0.17549289242298546,0.1901025837144095,20241023_P021N_A002,P021N_A002,20241023,25x,0.26,0.26,0.26,8,0.5213231815375239,"(72.81569517946588, 255.30653422904973, 245.1631645288755)",14.258145667932142,1,8
5,37668.0,42424.0,"(80.233142189657, 235.4091802060104, 286.384411171286)",0.8878936451065434,662.052768,464.5388500074275,0.7907826905114521,33.07576675456811,18.566387716297793,15.07860293646651,0.8121452146143827,0.5613290193411339,0.4558806768820861,0.25589905329079365,0.37024131016495193,20241023_P021N_A002,P021N_A002,20241023,25x,0.26,0.26,0.26,8,0.6078268347701288,"(72.81569517946588, 255.30653422904973, 245.1631645288755)",12.056024755310494,0,8
6,32968.0,38938.0,"(88.72591603979616, 202.13564668769715, 229.1833596214511)",0.8466793363809132,579.4455680000001,466.5407070025302,0.7204486163398105,30.179429527088182,22.97196451889767,12.265883407447316,0.5339501285297956,0.7611795477538335,0.4064319173574111,0.3093676630468376,0.2170143745116009,20241023_P021N_A002,P021N_A002,20241023,25x,0.26,0.26,0.26,8,0.6721660306045164,"(72.81569517946588, 255.30653422904973, 245.1631645288755)",15.016283230067161,0,8
7,17567.0,19322.0,"(88.87698525644674, 243.39756361359366, 204.885353219104)",0.909170893282269,308.75759200000005,273.69398399221393,0.8071680629141288,23.06574357088921,17.55757727782733,10.568677449093919,0.6019439517114142,0.7611971070373981,0.4581979946413878,0.3487789879713616,0.27580951156068234,20241023_P021N_A002,P021N_A002,20241023,25x,0.26,0.26,0.26,8,0.6733104943670208,"(72.81569517946588, 255.30653422904973, 245.1631645288755)",11.691592346119927,0,8
8,30004.0,35364.0,"(104.99243434208772, 283.2109052126383, 293.7442341021197)",0.8484334351317724,527.350304,432.02964483112396,0.7306398860029056,30.660200563449756,21.273265324170467,12.012688475997559,0.5646847483422709,0.693839731418146,0.3918007141257246,0.2718469022584306,0.22124388765640685,20241023_P021N_A002,P021N_A002,20241023,25x,0.26,0.26,0.26,8,0.795397229864301,"(72.81569517946588, 255.30653422904973, 245.1631645288755)",16.79792530638961,0,8
1,33602.0,39423.0,"(76.03285518719125, 151.9111660020237, 123.63621213023035)",0.8523450777464932,590.588752,461.15708522379254,0.7381739016963158,25.416928956044003,22.25545493040728,14.844813459762594,0.6670190973935275,0.8756154202931372,0.5840522073077826,0.5114051189749386,0.3895739761491346,20241023_P021N_A009,P021N_A009,20241023,25x,0.26,0.26,0.26,14,0.11950485901813203,"(150.62753787315816, 145.35636459547888, 140.46181075248109)",19.954780439372367,0,14
2,45928.0,50520.0,"(89.66112175579167, 185.03196307263542, 172.41101288974048)",0.9091053048297704,807.230528,525.1278619374207,0.7983943376864036,31.91604780892363,21.064112487805584,16.722794150810827,0.793899774343304,0.6599849898055399,0.5239619344765859,0.34580701198402053,0.4159732615454427,20241023_P021N_A009,P021N_A009,20241023,25x,0.26,0.26,0.26,14,0.19693819179427088,"(150.62753787315816, 145.35636459547888, 140.46181075248109)",20.656191719493094,0,14
3,17115.0,23048.0,"(101.79479988314344, 140.8387379491674, 192.58784691790828)",0.7425807011454356,300.81324,326.0260858476292,0.6659317774445483,22.759732779177057,19.051059973844872,10.788038555673724,0.5662697283240188,0.8370511270358473,0.473996714299903,0.39675948391602234,0.2684099906330836,20241023_P021N_A009,P021N_A009,20241023,25x,0.26,0.26,0.26,14,0.26587954479058773,"(150.62753787315816, 145.35636459547888, 140.46181075248109)",18.6080256179718,0,14
4,22570.0,25523.0,"(104.07496677004873, 224.4306158617634, 161.92689410722198)",0.8843004349018533,396.69032000000004,332.36896377901087,0.7855335348681334,23.232567625468807,17.635284660572182,13.873041448589937,0.7866638795803721,0.7590760067879635,0.5971376763961962,0.4532728829014679,0.46974664115744047,20241023_P021N_A009,P021N_A009,20241023,25x,0.26,0.26,0.26,14,0.278835038466186,"(150.62753787315816, 145.35636459547888, 140.46181075248109)",24.50164307083965,0,14
5,58173.0,63900.0,"(136.68822305880735, 191.31469925910645, 94.08816805047014)",0.9103755868544601,1022.448648,662.5180047849761,0.7408224063244566,45.51098580883738,23.769695512510612,13.406676102065221,0.5640238889475441,0.522284786630462,0.2945810964934514,0.15385522512744973,0.16615077565466818,20241023_P021N_A009,P021N_A009,20241023,25x,0.26,0.26,0.26,14,0.46413763101595085,"(150.62753787315816, 145.35636459547888, 140.46181075248109)",17.35777556532204,0,14
6,32822.0,36114.0,"(159.73091219304126, 74.94680397294498, 131.47678386448115)",0.9088442155396799,576.8794720000001,432.4982601183123,0.7748598351516828,32.34135215255282,19.83338766942634,12.732528071842012,0.6419744465273333,0.6132516530500355,0.39369189054876874,0.241432202671426,0.25274013353734526,20241023_P021N_A009,P021N_A009,20241023,25x,0.26,0.26,0.26,14,0.5950620010968253,"(150.62753787315816, 145.35636459547888, 140.46181075248109)",18.606099136705478,0,14
7,31880.0,35381.0,"(158.78726474278545, 105.73519447929736, 209.718130489335)",0.901048585398943,560.32288,444.305436267647,0.7397666270747288,33.11403298307303,21.983668474625514,10.677291673191766,0.485691989283588,0.6638777126864297,0.3224400869157103,0.21406078738001538,0.15660656723886435,20241023_P021N_A009,P021N_A009,20241023,25x,0.26,0.26,0.26,14,0.5897003678567354,"(150.62753787315816, 145.35636459547888, 140.46181075248109)",20.85332279307071,0,14
8,27872.0,30261.0,"(159.15951492537314, 180.4484428817451, 222.43990384615384)",0.9210535012061729,489.87827200000004,375.48487512290365,0.8003570867302643,30.565345280704342,18.232024148153588,12.228809130404414,0.6707323899438156,0.59649331557407,0.4000873871405066,0.23864945207480734,0.2683515693631286,20241023_P021N_A009,P021N_A009,20241023,25x,0.26,0.26,0.26,14,0.5918154257123474,"(150.62753787315816, 145.35636459547888, 140.46181075248109)",23.29091600728755,0,14
9,29089.0,31749.0,"(172.26195469077658, 78.21334525078208, 170.50128914710027)",0.9162178336325554,511.26826400000004,403.59779300227274,0.7661278186119309,33.76902136462291,17.87400926360326,12.111432872294253,0.6776002347138028,0.529301962014464,0.35865513369547714,0.18983686595157595,0.24302480277336563,20241023_P021N_A009,P021N_A009,20241023,25x,0.26,0.26,0.26,14,0.6662611061975942,"(150.62753787315816, 145.35636459547888, 140.46181075248109)",19.93473308270653,0,14
10,39059.0,42766.0,"(166.68294119153077, 116.17586215724928, 68.33897437210373)",0.9133189917223963,686.500984,477.6529524104844,0.7878903246959376,31.39770035361748,22.293141888323778,13.82344952914338,0.6200763265398462,0.7100246717831765,0.44026949023197215,0.31260220029810243,0.273000688190612,20241023_P021N_A009,P021N_A009,20241023,25x,0.26,0.26,0.26,14,0.6345621658609703,"(150.62753787315816, 145.35636459547888, 140.46181075248109)",20.654837953007863,0,14
11,42159.0,48268.0,"(173.34018833463793, 217.718162195498, 179.6253706207453)",0.8734358166901467,740.9865840000001,549.7723605634292,0.7202912165488861,36.84503580178242,24.987719774402002,11.548792396825611,0.4621787222320486,0.6781841632297503,0.31344228999953705,0.21257159716415272,0.14486635708547324,20241023_P021N_A009,P021N_A009,20241023,25x,0.26,0.26,0.26,14,0.6723874337195336,"(150.62753787315816, 145.35636459547888, 140.46181075248109)",22.192913231853776,0,14
12,30813.0,33971.0,"(184.95469444714894, 76.22987050920067, 91.51750884366987)",0.9070383562450325,541.569288,394.81467571455977,0.8138171833579477,28.12885344175692,17.161372332409524,15.9876884360147,0.9316089719597597,0.6100985370037759,0.5683732708522411,0.34676370101900317,0.5295016385480624,20241023_P021N_A009,P021N_A009,20241023,25x,0.26,0.26,0.26,14,0.7383789457224371,"(150.62753787315816, 145.35636459547888, 140.46181075248109)",23.761739190262407,1,14
13,32645.0,35685.0,"(211.28307550926635, 92.05281053760147, 125.69992341859397)",0.9148101443183411,573.7685200000001,399.03967421405,0.8368080675051315,24.667062726698738,19.355158085479097,17.191403875186335,0.8882078771593147,0.7846559722139018,0.6969376153804879,0.546856262168815,0.6190254798695781,20241023_P021N_A009,P021N_A009,20241023,25x,0.26,0.26,0.26,14,0.8879720199390134,"(150.62753787315816, 145.35636459547888, 140.46181075248109)",21.34262137746558,0,14
14,33986.0,37767.0,"(208.16383216618607, 147.8543223680339, 96.42532219149061)",0.8998861439881378,597.337936,431.7389727052371,0.7944677429977212,29.923465210177966,18.546808117915056,15.110099067379355,0.8147007814667552,0.6198081668565133,0.5049581978974784,0.3129772149780045,0.4113898384351201,20241023_P021N_A009,P021N_A009,20241023,25x,0.26,0.26,0.26,14,0.8702490463987845,"(150.62753787315816, 145.35636459547888, 140.46181075248109)",18.84933166046422,0,14
1,46296.0,54011.0,"(67.60689908415414, 168.97144461724554, 119.80009072058061)",0.8571587269259966,813.6984960000001,570.8127318370864,0.738413251588037,27.854971186801407,23.336172399561196,17.91844426203063,0.7678398991587653,0.8377740634899179,0.6432763524279276,0.5389202437205174,0.49393324957947826,20241023_P021N_A005,P021N_A005,20241023,25x,0.26,0.26,0.26,54,0.10175387536273336,"(159.5913802841785, 173.9485675967963, 151.83594352299983)",25.357948619927775,0,54
2,37349.0,41774.0,"(72.12002998741599, 164.68537310235882, 178.05017537283462)",0.8940728682912816,656.4460240000001,457.86269790553354,0.7977770580243783,24.85019677947004,20.68055116386389,17.779613243738545,0.8597262762902427,0.8322087485821884,0.7154717285147276,0.5954218318331767,0.6151098449469102,20241023_P021N_A005,P021N_A005,20241023,25x,0.26,0.26,0.26,54,0.12120702580782758,"(159.5913802841785, 173.9485675967963, 151.83594352299983)",23.86373687460818,0,54
3,38693.0,43220.0,"(77.42121313932752, 212.1318067867573, 153.0018866461634)",0.8952568255437298,680.068168,471.56036079239544,0.7930765914201697,27.91813819984124,18.551456437715707,18.186410905215705,0.9803225405118138,0.6644947562377638,0.6514191875917831,0.432864634267404,0.6386009129181186,20241023_P021N_A005,P021N_A005,20241023,25x,0.26,0.26,0.26,54,0.14405695318675657,"(159.5913802841785, 173.9485675967963, 151.83594352299983)",23.560154392073656,0,54
4,35088.0,40801.0,"(85.01909484724122, 112.00604195166439, 147.0106304149567)",0.859978922085243,616.7066880000001,471.2331757143883,0.7435337821602714,31.371140132585232,17.55110101751773,16.18979500553413,0.922437571829546,0.5594664696068022,0.5160728917441472,0.2887254788038715,0.4760450251475232,20241023_P021N_A005,P021N_A005,20241023,25x,0.26,0.26,0.26,54,0.17680644330707423,"(159.5913802841785, 173.9485675967963, 151.83594352299983)",25.236326314222783,0,54
5,25829.0,29804.0,"(85.2998954663363, 233.6071470053041, 118.88520655077626)",0.8666286404509462,453.97050400000006,385.6302931469791,0.7407381958173858,27.672528052330474,15.873093783729988,14.939229093149363,0.9411668132687628,0.5736047589765915,0.5398577630817954,0.3096649820741751,0.5080962104980962,20241023_P021N_A005,P021N_A005,20241023,25x,0.26,0.26,0.26,54,0.17801679080317365,"(159.5913802841785, 173.9485675967963, 151.83594352299983)",26.21249013583726,2,54
6,37409.0,43186.0,"(89.910369162501, 145.55136464487157, 92.82873105402443)",0.8662297966933729,657.500584,488.1926405030985,0.749014672046983,26.293846998721982,23.966362058236722,14.756389439961135,0.6157125309258057,0.9114817645132571,0.5612107441211768,0.5115333593153683,0.34554448764560447,20241023_P021N_A005,P021N_A005,20241023,25x,0.26,0.26,0.26,54,0.1978895222521595,"(159.5913802841785, 173.9485675967963, 151.83594352299983)",24.86189495026211,2,54
7,49641.0,55158.0,"(100.08539312262042, 143.51664954372393, 220.68119095102838)",0.8999782443163277,872.490216,568.0651607250063,0.7773077776718075,32.524814203637455,23.16844872738113,16.041119257821602,0.6923691545590513,0.7123314704374255,0.4931963379525662,0.3513192726281048,0.34147393153983846,20241023_P021N_A005,P021N_A005,20241023,25x,0.26,0.26,0.26,54,0.24174738414922595,"(159.5913802841785, 173.9485675967963, 151.83594352299983)",24.947446748738727,0,54
8,27134.0,32509.0,"(100.38777917004496, 207.6176383872632, 81.75661531657698)",0.8346611707527146,476.90718400000003,429.3867908154997,0.6874767587399319,27.857479796975078,16.984805903256095,14.557754709196994,0.8571045669945618,0.609703606609109,0.522579745737723,0.3186187557171609,0.4479054866906594,20241023_P021N_A005,P021N_A005,20241023,25x,0.26,0.26,0.26,54,0.24305077228467659,"(159.5913802841785, 173.9485675967963, 151.83594352299983)",25.40798030016472,1,54
9,38799.0,44281.0,"(102.07917729838398, 189.3857831387407, 214.60524755792676)",0.8761997244868002,681.931224,493.136021396089,0.7597623733534755,28.469339127447096,20.397570449767333,16.51935142488656,0.8098685804551291,0.7164750245326972,0.5802506110498492,0.4157350707870532,0.4699267386791627,20241023_P021N_A005,P021N_A005,20241023,25x,0.26,0.26,0.26,54,0.25034128145855167,"(159.5913802841785, 173.9485675967963, 151.83594352299983)",22.495554965409994,0,54
10,40418.0,45016.0,"(107.678633282201, 234.22153495967143, 197.64505913206986)",0.8978585391860672,710.3867680000001,480.98828159549146,0.8004721092069678,27.365865066755987,22.722772319098095,15.998546258442179,0.7040754549565098,0.8303326886860114,0.5846168655518655,0.485426493824869,0.4116143855886785,20241023_P021N_A005,P021N_A005,20241023,25x,0.26,0.26,0.26,54,0.27447686759569395,"(159.5913802841785, 173.9485675967963, 151.83594352299983)",23.866582375736606,1,54
11,36238.0,41096.0,"(107.32722556432475, 102.89585517964568, 193.55811579005464)",0.8817889818960483,636.9190880000001,451.67699914478544,0.7925846530393564,26.372591964015566,19.55367268938193,17.534665624332984,0.8967453788798811,0.7414391697282617,0.6648821491743546,0.4929696686509758,0.5962299947718264,20241023_P021N_A005,P021N_A005,20241023,25x,0.26,0.26,0.26,54,0.27296217915657217,"(159.5913802841785, 173.9485675967963, 151.83594352299983)",25.369351905615403,0,54
12,27677.0,31035.0,"(115.53983451963724, 244.91241825342343, 89.50258337247534)",0.8917995811180924,486.45095200000003,380.4594020599876,0.7862038663456851,23.28435637221445,18.540323478789574,15.90482776031489,0.8578506075425418,0.7962566446936022,0.6830692464101925,0.5438984262399673,0.5859713680266099,20241023_P021N_A005,P021N_A005,20241023,25x,0.26,0.26,0.26,54,0.30836135568809153,"(159.5913802841785, 173.9485675967963, 151.83594352299983)",27.097257593003,2,54
13,31586.0,35129.0,"(127.21610840245678, 99.41670360286203, 107.01462673336289)",0.8991431580745253,555.1555360000001,423.1688176397925,0.7719341418749299,30.958937057892456,19.245356688256702,12.91735847745926,0.6711935084758021,0.6216413907321287,0.41724166605927443,0.25937468956047777,0.2800498977246134,20241023_P021N_A005,P021N_A005,20241023,25x,0.26,0.26,0.26,54,0.3586901224243827,"(159.5913802841785, 173.9485675967963, 151.83594352299983)",24.128374613640908,1,54
14,49346.0,59111.0,"(133.78573744579094, 187.45085721233738, 71.3760588497548)",0.8348023210569945,867.3052960000001,609.4248587619154,0.721681032827954,32.13084117127423,24.717826843518516,15.550738680597702,0.6291304967481557,0.7692866399531696,0.4839816859354572,0.37232064497215817,0.3044876384895841,20241023_P021N_A005,P021N_A005,20241023,25x,0.26,0.26,0.26,54,0.3870074889904782,"(159.5913802841785, 173.9485675967963, 151.83594352299983)",22.24791312124864,2,54
15,36497.0,42154.0,"(129.0866920568814, 134.35254952461847, 73.1737951064471)",0.8658015846657494,641.471272,481.70818946496627,0.7467093149308801,25.63463740058903,21.631381394667745,16.233154600966405,0.7504446574534517,0.8438341083837879,0.6332507984136105,0.5343586228626709,0.4752196784976268,20241023_P021N_A005,P021N_A005,20241023,25x,0.26,0.26,0.26,54,0.3667529830037991,"(159.5913802841785, 173.9485675967963, 151.83594352299983)",24.231824589367243,2,54
16,25520.0,28550.0,"(129.97735109717868, 271.21065830721005, 122.48945924764891)",0.8938704028021016,448.53952000000004,349.46552613838395,0.8108619602398367,22.889790008628783,17.81398718410974,15.781281191228185,0.8858926992664085,0.7782503543018258,0.6894463070774831,0.5365618327551366,0.6107754499761286,20241023_P021N_A005,P021N_A005,20241023,25x,0.26,0.26,0.26,54,0.3705920305912874,"(159.5913802841785, 173.9485675967963, 151.83594352299983)",27.513505592126776,0,54
17,24164.0,27383.0,"(141.1302764442973, 84.68179937096507, 141.10573580533026)",0.8824453127853048,424.70646400000004,368.40046394124437,0.74169133169836,30.942105960065252,16.166433737437533,11.968526906373407,0.7403319186381352,0.5224736079148066,0.3868038885853575,0.20209482322466862,0.2863632649730892,20241023_P021N_A005,P021N_A005,20241023,25x,0.26,0.26,0.26,54,0.4186649846736953,"(159.5913802841785, 173.9485675967963, 151.83594352299983)",23.864127473183657,3,54
18,19458.0,22767.0,"(140.8192517216569, 104.7867715078631, 224.19488128276288)",0.8546580577151139,341.993808,325.5578985024607,0.7264427325647509,25.42007128879595,17.828439275229705,10.722328593025653,0.6014171194403389,0.7013528432977959,0.42180560672745177,0.29583456159725025,0.2536811129618085,20241023_P021N_A005,P021N_A005,20241023,25x,0.26,0.26,0.26,54,0.41732436086921076,"(159.5913802841785, 173.9485675967963, 151.83594352299983)",26.478626098364174,1,54
19,22322.0,26135.0,"(143.84513036466265, 148.77667771705043, 214.17820983782815)",0.8541036923665583,392.331472,359.07106057410914,0.721781619741849,27.52429922462793,18.428982851757098,11.015463211198675,0.5977249694032036,0.6695532082890375,0.40020867093838175,0.26796099961188513,0.239214715591541,20241023_P021N_A005,P021N_A005,20241023,25x,0.26,0.26,0.26,54,0.43036694122699426,"(159.5913802841785, 173.9485675967963, 151.83594352299983)",17.953421899009843,2,54
20,32181.0,36299.0,"(143.86656722911033, 237.3785463472235, 210.49697026195582)",0.8865533485770958,565.6132560000001,418.45472493812497,0.7904032208511605,27.20219886193694,19.719855192429044,14.710373231875398,0.7459676092105932,0.7249360719887366,0.5407788284519564,0.392030079712632,0.40340348977201146,20241023_P021N_A005,P021N_A005,20241023,25x,0.26,0.26,0.26,54,0.430459341504786,"(159.5913802841785, 173.9485675967963, 151.83594352299983)",22.83230530056994,2,54
21,19338.0,22006.0,"(152.76802151204882, 74.87108284207261, 174.6632536973834)",0.878760338089612,339.88468800000004,316.9353452476764,0.7431352276023689,25.96434832342646,16.81828068382123,11.038642109819653,0.6563478346772126,0.6477451493996039,0.4251461262310976,0.2753863410522252,0.2790437393731858,20241023_P021N_A005,P021N_A005,20241023,25x,0.26,0.26,0.26,54,0.4688276789312449,"(159.5913802841785, 173.9485675967963, 151.83594352299983)",26.49448771883687,2,54
22,27527.0,31056.0,"(153.3880916917935, 199.07327351327788, 232.29494677952556)",0.8863665636269964,483.81455200000005,370.9781700337054,0.8033813045700896,24.92430372549514,18.62307526647531,14.493344306573741,0.7782465623529007,0.7471853766340407,0.5814944508057996,0.434484150235936,0.45254605736690146,20241023_P021N_A005,P021N_A005,20241023,25x,0.26,0.26,0.26,54,0.4715003952232479,"(159.5913802841785, 173.9485675967963, 151.83594352299983)",21.9748192280296,2,54
23,23205.0,28337.0,"(155.24365438483085, 234.39754363283774, 81.94652014652014)",0.8188940254790557,407.85108,378.9956708851517,0.7017530136543322,25.312045613536693,17.451911994107416,13.198677175540613,0.7562883184373784,0.6894706283546781,0.5214385821303221,0.35951658686976556,0.3943579084477122,20241023_P021N_A005,P021N_A005,20241023,25x,0.26,0.26,0.26,54,0.47949851027944335,"(159.5913802841785, 173.9485675967963, 151.83594352299983)",24.051774855004467,3,54
24,35697.0,38602.0,"(173.29038854805725, 269.258593159089, 162.06062134072891)",0.9247448318739961,627.410472,440.6081519315747,0.8043889671263457,34.09774204262354,16.816631723820315,15.049713245345549,0.8949302983205625,0.493189012421962,0.44136979001521004,0.21767873085049017,0.3949951978479959,20241023_P021N_A005,P021N_A005,20241023,25x,0.26,0.26,0.26,54,0.5572861575347295,"(159.5913802841785, 173.9485675967963, 151.83594352299983)",25.17601338084477,1,54
25,23202.0,26495.0,"(162.82229980174122, 145.04715110766313, 74.340703387639)",0.8757123985657671,407.798352,342.6897419155654,0.7760326570104321,21.374703103714626,18.92700577988826,14.21826170094929,0.7512155840337695,0.8854862539166221,0.66519107338985,0.589017551714755,0.4997019006906062,20241023_P021N_A005,P021N_A005,20241023,25x,0.26,0.26,0.26,54,0.5121650853523328,"(159.5913802841785, 173.9485675967963, 151.83594352299983)",21.520781214258264,3,54
26,25897.0,30688.0,"(169.7087693555238, 185.05564351083137, 69.47418619917364)",0.8438803441084463,455.16567200000003,390.1146847451386,0.73350795225777,26.2460412009022,19.110456669495868,13.355331538676197,0.6988494189149332,0.7281272068123916,0.5088512753769933,0.3705084578231732,0.35561041811133437,20241023_P021N_A005,P021N_A005,20241023,25x,0.26,0.26,0.26,54,0.5418481437738095,"(159.5913802841785, 173.9485675967963, 151.83594352299983)",21.767431934245636,1,54
27,17832.0,21140.0,"(169.3523441004935, 97.68982727680574, 126.88834679228354)",0.843519394512772,313.415232,303.46637376134106,0.7352814602471158,20.38372358427852,18.72468803803446,11.52153111082573,0.6153123132103807,0.9186097898460694,0.5652319147278867,0.5192275704024755,0.34779415695154864,20241023_P021N_A005,P021N_A005,20241023,25x,0.26,0.26,0.26,54,0.5403118280193685,"(159.5913802841785, 173.9485675967963, 151.83594352299983)",21.015101292591098,4,54
28,23838.0,26859.0,"(180.14392985988758, 251.4537293397097, 89.00046144810807)",0.8875237350608735,418.976688,346.1050498772457,0.7823530165588625,25.47283606996938,18.92843241363138,12.22433990503167,0.6458189266760551,0.7430830380110923,0.4798970900395059,0.3566033875992388,0.3099266236042759,20241023_P021N_A005,P021N_A005,20241023,25x,0.26,0.26,0.26,54,0.5868272838788258,"(159.5913802841785, 173.9485675967963, 151.83594352299983)",26.48652962195358,2,54
29,21135.0,23874.0,"(182.626070499172, 278.65843387745446, 128.2673763898746)",0.885272681578286,371.46876000000003,320.5987081347796,0.7794780449197094,26.643311967466516,16.925410687087243,11.812774780476762,0.6979313529738442,0.6352592616021027,0.4433673559391207,0.2816532191523624,0.3094399785950264,20241023_P021N_A005,P021N_A005,20241023,25x,0.26,0.26,0.26,54,0.5975261659447069,"(159.5913802841785, 173.9485675967963, 151.83594352299983)",28.541120781793623,2,54
30,25693.0,30242.0,"(177.327754641342, 115.7575993461254, 89.79445763437512)",0.8495800542292177,451.580168,378.9391815834973,0.7511693381204391,25.655200097986867,19.67531660246038,13.285194452208307,0.6752213812176727,0.7669133948405368,0.5178363217385616,0.39713561147625687,0.34965415640899083,20241023_P021N_A005,P021N_A005,20241023,25x,0.26,0.26,0.26,54,0.5746885975919914,"(159.5913802841785, 173.9485675967963, 151.83594352299983)",22.591462288236595,1,54
31,21722.0,25353.0,"(181.98499217383298, 240.47173372617624, 206.0383482183961)",0.8567822348440027,381.78587200000004,345.90011642367716,0.7357777520855046,28.211245590600914,18.280490354399987,10.653741837762867,0.5827930012390825,0.6479859351013718,0.37764166787844183,0.24470648929345384,0.22008692101580993,20241023_P021N_A005,P021N_A005,20241023,25x,0.26,0.26,0.26,54,0.5947628973010042,"(159.5913802841785, 173.9485675967963, 151.83594352299983)",23.05762642647987,2,54
32,21220.0,23039.0,"(181.73246936852027, 91.02921771913289, 200.74679547596608)",0.9210469204392552,372.96272000000005,298.9425162434493,0.8381853279100336,21.78660746631323,18.979955277716737,12.439451893971505,0.6553994312397534,0.871175345085912,0.5709678256794026,0.49741309256920646,0.37421198820647916,20241023_P021N_A005,P021N_A005,20241023,25x,0.26,0.26,0.26,54,0.593674436933277,"(159.5913802841785, 173.9485675967963, 151.83594352299983)",25.683628376357394,3,54
33,22604.0,24873.0,"(189.97301362590693, 119.46916474960184, 227.00875951159088)",0.9087765850520645,397.287904,326.9011483436938,0.7994744213318892,27.468774927910342,16.274913159417427,12.35545415568428,0.759171740866392,0.5924877684618141,0.44979997062519916,0.2665009808499138,0.3414754267411844,20241023_P021N_A005,P021N_A005,20241023,25x,0.26,0.26,0.26,54,0.6291940242495988,"(159.5913802841785, 173.9485675967963, 151.83594352299983)",25.397623589818046,2,54
34,22073.0,24572.0,"(192.76242468173788, 147.40067050242376, 224.26512028269832)",0.8982988767703076,387.95504800000003,329.4384946212281,0.780843593061071,29.029125360247054,15.597491217629242,12.000975942811824,0.769417066845185,0.5373048972046776,0.4134115580087766,0.22212805467913133,0.3180859083630109,20241023_P021N_A005,P021N_A005,20241023,25x,0.26,0.26,0.26,54,0.6412173477661116,"(159.5913802841785, 173.9485675967963, 151.83594352299983)",21.832407102077926,2,54
35,23839.0,26803.0,"(195.2405302235832, 207.51474474600445, 232.0672427534712)",0.8894153639517964,418.99426400000004,341.0372717746108,0.7940009050507616,26.399437196266312,16.726914775366936,13.295149848727027,0.7948357498841488,0.6336087641191318,0.5036148971617989,0.3190948125826711,0.40029112443842685,20241023_P021N_A005,P021N_A005,20241023,25x,0.26,0.26,0.26,54,0.6518988371706173,"(159.5913802841785, 173.9485675967963, 151.83594352299983)",24.438079680760442,3,54
36,27860.0,31236.0,"(198.44734386216797, 244.85829145728644, 116.2735104091888)",0.8919195799718274,489.66736000000003,375.94603321154466,0.7991458621420006,25.768630595260447,19.722457993964642,13.536390491863711,0.6863439889696327,0.7653669418347803,0.525304999884372,0.4020510812920214,0.3605399290463322,20241023_P021N_A005,P021N_A005,20241023,25x,0.26,0.26,0.26,54,0.665721309750724,"(159.5913802841785, 173.9485675967963, 151.83594352299983)",22.96649552923354,2,54
37,28990.0,32532.0,"(202.7696447050707, 85.79244567092101, 169.90448430493274)",0.8911225869912701,509.52824000000004,388.3538362605319,0.7943929191642678,26.402226931403447,20.563890787128294,13.128700258048951,0.6384346422548934,0.778869556744439,0.4972573068233634,0.38729857815344654,0.31746629079040584,20241023_P021N_A005,P021N_A005,20241023,25x,0.26,0.26,0.26,54,0.6843519168322013,"(159.5913802841785, 173.9485675967963, 151.83594352299983)",25.950991283111872,2,54
38,29044.0,32090.0,"(209.68031262911444, 90.35449662580912, 141.047858421705)",0.905079464007479,510.477344,392.8221152856505,0.786331805912828,28.83442548131414,19.51473648382402,12.626471479120541,0.6470223920054858,0.6767860346817158,0.4378957190356714,0.2963617072902508,0.2833283355794223,20241023_P021N_A005,P021N_A005,20241023,25x,0.26,0.26,0.26,54,0.7141392785737691,"(159.5913802841785, 173.9485675967963, 151.83594352299983)",25.492270935667722,3,54
39,26168.0,29074.0,"(206.51669978599816, 176.74323601345154, 232.55762763680832)",0.9000481529889248,459.92876800000005,356.08260094746277,0.8092084720427487,24.25127452201294,17.08169774412898,15.642397731737347,0.9157402247744183,0.7043628873453179,0.6450134287803597,0.4543235210722378,0.5906647422538449,20241023_P021N_A005,P021N_A005,20241023,25x,0.26,0.26,0.26,54,0.7005030163189576,"(159.5913802841785, 173.9485675967963, 151.83594352299983)",24.287098184055743,2,54
40,23361.0,26412.0,"(202.98523179658406, 210.16039553101322, 90.81353537947862)",0.8844843253066788,410.592936,336.92901331719816,0.7929029431293114,24.292592682557213,17.25713423340875,13.695133099497026,0.7935925463791138,0.7103866787261399,0.5637575732840788,0.4004858700919852,0.44739380812302204,20241023_P021N_A005,P021N_A005,20241023,25x,0.26,0.26,0.26,54,0.6852811715370003,"(159.5913802841785, 173.9485675967963, 151.83594352299983)",21.625463273390245,2,54
41,23354.0,26151.0,"(202.5107904427507, 207.53352744711827, 199.57459107647512)",0.893044243049979,410.46990400000004,327.01207627450344,0.8167852378393615,22.332057563537695,20.141751495938244,12.691826330481074,0.630125256636221,0.9019209913207622,0.5683231961215901,0.5125826204365685,0.35811479980843436,20241023_P021N_A005,P021N_A005,20241023,25x,0.26,0.26,0.26,54,0.6832361657015117,"(159.5913802841785, 173.9485675967963, 151.83594352299983)",18.837002272967634,1,54
42,12620.0,16447.0,"(212.559587955626, 158.4773375594295, 188.3147385103011)",0.767313187815407,221.80912,289.4584199894176,0.6121871412728508,17.293467850556073,14.147508511506258,13.223563974442483,0.9346920670652132,0.8180839513372296,0.7646565795082724,0.6255532759801379,0.7147184388956027,20241023_P021N_A005,P021N_A005,20241023,25x,0.26,0.26,0.26,54,0.7265499480845948,"(159.5913802841785, 173.9485675967963, 151.83594352299983)",17.198744452336342,1,54
43,18243.0,20836.0,"(225.695664090336, 113.62341720111824, 198.64276708874638)",0.8755519293530428,320.63896800000003,296.0667568738751,0.7651948047443959,22.703000051864464,19.25538780826009,10.591594255916105,0.5500587348011018,0.8481428782218919,0.4665283985252988,0.3956827386974968,0.2566180206416101,20241023_P021N_A005,P021N_A005,20241023,25x,0.26,0.26,0.26,54,0.7831709659066207,"(159.5913802841785, 173.9485675967963, 151.83594352299983)",26.258428162988654,3,54
44,23788.0,26496.0,"(226.86026568017488, 176.82760215234572, 92.63927190179923)",0.8977958937198067,418.097888,339.60569191642344,0.7962103396713958,26.26537139360082,16.47043261456925,13.574587398678187,0.824179164952262,0.6270778496808933,0.5168244985100587,0.3240891951880937,0.4259559836088918,20241023_P021N_A005,P021N_A005,20241023,25x,0.26,0.26,0.26,54,0.7881908003455813,"(159.5913802841785, 173.9485675967963, 151.83594352299983)",23.309747090588345,3,54
45,19513.0,22208.0,"(239.62927279249732, 119.75739250755906, 150.53041562035565)",0.8786473342939481,342.960488,319.64529783819546,0.7412735944687773,28.459189730454984,17.288391612845526,9.888846646067973,0.5719934432026873,0.607480106657595,0.3474746378842135,0.21108393008271123,0.19875321454899822,20241023_P021N_A005,P021N_A005,20241023,25x,0.26,0.26,0.26,54,0.8432296241055919,"(159.5913802841785, 173.9485675967963, 151.83594352299983)",25.133343625815446,3,54
46,25513.0,28925.0,"(233.2636695018226, 245.09273703602085, 169.94042252969075)",0.8820397579948142,448.416488,372.35711812851724,0.7608730108493753,24.24585218179324,23.21295117059923,11.244943379466903,0.4844254096269062,0.9573988571962986,0.4637883335736488,0.444030420544387,0.22467085347159502,20241023_P021N_A005,P021N_A005,20241023,25x,0.26,0.26,0.26,54,0.8157916788871663,"(159.5913802841785, 173.9485675967963, 151.83594352299983)",27.041088982907926,0,54
47,26699.0,30286.0,"(228.68714184051836, 249.254354095659, 123.58425409191355)",0.8815624380902067,469.26162400000004,365.389672006517,0.7992289679325014,23.84883633156614,17.442147332588473,15.74861530931724,0.902905760914708,0.7313626161919765,0.6603515194773881,0.48295641489132946,0.5962351911649147,20241023_P021N_A005,P021N_A005,20241023,25x,0.26,0.26,0.26,54,0.7960652665539585,"(159.5913802841785, 173.9485675967963, 151.83594352299983)",27.56900495458266,1,54
48,22515.0,24790.0,"(237.0636908727515, 135.48278925161003, 173.18187874750166)",0.9082291246470351,395.72364000000005,321.64361917529357,0.8104082392450497,24.976486655832563,17.650635972317204,12.502458861972363,0.7083290869281363,0.7066901047988424,0.500569156673313,0.35374726978853177,0.35456769369079505,20241023_P021N_A005,P021N_A005,20241023,25x,0.26,0.26,0.26,54,0.8321710813480668,"(159.5913802841785, 173.9485675967963, 151.83594352299983)",23.16368580013888,4,54
49,18667.0,21773.0,"(234.10623024588847, 140.85391332297638, 211.06123104944555)",0.8573462545354338,328.09119200000004,302.8766126729241,0.7595355384425077,21.30356835591834,18.25395236534476,12.05441120306997,0.6603726667960055,0.8568495221258852,0.5658400039691537,0.4848397370006783,0.37366527240097236,20241023_P021N_A005,P021N_A005,20241023,25x,0.26,0.26,0.26,54,0.8194234062322778,"(159.5913802841785, 173.9485675967963, 151.83594352299983)",26.201181449894865,4,54
50,23408.0,25808.0,"(236.27353896103895, 145.656015037594, 103.7969070403281)",0.9070055796652201,411.419008,327.9905699762479,0.8156033521706999,25.25430943272265,16.82915612735188,13.423663148337182,0.7976432714008838,0.6663875000100346,0.5315395055286605,0.35421128224581394,0.4239789100686889,20241023_P021N_A005,P021N_A005,20241023,25x,0.26,0.26,0.26,54,0.8287652541424093,"(159.5913802841785, 173.9485675967963, 151.83594352299983)",24.649825165118553,1,54
51,18480.0,20956.0,"(242.96277056277057, 150.39626623376623, 142.83225108225108)",0.881847680855125,324.80448,297.78341174616287,0.7673584802572959,27.318231848844437,15.293604567269341,11.266663212271252,0.7366911549670664,0.5598314214437806,0.41242285645027327,0.23088727396246078,0.3038282704531684,20241023_P021N_A005,P021N_A005,20241023,25x,0.26,0.26,0.26,54,0.8575981489774593,"(159.5913802841785, 173.9485675967963, 151.83594352299983)",22.646232974992508,5,54
52,22268.0,25024.0,"(245.1811119094665, 175.6598257589366, 158.22786060714927)",0.8898657289002557,391.38236800000004,337.51074267597517,0.7666503911297771,26.67690638432907,18.76158874851859,10.98648988171581,0.5855841969984179,0.7032895223390593,0.41183523019631885,0.2896394023271656,0.24116420257016996,20241023_P021N_A005,P021N_A005,20241023,25x,0.26,0.26,0.26,54,0.8671599651270108,"(159.5913802841785, 173.9485675967963, 151.83594352299983)",22.319735047041085,3,54
53,27495.0,30212.0,"(251.58908892525915, 183.42007637752317, 128.189852700491)",0.9100688468158348,483.25212000000005,367.04455627544576,0.8113617235751263,24.509321426919627,20.66880186039275,13.19468543160196,0.6383865654489966,0.8433037169968863,0.5383537635240149,0.4539957298390645,0.34367781009263715,20241023_P021N_A005,P021N_A005,20241023,25x,0.26,0.26,0.26,54,0.894780555712324,"(159.5913802841785, 173.9485675967963, 151.83594352299983)",24.819346542255552,3,54
54,39819.0,45689.0,"(253.26763605314045, 189.41201436500162, 187.4601572113815)",0.8715226859856858,699.858744,487.44878812839886,0.7820395638469796,30.039964390395244,21.60424177112771,15.219201723102321,0.7044543328265068,0.719183334918842,0.506631816380195,0.3643611592802991,0.3568989781967916,20241023_P021N_A005,P021N_A005,20241023,25x,0.26,0.26,0.26,54,0.9020156726428468,"(159.5913802841785, 173.9485675967963, 151.83594352299983)",26.365902087488205,1,54
