{
    "model_name": "cpsam",
    "diameter": null,
    "channel_to_segment": 0,
    "invert": false,
    "normalize": true,
    "norm3D": true,
    "percentile_min": 0.003086562128869278,
    "percentile_max": 0.9790035372521491,
    "sharpen_radius": 1.559720497401959,
    "smooth_radius": 4.821440534330364,
    "do_3D": true,
    "flow_threshold": 0.2654418557241257,
    "cellprob_threshold": 3.868557744145691,
    "min_size": 10155,
    "max_size_fraction": 0.5,
    "niter": 100,
    "tile": true,
    "tile_overlap": 0.1,
    "stitch_threshold": 0.5133596876465747,
    "tile_norm_blocksize": 0,
    "tile_norm_smooth3D": 1,
    "channel_axis": 1,
    "z_axis": 0
}