{
    "model_name": "cpsam",
    "diameter": null,
    "channel_to_segment": 1,
    "invert": false,
    "normalize": true,
    "norm3D": true,
    "percentile_min": 0.03899863008405066,
    "percentile_max": 0.9578009320221218,
    "sharpen_radius": 4.330880728874676,
    "smooth_radius": 0.2904180608409973,
    "do_3D": true,
    "flow_threshold": 0.42472407130841755,
    "cellprob_threshold": 9.408571676918994,
    "min_size": 21987,
    "max_size_fraction": 0.5,
    "niter": 100,
    "tile": true,
    "tile_overlap": 0.1,
    "stitch_threshold": 0.7993292420985183,
    "tile_norm_blocksize": 0,
    "tile_norm_smooth3D": 1,
    "channel_axis": 1,
    "z_axis": 0
}