{
    "model_name": "cpsam",
    "diameter": null,
    "channel_to_segment": 0,
    "invert": false,
    "normalize": true,
    "norm3D": true,
    "percentile_min": 0.06703185540334929,
    "percentile_max": 0.9716113816364432,
    "sharpen_radius": 0.40059968492420617,
    "smooth_radius": 3.5662223082687836,
    "do_3D": true,
    "flow_threshold": 0.2709380701423304,
    "cellprob_threshold": -0.6875719957221023,
    "min_size": 3604,
    "max_size_fraction": 0.5,
    "niter": 100,
    "tile": true,
    "tile_overlap": 0.1,
    "stitch_threshold": 0.6694819528702206,
    "tile_norm_blocksize": 0,
    "tile_norm_smooth3D": 1,
    "channel_axis": 1,
    "z_axis": 0
}